DBN,School Name,Borough,District,Grade Span,Enrollment,ELA Students Tested,ELA Mean Scale Score,ELA % Proficient,ELA % Level 4,ELA Proficiency Percentile (NYC Schools),Math Students Tested,Math Mean Scale Score,Math % Proficient,Math % Level 4,Math Proficiency Percentile (NYC Schools),Average % Proficient,Average Proficiency Percentile (NYC Schools),% Asian and Pacific Islander,% Black,% Hispanic,% White,% Multi-Racial,% Native American,% Students with Disabilities,% English Language Learners,% Poverty,Economic Need Index
03M859,Special Music School,Manhattan,3,K-12,322,85,481.4,97.6,85.9,99.9,74,500.1,100.0,95.9,99.9,98.8,99.9,20.2,5.9,19.9,33.9,18.6,0.3,16.1,0.9,27.0,33.6
07X359,"Leaders of Excellence, Advocacy and Discovery",Bronx,7,3K-7,245,120,478.7,96.7,79.2,99.6,117,488.7,100.0,69.2,99.9,98.3,99.8,0.4,28.2,67.3,4.1,0.0,0.0,26.1,9.0,77.6,80.0
01M539,"New Explorations into Science, Technology and Math",Manhattan,1,K-12,1656,703,478.9,97.2,77.7,99.7,577,496.0,99.1,83.9,99.7,98.1,99.7,38.9,4.2,10.4,36.3,9.7,0.2,14.9,1.2,24.6,27.2
09X004,P.S./M.S. 004 Crotona Park West,Bronx,9,3K-8,241,141,476.9,97.9,74.5,100.0,143,491.5,97.2,80.4,98.7,97.5,99.4,0.0,41.5,56.8,0.8,0.4,0.4,28.6,9.5,>95%,>95%
13K011,P.S. 011 Purvis J. Behan,Brooklyn,13,PK-5,1039,396,479.0,95.7,77.8,99.4,394,492.3,98.2,78.7,99.5,97.0,99.4,4.9,47.4,14.0,21.4,11.9,0.4,12.2,1.0,26.2,35.2
02M077,P.S. 77 Lower Lab School,Manhattan,2,K-5,364,172,476.3,95.3,70.9,99.2,174,491.9,97.7,72.4,99.4,96.5,99.3,43.1,1.4,7.1,36.0,12.1,0.0,10.4,0.5,9.3,15.0
31R009,Naples Street Elementary School,Staten Island,31,PK-5,306,143,473.1,95.8,61.5,99.5,144,486.3,97.2,63.2,98.8,96.5,99.2,28.8,7.8,17.0,44.4,1.6,0.3,34.0,2.0,53.6,46.6
03M334,The Anderson School,Manhattan,3,K-8,525,356,478.5,94.9,78.7,99.0,294,490.6,96.6,76.2,98.5,95.8,98.8,30.5,3.0,12.2,42.1,12.2,0.0,10.5,0.0,10.1,16.6
31R035,P.S. 35 The Clove Valley School,Staten Island,31,K-5,390,183,475.8,95.1,71.0,99.1,184,487.2,96.2,71.2,98.3,95.6,98.7,15.4,8.7,22.1,47.7,6.2,0.0,22.1,5.9,40.5,39.1
30Q300,The 30th Avenue School (G&T Citywide),Queens,30,K-8,530,358,477.8,93.6,77.7,98.7,304,492.1,97.4,76.6,99.1,95.5,98.9,51.7,3.4,12.1,25.1,7.0,0.6,6.0,4.3,28.5,31.6
04M012,Tag Young Scholars,Manhattan,4,K-8,581,415,477.2,94.2,72.0,98.8,359,487.6,94.4,68.0,97.6,94.3,98.2,47.8,11.0,16.7,16.9,6.7,0.7,7.4,2.2,27.9,35.0
28Q196,P.S. 196 Grand Central Parkway,Queens,28,PK-5,721,285,473.8,91.6,63.2,98.6,294,491.0,96.6,75.9,98.5,94.1,98.6,42.9,1.7,18.2,28.6,8.5,0.3,19.0,7.1,21.6,27.7
02M089,P.S. 89,Manhattan,2,PK-5,343,127,468.6,90.6,50.4,98.3,128,483.9,95.3,59.4,98.0,92.9,98.1,16.6,1.7,12.8,52.8,16.0,0.0,19.5,1.5,7.3,9.6
04M171,P.S. 171 Patrick Henry,Manhattan,4,3K-8,701,305,469.1,87.5,50.8,98.0,302,484.5,97.4,59.6,99.0,92.4,98.5,10.1,22.3,56.8,7.6,2.3,0.6,25.1,2.7,77.2,80.0
31R005,P.S. 005 Huguenot,Staten Island,31,K-5,393,156,470.8,91.0,57.1,98.5,161,483.0,93.8,55.3,97.1,92.4,97.8,10.9,0.8,10.4,75.6,1.8,0.5,23.4,1.8,26.2,25.2
02M290,P.S. 290 Manhattan New School,Manhattan,2,3K-5,467,156,470.0,89.1,57.1,98.2,155,487.1,95.5,65.2,98.2,92.3,98.2,15.6,1.3,10.3,62.5,10.3,0.0,17.6,4.9,11.1,11.3
02M267,"East Side Elementary School, PS 267",Manhattan,2,K-5,374,157,468.9,87.3,52.2,97.8,162,481.2,95.1,50.6,97.8,91.2,97.8,18.2,3.5,13.9,59.6,4.3,0.0,15.0,6.4,18.2,13.6
15K172,P.S. 172 Beacon School of Excellence,Brooklyn,15,PK-5,372,99,470.9,87.9,61.6,98.1,101,484.4,94.1,61.4,97.2,91.0,97.6,9.1,5.4,58.9,21.5,4.8,0.3,29.0,13.4,65.9,64.0
28Q303,The Academy for Excellence through the Arts,Queens,28,PK-5,576,206,468.5,86.4,51.0,97.3,205,485.0,93.2,59.5,96.7,89.8,97.0,42.9,2.8,18.2,26.6,9.5,0.0,11.1,2.1,22.9,24.2
03M166,P.S. 166 The Richard Rodgers School of The Arts an,Manhattan,3,K-5,591,295,472.1,86.4,63.7,97.6,298,486.3,93.0,65.8,96.5,89.7,97.1,12.9,3.4,14.4,57.7,11.3,0.3,16.1,3.4,14.7,18.7
26Q094,P.S. 094 David D. Porter,Queens,26,PK-5,353,171,466.2,80.1,46.2,94.8,170,487.4,98.2,66.5,99.6,89.2,97.2,74.2,1.4,12.5,7.9,3.7,0.3,17.8,7.9,46.2,42.1
02M150,P.S. 150,Manhattan,2,3K-5,334,120,470.5,82.5,61.7,96.4,121,486.6,95.0,65.3,97.7,88.8,97.1,31.7,4.2,13.8,38.0,11.4,0.6,12.6,3.0,19.2,19.7
15K107,P.S. 107 John W. Kimball,Brooklyn,15,PK-5,541,231,468.8,86.1,52.8,97.2,235,477.0,91.1,41.7,95.5,88.6,96.4,7.4,1.5,8.9,72.1,10.2,0.0,23.1,0.9,7.9,9.3
20K686,Brooklyn School of Inquiry,Brooklyn,20,K-8,516,354,468.0,85.3,51.1,96.9,296,481.0,91.6,57.8,96.0,88.4,96.5,41.5,5.6,5.8,41.3,5.8,0.0,9.1,6.2,35.1,41.0
31R008,P.S. 8 Shirlee Solomon,Staten Island,31,3K-5,538,253,466.4,80.6,48.6,95.1,257,485.1,95.3,61.1,98.1,88.0,96.6,26.2,2.2,15.6,53.7,1.9,0.4,25.1,4.6,48.0,42.2
02M183,P.S. 183 Robert L. Stevenson,Manhattan,2,PK-5,533,239,466.5,82.0,52.3,95.6,244,481.9,93.4,59.0,96.9,87.7,96.3,20.1,1.5,13.3,57.2,7.9,0.0,15.8,5.8,10.1,11.1
26Q203,P.S. 203 Oakland Gardens,Queens,26,PK-5,829,355,465.5,81.7,48.5,95.4,364,483.5,93.4,60.2,96.8,87.5,96.1,77.7,1.1,12.2,5.3,3.3,0.5,15.4,12.9,42.5,42.5
02M006,P.S. 006 Lillie D. Blake,Manhattan,2,3K-5,673,228,467.3,82.0,52.2,95.8,230,483.3,92.6,60.0,96.4,87.3,96.1,14.6,1.2,10.5,63.6,9.5,0.1,20.7,2.5,10.3,10.6
03M009,P.S. 009 Sarah Anderson,Manhattan,3,PK-5,532,232,467.1,82.8,52.2,96.5,233,482.8,91.8,57.1,96.2,87.3,96.4,9.0,2.8,16.5,60.0,11.3,0.4,22.4,4.1,13.0,16.6
02M158,P.S. 158 Bayard Taylor,Manhattan,2,PK-5,599,243,467.1,86.0,47.7,97.1,249,478.3,88.4,51.4,94.1,87.2,95.6,12.9,2.0,9.8,66.6,8.3,0.2,18.7,4.7,12.2,14.8
13K008,The Emily Warren Roebling School,Brooklyn,13,K-5,641,243,467.8,86.4,49.8,97.4,241,472.6,87.6,33.2,93.6,87.0,95.5,5.3,3.3,9.2,71.6,10.3,0.2,11.4,3.4,10.1,10.6
15K029,P.S. 029 John M. Harrigan,Brooklyn,15,PK-5,705,306,468.1,82.0,54.6,95.9,305,476.2,91.1,41.3,95.6,86.6,95.8,7.5,1.0,12.3,67.2,11.6,0.0,18.9,2.0,12.8,15.1
02M442,"Ballet Tech, NYC Public School for Dance",Manhattan,2,4-8,125,119,469.6,86.6,55.5,97.7,96,480.3,86.5,53.1,92.8,86.5,95.3,27.2,19.2,13.6,30.4,8.8,0.8,8.8,0.8,38.4,43.6
15K321,P.S. 321 William Penn,Brooklyn,15,3K-5,1332,594,465.5,83.2,46.1,96.7,597,476.5,89.6,43.6,94.9,86.4,95.8,8.2,2.7,9.5,65.2,14.0,0.3,18.5,1.1,5.6,6.1
16K040,P.S. 040 George W. Carver,Brooklyn,16,3K-5,492,156,468.6,84.0,60.3,96.8,165,481.3,87.9,58.2,93.9,85.9,95.3,3.7,61.0,25.6,5.9,2.6,1.2,22.0,11.4,89.0,83.8
01M184,P.S. 184m Shuang Wen,Manhattan,1,3K-8,787,454,464.3,77.5,47.1,93.2,379,484.7,94.2,64.6,97.3,85.9,95.3,59.3,2.9,16.0,11.1,10.2,0.3,12.1,6.7,50.4,52.8
10X024,P.S. 024 Spuyten Duyvil,Bronx,10,K-5,758,270,464.6,82.2,40.4,96.0,277,477.3,89.2,46.6,94.8,85.7,95.4,5.0,9.1,45.0,35.2,5.3,0.4,21.4,4.2,34.6,32.7
26Q041,P.S. 041 Crocheron,Queens,26,PK-5,499,189,466.6,79.4,54.0,94.5,188,485.5,91.5,64.4,95.9,85.4,95.2,62.1,0.6,20.8,14.2,1.6,0.6,20.4,12.6,44.1,43.0
28Q101,P.S. 101 School in the Gardens,Queens,28,PK-5,604,257,466.6,80.2,49.8,94.9,258,478.8,90.7,47.7,95.4,85.4,95.1,26.0,1.7,17.2,40.1,14.9,0.2,22.0,4.3,22.2,22.1
26Q098,P.S. 098 The Douglaston School,Queens,26,PK-5,256,103,463.9,77.7,42.7,93.3,108,480.9,92.6,43.5,96.3,85.1,94.8,38.7,3.9,20.7,32.0,3.9,0.4,18.8,10.2,28.5,32.0
16K005,P.S. 005 Dr. Ronald McNair,Brooklyn,16,3K-5,232,43,462.5,72.1,41.9,89.4,42,479.5,97.6,45.2,99.2,84.9,94.3,4.7,57.3,21.6,11.2,4.7,0.4,23.7,7.8,78.4,74.1
02M040,P.S. 040 Augustus Saint-Gaudens,Manhattan,2,PK-5,499,248,465.4,82.3,43.5,96.2,252,477.4,86.1,48.8,92.3,84.2,94.2,12.6,3.0,14.6,55.5,13.6,0.4,20.8,2.4,15.0,20.0
02M059,P.S. 059 Beekman Hill International,Manhattan,2,3K-5,520,205,464.0,79.0,45.9,94.0,213,476.0,88.7,44.6,94.5,83.9,94.3,23.1,2.3,9.4,60.6,3.8,0.6,15.0,4.2,11.5,14.1
14K031,P.S. 031 Samuel F. Dupont,Brooklyn,14,PK-5,664,205,466.0,79.0,44.9,94.0,210,479.1,88.6,48.1,94.4,83.8,94.2,9.5,6.6,31.3,46.2,6.2,0.2,17.0,5.9,45.0,49.0
15K039,P.S. 039 Henry Bristow,Brooklyn,15,K-5,373,162,465.8,77.8,48.8,93.5,164,478.8,89.6,50.0,95.0,83.7,94.2,10.2,5.1,9.9,61.4,13.1,0.0,19.6,1.9,14.7,15.7
25Q079,P.S. 079 Francis Lewis,Queens,25,PK-5,1093,401,460.9,75.8,33.7,91.8,430,481.3,91.2,56.0,95.8,83.5,93.8,62.3,1.6,22.8,12.4,0.5,0.5,19.5,18.8,74.1,60.4
02M041,P.S. 041 Greenwich Village,Manhattan,2,3K-5,473,190,462.7,76.3,40.5,92.2,191,476.1,90.6,41.4,95.3,83.4,93.7,6.6,1.3,10.8,68.5,12.1,0.2,19.0,1.3,7.8,10.1
32K376,P.S. 376,Brooklyn,32,K-5,465,139,464.4,79.1,42.4,94.2,147,475.8,86.4,41.5,92.7,82.8,93.5,1.7,7.1,81.3,8.6,1.1,0.2,22.2,21.7,75.5,76.3
26Q376,P.S. 376,Queens,26,3K-5,535,247,463.2,76.1,42.1,92.1,256,481.9,89.1,55.1,94.6,82.6,93.3,74.4,2.8,13.1,6.5,2.4,0.7,10.3,14.4,56.6,51.0
28Q121,P.S. 121 Queens,Queens,28,PK-5,684,234,461.1,76.5,34.2,92.4,236,476.5,88.6,44.5,94.2,82.5,93.3,47.1,13.9,15.2,0.9,3.4,19.6,17.0,5.0,72.5,64.8
02M234,P.S. 234 Independence School,Manhattan,2,K-5,482,203,467.8,80.3,56.2,95.0,202,475.6,84.7,46.5,91.3,82.5,93.1,10.8,1.2,12.4,66.0,9.1,0.2,19.7,1.5,6.0,9.4
26Q188,P.S. 188 Kingsbury,Queens,26,PK-5,619,285,464.3,76.8,47.7,92.8,286,481.9,87.8,58.0,93.7,82.3,93.3,64.3,2.1,9.4,20.5,3.1,0.6,11.0,11.6,39.4,34.7
14K034,P.S. 034 Oliver H. Perry,Brooklyn,14,PK-5,450,164,464.4,79.3,45.7,94.4,163,475.0,85.3,42.9,91.4,82.3,92.9,4.0,2.4,15.3,68.0,10.0,0.0,17.6,4.7,21.6,25.0
11X096,P.S. 096 Richard Rodgers,Bronx,11,3K-5,903,290,465.2,80.7,46.9,95.3,286,471.1,83.2,35.3,89.4,82.0,92.3,2.9,20.8,60.4,14.4,1.1,0.3,24.1,10.5,92.6,90.3
21K101,P.S. 101 The Verrazano,Brooklyn,21,PK-5,1118,452,462.2,75.4,38.7,91.5,451,479.3,88.0,50.6,94.0,81.7,92.8,55.4,1.1,16.9,24.9,1.1,0.7,22.9,18.7,73.8,67.8
26Q205,P.S. 205 Alexander Graham Bell,Queens,26,PK-5,241,90,461.1,78.9,38.9,93.9,89,474.1,84.3,38.2,90.5,81.6,92.2,49.8,4.1,23.2,17.0,4.6,1.2,20.7,10.4,42.3,36.1
15K010,"Magnet School of Math, Science and Design Technolo",Brooklyn,15,PK-5,862,381,464.9,79.8,47.0,94.6,386,471.1,83.2,35.8,89.1,81.5,91.9,9.6,5.3,22.0,50.6,12.3,0.1,23.1,2.8,18.1,23.7
16K628,Brooklyn Brownstone School,Brooklyn,16,3K-5,356,102,467.2,82.4,54.9,96.3,103,469.9,79.6,32.0,83.5,81.0,89.9,4.5,46.6,13.8,27.0,7.3,0.6,13.5,0.6,79.5,50.1
23K165,P.S. 165 Ida Posner,Brooklyn,23,3K-5,185,41,465.6,78.0,48.8,93.7,43,475.8,83.7,48.8,90.0,80.9,91.9,0.0,80.5,13.5,2.7,0.5,2.2,20.5,4.9,87.6,92.5
02M397,Spruce Street School,Manhattan,2,PK-8,424,255,463.9,77.3,47.1,93.1,212,475.4,84.4,44.8,90.8,80.8,91.9,21.5,6.1,13.7,46.9,11.1,0.5,19.8,3.8,16.5,19.9
19K149,P.S. 149 Danny Kaye,Brooklyn,19,3K-5,545,248,464.3,77.0,49.6,93.0,253,475.0,84.6,44.7,91.0,80.8,92.0,5.1,46.8,43.1,2.9,1.1,0.9,25.0,11.7,>95%,87.4
22K134,P.S. K134,Brooklyn,22,K-5,486,224,460.7,73.2,36.6,90.3,224,478.8,87.5,50.0,93.5,80.4,91.9,47.9,4.7,6.2,37.4,2.3,1.4,15.2,9.9,91.2,81.4
05M125,P.S. 125 Ralph Bunche,Manhattan,5,PK-5,271,66,466.8,81.8,51.5,95.5,66,475.1,78.8,48.5,82.1,80.3,88.8,11.8,27.7,31.4,21.0,7.4,0.4,24.4,6.3,58.3,63.0
02M124,P.S. 124 Yung Wing,Manhattan,2,3K-5,440,209,462.3,74.2,40.7,91.0,212,474.4,85.8,43.4,91.9,80.0,91.5,83.6,1.1,5.2,3.4,6.4,0.0,23.6,12.3,52.5,53.2
03M087,P.S. 087 William Sherman,Manhattan,3,PK-5,764,347,463.5,77.8,42.4,93.6,347,473.9,82.1,41.8,87.6,80.0,90.6,8.4,2.1,16.4,62.6,10.3,0.3,17.8,4.2,9.7,12.8
03M199,P.S. 199 Jesse Isidor Straus,Manhattan,3,K-5,535,255,464.3,76.5,45.9,92.3,254,475.7,83.5,46.9,89.8,80.0,91.0,20.4,3.6,14.4,55.1,6.2,0.4,21.3,5.2,19.3,25.4
20K163,P.S. 163 Bath Beach,Brooklyn,20,K-8,592,302,462.7,74.2,42.1,91.2,291,478.0,85.6,51.5,91.7,79.9,91.4,33.1,2.2,38.9,25.2,0.5,0.2,26.0,26.9,83.1,77.1
15K154,The Windsor Terrace School,Brooklyn,15,K-5,407,205,462.2,75.6,40.5,91.7,206,471.5,84.0,37.4,90.4,79.8,91.0,8.1,3.9,13.5,66.1,8.4,0.0,20.6,1.0,14.5,19.2
28Q174,P.S. 174 William Sidney Mount,Queens,28,K-5,581,246,463.1,73.2,45.1,90.0,243,477.9,86.0,51.0,92.2,79.6,91.1,35.6,4.3,24.1,29.4,5.7,0.9,17.0,9.1,42.9,42.8
02M340,Sixth Avenue Elementary School,Manhattan,2,PK-5,296,100,463.4,76.0,46.0,91.9,103,473.7,82.5,43.7,88.2,79.3,90.1,11.5,4.1,20.6,48.6,14.5,0.0,21.6,5.1,18.9,25.9
02M281,The River School,Manhattan,2,PK-5,494,168,463.5,73.8,50.0,90.9,180,476.0,84.4,48.9,90.9,79.1,90.9,33.2,6.9,15.6,38.9,4.5,1.0,14.2,12.3,18.6,20.2
28Q144,P.S. 144 Col Jeromus Remsen,Queens,28,PK-5,764,328,461.8,73.8,41.5,90.8,329,475.1,83.9,44.7,90.3,78.8,90.5,36.1,3.7,22.0,27.4,10.3,0.5,17.1,4.1,22.1,29.3
28Q040,P.S. 040 Samuel Huntington,Queens,28,3K-5,400,111,456.5,70.3,23.4,87.8,118,471.8,87.3,36.4,93.2,78.8,90.5,23.0,32.5,41.2,0.2,0.7,2.3,26.2,25.0,>95%,88.1
19K108,P.S. 108 Sal Abbracciamento,Brooklyn,19,3K-5,623,269,464.2,75.1,50.2,91.3,272,474.8,82.0,48.9,87.1,78.5,89.2,2.9,8.3,81.7,2.9,1.1,3.0,27.3,20.7,90.2,88.8
25Q499,"The Queens College School for Math, Science and Te",Queens,25,PK-8,503,318,463.2,76.7,40.9,92.7,263,470.5,80.2,36.1,84.6,78.5,88.7,54.5,11.9,20.1,7.2,5.4,1.0,17.5,3.6,51.5,47.1
03M243,M.S. 243 Center School,Manhattan,3,5-8,247,240,463.0,76.7,40.0,92.6,185,468.1,80.0,34.6,84.1,78.3,88.3,10.5,10.5,16.6,54.7,7.3,0.0,28.7,1.2,18.2,23.3
31R050,P.S. 050 Frank Hankinson,Staten Island,31,3K-5,702,340,460.2,70.0,35.0,87.6,339,477.8,86.1,49.3,92.4,78.1,90.0,33.6,1.0,16.0,47.0,2.1,0.1,23.8,4.6,49.3,50.7
11X108,P.S. 108 Philip J. Abinanti,Bronx,11,3K-7,846,360,460.0,70.0,35.8,87.6,370,475.2,85.9,42.7,92.1,78.0,89.9,14.9,4.4,34.5,44.1,1.5,0.6,19.4,18.8,79.7,63.7
30Q078,P.S./I.S. 78Q,Queens,30,PK-8,866,491,460.6,73.3,42.6,90.4,420,474.7,82.4,51.0,87.8,77.9,89.1,30.8,5.2,20.6,35.0,7.6,0.7,11.7,9.7,25.5,25.2
18K276,P.S. 276 Louis Marshall,Brooklyn,18,3K-5,567,118,455.9,61.0,28.0,75.8,124,486.6,94.4,65.3,97.4,77.7,86.6,3.9,72.5,7.9,12.3,0.9,2.5,22.6,14.5,87.1,83.5
25Q130,P.S. 130,Queens,25,PK-5,387,175,458.4,69.1,35.4,86.4,181,474.6,86.2,40.3,92.6,77.7,89.5,66.9,1.3,17.3,10.3,3.6,0.5,16.3,15.0,55.8,52.2
17K241,P.S. 241 Emma L. Johnston,Brooklyn,17,3K-5,376,122,462.3,73.8,43.4,90.7,123,473.3,81.3,43.1,86.0,77.5,88.3,1.9,64.6,12.5,14.6,6.1,0.0,17.8,6.6,72.6,74.1
20K185,P.S. 185 Walter Kassenbrock,Brooklyn,20,K-5,570,277,460.5,73.6,40.8,90.5,276,470.1,81.2,35.9,85.8,77.4,88.2,12.1,1.4,19.5,61.4,5.4,0.2,21.1,3.9,36.5,39.2
16K021,P.S. 021 Crispus Attucks,Brooklyn,16,3K-5,425,165,462.2,72.1,41.8,89.5,167,473.4,82.0,42.5,87.3,77.1,88.4,0.2,82.1,14.1,1.4,0.7,1.4,24.0,2.4,84.2,84.7
02M527,P.S. 527 - East Side School for Social Action,Manhattan,2,K-5,346,160,460.1,69.4,35.6,86.6,167,476.9,84.4,51.5,90.7,76.9,88.6,11.0,5.5,19.1,53.8,10.4,0.3,27.5,4.6,21.4,24.4
02M276,Battery Park City School,Manhattan,2,3K-8,705,440,461.7,73.2,42.0,90.1,371,472.4,80.3,42.9,84.9,76.8,87.5,21.8,3.5,22.8,42.1,9.5,0.1,19.9,6.7,19.1,19.3
20K127,P.S. 127 McKinley Park,Brooklyn,20,K-5,657,303,460.0,71.0,35.6,88.2,301,473.6,82.4,43.2,88.0,76.7,88.1,38.5,0.8,24.2,33.5,2.4,0.6,26.9,21.9,74.1,60.3
15K118,The Maurice Sendak Community School,Brooklyn,15,K-5,215,72,461.8,72.2,43.1,89.7,73,472.1,80.8,45.2,85.4,76.5,87.5,8.4,4.2,18.6,56.7,12.1,0.0,20.5,7.9,20.9,19.1
31R062,The Kathleen Grimm School for Leadership and Susta,Staten Island,31,PK-5,417,208,458.3,71.2,29.8,88.6,209,468.9,81.8,31.6,86.8,76.5,87.7,13.2,1.7,11.0,72.2,1.4,0.5,26.6,3.8,39.8,35.3
31R023,P.S. 023 Richmondtown,Staten Island,31,PK-5,630,314,456.8,69.4,27.4,86.8,310,471.6,83.2,35.8,89.5,76.3,88.2,24.0,1.3,12.9,58.7,2.9,0.3,29.8,10.5,40.0,36.9
31R056,P.S. 56 The Louis Desario School,Staten Island,31,3K-5,645,239,457.9,72.4,27.6,89.9,243,468.9,80.2,32.5,84.8,76.3,87.3,17.7,1.2,12.4,67.0,1.6,0.2,30.7,5.7,41.4,30.5
02M011,P.S. 011: The Sarah J. Garnet Elementary School,Manhattan,2,PK-5,629,306,462.0,72.2,44.8,89.7,306,474.8,80.4,45.4,85.0,76.3,87.4,19.1,7.6,23.4,43.2,5.4,0.8,17.5,5.9,31.8,39.4
24Q007,P.S. 007 Louis F. Simeone,Queens,24,3K-5,1162,441,459.6,69.8,35.1,87.5,472,474.2,82.6,45.3,88.3,76.2,87.9,58.8,1.2,34.9,2.3,0.9,1.9,15.1,32.0,82.1,75.3
02M198,P.S. 198 Isidor E. Ida Straus,Manhattan,2,3K-5,440,188,461.0,71.3,38.3,88.7,195,473.2,81.0,44.1,85.5,76.2,87.1,16.8,7.3,24.1,46.8,3.0,1.8,23.2,8.6,33.4,36.8
02M151,Yorkville Community School,Manhattan,2,PK-5,340,129,459.2,69.0,36.4,86.3,129,470.7,82.9,36.4,88.6,76.0,87.5,8.2,8.8,21.8,51.8,8.2,0.6,24.1,2.1,27.6,31.9
10X081,P.S. 081 Robert J. Christen,Bronx,10,K-5,703,270,460.5,69.6,37.4,87.1,272,471.9,82.0,34.9,87.1,75.8,87.1,4.8,7.1,48.2,33.6,5.7,0.4,23.8,6.5,38.5,37.7
16K335,P.S. 335 Granville T. Woods,Brooklyn,16,3K-5,180,57,459.2,71.9,40.4,89.1,59,461.8,79.7,22.0,83.6,75.8,86.4,1.1,78.3,19.4,1.1,0.0,0.0,34.4,6.7,>95%,>95%
17K249,P.S. 249 The Caton,Brooklyn,17,PK-5,661,298,456.3,64.8,24.8,82.2,300,474.9,86.7,42.7,93.0,75.7,87.6,7.0,39.3,43.4,7.3,2.0,0.9,23.6,17.1,79.0,75.8
26Q115,The James J. Ambrose School,Queens,26,PK-5,661,299,462.6,71.6,46.5,88.9,302,471.5,79.1,40.1,82.7,75.4,85.8,70.7,5.1,13.5,6.7,3.0,0.9,13.5,9.7,44.0,42.0
29Q360,P.S. 360,Queens,29,PK-5,244,102,456.1,66.7,26.5,84.0,99,471.0,83.8,38.4,90.1,75.3,87.1,8.2,80.3,7.0,0.0,2.5,2.0,16.4,0.4,54.9,46.5
30Q122,P.S. 122 Mamie Fay,Queens,30,PK-8,1108,651,466.4,75.1,54.8,91.4,563,472.7,75.1,46.4,77.6,75.1,84.5,21.7,1.5,18.8,52.3,4.7,0.2,14.9,9.4,45.2,44.9
22K222,P.S. 222 Katherine R. Snyder,Brooklyn,22,K-5,669,300,460.1,67.0,37.0,84.6,312,473.6,83.0,41.0,88.9,75.0,86.7,36.8,14.1,17.9,27.1,3.0,1.0,26.6,12.6,56.1,52.9
19K328,P.S. 328 Phyllis Wheatley,Brooklyn,19,3K-5,261,82,459.4,69.5,50.0,86.9,82,473.3,80.5,43.9,85.3,75.0,86.1,1.5,42.5,52.9,2.3,0.0,0.8,22.6,19.9,>95%,>95%
21K090,P.S. 90 Edna Cohen School,Brooklyn,21,3K-5,482,159,455.0,64.8,25.2,82.3,156,470.2,84.6,32.1,91.2,74.7,86.7,17.0,24.9,40.0,16.4,1.2,0.4,26.1,20.3,93.8,91.8
25Q209,P.S. 209 Clearview Gardens,Queens,25,PK-5,448,210,457.6,63.8,33.8,80.9,211,472.9,85.3,37.4,91.5,74.6,86.2,54.7,0.9,20.8,21.0,2.7,0.0,17.0,7.4,42.6,40.3
18K208,P.S. 208 Elsa Ebeling,Brooklyn,18,3K-5,350,108,456.2,67.6,22.2,85.5,113,470.8,81.4,34.5,86.4,74.5,86.0,8.3,73.7,10.0,3.7,2.6,1.7,21.4,13.4,83.1,80.3
15K058,P.S. 058 The Carroll,Brooklyn,15,PK-5,752,320,459.5,69.4,33.1,86.6,323,466.4,79.6,26.9,83.4,74.5,85.0,4.4,3.1,11.6,68.8,12.2,0.0,16.6,3.1,8.2,11.8
26Q221,P.S. 221 The North Hills School,Queens,26,3K-5,500,224,459.2,71.0,33.5,88.3,231,469.0,77.9,30.7,81.2,74.5,84.8,65.0,1.6,17.2,14.4,1.2,0.6,20.2,11.2,39.2,34.3
25Q169,P.S. 169 Bay Terrace,Queens,25,PK-5,434,205,455.3,61.0,28.3,75.5,207,477.4,87.0,51.7,93.1,74.0,84.3,39.6,3.9,25.6,25.6,5.1,0.2,20.3,7.6,30.9,29.4
31R003,P.S. 003 The Margaret Gioiosa School,Staten Island,31,PK-5,637,300,457.0,64.7,29.3,81.9,303,476.3,83.2,44.9,89.2,73.9,85.6,13.7,1.7,12.6,70.0,1.9,0.0,26.2,3.3,34.9,35.8
02M126,P.S. 126 Jacob August Riis,Manhattan,2,3K-8,539,447,458.2,68.0,36.7,85.9,338,473.0,79.3,43.2,83.0,73.6,84.4,51.2,14.3,20.6,9.6,3.9,0.4,23.6,7.8,74.6,74.3
26Q191,P.S. 191 Mayflower,Queens,26,PK-5,328,106,457.5,69.8,26.4,87.3,106,466.8,77.4,28.3,80.5,73.6,83.9,67.1,2.4,22.9,4.3,2.4,0.9,19.8,17.1,64.3,59.2
22K195,P.S. 195 Manhattan Beach,Brooklyn,22,PK-5,401,183,458.6,66.7,41.0,84.0,184,472.7,80.4,39.7,85.1,73.6,84.6,5.5,1.2,2.0,90.0,1.2,0.0,17.7,15.0,44.9,41.6
26Q133,P.S. 133 The Bellerose School of Excellence,Queens,26,3K-5,591,259,457.6,67.2,34.0,84.8,267,470.5,79.8,38.2,83.9,73.5,84.3,65.3,2.9,19.8,6.4,3.2,2.4,17.8,8.0,57.9,48.6
02M003,P.S. 003 Charrette School,Manhattan,2,3K-5,542,195,457.7,69.7,30.8,87.2,200,469.2,77.0,39.0,79.9,73.4,83.5,7.9,5.9,18.1,58.7,9.0,0.2,25.1,4.4,22.9,26.2
20K310,The School For Future Leaders,Brooklyn,20,K-5,497,272,454.4,62.9,35.7,79.3,282,480.2,83.7,57.4,89.9,73.3,84.6,82.9,0.8,8.5,6.8,0.8,0.2,15.9,31.8,87.3,82.9
29Q176,P.S. 176 Cambria Heights,Queens,29,3K-5,569,203,458.6,64.5,30.0,81.8,199,471.4,81.9,33.2,86.9,73.2,84.4,4.9,80.7,8.8,0.5,2.6,2.1,22.0,4.6,78.9,54.7
30Q234,P.S. 234,Queens,30,PK-5,494,146,459.9,68.5,39.0,86.2,145,464.7,77.2,25.5,80.4,72.9,83.3,14.0,5.7,32.4,41.9,5.3,0.6,22.5,13.0,57.1,57.1
27Q066,P.S. 066 Jacqueline Kennedy Onassis,Queens,27,3K-5,472,231,456.7,65.4,32.5,82.8,242,470.5,80.2,33.5,84.4,72.8,83.6,16.1,5.9,63.6,9.1,2.8,2.5,22.0,19.3,77.5,67.3
27Q316,Queens Explorers Elementary School,Queens,27,3K-5,363,129,457.2,66.7,31.8,84.0,127,468.3,78.7,32.3,81.8,72.7,82.9,34.7,6.9,48.8,5.2,1.1,3.3,22.9,11.8,81.5,72.9
20K105,P.S. 105 The Blythebourne,Brooklyn,20,K-5,1050,576,452.9,57.8,29.3,71.3,599,478.9,87.3,51.8,93.3,72.6,82.3,91.6,0.1,5.4,2.7,0.1,0.1,12.4,32.9,92.7,88.2
12X067,P.S. 067 Mohegan School,Bronx,12,3K-5,276,82,458.8,62.2,37.8,78.1,82,471.8,82.9,43.9,88.5,72.6,83.3,0.4,34.1,62.7,0.7,0.7,1.1,30.8,13.0,>95%,>95%
26Q159,P.S. 159,Queens,26,PK-5,502,245,452.9,62.0,24.9,77.8,260,471.9,83.1,38.5,89.0,72.6,83.4,57.4,0.4,20.9,18.5,2.4,0.4,20.5,28.3,56.6,54.5
29Q132,P.S. 132 Ralph Bunche,Queens,29,3K-5,283,114,454.2,61.4,24.6,76.6,114,468.1,83.3,27.2,89.6,72.4,83.1,2.5,74.2,14.8,1.4,0.7,6.4,31.8,4.6,74.2,66.5
17K289,P.S. 289 George V. Brower,Brooklyn,17,3K-5,269,71,457.0,70.4,26.8,88.0,70,469.4,74.3,42.9,75.7,72.4,81.9,4.5,63.6,25.3,3.7,2.6,0.4,42.8,11.5,89.6,92.1
19K065,P.S. 065,Brooklyn,19,3K-5,521,221,457.2,63.3,33.5,79.8,225,471.3,81.3,38.7,86.2,72.3,83.0,4.8,8.8,80.8,2.7,0.2,2.7,17.3,24.4,88.7,85.6
18K244,P.S. 244 Richard R. Green,Brooklyn,18,PK-5,326,125,457.7,65.6,35.2,83.1,124,470.9,79.0,43.5,82.3,72.3,82.7,5.2,73.9,13.8,3.7,0.3,2.5,34.7,4.0,85.3,81.8
30Q361,The Woodside Community School,Queens,30,PK-5,486,205,460.0,68.3,34.6,86.0,207,468.2,76.3,31.9,79.1,72.3,82.6,37.2,1.0,42.0,16.0,2.9,0.8,15.2,18.5,67.5,60.4
25Q193,P.S. 193 Alfred J. Kennedy,Queens,25,PK-5,594,260,456.5,65.0,32.7,82.6,262,471.8,79.4,39.7,83.1,72.2,82.8,28.1,0.8,21.7,46.3,2.2,0.8,18.7,9.3,47.8,41.5
25Q242,P.S. 242 Leonard P. Stavisky Early Childhood Schoo,Queens,25,3K-3,299,46,455.3,60.9,26.1,75.4,47,466.5,83.0,23.4,88.7,71.9,82.1,78.3,3.7,13.4,2.7,1.7,0.3,18.1,31.4,62.2,66.9
30Q227,I.S. 227 Louis Armstrong,Queens,30,5-8,1555,1470,461.4,72.0,41.1,89.2,1119,464.2,71.6,30.3,72.1,71.8,80.7,27.1,13.2,35.9,19.2,4.1,0.5,16.0,4.6,66.0,55.7
20K170,Ralph A. Fabrizio School,Brooklyn,20,K-5,808,418,454.1,61.0,33.0,75.7,436,477.7,82.3,52.8,87.7,71.7,81.7,57.2,0.5,17.6,22.2,2.5,0.1,16.6,25.6,90.0,79.4
22K236,P.S. 236 Mill Basin,Brooklyn,22,PK-5,583,255,458.1,65.9,37.3,83.2,257,469.2,77.4,35.4,80.8,71.7,82.0,16.5,17.5,11.5,49.9,4.5,0.2,20.1,5.1,41.9,37.5
21K253,P.S. 253,Brooklyn,21,K-5,948,417,454.6,61.2,29.7,76.1,417,471.6,81.8,41.0,86.7,71.5,81.4,32.7,1.2,24.7,38.7,2.2,0.5,15.7,22.8,88.4,87.1
10X007,Milton Fein School,Bronx,10,K-5,337,163,459.1,67.5,37.4,85.4,171,469.1,75.4,36.8,78.0,71.5,81.7,6.2,9.5,71.8,8.0,4.5,0.0,21.1,13.6,76.9,77.0
30Q084,P.S. 084 Steinway,Queens,30,3K-5,378,135,457.6,67.4,34.1,85.0,134,463.9,75.4,24.6,77.8,71.4,81.4,7.1,3.7,32.5,52.9,2.9,0.3,18.8,8.7,47.4,50.4
28Q099,P.S. 099 Kew Gardens,Queens,28,K-5,692,266,455.5,63.5,27.8,80.3,278,468.5,79.1,29.5,82.6,71.3,81.4,24.3,6.9,40.0,22.1,5.2,1.3,24.4,10.4,55.2,55.8
14K380,P.S. 380 John Wayne Elementary,Brooklyn,14,3K-5,366,124,455.3,60.5,27.4,75.0,123,467.0,82.1,26.8,87.5,71.3,81.2,2.5,19.4,69.9,7.7,0.3,0.3,39.9,12.6,88.5,89.5
31R029,P.S. 029 Bardwell,Staten Island,31,PK-5,583,232,456.3,65.5,27.2,83.0,234,466.9,76.9,29.9,79.8,71.2,81.4,26.8,6.5,25.2,38.4,2.9,0.2,31.6,5.8,59.7,51.4
25Q024,P.S. 024 Andrew Jackson,Queens,25,PK-5,1169,561,450.8,56.3,27.6,68.6,585,477.1,85.8,48.7,91.8,71.1,80.2,82.5,1.7,13.3,1.2,0.9,0.4,14.9,37.3,80.3,77.3
20K247,P.S. 247 Brooklyn,Brooklyn,20,K-5,770,363,454.6,63.4,24.2,79.9,372,470.7,78.8,39.2,81.9,71.1,80.9,57.9,0.5,17.7,22.6,1.2,0.1,23.5,27.0,75.6,72.8
13K020,P.S. 020 Clinton Hill,Brooklyn,13,3K-5,696,245,459.3,71.0,34.3,88.5,245,463.6,71.0,28.6,71.4,71.0,80.0,4.9,23.4,19.3,41.4,10.1,1.0,16.8,2.2,33.3,37.9
31R032,P.S. 032 The Gifford School,Staten Island,31,3K-5,710,308,456.6,66.2,27.9,83.4,316,467.2,75.3,32.6,77.7,70.8,80.5,26.3,3.0,16.5,52.0,2.1,0.1,28.3,8.3,47.2,41.8
19K190,P.S. 190 Sheffield,Brooklyn,19,3K-5,110,30,449.7,60.0,16.7,73.9,32,465.4,81.2,25.0,85.9,70.6,79.9,0.0,65.5,21.8,10.9,1.8,0.0,27.3,12.7,94.5,89.6
03M084,P.S. 084 Lillian Weber,Manhattan,3,3K-5,688,243,456.6,66.3,38.7,83.5,245,465.8,74.7,31.8,76.4,70.5,80.0,3.8,9.2,27.5,50.9,8.3,0.4,18.6,6.4,27.3,34.9
30Q166,P.S. 166 Henry Gradstein,Queens,30,3K-5,733,283,458.0,66.4,39.6,83.6,282,466.7,74.5,33.3,75.9,70.4,79.8,21.3,4.2,40.1,28.9,4.5,1.0,17.5,19.6,59.3,56.1
14K110,P.S. 110 The Monitor,Brooklyn,14,PK-5,524,169,456.5,66.9,27.2,84.3,169,462.8,74.0,26.0,75.5,70.4,79.9,2.5,3.1,18.7,66.4,9.2,0.2,9.9,1.9,22.7,27.1
20K229,P.S. 229 Dyker,Brooklyn,20,3K-8,1093,644,457.8,66.9,37.3,84.4,626,467.7,73.8,36.7,75.4,70.4,79.9,60.1,1.2,20.2,17.2,0.8,0.4,18.8,16.7,91.9,56.7
16K262,P.S. 262 El Hajj Malik El Shabazz Elementary Schoo,Brooklyn,16,3K-5,171,49,456.9,67.3,36.7,84.9,45,461.7,73.3,24.4,74.8,70.3,79.8,1.2,70.2,14.6,7.0,6.4,0.6,24.6,1.8,77.8,76.9
31R052,P.S. 052 John C. Thompson,Staten Island,31,3K-5,647,272,454.0,61.8,24.6,77.3,274,470.1,78.8,36.5,82.2,70.3,79.8,36.5,3.9,17.2,40.6,1.5,0.2,23.8,17.0,73.6,61.0
06M187,P.S./I.S. 187 Hudson Cliffs,Manhattan,6,PK-8,764,440,459.4,70.7,34.1,88.1,415,461.3,69.9,23.1,69.9,70.3,79.0,4.1,4.2,45.3,37.8,8.2,0.3,23.4,5.0,38.5,38.1
25Q184,P.S. 184 Flushing Manor,Queens,25,PK-5,436,212,453.7,59.0,28.3,72.7,215,472.7,81.4,40.9,86.3,70.2,79.5,58.5,0.7,17.0,21.1,1.8,0.7,17.7,17.4,57.1,47.8
15K038,P.S. 038 The Pacific,Brooklyn,15,3K-5,557,199,458.2,67.8,33.7,85.8,200,466.1,72.5,33.5,73.8,70.2,79.8,10.6,24.4,24.2,29.6,11.0,0.2,17.1,2.9,35.7,41.3
12X066,P.S. 066 School of Higher Expectations,Bronx,12,3K-5,449,163,453.5,61.3,22.1,76.2,169,466.0,78.7,23.1,81.7,70.0,78.9,0.9,24.7,73.7,0.2,0.0,0.4,24.5,13.4,93.5,94.2
20K102,P.S. 102 The Bayview,Brooklyn,20,K-5,1013,434,456.9,65.0,33.6,82.5,431,468.0,74.9,34.3,77.1,70.0,79.8,16.9,1.5,25.8,50.9,4.3,0.4,24.8,11.4,58.5,60.2
26Q186,P.S. 186 Castlewood,Queens,26,3K-5,310,115,454.4,63.5,25.2,80.0,118,464.6,76.3,23.7,78.9,69.9,79.4,40.6,13.9,23.9,16.5,3.9,1.3,40.3,1.6,42.6,43.8
25Q244,The Active Learning Elementary School,Queens,25,PK-3,460,73,453.3,49.3,21.9,56.6,72,477.1,90.3,43.1,95.1,69.8,75.9,90.9,0.4,6.7,0.4,1.3,0.2,14.6,53.3,73.7,71.4
30Q150,P.S. 150 Queens,Queens,30,PK-5,620,260,457.2,66.5,37.7,83.7,261,469.1,72.8,39.1,74.1,69.7,78.9,24.4,1.9,40.6,26.5,5.2,1.5,13.5,16.8,48.1,49.7
25Q163,P.S. 163 Flushing Heights,Queens,25,PK-5,719,345,451.6,56.8,24.1,69.5,365,474.0,82.5,42.7,88.1,69.6,78.8,78.4,0.8,17.5,1.3,1.5,0.4,13.8,37.1,79.6,70.7
19K325,The Fresh Creek School,Brooklyn,19,3K-5,209,89,459.8,71.9,32.6,89.0,91,456.1,67.0,15.4,64.3,69.5,76.7,1.0,58.9,36.4,1.0,1.4,1.4,26.8,11.0,91.9,93.3
20K164,P.S. 164 Caesar Rodney,Brooklyn,20,3K-5,441,189,455.8,62.4,30.7,78.6,187,470.5,76.5,40.6,79.4,69.5,79.0,42.9,3.9,38.1,14.3,0.7,0.2,34.5,19.0,87.1,85.1
20K264,P.S. 264 Bay Ridge Elementary School For The Arts,Brooklyn,20,K-5,392,175,457.7,67.4,31.4,85.3,184,464.1,71.2,26.1,71.7,69.3,78.5,11.5,2.6,32.7,49.0,3.6,0.8,19.9,17.6,67.1,66.0
28Q161,P.S. 161 Arthur Ashe School,Queens,28,PK-5,528,166,456.6,62.7,31.9,78.9,178,464.8,75.8,24.7,78.4,69.2,78.6,57.6,4.5,16.5,1.9,1.5,17.4,18.9,13.1,83.3,74.3
11X481,The STEAM Bridge School,Bronx,11,K-5,248,93,460.7,67.7,37.6,85.7,92,464.4,70.7,28.3,70.8,69.2,78.2,21.0,14.9,41.5,19.8,2.4,0.0,14.9,24.2,79.0,82.9
20K176,P.S. 176 Ovington,Brooklyn,20,K-5,957,547,453.5,58.9,32.2,72.6,570,472.2,79.5,44.4,83.2,69.2,77.9,62.7,0.4,22.7,12.6,0.6,0.9,15.3,27.1,83.5,78.0
25Q032,P.S. 032 State Street,Queens,25,PK-5,801,395,455.4,63.0,33.4,79.6,403,467.9,74.9,36.2,77.0,69.0,78.3,64.0,0.5,26.7,4.2,3.7,0.5,18.0,14.9,65.9,62.5
28Q055,P.S. 055 Maure,Queens,28,3K-5,435,130,451.4,57.7,16.2,71.0,130,468.3,80.0,27.7,84.1,68.8,77.5,25.7,11.3,25.3,1.4,0.7,35.6,15.2,14.7,79.5,69.8
13K133,P.S. 133 William A. Butler,Brooklyn,13,3K-5,602,226,455.2,62.8,31.4,79.1,222,464.3,74.8,29.7,76.6,68.8,77.8,3.3,25.4,34.1,27.4,9.0,0.8,22.6,6.0,44.4,47.5
30Q398,The Hector Figueroa School,Queens,30,3K-5,465,193,454.2,61.1,30.6,75.9,195,471.1,76.4,47.2,79.3,68.8,77.6,45.8,0.9,39.1,11.6,2.6,0.0,18.1,24.7,66.9,63.5
11X153,P.S. 153 Helen Keller,Bronx,11,PK-5,466,178,456.9,67.4,27.5,85.1,180,462.6,70.0,24.4,70.2,68.7,77.7,6.7,62.0,26.8,2.4,1.7,0.4,19.1,1.7,72.3,65.6
31R053,The Barbara Esselborn School,Staten Island,31,3K-5,765,363,457.1,64.7,33.3,82.1,364,468.2,72.0,37.1,72.5,68.4,77.3,31.1,1.8,17.6,47.2,2.1,0.1,25.0,6.9,51.8,43.4
02M343,The Peck Slip School,Manhattan,2,3K-5,301,112,458.0,67.0,35.7,84.5,115,463.7,69.6,32.2,69.5,68.3,77.0,15.9,7.6,27.6,38.5,10.0,0.3,17.9,13.3,32.2,37.0
14K132,P.S. 132 The Conselyea School,Brooklyn,14,PK-5,605,245,456.8,63.7,36.3,80.5,242,464.4,72.7,29.8,74.0,68.2,77.3,6.3,10.1,33.2,42.1,7.8,0.5,16.9,5.3,36.9,44.5
02M130,P.S. 130 Hernando De Soto,Manhattan,2,PK-5,498,256,454.0,60.2,30.5,74.1,256,465.4,76.2,28.9,78.7,68.2,76.4,75.7,2.2,11.6,4.0,5.8,0.2,23.5,17.7,61.6,56.0
20K748,P.S. 748 Brooklyn School for Global Scholars,Brooklyn,20,K-5,422,207,455.0,61.4,31.9,76.4,211,467.0,74.9,30.3,76.8,68.1,76.6,42.4,0.0,27.3,27.3,1.7,1.4,19.7,19.4,86.3,75.8
06M366,Washington Heights Academy,Manhattan,6,PK-8,439,203,454.7,58.6,27.1,72.1,201,467.1,77.6,33.8,80.9,68.1,76.5,0.2,3.6,92.9,2.7,0.5,0.0,22.3,17.5,88.8,87.8
14K414,Brooklyn Arbor Elementary School,Brooklyn,14,PK-5,520,207,455.9,61.4,34.3,76.4,205,462.9,74.6,23.9,76.3,68.0,76.3,5.6,2.3,48.7,35.8,7.1,0.6,20.8,6.2,41.7,49.8
24Q087,P.S./I.S. 087 Middle Village,Queens,24,3K-8,549,278,455.8,63.7,27.7,80.4,281,464.6,72.2,28.8,72.7,68.0,76.6,12.9,1.3,59.6,24.0,1.1,1.1,21.3,12.0,72.9,67.4
26Q026,P.S. 026 Rufus King,Queens,26,3K-5,542,228,453.0,56.1,25.9,68.1,237,470.2,79.7,35.9,83.7,67.9,75.9,53.7,9.6,22.5,11.3,1.5,1.5,18.3,19.6,68.3,66.4
27Q108,P.S. 108 Captain Vincent G. Fowler,Queens,27,3K-5,1116,477,457.1,62.5,31.2,78.7,485,464.3,73.4,27.4,74.9,67.9,76.8,41.8,7.1,38.6,4.8,1.2,6.4,22.0,7.3,90.1,67.4
30Q085,P.S. 085 Judge Charles Vallone,Queens,30,3K-5,576,224,457.5,63.8,37.5,81.2,217,466.0,71.4,35.0,71.8,67.6,76.5,15.3,2.4,27.6,48.1,6.1,0.5,14.4,8.0,60.6,46.9
31R026,P.S./I.S. 26 The Carteret School,Staten Island,31,PK-6,303,173,453.6,60.7,27.7,75.2,175,465.2,74.3,26.3,75.7,67.5,75.4,26.1,4.6,27.7,38.6,3.0,0.0,23.8,8.3,53.5,49.5
15K032,P.S. 032 Samuel Mills Sprole,Brooklyn,15,3K-5,514,183,456.4,65.0,33.9,82.7,183,462.2,69.9,23.5,70.0,67.5,76.4,7.0,16.7,24.3,42.8,8.4,0.6,33.7,1.9,37.0,43.2
20K160,P.S. 160 William T. Sampson,Brooklyn,20,K-5,906,450,450.2,53.6,23.6,64.8,465,472.4,81.1,39.8,85.7,67.3,75.2,83.1,2.2,10.2,3.3,1.0,0.2,15.0,50.7,>95%,90.6
20K180,The SEEALL Academy,Brooklyn,20,3K-8,829,635,455.5,61.4,33.4,76.7,634,470.4,73.2,44.0,74.4,67.3,75.5,44.8,1.1,34.6,18.2,0.6,0.7,18.2,20.0,88.8,86.7
31R048,P.S. 048 William G. Wilcox,Staten Island,31,PK-8,948,596,455.2,61.9,29.5,77.5,479,464.7,72.4,29.4,73.1,67.2,75.3,31.1,5.5,17.1,44.7,1.5,0.0,23.2,8.8,53.2,48.1
22K254,P.S. 254 Dag Hammarskjold,Brooklyn,22,3K-5,740,345,451.3,57.1,26.1,70.2,350,469.5,77.1,37.1,80.2,67.1,75.2,22.8,1.4,8.0,64.7,2.3,0.7,14.2,30.9,68.0,64.8
06M311,Amistad Dual Language School,Manhattan,6,K-8,381,227,454.6,61.7,27.8,77.0,196,462.4,72.4,22.4,73.2,67.1,75.1,0.8,1.8,92.7,2.9,1.6,0.3,31.0,23.9,78.5,74.0
07X277,P.S. 277,Bronx,7,3K-5,346,100,454.8,62.0,25.0,77.6,104,463.0,72.1,23.1,72.6,67.1,75.1,1.4,30.6,63.6,1.7,1.2,1.4,22.0,16.8,94.8,94.4
31R030,P.S. 030 Westerleigh,Staten Island,31,PK-5,720,316,453.2,58.5,23.1,71.8,319,464.0,75.5,25.4,78.1,67.0,75.0,18.6,4.2,22.9,50.4,3.6,0.1,28.3,6.5,46.0,38.8
30Q151,P.S. 151 Mary D. Carter,Queens,30,3K-5,303,138,457.0,63.8,38.4,80.7,141,471.8,70.2,51.1,70.4,67.0,75.5,19.5,22.1,45.5,10.2,0.3,2.3,26.7,16.2,82.5,80.9
05M517,Teachers College Community School,Manhattan,5,PK-8,252,147,453.6,57.1,22.4,70.5,86,463.6,76.7,22.1,79.6,66.9,75.1,2.4,46.4,38.1,7.9,4.4,0.8,21.8,3.6,71.8,79.7
02M042,P.S. 042 Benjamin Altman,Manhattan,2,3K-5,448,220,452.0,53.6,27.3,65.3,222,472.7,80.2,41.0,84.5,66.9,74.9,64.3,2.9,19.2,8.3,5.1,0.2,31.0,22.3,64.3,64.1
15K295,P.S. 295,Brooklyn,15,3K-5,171,53,454.2,58.5,22.6,71.7,52,462.7,75.0,23.1,77.3,66.7,74.5,2.9,5.8,40.4,45.0,5.8,0.0,28.7,9.4,44.4,40.5
24Q102,P.S. 102 Bayview,Queens,24,PK-8,1029,632,454.2,58.4,30.2,71.6,607,467.7,75.0,35.6,77.2,66.7,74.4,62.8,3.0,30.0,2.2,1.6,0.4,17.4,17.1,76.5,70.6
18K114,P.S. 114 Ryder Elementary,Brooklyn,18,3K-5,384,125,450.0,56.0,19.2,68.0,123,466.1,77.2,27.6,80.3,66.6,74.1,4.9,76.0,14.6,1.3,0.5,2.6,30.2,9.4,84.4,83.8
30Q212,P.S. 212,Queens,30,PK-5,557,224,453.7,59.4,29.0,73.1,225,467.5,73.8,33.3,75.3,66.6,74.2,20.5,0.7,58.9,14.0,5.4,0.5,25.9,19.9,63.2,56.4
30Q384,Hunters Point Elementary School,Queens,30,PK-5,567,192,457.5,63.0,42.2,79.5,197,464.6,70.1,34.5,70.3,66.5,74.9,21.9,10.8,25.7,33.3,8.1,0.2,15.7,10.6,33.0,33.0
23K599,Brooklyn Landmark Elementary School,Brooklyn,23,3K-5,358,140,455.1,64.3,32.9,81.6,144,461.9,68.8,25.0,68.0,66.5,74.8,1.7,64.5,29.6,1.4,2.8,0.0,22.6,8.9,75.4,80.8
08X075,P.S. 75 School of Research and Discovery,Bronx,8,3K-5,492,159,451.9,52.8,23.9,63.0,161,472.5,80.1,44.1,84.3,66.5,73.6,1.4,20.9,73.8,2.4,0.4,1.0,25.8,20.1,92.9,93.0
27Q114,P.S./M.S. 114 Belle Harbor,Queens,27,PK-8,657,320,455.4,60.3,27.8,74.4,309,462.4,72.5,18.8,73.6,66.4,74.0,2.6,3.5,18.9,71.2,3.5,0.3,30.9,3.0,26.5,27.6
03M452,P.S. 452,Manhattan,3,3K-5,403,130,454.6,62.3,29.2,78.5,132,465.9,70.5,33.3,70.7,66.4,74.6,19.1,10.4,28.5,36.2,5.0,0.7,14.1,7.2,32.0,36.3
29Q131,P.S. 131 Abigail Adams,Queens,29,3K-5,797,364,451.8,53.6,24.7,65.0,370,472.0,79.2,40.0,82.8,66.4,73.9,76.3,4.6,12.3,3.1,1.5,2.0,19.7,17.2,87.1,70.7
21K095,P.S. 095 The Gravesend,Brooklyn,21,K-8,896,573,453.5,56.4,25.8,68.8,580,468.6,76.0,34.8,78.6,66.2,73.7,34.3,3.9,33.6,26.0,1.3,0.9,19.2,18.8,78.5,75.8
20K205,P.S. 205 Clarion,Brooklyn,20,PK-5,1046,448,452.9,56.5,25.7,69.0,461,468.7,75.9,34.5,78.5,66.2,73.8,52.2,1.4,30.8,13.7,0.8,1.1,21.9,28.3,81.6,78.4
28Q354,The Jermaine L. Green STEM Institute of Queens,Queens,28,3K-5,529,190,452.1,53.2,23.2,64.4,191,468.4,79.1,36.1,82.5,66.1,73.4,3.4,69.4,20.8,1.3,2.6,2.5,23.6,6.0,81.1,79.9
24Q119,P.S./I.S. 119 The Glendale,Queens,24,K-8,1205,846,455.8,62.8,32.9,79.0,733,466.4,69.4,39.6,69.1,66.1,74.1,30.8,1.1,33.4,31.3,2.8,0.6,9.5,9.2,72.4,51.8
28Q139,P.S. 139 Rego Park,Queens,28,K-5,564,228,452.0,53.9,24.6,65.6,233,466.8,78.1,27.5,81.4,66.0,73.5,27.8,4.4,31.0,33.3,2.1,0.9,17.7,22.0,72.0,71.2
28Q140,P.S. 140 Edward K Ellington,Queens,28,K-5,248,112,457.2,64.3,33.0,81.6,111,463.3,67.6,29.7,66.1,65.9,73.8,19.0,48.0,28.2,0.0,0.8,4.0,14.5,18.1,79.8,78.9
20K069,P.S. 69 Vincent D. Grippo School,Brooklyn,20,K-5,543,259,449.3,50.2,25.1,58.4,270,472.6,81.5,41.9,86.6,65.8,72.5,86.9,0.4,7.2,4.6,0.7,0.2,22.5,48.3,93.4,89.1
01M361,The Children's Workshop School,Manhattan,1,3K-5,284,97,454.5,63.9,26.8,81.4,96,459.7,67.7,24.0,67.0,65.8,74.2,7.0,7.4,34.5,40.5,8.8,1.4,24.3,5.3,49.3,49.2
14K147,P.S. 147 Isaac Remsen,Brooklyn,14,3K-5,161,43,451.7,53.5,23.3,64.6,41,467.2,78.0,31.7,81.3,65.8,73.0,2.5,34.2,57.8,2.5,2.5,0.6,39.1,11.8,91.3,90.8
26Q173,P.S. 173 Fresh Meadows,Queens,26,PK-5,898,445,449.5,55.7,20.7,67.7,460,467.2,75.7,33.7,78.2,65.7,73.0,59.6,2.2,17.6,17.3,2.3,1.0,19.7,17.7,67.0,55.6
27Q317,Waterside Children's Studio School,Queens,27,PK-5,445,167,451.6,58.7,17.4,72.3,164,462.2,72.6,19.5,73.9,65.6,73.1,3.8,24.9,46.3,18.4,5.8,0.7,31.0,9.9,64.5,67.2
27Q362,Wave Preparatory Elementary School,Queens,27,3K-5,468,162,455.2,61.7,31.5,77.2,158,460.9,69.0,23.4,68.5,65.4,72.9,1.3,35.3,60.7,0.4,1.5,0.6,22.0,22.4,86.1,85.6
27Q096,P.S. 096,Queens,27,PK-5,315,127,453.3,62.2,23.6,78.2,130,461.3,68.5,23.8,67.5,65.3,72.9,35.6,15.2,18.4,6.3,1.9,22.5,8.9,15.9,81.3,75.6
14K297,P.S. 297 Abraham Stockton,Brooklyn,14,PK-5,205,92,454.4,58.7,21.7,72.5,92,462.7,71.7,25.0,72.2,65.2,72.3,1.0,44.4,47.3,5.9,0.0,1.5,43.4,8.8,92.2,91.4
02M217,P.S./I.S. 217 Roosevelt Island,Manhattan,2,3K-8,702,328,454.2,61.6,29.3,76.8,324,462.9,68.8,29.0,68.1,65.2,72.5,35.0,11.4,18.7,29.5,5.1,0.3,16.7,15.2,28.2,32.5
31R055,P.S. 055 Henry M. Boehm,Staten Island,31,PK-5,533,241,453.3,59.8,25.7,73.5,242,462.4,70.7,25.2,70.9,65.2,72.2,16.1,0.6,13.7,67.7,1.9,0.0,31.3,6.2,42.2,37.1
31R054,P.S. 054 Charles W. Leng,Staten Island,31,3K-5,752,303,453.5,57.8,23.8,71.2,308,468.0,72.4,30.8,73.0,65.1,72.1,46.0,4.1,17.6,29.5,2.1,0.7,23.7,6.2,65.7,59.9
20K682,The Academy of Talented Scholars,Brooklyn,20,K-5,353,187,453.5,60.4,25.7,74.6,189,464.0,69.3,27.5,69.0,64.9,71.8,32.6,1.4,8.2,55.0,2.5,0.0,26.1,23.5,73.1,70.8
17K316,P.S. 316 Elijah Stroud,Brooklyn,17,PK-5,664,248,457.0,60.5,36.3,75.0,247,466.4,69.2,33.2,68.8,64.9,71.9,3.2,47.4,17.9,22.0,8.0,1.4,16.4,2.9,44.3,51.0
22K197,P.S. 197 - The Kings Highway Academy,Brooklyn,22,3K-5,1047,469,449.0,52.2,20.9,62.5,478,467.9,77.4,31.4,80.7,64.8,71.6,26.3,5.7,11.0,54.8,1.8,0.3,15.1,28.4,78.3,77.9
26Q162,P.S. 162 John Golden,Queens,26,3K-5,416,227,450.6,52.9,24.2,63.1,236,471.3,76.7,39.0,79.5,64.8,71.3,73.8,1.9,14.9,7.5,1.4,0.5,17.5,29.1,66.3,56.0
01M315,The East Village Community School,Manhattan,1,3K-5,482,143,454.9,62.2,29.4,78.4,145,461.5,66.9,24.8,64.0,64.6,71.2,7.9,8.3,32.4,41.1,9.8,0.4,30.1,3.1,41.9,43.7
19K306,P.S. 306 Ethan Allen,Brooklyn,19,3K-5,268,117,456.2,59.8,29.9,73.8,117,464.6,69.2,33.3,68.8,64.5,71.3,0.4,69.4,28.7,0.7,0.4,0.4,26.9,6.0,>95%,>95%
11X068,P.S. 068 Bronx,Bronx,11,PK-5,514,220,455.2,60.5,26.4,74.8,226,462.4,68.6,22.1,67.9,64.5,71.3,1.6,58.2,34.0,3.1,1.2,1.8,37.9,6.6,81.1,79.6
28Q160,P.S. 160 Walter Francis Bishop,Queens,28,3K-5,668,223,451.9,57.4,22.0,70.8,228,462.4,71.5,23.2,72.0,64.4,71.4,25.1,31.6,29.3,1.0,3.0,9.9,25.4,19.0,85.6,79.6
01M110,P.S. 110 Florence Nightingale,Manhattan,1,PK-5,205,111,455.5,62.2,28.8,78.0,111,463.0,66.7,29.7,63.6,64.4,70.8,9.3,15.6,56.1,16.1,2.9,0.0,21.5,1.0,67.3,67.1
27Q146,P.S. 146 Howard Beach,Queens,27,3K-8,517,280,452.2,59.3,23.9,73.0,275,462.3,69.5,27.3,69.3,64.4,71.1,16.1,2.3,44.9,34.0,1.7,1.0,25.7,8.9,60.3,48.7
15K130,P.S. 130 The Parkside,Brooklyn,15,3K-5,913,374,453.7,62.0,26.7,77.7,375,461.2,66.7,26.7,63.6,64.3,70.6,12.8,5.8,17.3,56.0,7.2,0.9,21.4,4.1,27.6,30.5
17K770,P.S. 770 New American Academy,Brooklyn,17,PK-5,292,83,458.6,63.9,43.4,81.3,84,461.4,64.3,28.6,60.2,64.1,70.7,1.7,47.3,14.4,26.7,7.9,2.1,25.3,3.4,52.7,57.4
21K100,P.S. 100 The Coney Island School,Brooklyn,21,PK-5,565,258,450.6,55.0,20.5,66.7,259,465.2,73.0,27.4,74.3,64.0,70.5,8.0,2.8,3.9,83.9,1.1,0.4,22.7,18.4,66.0,63.5
06M314,Muscota,Manhattan,6,K-5,285,125,455.2,56.8,31.2,69.4,124,464.5,71.0,26.6,71.2,63.9,70.3,3.2,3.9,37.9,42.5,12.6,0.0,25.6,4.2,29.1,32.6
22K889,P.S. 889,Brooklyn,22,PK-5,440,178,457.2,62.9,31.5,79.4,179,457.8,64.8,18.4,61.2,63.9,70.3,8.6,21.1,26.4,36.6,6.4,0.9,26.4,3.9,45.0,46.0
31R013,P.S. 013 M. L. Lindemeyer,Staten Island,31,PK-5,761,322,452.5,56.5,24.5,69.2,324,464.3,71.0,31.5,71.3,63.8,70.3,28.6,10.9,42.2,16.3,1.3,0.7,31.3,19.2,80.9,78.0
22K277,P.S. 277 Gerritsen Beach,Brooklyn,22,PK-5,280,120,455.5,60.0,29.2,73.9,120,458.9,67.5,19.2,65.8,63.8,69.9,26.4,2.9,15.4,52.5,2.9,0.0,22.9,6.4,53.6,40.0
24Q049,P.S. 049 Dorothy Bonawit Kole,Queens,24,K-8,1220,763,452.1,56.2,26.5,68.2,670,463.1,71.0,27.6,71.6,63.6,69.9,24.9,0.5,29.8,41.6,3.0,0.2,17.9,6.6,48.6,45.3
29Q038,P.S. 038 Rosedale,Queens,29,K-5,226,97,453.0,59.8,28.9,73.6,91,465.5,67.0,36.3,64.3,63.4,69.0,9.3,72.1,11.5,0.9,4.4,1.8,24.8,5.3,67.3,68.5
21K216,P.S. 216 Arturo Toscanini,Brooklyn,21,3K-5,688,307,450.3,53.1,20.2,63.9,307,463.0,73.6,22.5,75.0,63.4,69.5,29.9,4.4,20.2,43.6,0.9,1.0,20.3,27.6,81.0,79.8
20K186,P.S. 186 Dr. Irving A Gladstone,Brooklyn,20,K-5,908,472,450.8,52.1,22.2,62.2,486,465.7,74.5,28.8,76.1,63.3,69.1,30.4,0.8,38.1,29.1,0.7,1.0,17.5,36.8,82.2,79.9
21K097,P.S. 97 The Highlawn,Brooklyn,21,3K-5,900,372,449.2,50.3,20.7,58.5,380,468.7,76.3,37.4,79.0,63.3,68.8,48.0,1.6,22.9,25.2,1.4,0.9,19.0,23.4,76.2,73.3
11X019,P.S. 019 Judith K. Weiss,Bronx,11,PK-8,715,442,454.2,59.7,28.3,73.4,419,460.9,66.8,24.8,63.9,63.3,68.6,3.6,8.1,35.9,47.1,3.6,1.5,13.8,6.4,61.0,52.4
12X044,P.S. 044 David C. Farragut,Bronx,12,3K-5,189,58,454.8,60.3,31.0,74.5,59,460.3,66.1,22.0,63.0,63.2,68.8,1.1,32.8,65.1,0.0,1.1,0.0,28.6,18.5,>95%,>95%
28Q175,P.S. 175 The Lynn Gross Discovery School,Queens,28,PK-5,659,254,449.9,51.6,23.2,61.1,258,467.0,74.8,33.3,76.7,63.2,68.9,30.7,2.0,19.6,42.5,5.0,0.3,16.4,20.3,61.9,58.2
30Q017,P.S. 017 Henry David Thoreau,Queens,30,3K-5,571,226,452.9,54.4,27.9,65.9,227,464.9,71.8,29.1,72.3,63.1,69.1,12.8,8.1,42.2,31.2,5.3,0.5,17.2,13.7,60.4,60.1
29Q095,P.S. 095 Eastwood,Queens,29,K-5,1021,471,450.0,51.0,19.5,60.3,478,467.1,75.1,33.1,77.5,63.0,68.9,43.7,9.3,39.8,0.8,1.4,5.1,16.8,27.2,78.7,81.0
26Q018,P.S. 018 Winchester,Queens,26,3K-5,441,136,451.8,53.7,22.1,65.4,141,463.5,72.3,27.0,72.9,63.0,69.1,54.9,11.3,20.6,7.5,2.5,3.2,21.1,12.9,67.1,54.9
08X304,P.S. 304 Early Childhood School,Bronx,8,3K-5,557,240,453.2,58.3,22.1,71.4,244,463.7,67.6,27.0,66.5,63.0,69.0,12.9,8.1,69.5,7.4,0.9,1.1,33.8,7.7,69.7,64.6
13K492,Academy of Arts and Letters,Brooklyn,13,PK-8,770,457,454.5,61.7,27.6,77.1,397,458.9,64.2,21.9,59.9,63.0,68.5,6.0,34.4,13.4,37.5,8.4,0.3,18.8,2.9,34.7,45.3
30Q002,P.S. 002 Alfred Zimberg,Queens,30,3K-5,546,210,450.8,58.6,23.3,72.0,213,458.4,67.1,23.5,64.9,62.9,68.4,16.5,3.8,39.7,37.5,2.0,0.2,16.7,17.6,72.0,65.5
27Q047,P.S. 047 Chris Galas,Queens,27,3K-8,264,128,452.7,57.0,25.0,69.8,108,463.1,68.5,26.9,67.7,62.8,68.8,6.1,3.4,20.1,67.4,2.7,0.4,29.5,1.9,42.8,32.4
04M083,P.S. 083 Luis Munoz Rivera,Manhattan,4,3K-5,297,115,454.4,55.7,31.3,67.6,116,464.9,69.8,29.3,69.8,62.7,68.7,6.4,13.8,72.7,3.7,2.4,0.7,34.7,16.8,>95%,93.2
06M192,P.S. 192 Jacob H. Schiff,Manhattan,6,3K-5,207,94,447.8,46.8,19.1,52.8,98,469.9,78.6,36.7,81.6,62.7,67.2,1.4,6.8,88.4,1.9,0.0,1.4,22.7,21.7,91.3,86.7
25Q022,P.S. 022 Thomas Jefferson,Queens,25,PK-5,673,365,450.2,52.9,26.3,63.3,374,467.8,72.5,36.6,73.4,62.7,68.3,56.3,0.4,39.5,2.2,1.0,0.4,19.0,43.8,79.6,76.6
05M092,P.S. 092 Mary McLeod Bethune,Manhattan,5,PK-5,159,46,446.6,47.8,13.0,54.7,48,467.4,77.1,33.3,80.0,62.5,67.3,1.9,40.3,46.5,5.7,5.0,0.0,45.3,17.0,>95%,94.1
31R004,P.S. 004 Maurice Wollin,Staten Island,31,3K-5,863,365,450.4,54.5,18.1,66.3,367,462.9,70.3,23.4,70.6,62.4,68.4,24.8,1.0,19.7,51.6,2.4,0.5,30.9,8.7,48.0,44.3
31R001,P.S. 001 Tottenville,Staten Island,31,PK-5,490,210,454.9,63.8,26.2,80.9,213,456.4,60.6,20.2,55.4,62.2,68.1,5.7,1.4,24.1,67.6,1.2,0.0,30.8,5.7,40.0,38.3
19K013,P.S. 013 Roberto Clemente,Brooklyn,19,3K-5,327,130,453.6,60.8,34.6,75.3,131,459.1,63.4,24.4,58.6,62.1,67.0,2.8,59.9,32.7,2.4,0.6,1.5,30.0,14.4,94.5,91.6
31R036,P.S. 036 J. C. Drumgoole,Staten Island,31,3K-5,809,358,453.1,58.7,21.8,72.2,359,459.1,65.5,17.8,62.2,62.1,67.2,19.5,1.6,14.3,61.6,2.5,0.5,26.1,4.3,43.0,33.2
21K177,P.S. 177 The Marlboro,Brooklyn,21,PK-5,878,394,449.3,50.8,22.1,59.7,401,465.5,73.3,29.7,74.6,62.0,67.2,27.4,2.2,27.3,41.8,0.9,0.3,24.9,27.3,88.8,88.1
26Q046,P.S. 046 Alley Pond,Queens,26,3K-5,511,206,448.9,49.5,24.3,57.2,208,468.1,74.5,34.1,76.2,62.0,66.7,56.0,5.1,20.9,12.9,3.5,1.6,36.6,13.5,60.9,48.8
29Q034,P.S. 034 John Harvard,Queens,29,PK-5,437,163,451.2,56.4,21.5,68.9,173,461.8,67.1,27.2,64.5,61.7,66.7,20.4,46.9,24.3,2.7,1.4,4.3,23.6,21.5,82.6,74.9
24Q081,P.S. 81Q Jean Paul Richter,Queens,24,3K-5,606,284,447.9,45.4,14.1,50.3,283,465.5,77.7,27.9,81.0,61.6,65.7,2.0,1.0,89.3,6.4,0.3,1.0,25.6,25.2,89.1,84.2
31R861,Staten Island School of Civic Leadership,Staten Island,31,PK-8,788,516,451.8,55.4,24.8,67.2,516,460.6,67.6,23.8,66.7,61.5,66.9,21.7,23.6,36.0,15.6,2.5,0.5,25.9,7.4,75.4,66.6
29Q181,P.S. 181 Brookfield,Queens,29,3K-5,333,111,450.8,53.2,21.6,64.3,109,459.6,69.7,18.3,69.7,61.4,67.0,6.9,65.8,17.7,1.5,3.9,4.2,34.2,4.8,71.5,69.2
09X204,P.S. 204 Morris Heights,Bronx,9,PK-5,550,258,451.6,55.4,20.9,67.2,260,460.4,67.3,21.2,65.6,61.4,66.4,1.6,21.6,74.7,0.9,0.4,0.5,26.4,14.7,91.8,94.0
24Q343,The Children's Lab School,Queens,24,K-5,463,214,450.3,55.6,21.5,67.5,219,461.1,67.1,26.9,64.8,61.4,66.1,21.6,1.1,52.9,19.2,4.3,0.9,25.5,16.6,69.1,64.2
17K397,P.S. 397 Foster-Laurie,Brooklyn,17,PK-5,179,68,456.8,60.3,30.9,74.3,69,459.0,62.3,23.2,57.2,61.3,65.7,4.5,69.8,19.0,4.5,0.6,1.7,36.9,7.8,82.1,81.8
31R042,P.S. 042 Eltingville,Staten Island,31,PK-5,984,480,452.1,55.0,23.3,66.6,487,461.2,67.6,25.7,65.9,61.3,66.3,23.9,0.8,15.5,56.9,2.6,0.2,26.5,10.5,43.5,42.2
24Q113,P.S./I.S. 113 Anthony J. Pranzo,Queens,24,PK-8,747,499,451.6,57.1,22.8,70.3,497,460.4,65.2,24.9,61.7,61.2,66.0,12.7,2.0,43.4,38.8,2.3,0.8,15.9,8.7,53.7,50.0
23K041,P.S. 041 Francis White,Brooklyn,23,3K-5,184,85,453.2,63.5,18.8,80.2,80,456.3,58.8,20.0,52.3,61.1,66.2,0.5,73.4,21.7,0.0,2.7,1.1,33.2,6.5,>95%,>95%
14K257,P.S. 257 John F. Hylan,Brooklyn,14,3K-5,417,178,451.8,55.1,25.8,66.8,183,461.7,67.2,29.0,65.2,61.1,66.0,0.5,21.1,75.8,1.7,0.2,0.7,42.4,16.1,87.8,88.6
07X025,P.S. 025 Bilingual School,Bronx,7,3K-5,380,129,450.7,55.8,16.3,67.9,132,460.9,65.9,21.2,62.9,60.9,65.4,1.1,7.9,89.2,0.5,0.8,0.5,36.1,26.6,>95%,92.4
22K255,P.S. 255 Barbara Reing School,Brooklyn,22,K-5,780,377,452.6,55.2,28.4,67.0,386,463.4,65.8,31.9,62.7,60.5,64.9,31.8,2.3,9.7,54.2,1.5,0.4,16.4,19.5,77.8,76.1
02M225,Ella Baker School,Manhattan,2,PK-8,322,141,455.2,63.8,31.2,81.0,140,453.6,57.1,20.0,49.6,60.5,65.3,7.1,16.1,39.4,30.4,6.2,0.6,29.8,9.0,48.1,52.9
29Q208,P.S./I.S. 208,Queens,29,K-8,621,407,451.9,56.3,20.6,68.4,382,459.5,64.7,24.1,60.8,60.5,64.6,13.2,56.4,15.5,1.3,2.7,10.8,27.5,2.6,66.2,57.3
20K048,P.S. 048 Mapleton,Brooklyn,20,PK-5,459,211,449.4,53.1,20.9,63.8,219,459.8,67.6,22.8,66.2,60.3,65.0,32.2,0.0,42.3,23.1,2.0,0.4,27.2,21.6,85.4,84.2
24Q128,"P.S. 128 The Lorraine Tuzzo, Juniper Valley Elemen",Queens,24,K-8,614,392,450.6,57.4,24.5,70.7,334,459.9,63.2,27.8,58.4,60.3,64.5,11.7,1.6,30.6,52.6,2.9,0.5,21.5,6.8,39.6,38.5
12X211,P.S. 211,Bronx,12,3K-5,234,49,449.4,53.1,16.3,63.5,49,457.9,67.3,20.4,65.7,60.2,64.6,0.4,22.6,74.4,1.3,0.4,0.9,31.6,15.8,92.7,94.7
31R065,P.S. 65 The Academy of Innovative Learning,Staten Island,31,PK-5,320,156,453.7,57.7,24.4,71.0,160,458.7,62.5,20.0,57.5,60.1,64.2,1.9,23.4,54.1,14.7,5.9,0.0,32.5,2.8,78.8,70.8
17K221,P.S. 221 Toussaint L'Ouverture,Brooklyn,17,3K-5,147,43,454.0,53.5,30.2,64.6,48,461.4,66.7,25.0,63.6,60.1,64.1,1.4,78.2,14.3,2.7,2.0,1.4,29.9,6.1,92.5,89.8
25Q165,P.S. 165 Edith K. Bergtraum,Queens,25,PK-5,587,258,450.0,53.1,26.4,64.0,263,462.6,66.9,31.2,64.1,60.0,64.1,44.1,15.0,26.9,9.0,2.6,2.2,32.7,12.1,71.0,68.6
29Q251,P.S. 251 Queens,Queens,29,PK-5,205,81,451.2,55.6,23.5,67.3,73,460.1,64.4,23.3,60.4,60.0,63.9,9.8,63.9,18.5,0.0,4.4,3.4,22.4,15.1,81.0,75.5
22K312,P.S. 312 Bergen Beach,Brooklyn,22,3K-5,653,284,449.4,52.1,23.2,62.1,287,461.9,67.6,27.2,66.3,59.9,64.2,15.2,33.4,16.4,30.9,3.1,1.1,22.5,9.5,62.5,53.8
25Q214,P.S. 214 Cadwallader Colden,Queens,25,3K-5,304,173,448.4,52.0,19.7,61.8,170,461.5,67.6,26.5,66.8,59.8,64.3,60.5,5.9,28.6,2.0,2.0,1.0,25.0,25.3,69.4,73.8
27Q207,P.S. 207 Rockwood Park,Queens,27,3K-8,670,347,448.7,51.0,18.4,60.4,352,460.9,68.5,24.4,67.6,59.7,64.0,12.8,2.7,27.8,52.7,3.1,0.4,24.0,3.4,36.9,31.2
06M103,Dos Puentes Elementary School,Manhattan,6,K-5,415,183,450.2,54.1,24.0,65.7,190,460.3,65.3,24.2,62.0,59.7,63.8,1.2,2.2,70.8,22.7,3.1,0.0,22.9,28.9,57.6,57.6
10X279,"P.S. 279 Captain Manuel Rivera, Jr.",Bronx,10,K-8,611,441,450.4,54.2,19.3,65.8,442,460.4,65.2,24.9,61.6,59.7,63.7,2.3,15.4,81.2,0.7,0.2,0.3,24.5,15.4,>95%,>95%
13K009,Public School 9 The Sarah Smith Garnet School,Brooklyn,13,3K-5,824,253,453.9,56.5,27.7,69.2,255,457.5,62.7,20.4,57.8,59.6,63.5,7.0,29.5,22.2,36.2,5.0,0.1,15.0,2.8,32.2,36.5
31R080,The Michael J. Petrides School,Staten Island,31,PK-12,1413,624,453.5,59.6,22.8,73.2,493,456.7,59.2,18.7,53.4,59.4,63.3,12.5,22.1,34.3,27.0,3.1,0.6,34.3,2.5,66.5,63.6
29Q118,P.S. 118 Lorraine Hansberry,Queens,29,3K-5,389,144,447.5,45.1,15.3,49.6,148,464.8,73.6,26.4,75.2,59.4,62.4,27.2,51.2,18.0,0.3,0.8,2.6,18.5,9.5,76.6,73.6
25Q219,P.S. 219 Paul Klapper,Queens,25,PK-8,566,347,450.5,54.5,26.5,66.1,287,460.4,64.1,31.0,59.7,59.3,62.9,53.9,4.6,29.9,8.8,2.1,0.7,33.9,21.9,73.9,67.6
25Q200,P.S./M.S. 200 - The Magnet School of Global Studie,Queens,25,3K-8,488,298,451.9,59.1,23.5,72.9,297,457.3,59.3,20.9,53.5,59.2,63.2,11.1,21.7,53.9,7.8,3.9,1.4,24.0,9.0,72.7,67.3
01M363,Neighborhood School,Manhattan,1,3K-5,207,11,445.7,54.5,0.0,66.5,11,451.0,63.6,0.0,58.9,59.1,62.7,3.9,9.7,35.3,43.0,7.2,1.0,28.0,1.0,44.0,51.7
18K268,P.S. 268 Emma Lazarus,Brooklyn,18,3K-5,286,105,450.0,51.4,21.9,60.9,102,462.5,66.7,30.4,63.6,59.0,62.3,0.0,72.7,25.2,1.7,0.0,0.3,23.4,11.2,84.6,85.4
07X049,P.S. 049 Willis Avenue,Bronx,7,3K-5,470,164,446.4,47.0,11.6,53.1,165,460.2,70.9,19.4,71.1,58.9,62.1,0.6,26.4,70.9,0.6,0.4,1.1,26.0,13.8,>95%,>95%
26Q213,P.S. 213 The Carl Ullman School,Queens,26,3K-5,349,156,450.6,54.5,23.7,66.2,161,460.3,63.4,28.0,58.5,58.9,62.4,53.3,5.7,26.6,10.9,2.6,0.9,18.6,12.0,77.4,52.7
08X583,P.S. 583,Bronx,8,3K-5,426,183,450.1,48.6,26.2,55.8,185,460.3,69.2,21.1,68.6,58.9,62.2,46.0,6.8,38.5,4.7,0.5,3.3,19.0,15.5,85.7,85.3
31R058,Space Shuttle Columbia School,Staten Island,31,PK-5,758,321,449.5,53.6,18.4,65.2,324,459.4,63.9,19.8,59.5,58.7,62.4,32.8,5.0,22.4,38.0,1.3,0.3,29.3,9.8,61.7,57.8
13K056,P.S. 056 Lewis H. Latimer,Brooklyn,13,PK-5,247,87,456.5,56.3,39.1,68.5,87,459.2,60.9,35.6,55.8,58.6,62.2,2.8,28.7,15.4,46.6,5.3,1.2,20.6,5.7,34.0,41.5
17K091,P.S. 091 The Albany Avenue School,Brooklyn,17,3K-5,148,58,448.1,50.0,13.8,57.9,58,460.3,67.2,25.9,65.4,58.6,61.7,1.4,75.7,22.3,0.0,0.0,0.7,23.6,14.9,92.6,88.9
31R006,P.S. 6 Corporal Allan F. Kivlehan School,Staten Island,31,3K-5,544,232,449.6,51.7,17.2,61.3,232,458.3,65.5,18.5,62.4,58.6,61.8,8.6,1.8,17.6,68.6,2.6,0.2,41.4,3.1,54.8,42.3
27Q123,P.S. 123,Queens,27,3K-5,625,245,449.6,51.8,20.4,61.5,249,460.2,65.1,20.5,61.5,58.4,61.5,21.4,40.6,22.1,2.7,3.8,9.3,24.2,10.4,85.0,74.4
25Q021,P.S. 021 Edward Hart,Queens,25,PK-5,1054,536,449.2,52.2,24.4,62.5,548,461.2,64.6,29.9,60.7,58.4,61.6,55.7,0.8,36.4,4.6,1.7,0.9,15.7,30.4,78.7,74.6
14K017,P.S. 017 Henry D. Woodworth,Brooklyn,14,PK-5,224,109,448.7,50.5,31.2,58.8,107,460.8,66.4,29.9,63.3,58.4,61.0,1.3,11.2,77.2,9.4,0.0,0.9,40.2,12.1,89.3,84.4
11X169,Baychester Academy,Bronx,11,PK-5,340,122,447.2,52.5,14.8,62.9,123,460.3,64.2,27.6,59.8,58.3,61.3,1.8,65.0,31.5,0.9,0.3,0.6,25.3,8.5,83.5,77.8
21K121,P.S. 121 Nelson A. Rockefeller,Brooklyn,21,K-8,287,170,451.5,57.1,22.9,69.9,170,457.4,59.4,20.0,53.8,58.2,61.8,24.7,4.9,34.5,31.7,3.1,1.0,28.2,26.1,76.3,77.3
31R039,P.S. 39 Francis J. Murphy Jr.,Staten Island,31,K-5,474,217,445.2,43.8,16.1,47.9,218,463.0,72.5,19.7,73.5,58.1,60.7,27.2,6.8,23.0,40.7,2.1,0.2,28.3,27.8,74.7,71.7
20K104,P.S./I.S. 104 The Fort Hamilton School,Brooklyn,20,K-8,924,634,451.3,57.1,24.4,70.0,614,458.0,59.0,26.2,52.8,58.0,61.4,20.8,4.1,30.1,41.5,3.2,0.3,17.7,17.7,66.9,60.5
22K193,P.S. 193 Gil Hodges,Brooklyn,22,3K-5,490,199,447.6,52.3,17.6,62.7,203,459.2,63.5,25.1,58.8,57.9,60.8,25.1,25.1,15.3,28.2,3.3,2.9,21.0,15.1,77.6,73.7
12X463,Urban Scholars Community School,Bronx,12,PK-5,293,102,449.9,52.9,16.7,63.4,105,457.8,62.9,19.0,58.0,57.9,60.7,0.0,37.5,61.4,0.7,0.3,0.0,36.9,12.6,>95%,>95%
27Q060,P.S. 060 Woodhaven,Queens,27,3K-5,922,372,450.8,50.5,28.8,58.9,377,465.5,65.3,36.3,61.8,57.9,60.4,18.5,3.9,71.9,3.1,1.2,1.3,21.5,24.4,81.2,75.3
30Q069,P.S. 069 Jackson Heights,Queens,30,PK-5,729,320,448.3,51.9,21.6,61.6,332,459.6,63.9,25.3,59.4,57.9,60.5,51.2,0.7,36.2,8.1,3.3,0.5,18.9,25.1,68.4,66.9
17K375,P.S. 375 Jackie Robinson School,Brooklyn,17,3K-5,224,55,448.6,47.3,23.6,53.9,57,464.5,68.4,33.3,67.3,57.8,60.6,3.6,73.7,16.5,2.7,3.6,0.0,41.5,17.9,87.9,86.1
12X691,Bronx Little School,Bronx,12,3K-5,323,116,451.2,50.9,21.6,60.0,122,458.5,64.8,21.3,60.9,57.8,60.5,16.1,16.1,64.4,2.5,0.3,0.6,28.8,14.9,88.2,91.2
11X160,P.S. 160 Walt Disney,Bronx,11,PK-5,306,116,451.2,56.9,19.8,69.7,120,455.2,58.3,16.7,51.3,57.6,60.5,3.3,64.1,27.5,3.3,0.3,1.3,26.1,4.9,78.1,65.9
10X344,Ampark Neighborhood,Bronx,10,PK-5,299,119,447.4,47.9,17.6,54.8,119,462.5,67.2,31.1,65.3,57.6,60.1,3.7,13.0,65.9,11.4,5.0,1.0,32.1,4.3,58.9,56.5
20K204,P.S. 204 Vince Lombardi,Brooklyn,20,PK-5,980,495,447.5,48.9,21.2,56.1,503,460.1,66.2,24.9,63.1,57.5,59.6,56.1,0.1,24.7,17.4,0.6,1.0,23.8,23.4,75.6,69.3
20K200,P.S. 200 Benson School,Brooklyn,20,PK-5,1165,571,448.5,49.4,21.2,56.7,580,461.8,65.7,29.7,62.5,57.5,59.6,39.1,2.0,21.6,34.8,2.2,0.3,16.5,31.5,90.8,87.0
12X458,Samara Community School,Bronx,12,PK-5,305,130,451.6,53.1,20.0,63.6,134,460.6,61.9,25.4,56.6,57.5,60.1,2.0,10.2,85.9,1.3,0.7,0.0,24.3,14.1,88.9,84.7
09X443,The Family School,Bronx,9,3K-5,402,163,447.6,45.4,18.4,50.1,164,462.6,69.5,25.6,69.4,57.5,59.7,4.5,23.9,68.4,2.5,0.5,0.2,33.8,24.4,92.8,90.2
30Q070,P.S. 070,Queens,30,3K-5,775,326,450.3,50.6,25.8,59.0,331,460.4,63.1,25.4,58.3,56.9,58.6,9.4,3.9,41.2,41.0,3.4,1.0,17.4,18.3,70.8,67.8
21K215,P.S. 215 Morris H. Weiss,Brooklyn,21,3K-5,668,294,447.9,48.3,24.1,55.1,297,462.8,65.3,31.6,62.1,56.8,58.6,30.2,1.6,24.1,42.1,0.9,1.0,18.9,19.0,78.0,75.6
10X207,P.S. 207,Bronx,10,PK-5,379,132,448.8,50.8,16.7,59.5,138,454.6,62.3,10.9,57.2,56.5,58.3,2.9,14.2,73.9,6.3,1.1,1.3,25.6,18.7,>95%,91.1
18K115,P.S. 115 Daniel Mucatel School,Brooklyn,18,3K-5,828,301,444.9,44.5,14.0,48.7,292,460.5,67.8,22.9,67.1,56.2,57.9,2.7,75.5,9.4,10.0,1.7,0.7,23.6,7.2,77.2,72.4
06M189,P.S. 189,Manhattan,6,3K-5,432,141,443.9,39.0,13.5,40.1,146,464.4,73.3,30.8,74.5,56.1,57.3,1.2,3.2,92.1,3.2,0.2,0.0,27.3,25.7,94.0,88.8
28Q349,The Queens School for Leadership and Excellence,Queens,28,PK-5,570,241,447.6,50.6,17.8,59.2,242,458.3,61.6,23.1,56.2,56.1,57.7,40.2,11.8,42.8,1.8,0.5,3.0,16.5,21.1,88.8,85.9
22K139,P.S. 139 Alexine A. Fenty,Brooklyn,22,PK-5,706,280,449.2,53.6,22.9,65.0,284,456.5,58.5,21.8,51.5,56.0,58.2,13.5,18.4,37.1,22.1,8.1,0.8,21.1,16.3,64.3,63.1
17K092,P.S. 092 Adrian Hegeman,Brooklyn,17,PK-5,258,104,450.0,51.9,17.3,61.7,105,455.5,60.0,17.1,54.4,56.0,58.1,2.3,60.9,21.3,10.5,3.1,1.9,24.8,17.4,93.8,88.0
21K212,P.S. 212 Lady Deborah Moody,Brooklyn,21,PK-5,536,190,447.7,47.4,19.5,54.0,200,457.9,64.5,22.0,60.6,55.9,57.3,25.2,10.6,41.6,21.1,1.1,0.4,28.9,31.5,81.2,81.2
31R045,P.S. 045 John Tyler,Staten Island,31,PK-5,733,338,449.6,49.7,23.1,57.5,335,456.2,62.1,16.7,56.9,55.9,57.2,9.4,16.9,44.1,25.4,3.5,0.7,28.5,6.3,61.7,59.9
17K138,The Dr. Jean Pierre-Louis School of Excellence,Brooklyn,17,3K-8,351,206,448.5,49.0,19.4,56.3,204,458.2,62.7,19.1,57.8,55.9,57.1,2.6,71.2,13.7,10.3,1.7,0.6,27.6,5.4,89.2,84.3
13K282,P.S. 282 Park Slope,Brooklyn,13,3K-5,557,204,449.0,50.0,24.0,57.9,206,457.4,61.7,28.6,56.3,55.8,57.1,6.8,25.3,16.0,42.9,7.7,1.3,23.3,2.0,29.6,32.3
31R041,The Stephanie A. Vierno School,Staten Island,31,3K-5,683,311,447.3,47.3,18.0,53.6,317,458.4,64.4,20.8,60.3,55.8,57.0,32.2,5.9,22.5,37.3,1.5,0.3,26.2,22.5,74.4,68.7
24Q153,P.S. 153 Maspeth Elem,Queens,24,3K-5,763,321,447.1,50.8,21.8,59.8,329,457.6,60.8,24.0,55.7,55.8,57.7,12.1,1.2,46.1,38.4,1.6,0.7,19.9,18.1,64.5,60.7
21K209,P.S. 209 Margaret Mead,Brooklyn,21,K-8,695,418,446.0,47.1,16.3,53.5,411,457.9,64.2,20.7,60.1,55.7,56.8,28.5,2.6,21.6,45.6,1.4,0.3,21.3,29.6,80.4,75.7
28Q048,David N. Dinkins School,Queens,28,3K-5,441,152,449.9,50.7,19.7,59.3,162,458.6,60.5,24.1,55.2,55.6,57.2,33.6,34.2,26.3,2.0,0.5,3.4,23.4,17.7,85.3,86.1
30Q152,P.S. 152 Gwendoline N. Alleyne School,Queens,30,3K-5,554,246,447.8,48.8,19.9,56.0,257,458.8,62.3,26.1,57.0,55.5,56.5,55.1,1.6,37.0,4.7,0.5,1.1,19.1,26.2,82.9,77.6
18K233,P.S. 233 Langston Hughes,Brooklyn,18,3K-5,335,119,444.6,42.0,15.1,46.1,116,454.9,69.0,9.5,68.4,55.5,57.2,0.9,80.9,10.1,4.2,0.6,3.3,28.7,2.7,86.3,80.5
30Q011,P.S. 011 Kathryn Phelan,Queens,30,PK-6,713,376,449.3,52.1,25.0,62.4,381,459.1,58.8,26.0,52.5,55.5,57.4,31.8,1.7,51.6,12.2,2.1,0.6,18.1,24.8,71.0,73.5
27Q377,S.T.A.R. Leadership Academy,Queens,27,3K-5,453,211,447.9,48.3,16.1,55.3,211,457.5,62.6,20.9,57.6,55.5,56.5,27.2,3.3,55.4,9.1,2.2,2.9,20.3,13.9,70.0,56.8
12X536,P.S. 536,Bronx,12,PK-5,302,108,444.7,42.6,19.4,46.4,113,463.7,68.1,31.9,67.2,55.4,56.8,19.2,18.2,59.6,1.3,0.7,0.7,26.2,29.5,93.0,92.4
27Q063,P.S. 063 Old South,Queens,27,3K-5,956,363,447.6,49.0,22.3,56.5,382,457.9,61.5,20.4,56.1,55.3,56.3,47.4,4.5,36.4,6.5,1.3,4.0,22.0,16.8,76.8,73.8
31R021,P.S. 21 Margaret Emery-Elm Park,Staten Island,31,3K-5,364,132,450.8,50.8,20.5,59.5,139,454.0,59.7,12.9,54.3,55.2,56.9,7.7,17.3,61.0,11.8,0.3,1.6,36.3,19.2,89.6,85.2
14K084,P.S. 084 Jose De Diego,Brooklyn,14,3K-8,669,348,449.7,51.1,23.0,60.6,301,456.2,59.1,19.3,53.1,55.1,56.9,3.3,4.0,55.5,30.2,6.6,0.3,25.4,8.7,54.1,56.1
11X097,P.S. 097 Bronx,Bronx,11,3K-5,602,202,449.9,49.5,15.8,57.1,210,456.9,60.5,16.7,55.1,55.0,56.1,22.9,15.8,46.3,12.6,1.3,1.0,27.2,12.0,82.7,75.0
23K401,Christopher Avenue Community School,Brooklyn,23,3K-5,326,98,445.6,44.9,7.1,48.9,94,458.7,64.9,13.8,61.3,54.9,55.1,0.3,47.2,46.6,2.8,2.5,0.6,19.0,16.3,>95%,>95%
10X015,P.S. X015 Institute for Environmental Learning,Bronx,10,K-8,368,252,445.6,46.8,14.7,52.9,256,456.9,62.9,19.1,58.1,54.9,55.5,0.5,5.7,91.8,0.3,0.3,1.4,29.3,13.9,90.5,92.0
11X083,P.S. 083 Donald Hertz,Bronx,11,K-8,1409,832,448.5,50.1,20.9,58.1,831,456.7,59.1,22.4,53.0,54.6,55.6,11.0,5.3,42.2,39.5,0.7,1.2,21.6,23.5,83.7,81.9
23K156,P.S. 156 Waverly,Brooklyn,23,3K-5,420,192,445.6,45.3,12.0,49.8,188,459.9,63.8,21.3,59.3,54.6,54.5,1.4,65.5,29.5,1.9,0.7,1.0,32.9,6.9,93.1,93.8
31R069,P.S. 069 Daniel D. Tompkins,Staten Island,31,3K-5,631,341,447.6,48.4,21.1,55.4,347,457.9,60.5,21.9,55.3,54.5,55.4,37.9,2.7,21.6,36.1,1.3,0.5,24.4,14.6,67.0,63.4
11X175,P.S. 175 City Island,Bronx,11,3K-8,278,145,449.5,53.1,19.3,64.1,144,455.2,55.6,20.1,46.7,54.3,55.4,7.9,9.0,46.8,32.4,2.5,1.4,25.9,6.1,57.2,56.1
06M210,P.S./I.S. 210 - Twenty-first Century Academy for C,Manhattan,6,PK-8,366,197,447.3,46.2,14.7,52.0,223,457.3,62.3,19.7,57.4,54.3,54.7,3.0,1.1,94.3,1.6,0.0,0.0,28.1,35.5,90.4,87.1
27Q254,P.S. 254 - The Rosa Parks School,Queens,27,3K-5,549,235,445.3,40.9,12.8,44.0,241,460.3,67.6,20.7,66.6,54.2,55.3,12.6,3.8,76.9,4.6,0.5,1.6,20.4,22.4,83.2,73.4
28Q086,P.S. Q086,Queens,28,PK-5,675,290,445.6,43.4,20.0,47.2,304,462.5,64.8,30.6,61.1,54.1,54.2,57.5,4.3,34.1,2.2,0.3,1.6,13.3,34.5,85.9,80.8
02M033,P.S. 033 Chelsea Prep,Manhattan,2,PK-5,536,250,449.4,50.4,30.0,58.6,251,459.4,57.8,35.5,50.8,54.1,54.7,16.0,15.7,42.4,17.5,7.8,0.6,20.9,19.0,57.3,60.3
27Q062,P. S. 62 - Chester Park School,Queens,27,PK-5,784,367,446.8,50.1,17.2,58.3,376,454.9,58.0,18.9,51.0,54.1,54.6,44.3,4.3,28.8,2.3,2.8,17.5,14.9,16.3,76.5,76.2
24Q012,P.S. 012 James B. Colgate,Queens,24,K-5,779,379,445.9,44.3,17.4,48.4,389,458.6,63.8,21.6,59.0,54.0,53.7,54.7,0.4,38.1,3.6,1.0,2.2,19.0,34.8,80.9,76.9
26Q178,P.S./ IS 178 Holliswood,Queens,26,3K-8,511,296,448.8,48.3,19.9,55.2,235,455.3,59.6,17.0,54.0,53.9,54.6,21.7,7.4,14.1,51.5,3.5,1.8,24.1,5.7,53.0,48.5
11X021,P.S. 021 Philip H. Sheridan,Bronx,11,K-5,398,112,447.4,45.5,15.2,50.6,108,456.0,62.0,13.9,56.7,53.8,53.6,4.3,50.8,38.9,4.0,1.0,1.0,34.9,14.3,>95%,93.7
26Q266,P.S./I.S. 266,Queens,26,PK-8,415,260,449.7,51.2,20.4,60.7,210,452.6,56.2,15.7,48.0,53.7,54.4,27.7,32.3,26.0,6.7,5.1,2.2,30.1,6.0,48.7,41.9
20K939,Sunset School of Cultural Learning,Brooklyn,20,K-5,327,170,447.0,47.1,21.8,53.4,173,455.7,60.1,23.1,54.5,53.6,54.0,12.2,1.5,76.8,7.3,1.8,0.0,30.3,19.3,88.4,85.2
15K094,P.S. 094 The Henry Longfellow,Brooklyn,15,K-5,756,390,442.1,37.2,15.9,36.4,415,466.7,68.9,39.3,68.2,53.0,52.3,63.8,0.3,33.5,2.0,0.3,0.3,16.3,49.6,>95%,92.8
20K112,P.S. 112 Lefferts Park,Brooklyn,20,PK-5,702,325,447.2,46.8,15.7,52.6,334,457.2,59.3,19.5,53.6,53.0,53.1,29.1,0.9,42.7,25.9,1.0,0.4,20.7,21.4,77.8,74.5
03M075,P.S. 075 Emily Dickinson,Manhattan,3,K-5,449,199,447.8,46.7,20.6,52.5,201,456.7,59.2,22.4,53.3,53.0,52.9,3.1,12.2,53.0,26.3,4.7,0.7,45.9,18.5,61.7,61.3
20K503,P.S. 503: The School of Discovery,Brooklyn,20,K-5,549,219,447.5,47.5,16.9,54.3,230,457.3,58.3,23.5,51.2,52.9,52.8,13.7,0.5,74.0,10.9,0.4,0.5,33.5,58.1,>95%,89.6
25Q154,P.S. 154 Queens,Queens,25,PK-5,513,179,449.0,49.7,16.8,57.6,186,453.3,55.9,14.5,47.5,52.8,52.6,36.6,12.1,37.4,11.1,0.8,1.6,23.8,20.5,74.9,70.1
23K323,P.S./I.S. 323,Brooklyn,23,3K-5,311,94,443.1,38.3,9.6,38.9,85,460.8,67.1,20.0,64.7,52.7,51.8,1.0,66.2,30.2,1.0,1.0,0.3,24.8,7.7,>95%,>95%
25Q201,P.S. 201 The Discovery School for Inquiry and Rese,Queens,25,3K-5,297,109,442.8,39.4,13.8,41.2,111,457.9,65.8,18.0,62.6,52.6,51.9,11.8,37.0,43.4,3.4,2.0,2.4,34.3,12.1,84.2,83.9
18K066,P.S. 66,Brooklyn,18,3K-8,535,297,446.6,44.4,14.5,48.5,295,455.8,60.7,15.9,55.6,52.6,52.0,2.4,78.1,13.3,3.2,1.5,1.3,19.3,3.7,80.0,74.9
31R060,P.S. 060 Alice Austen,Staten Island,31,PK-5,562,233,448.2,45.9,14.6,51.0,232,454.0,59.1,16.4,52.9,52.5,51.9,21.9,5.7,24.9,44.0,2.5,1.1,29.7,6.4,71.0,62.2
15K261,P.S. 261 Zipporiah Mills,Brooklyn,15,3K-5,502,174,449.1,48.3,20.1,54.9,175,454.0,56.6,16.6,48.4,52.4,51.7,6.6,13.5,18.5,49.0,12.2,0.0,23.7,2.6,29.7,34.2
19K938,P.S. 938,Brooklyn,19,3K-5,331,116,447.6,50.9,14.7,60.0,119,450.2,53.8,5.9,44.3,52.3,52.1,4.2,18.4,73.1,2.1,0.6,1.2,26.9,19.3,89.7,85.7
27Q100,P.S. 100 Glen Morris,Queens,27,3K-5,626,258,445.6,40.7,14.3,43.8,257,458.9,63.8,23.0,59.2,52.3,51.5,36.7,5.9,19.5,2.9,2.7,32.3,21.4,9.3,79.7,70.8
27Q232,P.S. 232 Lindenwood,Queens,27,PK-8,810,462,447.2,47.6,19.9,54.4,381,453.4,56.7,14.7,48.7,52.2,51.5,12.1,7.2,55.7,21.1,2.1,1.5,26.5,8.8,70.0,58.8
15K230,P.S. 230 Doris L. Cohen,Brooklyn,15,3K-5,899,375,449.9,50.9,21.6,60.2,383,454.0,53.3,19.8,43.3,52.1,51.7,49.5,2.6,31.9,13.8,2.0,0.2,19.9,24.5,75.8,76.6
10X396,P.S. 396,Bronx,10,3K-5,218,91,442.0,46.2,9.9,51.7,89,452.2,57.3,13.5,50.2,51.7,51.0,1.8,18.8,76.1,2.8,0.5,0.0,38.1,20.2,89.4,90.1
06M132,P.S. 132 Juan Pablo Duarte,Manhattan,6,K-5,186,96,448.8,45.8,14.6,50.7,96,456.2,57.3,18.8,50.1,51.6,50.4,0.5,4.3,92.5,1.6,1.1,0.0,47.8,42.5,>95%,94.5
09X555,Mount Eden Children's Academy,Bronx,9,3K-5,357,166,446.7,41.0,14.5,44.3,168,456.0,61.9,16.7,56.5,51.4,50.4,0.3,17.6,81.2,0.3,0.3,0.3,23.5,16.8,>95%,93.4
15K169,P.S. 169 Sunset Park,Brooklyn,15,K-5,710,309,442.6,35.6,12.0,33.9,338,461.4,67.2,24.6,65.0,51.4,49.5,58.7,0.3,37.7,2.8,0.4,0.0,20.7,53.7,>95%,92.8
23K284,"The Gregory Jocko Jackson School of Sports, Art, a",Brooklyn,23,3K-5,208,77,453.1,57.1,23.4,70.5,79,449.4,45.6,8.9,31.0,51.4,50.8,0.5,66.3,30.8,1.9,0.5,0.0,26.0,6.2,>95%,>95%
15K131,P.S. 131 Brooklyn,Brooklyn,15,PK-5,445,205,447.4,49.8,19.0,57.7,208,453.2,52.9,16.8,42.4,51.3,50.1,31.7,1.6,57.1,7.6,0.7,1.3,26.1,22.9,94.4,89.6
31R011,P.S. 11 Thomas Dongan School,Staten Island,31,3K-5,281,114,445.1,43.0,15.8,47.0,114,456.7,59.6,21.1,54.2,51.3,50.6,20.6,9.6,32.7,35.2,1.8,0.0,25.6,13.9,76.5,71.3
11X089,P.S. 089 Bronx,Bronx,11,3K-8,1155,606,447.9,47.0,18.0,53.3,592,453.6,55.6,16.6,46.9,51.3,50.1,9.8,17.2,53.2,18.2,1.0,0.4,18.6,20.3,86.6,88.6
11X076,P.S. 076 The Bennington School,Bronx,11,PK-5,589,196,447.8,45.4,17.9,50.2,203,454.2,57.1,12.8,49.6,51.3,49.9,4.4,27.2,56.4,9.5,1.9,0.5,28.9,26.5,86.9,89.6
22K207,P.S. 207 Elizabeth G. Leary,Brooklyn,22,PK-8,900,556,449.2,49.5,22.1,57.0,528,452.1,53.0,16.3,42.6,51.2,49.8,31.6,24.4,15.7,24.3,3.1,0.9,23.4,12.3,61.9,57.9
23K446,Riverdale Avenue Community School,Brooklyn,23,3K-5,315,127,448.2,46.5,18.9,52.2,127,451.8,55.9,11.0,47.3,51.2,49.8,4.1,66.0,23.2,3.8,2.5,0.3,25.7,10.2,91.4,93.6
26Q031,P.S. 031 Bayside,Queens,26,3K-5,315,131,444.8,43.5,19.8,47.5,138,454.8,58.7,19.6,52.1,51.1,49.8,41.3,6.7,40.3,9.2,1.9,0.6,23.8,27.0,71.1,64.4
02M051,P.S. 051 Elias Howe,Manhattan,2,3K-5,436,109,445.7,45.0,16.5,49.2,112,454.5,57.1,17.9,49.6,51.0,49.4,8.9,18.8,58.0,11.2,2.3,0.7,25.0,36.0,76.4,75.4
22K198,P.S. 198 Brooklyn,Brooklyn,22,3K-5,335,115,445.9,46.1,17.4,51.5,118,453.1,55.9,12.7,47.6,51.0,49.6,5.4,78.2,13.7,1.5,0.6,0.6,19.7,4.2,85.7,78.1
24Q290,A.C.E. Academy for Scholars at the Geraldine Ferra,Queens,24,PK-5,563,252,446.9,46.8,19.8,52.9,252,454.5,55.2,20.2,46.1,51.0,49.5,8.5,1.1,51.0,34.1,4.3,0.7,16.5,17.2,63.6,60.1
25Q029,P.S. 029 Queens,Queens,25,PK-5,607,281,443.1,41.3,13.2,44.7,288,456.7,60.4,20.8,54.9,50.8,49.8,18.9,1.2,72.8,5.9,0.8,0.3,25.0,36.4,85.8,77.3
24Q058,P.S. 58 - The School of Heroes,Queens,24,PK-6,700,355,445.3,45.9,16.3,50.8,364,454.9,55.8,20.1,47.0,50.8,48.9,36.6,0.7,48.3,12.7,0.6,1.1,19.3,15.1,78.0,69.9
20K192,P.S. 192 - The Magnet School for Math and Science,Brooklyn,20,3K-8,596,379,448.0,46.2,17.9,51.9,380,453.6,55.3,18.7,46.4,50.7,49.1,26.0,1.5,38.6,33.2,0.2,0.5,23.7,20.6,90.9,88.8
03M333,P.S. 333 Manhattan School for Children,Manhattan,3,K-8,407,219,447.8,52.1,20.5,62.0,177,450.8,49.2,16.4,38.2,50.6,50.1,5.2,19.2,41.3,28.5,5.4,0.5,37.8,13.5,53.1,58.2
24Q088,P.S. 088 Seneca,Queens,24,3K-5,670,279,444.2,42.7,15.1,46.5,287,455.3,58.5,18.8,51.6,50.6,49.0,7.8,1.5,60.9,26.9,2.4,0.6,25.2,16.7,67.8,64.8
11X106,P.S. 106 Parkchester,Bronx,11,3K-5,828,337,444.8,43.9,15.7,48.1,344,456.7,57.3,20.1,49.9,50.6,49.0,45.9,22.9,26.8,2.1,1.0,1.2,27.9,13.9,86.5,86.2
28Q312,Jamaica Children's School,Queens,28,K-5,245,85,449.3,49.4,22.4,56.9,85,448.3,51.8,9.4,41.1,50.6,49.0,11.0,46.5,37.6,1.2,1.6,1.6,33.5,25.3,86.1,84.5
11X498,P.S./M.S. 11X498 - Van Nest Academy,Bronx,11,K-8,599,419,446.7,43.9,17.7,48.0,412,454.7,57.0,17.7,49.3,50.5,48.7,13.2,7.7,58.9,17.7,2.0,0.5,22.9,15.2,84.3,81.0
08X071,P.S. 071 Rose E. Scala,Bronx,8,K-8,1070,696,447.1,47.3,19.5,53.8,697,453.7,53.5,19.2,43.9,50.4,48.8,14.5,5.6,60.2,17.6,1.4,0.7,24.2,16.0,76.2,72.4
20K030,P.S./I.S. 30 Mary White Ovington,Brooklyn,20,K-8,805,557,446.0,46.0,16.3,51.1,580,454.3,54.3,17.2,44.9,50.1,48.0,13.0,2.4,33.8,49.6,0.7,0.5,21.7,26.8,80.4,82.2
21K226,P.S. 226 Alfred De B. Mason,Brooklyn,21,PK-8,847,498,446.0,45.0,15.3,49.3,503,453.2,55.3,16.5,46.5,50.1,47.9,25.6,1.3,35.9,35.5,0.7,0.9,18.3,28.5,82.3,84.3
03M165,P.S. 165 Robert E. Simon,Manhattan,3,PK-5,455,183,448.4,51.4,27.9,60.8,183,448.7,48.6,18.6,36.4,50.0,48.6,8.4,13.8,42.9,28.6,5.9,0.4,23.3,8.6,49.2,51.7
22K217,P.S. 217 Colonel David Marcus School,Brooklyn,22,PK-5,844,387,446.6,47.8,17.1,54.5,397,452.7,52.1,16.6,41.4,50.0,48.0,55.9,5.1,17.1,19.5,0.8,1.5,16.4,30.6,82.8,82.9
18K279,P.S. 279 Herman Schreiber,Brooklyn,18,3K-5,265,92,444.4,43.5,19.6,47.4,91,453.1,56.0,17.6,47.9,49.8,47.6,2.3,83.8,9.4,3.4,0.4,0.8,22.3,7.9,75.8,75.4
08X072,P.S. 072 Dr. William Dorney,Bronx,8,3K-5,583,230,446.0,46.1,16.1,51.5,236,453.4,53.0,18.6,42.5,49.5,47.0,11.3,14.9,66.0,5.0,1.9,0.9,29.5,11.8,81.6,76.8
29Q136,P.S. 136 Roy Wilkins,Queens,29,3K-5,376,154,444.1,45.5,8.4,50.4,157,450.6,53.5,9.6,43.8,49.5,47.1,12.5,71.3,13.6,0.3,0.3,1.9,23.4,14.6,>95%,77.6
25Q020,P.S. 020 John Bowne,Queens,25,3K-5,968,467,442.5,41.3,16.7,44.8,489,456.5,57.5,22.1,50.4,49.4,47.6,63.8,4.1,26.8,3.0,1.9,0.4,15.2,41.4,85.4,78.9
08X014,P.S. X014 Senator John Calandra,Bronx,8,3K-5,725,288,444.6,42.7,14.2,46.6,290,453.4,55.9,16.6,47.1,49.3,46.9,13.4,5.5,60.3,18.1,2.1,0.7,26.1,16.0,73.5,70.3
25Q120,P.S. 120 Queens,Queens,25,PK-5,747,363,440.1,38.3,18.2,38.7,369,459.2,60.2,29.3,54.8,49.2,46.7,60.4,0.9,35.6,1.5,0.8,0.8,17.1,51.0,86.5,86.1
29Q033,P.S. 033 Edward M. Funk,Queens,29,PK-5,678,318,444.2,41.5,13.2,45.2,319,453.6,56.7,12.9,48.8,49.1,47.0,49.9,12.4,27.3,1.6,3.5,5.2,19.5,16.7,76.7,69.5
27Q124,P.S. 124 Osmond A Church,Queens,27,K-8,967,680,447.6,48.5,22.5,55.6,655,451.5,49.6,17.1,38.9,49.1,47.2,40.6,17.7,21.6,5.2,2.1,12.8,15.2,13.7,82.1,71.9
27Q155,P.S. 155,Queens,27,3K-5,496,204,446.3,43.6,14.7,47.6,208,452.4,54.3,15.9,45.1,49.0,46.4,51.6,16.5,17.5,1.4,1.8,10.7,16.7,9.3,74.6,70.2
19K224,P.S. 224 Hale A. Woodruff,Brooklyn,19,3K-5,283,136,444.2,39.0,11.8,39.9,136,455.6,58.8,20.6,52.6,48.9,46.3,3.9,55.8,33.6,3.5,1.1,1.8,30.0,9.9,93.6,92.0
10X226,P.S. 226,Bronx,10,3K-5,305,135,442.6,43.7,11.9,47.8,135,452.8,54.1,15.6,44.7,48.9,46.2,1.0,17.0,80.0,1.3,0.0,0.7,23.0,28.2,94.8,93.8
15K896,The School of Creativity and Innovation,Brooklyn,15,3K-5,312,109,444.6,43.1,13.8,47.1,118,453.0,54.2,16.9,44.8,48.7,46.0,38.5,1.3,51.0,7.4,1.6,0.3,27.9,46.5,86.9,82.9
29Q035,P.S. 035 Nathaniel Woodhull,Queens,29,PK-5,659,274,442.7,39.4,18.2,41.0,284,453.2,57.4,15.8,50.3,48.4,45.6,36.9,24.9,27.5,2.7,1.8,6.2,21.2,21.2,78.0,78.9
29Q156,P.S. 156 Laurelton,Queens,29,3K-5,196,87,446.3,46.0,19.5,51.2,87,447.0,50.6,6.9,40.1,48.3,45.6,5.1,75.5,15.3,2.6,1.0,0.5,20.9,5.6,82.7,76.3
11X178,P.S. 178 - Dr. Selman Waksman,Bronx,11,3K-5,331,128,443.3,40.6,13.3,43.5,127,452.2,55.9,11.8,47.3,48.3,45.4,6.3,56.2,30.8,3.3,1.5,1.2,32.9,6.3,76.7,68.6
10X086,P.S. 086 Kingsbridge Heights,Bronx,10,PK-5,834,340,443.3,38.5,13.2,39.3,350,458.2,57.7,24.9,50.7,48.1,45.0,3.5,8.0,85.0,1.9,1.2,0.4,31.3,33.1,94.7,93.6
02M002,P.S. 002 Meyer London,Manhattan,2,3K-5,282,133,442.4,39.1,10.5,40.3,135,456.8,57.0,25.9,49.2,48.1,44.8,41.8,18.8,35.5,3.2,0.4,0.4,33.7,24.8,94.0,90.2
06M004,P.S. 004 Duke Ellington,Manhattan,6,3K-5,417,158,442.2,37.3,10.8,36.7,160,457.0,58.8,21.9,52.3,48.0,44.5,1.2,7.4,85.6,3.8,0.7,1.0,27.1,18.5,79.1,83.5
08X036,P.S. 036 Unionport,Bronx,8,PK-5,657,280,443.3,41.1,16.8,44.4,287,452.7,54.4,16.4,45.2,47.7,44.8,34.9,9.0,45.7,7.0,1.2,2.1,21.3,14.8,84.9,86.0
19K345,P.S. 345 Patrolman Robert Bolden,Brooklyn,19,3K-5,478,224,440.1,35.7,11.2,34.1,230,455.3,59.6,17.8,53.9,47.6,44.0,10.3,36.2,49.4,1.0,1.0,2.1,18.0,19.5,>95%,92.4
29Q015,P.S. 015 Jackie Robinson,Queens,29,PK-5,296,114,442.6,38.6,7.0,39.4,113,451.5,56.6,8.8,48.5,47.6,44.0,4.7,72.3,13.9,2.4,3.7,3.0,31.4,11.5,77.7,75.8
29Q116,P.S./I.S. 116 William C. Hughley,Queens,29,PK-8,835,266,449.1,49.6,20.7,57.4,271,447.8,45.4,11.8,30.5,47.5,43.9,18.8,35.8,41.0,0.5,0.6,3.4,18.6,27.4,83.1,83.9
21K238,P.S. 238 Anne Sullivan,Brooklyn,21,3K-8,525,308,446.4,46.4,13.3,52.1,308,448.9,48.4,10.4,36.2,47.4,44.2,26.3,1.9,41.1,29.3,1.1,0.2,19.8,35.6,86.9,88.4
25Q129,P.S. 129 Patricia Larkin,Queens,25,3K-5,995,474,442.1,37.8,12.7,37.6,479,453.7,57.0,18.8,49.0,47.4,43.3,21.7,1.0,68.4,6.6,1.0,1.2,23.1,31.4,84.0,77.2
32K145,P.S. 145 Andrew Jackson,Brooklyn,32,3K-5,473,158,441.6,36.1,13.9,34.8,157,453.6,58.6,17.2,52.0,47.3,43.4,1.9,10.4,79.7,5.5,1.5,0.0,37.0,13.7,82.7,84.7
21K099,P.S. 099 Isaac Asimov,Brooklyn,21,PK-8,825,512,445.4,42.8,18.0,46.9,519,452.1,51.8,18.1,41.2,47.3,44.0,48.4,3.8,17.7,28.4,0.8,1.0,13.5,32.8,85.6,84.5
17K161,P.S. 161 The Crown,Brooklyn,17,PK-5,299,133,446.3,40.6,15.8,43.3,130,454.9,53.8,20.0,44.4,47.2,43.9,6.7,64.5,21.7,4.7,0.7,1.3,30.4,14.7,92.6,87.7
27Q197,P.S. 197 The Ocean School,Queens,27,3K-5,414,163,443.3,37.4,9.8,37.0,165,454.4,57.0,17.0,48.9,47.2,43.0,1.0,43.5,51.0,1.7,0.7,2.2,31.9,12.6,90.6,91.3
23K137,P.S. 137 Rachel Jean Mitchell,Brooklyn,23,3K-5,152,37,441.1,40.5,16.2,43.1,41,448.5,53.7,9.8,44.0,47.1,43.6,0.7,59.2,24.3,7.9,7.9,0.0,27.0,12.5,72.4,79.1
29Q195,P.S. 195 William Haberle,Queens,29,3K-5,310,90,442.9,41.1,16.7,44.6,89,453.0,52.8,15.7,42.1,47.0,43.3,3.9,75.8,17.4,1.0,1.3,0.6,28.4,9.0,74.8,71.8
03M163,P.S. 163 Alfred E. Smith,Manhattan,3,3K-5,380,184,442.0,40.8,12.5,43.9,184,452.4,52.7,20.7,41.9,46.7,42.9,3.4,18.7,60.3,15.0,2.6,0.0,25.5,18.2,67.4,68.3
12X061,P.S. 061 Francisco Oller,Bronx,12,3K-5,211,76,447.0,44.7,14.5,48.8,78,450.5,48.7,12.8,36.7,46.7,42.7,0.9,18.5,78.2,0.9,0.9,0.5,22.3,15.6,>95%,92.0
22K109,P.S. 109,Brooklyn,22,PK-8,532,352,448.1,48.6,21.6,55.7,341,446.6,44.9,7.6,29.4,46.7,42.6,3.6,73.5,17.9,2.3,2.3,0.6,32.1,10.3,85.7,83.3
21K199,P.S. 199 Frederick Wachtel,Brooklyn,21,PK-5,477,191,443.4,38.2,12.6,38.4,201,453.0,55.2,13.4,46.2,46.7,42.3,25.6,7.1,16.8,46.3,3.6,0.6,29.6,26.2,85.7,82.5
28Q054,P.S. 054 Hillside,Queens,28,K-5,416,188,444.2,40.4,19.1,42.6,195,451.4,52.8,12.8,42.3,46.6,42.4,26.2,4.3,58.4,5.5,1.2,4.3,21.6,36.1,89.7,83.6
19K159,P.S. 159 Isaac Pitkin,Brooklyn,19,PK-5,657,270,441.5,39.3,14.4,40.5,291,452.9,54.0,19.9,44.6,46.6,42.5,60.3,14.5,22.1,0.2,1.1,2.0,18.4,26.2,91.6,89.6
07X154,P.S. 154 Jonathan D. Hyatt,Bronx,7,PK-5,203,90,442.1,35.6,5.6,33.7,92,454.7,57.6,13.0,50.6,46.6,42.2,0.5,39.9,55.7,3.4,0.0,0.5,21.7,10.3,>95%,>95%
27Q273,P.S. 273,Queens,27,PK-5,318,139,447.8,47.5,24.5,54.2,138,449.0,45.7,12.3,31.4,46.6,42.8,11.6,4.1,75.5,1.9,0.9,6.0,19.8,22.0,83.0,78.9
28Q206,P.S. 206 The Horace Harding School,Queens,28,PK-5,550,220,441.1,35.0,12.7,32.4,219,455.2,58.0,17.4,51.1,46.5,41.7,26.7,10.0,24.7,36.5,1.5,0.5,22.4,22.0,86.7,79.2
06M368,The William Lynch School,Manhattan,6,3K-7,359,187,442.8,39.6,16.6,41.5,191,451.7,53.4,14.7,43.7,46.5,42.6,0.8,20.6,56.3,19.5,2.5,0.3,23.4,12.8,67.1,73.1
16K026,P.S. 026 Jesse Owens,Brooklyn,16,3K-5,201,76,445.7,39.5,19.7,41.4,77,451.2,53.2,15.6,43.1,46.4,42.3,3.5,46.8,34.3,12.9,1.0,1.5,29.9,22.4,76.6,81.2
10X159,P.S. 159 Luis Munoz Marin Biling,Bronx,10,K-5,131,69,447.3,44.9,17.4,49.0,72,444.5,47.2,8.3,34.3,46.1,41.6,1.5,10.7,87.8,0.0,0.0,0.0,25.2,21.4,>95%,>95%
17K532,New Bridges Elementary,Brooklyn,17,3K-5,426,133,449.1,45.1,18.0,49.4,132,449.4,47.0,11.4,33.9,46.0,41.7,1.6,71.6,22.3,2.3,0.7,1.4,27.5,7.0,82.6,82.1
07X005,P.S. 5 Port Morris,Bronx,7,3K-8,591,312,445.2,45.2,13.5,49.7,308,449.0,46.8,12.3,33.2,46.0,41.4,0.3,24.4,72.8,1.4,1.0,0.2,28.3,22.8,>95%,>95%
29Q037,Cynthia Jenkins School,Queens,29,PK-5,305,116,444.6,44.0,11.2,48.3,117,449.0,47.9,7.7,35.1,45.9,41.7,1.3,74.1,19.0,2.0,1.3,2.3,24.9,7.9,76.4,79.1
14K120,P.S. 120 Carlos Tapia,Brooklyn,14,3K-5,267,109,443.2,39.4,9.2,41.2,109,452.3,52.3,12.8,41.6,45.9,41.4,1.9,21.7,70.8,4.1,0.7,0.7,28.1,25.8,93.3,93.0
16K627,Brighter Choice Community School,Brooklyn,16,3K-5,218,76,444.6,46.1,21.1,51.3,81,446.9,45.7,14.8,31.6,45.9,41.5,2.8,42.2,42.2,7.3,4.1,1.4,19.7,12.4,71.1,79.3
24Q229,P.S. 229 Emanuel Kaplan,Queens,24,PK-5,1027,508,441.4,38.4,15.2,39.1,516,452.9,53.3,19.6,43.4,45.8,41.2,38.3,0.9,47.6,11.5,1.2,0.6,22.2,18.4,68.0,66.5
31R038,P.S. 038 George Cromwell,Staten Island,31,3K-5,339,163,442.2,31.3,12.9,24.2,158,455.5,60.1,19.0,54.7,45.7,39.4,33.6,3.5,31.9,29.5,1.2,0.3,21.5,27.1,79.4,75.0
30Q329,East Elmhurst Community School,Queens,30,K-5,415,201,441.7,41.8,10.4,45.6,201,450.8,49.3,12.9,38.3,45.5,41.9,5.1,3.9,86.5,2.9,0.7,0.7,23.4,34.5,92.8,88.5
29Q134,P.S. 134 Hollis,Queens,29,PK-5,338,131,445.5,46.6,12.2,52.4,133,447.1,44.4,8.3,27.9,45.5,40.1,26.6,41.7,25.7,1.2,0.6,4.1,23.4,21.3,87.0,83.8
20K179,P.S. 179 Kensington,Brooklyn,20,PK-5,628,305,441.9,36.4,11.5,35.3,314,453.6,54.5,20.1,45.5,45.4,40.4,67.4,2.5,16.6,12.6,0.5,0.5,16.4,47.0,88.4,88.8
17K191,P.S. 191 Paul Robeson,Brooklyn,17,3K-5,161,45,445.5,48.9,4.4,56.1,43,445.3,41.9,4.7,23.8,45.4,40.0,1.2,73.3,21.1,2.5,1.9,0.0,34.8,6.8,93.2,94.8
18K235,P.S. 235 Janice Marie Knight School,Brooklyn,18,3K-5,644,263,443.5,40.3,11.4,42.3,259,449.2,50.2,13.5,39.8,45.2,41.0,4.3,83.5,5.4,2.2,3.1,1.4,21.4,4.7,76.7,71.4
24Q013,P.S. 013 Clement C. Moore,Queens,24,3K-5,701,336,440.2,37.8,12.2,37.9,342,452.8,52.3,21.9,41.7,45.1,39.8,24.3,6.4,63.9,4.3,0.7,0.3,24.8,33.4,83.2,82.0
05M133,P.S. 133 Fred R Moore,Manhattan,5,3K-5,202,65,440.0,33.8,7.7,29.8,64,449.8,56.2,6.2,48.1,45.0,39.0,0.5,50.0,40.6,6.4,0.5,2.0,50.5,7.9,90.6,88.5
28Q117,P.S. 117 J. Keld / Briarwood School,Queens,28,PK-5,780,314,440.5,38.2,14.3,38.3,319,453.0,51.7,19.4,40.8,45.0,39.6,31.2,11.3,42.7,11.4,1.9,1.5,19.5,21.2,80.5,77.7
14K023,P.S. 023 Carter G. Woodson,Brooklyn,14,3K-5,225,79,444.3,40.5,19.0,43.0,81,452.8,49.4,21.0,38.4,44.9,40.7,0.4,48.0,48.0,2.7,0.9,0.0,35.6,12.9,93.3,94.6
06M278,Paula Hedbavny School,Manhattan,6,K-8,257,198,443.5,35.4,13.1,33.0,189,451.6,54.5,14.3,45.6,44.9,39.3,0.4,7.8,83.3,7.0,1.6,0.0,33.1,16.0,80.2,77.5
05M154,P.S. 154 Harriet Tubman,Manhattan,5,3K-5,193,54,442.0,33.3,11.1,28.7,55,449.9,56.4,14.5,48.3,44.8,38.5,1.0,62.2,30.6,4.1,1.0,1.0,36.3,15.0,91.2,90.4
17K705,Brooklyn Arts and Science Elementary School,Brooklyn,17,3K-5,274,103,446.4,42.7,21.4,46.7,98,451.6,46.9,20.4,33.8,44.8,40.3,3.3,37.6,33.2,18.6,7.3,0.0,29.6,6.2,67.5,70.2
07X031,P.S./M.S. 031 The William Lloyd Garrison,Bronx,7,3K-8,515,247,442.5,36.4,11.3,35.5,250,450.7,53.2,12.4,42.9,44.8,39.2,2.3,29.9,63.7,2.7,1.4,0.0,34.4,18.6,90.7,92.7
06M178,Professor Juan Bosch Public School,Manhattan,6,K-5,253,109,441.7,36.7,13.8,35.6,110,453.6,52.7,15.5,42.0,44.7,38.8,0.0,3.6,79.4,10.3,5.9,0.4,37.2,13.4,77.9,75.9
27Q064,P.S. 064 Joseph P. Addabbo,Queens,27,3K-5,489,216,443.3,34.7,15.3,31.9,227,451.8,54.6,16.7,45.8,44.7,38.9,73.8,2.7,18.8,1.8,0.2,2.5,15.3,30.3,86.7,86.4
30Q092,P.S. 092 Harry T. Stewart Sr.,Queens,30,3K-5,816,355,439.8,30.4,13.2,22.4,355,458.5,58.6,24.8,51.9,44.5,37.1,2.8,1.6,93.4,1.1,0.4,0.7,17.5,35.7,84.1,81.9
19K214,P.S. 214 Michael Friedsam,Brooklyn,19,3K-5,710,288,442.2,35.8,14.6,34.3,295,451.8,53.2,16.6,43.0,44.5,38.7,65.2,7.5,20.4,2.4,0.4,4.1,18.7,14.2,87.7,87.0
22K203,P.S. 203 Floyd Bennett School,Brooklyn,22,3K-5,498,193,442.4,35.8,10.4,34.2,194,450.2,53.1,10.8,42.8,44.4,38.5,13.1,65.3,13.1,5.4,1.6,1.6,25.1,14.5,74.3,73.1
17K189,P.S. 189 The Bilingual Center,Brooklyn,17,K-8,846,616,444.2,41.9,17.7,45.8,614,448.5,46.9,13.2,33.7,44.4,39.8,3.9,66.5,26.8,1.3,0.5,0.9,18.7,23.6,94.8,88.5
02M212,P.S. 212 Midtown West,Manhattan,2,PK-5,288,111,443.6,39.6,22.5,41.6,116,452.6,49.1,21.6,38.0,44.4,39.8,8.7,8.3,42.0,30.9,9.7,0.3,23.6,17.4,44.4,46.3
01M188,P.S. 188 The Island School,Manhattan,1,3K-8,313,230,441.4,33.9,7.8,30.2,188,451.5,54.8,13.8,46.0,44.4,38.1,1.6,29.7,64.2,1.3,1.0,2.2,36.7,17.3,>95%,>95%
29Q270,The Gordon Parks School,Queens,29,PK-8,516,344,446.3,45.3,15.1,49.9,337,445.6,43.3,8.0,26.1,44.3,38.0,5.8,79.3,10.7,0.6,1.9,1.7,22.5,3.1,82.0,67.1
11X194,P.S./M.S. 194,Bronx,11,K-8,1118,762,441.4,38.5,15.2,39.2,736,449.9,50.1,16.0,39.7,44.3,39.4,34.8,7.1,51.0,4.6,1.1,1.3,20.2,20.7,86.8,86.3
27Q090,P.S. 090 Horace Mann,Queens,27,3K-5,532,215,443.8,37.2,13.0,36.6,222,451.4,51.4,14.0,40.7,44.3,38.6,26.1,3.6,59.4,5.3,0.8,4.7,22.4,32.1,88.0,79.0
10X280,P.S./M.S. 280 Mosholu Parkway,Bronx,10,K-8,661,468,442.8,38.9,13.5,39.8,474,450.2,49.6,14.8,38.8,44.2,39.3,9.1,10.1,76.7,2.7,0.8,0.6,30.3,20.4,93.6,90.8
21K153,P.S. 153 Homecrest,Brooklyn,21,PK-5,490,230,440.0,33.9,11.7,30.2,233,450.7,54.5,11.2,45.7,44.2,37.9,25.9,2.4,30.2,37.3,1.2,2.9,22.2,33.9,89.0,84.0
20K971,"School of Math, Science, and Healthy Living",Brooklyn,20,K-5,150,84,442.1,39.3,14.3,40.6,84,452.2,48.8,16.7,37.0,44.0,38.8,20.7,0.7,70.0,8.0,0.7,0.0,20.0,35.3,88.0,86.6
30Q076,P.S. 076 William Hallet,Queens,30,3K-5,344,108,440.8,38.9,13.0,39.8,110,449.4,49.1,8.2,37.8,44.0,38.8,6.1,27.3,53.2,12.2,1.2,0.0,37.2,18.9,89.5,87.7
09X457,Sheridan Academy for Young Leaders,Bronx,9,3K-5,365,138,438.3,26.8,7.2,15.2,136,456.4,61.0,17.6,56.0,43.9,35.6,1.9,21.9,73.4,0.5,1.4,0.3,26.3,26.6,94.8,93.5
32K151,P.S. 151 Lyndon B. Johnson,Brooklyn,32,3K-5,268,114,442.3,36.8,15.8,35.7,114,451.5,50.9,17.5,40.4,43.9,38.1,0.7,9.3,84.3,3.7,1.5,0.4,19.4,35.4,88.4,90.2
24Q071,P.S. 071 Forest,Queens,24,3K-5,403,175,441.7,37.7,8.6,37.4,180,450.7,49.4,15.6,38.7,43.6,38.0,4.7,1.0,63.8,29.3,1.2,0.0,12.4,23.1,75.9,69.5
27Q056,P.S. 056 Harry Eichler,Queens,27,2-5,357,262,444.1,42.0,16.8,46.0,264,446.5,45.1,12.5,30.1,43.5,38.0,26.1,9.2,50.7,8.4,1.1,4.5,17.4,24.4,87.7,82.4
12X595,P.S. 595,Bronx,12,3K-5,235,95,441.5,37.9,15.8,38.0,98,451.1,49.0,15.3,37.5,43.4,37.8,1.3,26.0,69.8,0.9,1.7,0.0,31.9,26.0,94.5,94.2
30Q149,P.S. 149 Christa McAuliffe,Queens,30,3K-5,615,365,439.6,33.2,10.7,28.2,367,451.9,53.7,15.0,44.2,43.4,36.2,6.8,1.0,86.0,3.9,0.8,1.5,21.3,40.8,86.3,84.2
18K219,P.S. 219 Kennedy-King,Brooklyn,18,3K-5,334,98,445.4,41.8,11.2,45.7,98,451.4,44.9,15.3,29.6,43.4,37.6,0.9,73.4,20.1,4.5,0.3,0.6,30.8,13.2,91.3,87.7
22K245,P.S. 245,Brooklyn,22,PK-5,230,94,445.0,40.4,14.9,42.6,93,449.6,46.2,11.8,32.3,43.3,37.4,2.6,45.2,43.5,3.9,0.4,4.3,27.4,12.2,88.3,80.0
11X121,P.S. 121 Throop,Bronx,11,3K-5,612,268,444.0,41.4,17.2,44.9,269,447.7,45.0,14.5,29.8,43.2,37.4,14.9,40.7,38.7,2.8,1.5,1.1,27.3,7.5,81.9,77.8
23K150,P.S. 150 Christopher,Brooklyn,23,3K-5,104,44,439.3,34.1,4.5,30.9,44,447.9,52.3,6.8,41.5,43.2,36.2,1.9,62.5,32.7,0.0,1.0,1.9,26.9,10.6,>95%,>95%
25Q107,P.S. 107 Thomas A Dooley,Queens,25,PK-5,687,340,443.0,41.5,13.8,45.1,349,448.1,44.7,13.2,28.6,43.1,36.8,43.2,0.9,51.5,3.2,0.6,0.6,16.7,48.3,82.8,76.5
11X567,Linden Tree Elementary School,Bronx,11,PK-5,312,122,441.6,39.3,8.2,40.7,127,446.9,46.5,7.1,32.8,42.9,36.7,26.0,11.5,56.4,4.8,0.0,1.3,24.0,37.8,90.1,88.3
27Q065,P.S. 65 - The Raymond York Elementary School,Queens,27,3K-5,367,164,441.9,39.0,15.2,40.2,167,451.0,46.7,18.0,33.0,42.9,36.6,34.6,4.4,48.2,4.6,0.0,8.2,27.0,15.8,89.1,80.3
09X088,P.S. X088 - S. Silverstein Little Sparrow School,Bronx,9,K-5,77,42,442.3,40.5,9.5,42.9,42,444.6,45.2,4.8,30.3,42.9,36.6,1.3,26.0,70.1,1.3,1.3,0.0,7.8,31.2,94.8,94.2
08X392,Bronx Delta School,Bronx,8,PK-5,412,177,444.8,40.7,13.6,43.7,180,445.8,45.0,4.4,30.0,42.8,36.8,8.0,9.7,70.9,10.2,0.2,0.7,29.9,7.0,78.4,76.4
07X369,Young Leaders Elementary School,Bronx,7,3K-5,204,80,438.5,30.0,7.5,21.5,81,452.3,55.6,13.6,46.7,42.8,34.1,0.0,18.6,76.0,1.5,1.5,2.5,34.8,10.8,>95%,>95%
22K052,P.S. 052 Sheepshead Bay,Brooklyn,22,PK-5,662,285,440.1,35.4,14.7,33.2,284,451.1,50.0,18.3,39.4,42.7,36.3,19.3,10.1,15.3,52.7,2.0,0.6,13.1,27.5,84.3,81.5
14K018,P.S. 018 Edward Bush,Brooklyn,14,3K-5,145,57,439.7,40.4,14.0,42.4,58,449.3,44.8,10.3,29.3,42.6,35.8,2.1,14.5,66.9,13.1,2.8,0.7,24.8,13.1,73.8,72.4
31R022,P.S. 022 Graniteville,Staten Island,31,3K-5,665,281,440.4,37.0,9.6,36.0,287,449.5,48.1,14.3,35.6,42.5,35.8,8.9,16.5,62.6,7.8,3.6,0.6,40.9,22.6,84.4,80.9
06M128,P.S. 128 Audubon,Manhattan,6,3K-5,450,178,440.3,38.2,16.3,38.2,188,447.8,46.8,11.7,33.4,42.5,35.8,0.7,6.9,88.2,2.7,0.4,1.1,26.2,27.6,83.6,84.3
01M364,Earth School,Manhattan,1,PK-5,152,31,450.7,51.6,29.0,61.2,33,445.3,33.3,6.1,11.5,42.5,36.4,4.6,9.2,45.4,30.9,9.9,0.0,36.2,4.6,52.6,54.8
24Q110,P.S. 110,Queens,24,K-5,707,347,437.2,27.7,11.0,17.3,351,455.6,57.3,18.5,49.8,42.5,33.5,3.0,0.0,94.2,1.8,0.1,0.8,23.5,55.9,>95%,91.6
31R059,The Harbor View School,Staten Island,31,3K-5,227,83,443.3,37.3,10.8,36.9,82,447.2,47.6,6.1,34.6,42.5,35.7,4.4,34.8,39.2,16.7,4.0,0.4,35.2,0.0,67.4,72.8
31R019,P.S. 019 The Curtis School,Staten Island,31,PK-5,431,184,442.1,40.2,11.4,41.9,191,446.3,44.5,14.1,28.3,42.4,35.1,5.3,14.8,69.6,8.6,1.2,0.5,33.9,26.5,90.7,86.6
08X093,P.S. 093 Albert G. Oliver,Bronx,8,3K-5,372,111,437.2,26.1,7.2,14.0,111,453.4,58.6,15.3,51.7,42.3,32.9,3.8,28.2,62.9,2.4,0.3,2.2,21.8,7.5,89.0,86.6
13K054,P.S. 54 The Detective Rafael Ramos School,Brooklyn,13,3K-5,178,39,439.6,35.9,7.7,34.4,41,449.9,48.8,7.3,36.9,42.3,35.7,4.5,37.1,43.3,9.6,4.5,1.1,28.1,19.1,78.1,82.1
05M046,P.S. 046 Arthur Tappan,Manhattan,5,3K-8,313,171,443.5,40.9,12.3,44.2,172,448.4,43.6,12.8,26.9,42.3,35.5,0.0,48.6,47.6,2.6,0.3,1.0,40.9,7.3,93.3,>95%
03M145,"P.S. 145, The Bloomingdale School",Manhattan,3,3K-5,470,177,439.1,34.5,14.1,31.4,176,451.5,50.0,22.2,39.4,42.2,35.4,2.6,18.7,44.0,32.3,2.1,0.2,25.1,20.6,68.7,73.2
02M116,P.S. 116 Mary Lindley Murray,Manhattan,2,3K-5,436,130,440.5,41.5,16.2,45.4,138,444.9,42.8,12.3,25.2,42.1,35.3,10.8,16.5,40.1,28.0,4.6,0.0,24.1,22.9,55.0,56.8
11X103,P.S. 103 Hector Fontanez,Bronx,11,3K-5,789,230,443.3,34.8,7.8,32.0,245,449.8,49.4,8.2,38.5,42.1,35.3,1.6,26.2,64.3,3.4,1.0,3.4,29.0,21.7,92.8,93.0
07X043,P.S. 043 Jonas Bronck,Bronx,7,3K-5,345,132,438.4,38.6,8.3,39.6,134,447.7,45.5,14.2,30.9,42.1,35.2,1.4,17.4,77.4,1.4,2.0,0.3,24.1,12.2,93.6,94.1
29Q036,P.S. 036 Saint Albans School,Queens,29,PK-5,269,125,442.8,40.0,20.0,41.7,127,449.7,44.1,14.2,27.5,42.0,34.6,10.8,59.9,20.4,4.1,1.9,3.0,28.6,13.4,81.4,77.1
02M111,P.S. 111 Adolph S. Ochs,Manhattan,2,3K-5,398,133,441.0,40.6,17.3,43.3,136,446.9,43.4,13.2,26.4,42.0,34.9,10.1,17.1,54.3,15.6,2.3,0.8,24.9,27.4,73.6,74.6
24Q305,Learners and Leaders,Queens,24,3K-5,419,156,440.1,35.3,12.2,32.8,156,449.0,48.7,12.2,36.7,42.0,34.7,6.4,2.4,81.4,8.6,0.5,0.7,25.8,31.0,79.2,76.1
30Q148,P.S. 148 Queens,Queens,30,PK-5,622,281,440.8,32.7,12.1,27.7,293,452.7,51.2,17.1,40.6,42.0,34.1,16.9,1.9,77.5,2.3,0.5,0.5,25.7,40.5,85.2,80.3
27Q097,P.S. 097 Forest Park,Queens,27,PK-5,566,256,436.7,32.0,7.4,26.2,259,454.8,51.7,20.5,41.0,41.9,33.6,13.6,3.2,74.4,6.5,1.2,1.1,24.0,31.4,88.3,81.1
21K225,P.S. K225 - The Eileen E. Zaglin,Brooklyn,21,PK-8,1067,693,440.3,35.5,12.6,33.5,635,449.6,47.7,14.5,34.8,41.6,34.2,19.0,2.1,23.6,53.6,0.6,0.9,15.3,35.0,85.5,87.1
08X138,P.S. 138 Samuel Randall,Bronx,8,3K-5,504,198,439.9,39.4,10.1,40.8,208,443.6,43.8,9.1,27.1,41.6,34.0,7.7,24.2,63.9,1.8,1.0,1.4,19.8,9.5,89.9,90.8
06M152,P.S. 152 Dyckman Valley,Manhattan,6,3K-5,435,187,439.5,33.2,11.2,28.3,191,448.8,49.7,7.9,39.1,41.4,33.7,0.2,6.4,84.4,3.2,5.5,0.2,19.5,19.8,94.3,91.9
21K188,P.S. 188 Michael E. Berdy,Brooklyn,21,3K-5,233,72,444.3,40.3,9.7,42.1,80,447.2,42.5,13.8,24.6,41.4,33.4,6.4,49.4,33.5,9.0,1.3,0.4,30.5,13.7,93.1,95.0
29Q268,P.S./I.S. 268,Queens,29,K-8,705,468,442.1,38.2,11.8,38.5,461,447.9,44.5,12.6,28.2,41.4,33.4,25.5,10.6,51.9,2.3,0.4,9.1,21.4,29.8,84.0,85.0
19K213,P.S. 213 New Lots,Brooklyn,19,3K-5,202,71,439.9,28.2,1.4,18.6,79,452.1,54.4,13.9,45.3,41.3,32.0,8.9,59.4,21.8,6.9,1.0,2.0,24.8,14.9,89.6,91.3
31R084,The Waverly Academy of Empowered Learners,Staten Island,31,K-3,217,40,436.3,35.0,7.5,32.4,38,442.3,47.4,5.3,34.4,41.2,33.4,3.2,35.0,53.0,4.6,0.9,3.2,48.8,18.4,91.7,89.1
28Q050,P.S. 050 Talfourd Lawn Elementary School,Queens,28,3K-5,877,418,439.9,33.5,11.2,29.2,419,450.7,48.7,15.5,36.5,41.1,32.8,22.7,19.4,48.0,2.3,0.8,6.8,21.9,28.2,93.4,83.3
05M030,P.S. 030 Hernandez/Hughes,Manhattan,5,3K-5,160,47,444.5,38.3,6.4,38.9,48,448.8,43.8,14.6,27.1,41.0,33.0,0.6,55.0,41.2,1.3,0.6,1.3,45.0,15.6,>95%,>95%
03M149,P.S. 149 Sojourner Truth,Manhattan,3,3K-8,243,131,443.3,40.5,12.2,42.8,147,447.4,41.5,9.5,23.6,41.0,33.2,2.9,50.2,39.5,4.1,1.2,2.1,36.6,14.0,91.4,93.0
22K315,P.S. K315,Brooklyn,22,PK-5,509,240,441.5,36.2,15.0,35.1,239,445.8,45.6,8.8,31.2,40.9,33.2,12.2,43.0,30.3,7.5,6.1,0.8,29.5,14.5,84.5,86.2
27Q306,New York City Academy for Discovery,Queens,27,PK-5,343,158,439.3,36.1,14.6,34.8,162,448.5,45.7,14.8,31.6,40.9,33.2,16.9,6.7,67.1,4.7,0.9,3.8,27.4,24.5,86.9,83.5
05M318,Thurgood Marshall Academy Lower School,Manhattan,5,PK-5,146,71,445.4,42.3,8.5,46.2,71,446.7,39.4,5.6,20.1,40.8,33.2,0.0,75.3,19.2,0.0,0.7,4.1,28.1,4.8,89.7,89.0
08X048,P.S. 048 Joseph R. Drake,Bronx,8,3K-5,450,171,439.9,37.4,12.3,37.1,179,446.2,44.1,10.6,27.7,40.8,32.4,0.9,20.9,76.2,0.7,0.7,0.7,30.0,18.9,93.6,93.2
06M115,P.S. 115 Alexander Humboldt,Manhattan,6,PK-5,331,153,439.3,28.1,10.5,18.4,163,450.6,53.4,9.8,43.5,40.7,31.0,0.6,5.4,90.3,2.1,0.9,0.6,29.9,33.2,>95%,>95%
21K329,P.S. 329 Surfside,Brooklyn,21,3K-5,284,121,440.7,31.4,14.9,24.6,122,449.2,50.0,15.6,39.4,40.7,32.0,4.6,55.6,33.5,1.8,1.8,2.8,33.8,6.3,91.9,92.6
24Q091,P.S. 091 Richard Arkwright,Queens,24,3K-5,724,332,438.8,33.4,11.1,28.9,334,448.4,47.9,12.3,35.2,40.7,32.1,4.1,2.6,58.7,32.6,0.6,1.2,21.1,12.6,74.3,66.5
08X182,P.S. 182,Bronx,8,3K-5,373,155,438.8,35.5,7.7,33.4,158,446.5,45.6,8.9,31.0,40.5,32.2,8.0,25.7,59.2,5.4,0.3,1.3,26.3,13.1,90.6,89.5
17K006,Norma Adams Clemons Academy,Brooklyn,17,3K-5,573,215,441.8,37.7,16.7,37.3,215,444.4,43.3,5.6,25.7,40.5,31.5,2.3,61.6,27.9,6.1,1.2,0.9,23.6,22.9,93.2,87.5
01M142,P.S. 142 Amalia Castro,Manhattan,1,3K-5,336,107,440.0,32.7,9.3,27.5,108,444.9,48.1,6.5,35.7,40.4,31.6,0.9,19.0,75.6,1.8,1.5,1.2,30.4,14.9,>95%,92.9
17K398,P.S. 398 Walter Weaver,Brooklyn,17,PK-5,189,86,440.8,32.6,10.5,27.1,83,453.9,48.2,24.1,36.0,40.4,31.6,1.1,68.3,27.0,1.6,1.1,1.1,25.4,15.3,>95%,>95%
14K250,P.S. 250 George H. Lindsay,Brooklyn,14,3K-5,266,92,436.6,31.5,3.3,25.0,92,450.9,48.9,15.2,37.3,40.2,31.1,10.9,18.8,63.5,4.5,1.5,0.8,28.2,14.7,83.1,86.4
24Q068,P.S. 068 Cambridge,Queens,24,3K-5,465,185,439.6,34.1,9.7,30.6,188,444.1,46.3,4.8,32.4,40.2,31.5,2.6,2.8,81.5,9.2,3.0,0.9,28.4,19.8,81.7,76.6
24Q199,P.S. 199 Maurice A. Fitzgerald,Queens,24,K-5,450,182,436.0,31.3,9.9,24.5,186,450.0,48.9,17.2,37.4,40.1,30.9,21.6,1.6,68.2,6.7,1.3,0.7,23.8,47.3,78.7,79.7
19K346,P.S. 346 Abe Stark,Brooklyn,19,3K-5,410,167,440.3,33.5,12.6,29.4,165,447.1,46.7,5.5,32.9,40.1,31.2,1.5,67.1,25.6,3.7,1.2,1.0,39.5,3.7,86.1,88.5
30Q280,PS280Q: Home of the Lionhearts,Queens,30,K-5,406,222,439.4,32.0,10.8,26.0,225,450.2,48.0,16.4,35.5,40.0,30.7,6.9,0.7,84.7,2.5,0.2,4.9,20.0,56.2,91.4,84.9
29Q135,The Bellaire School,Queens,29,PK-5,646,286,440.3,33.9,10.5,30.3,289,447.8,46.0,8.7,31.9,40.0,31.1,41.5,21.2,20.6,4.3,3.4,9.0,20.7,20.0,74.9,69.6
10X315,P.S. 315 Lab School,Bronx,10,K-8,190,130,446.1,41.5,18.5,45.4,127,445.8,37.8,11.0,17.5,39.7,31.5,2.6,9.5,86.8,1.1,0.0,0.0,20.0,24.2,>95%,>95%
09X110,P.S. 110 Theodore Schoenfeld,Bronx,9,3K-5,258,90,440.1,37.8,5.6,37.8,94,445.0,41.5,7.4,23.4,39.6,30.6,0.0,33.3,60.9,5.4,0.4,0.0,29.1,22.1,>95%,>95%
31R010,Fort Hill Collaborative Elementary School,Staten Island,31,3K-5,204,67,437.5,28.4,10.4,18.8,67,449.0,50.7,9.0,40.2,39.6,29.5,3.4,28.4,55.4,6.4,4.4,2.0,46.1,12.7,93.6,91.4
07X179,Academy of Exploratory Arts,Bronx,7,3K-5,225,64,440.8,31.2,9.4,24.0,67,449.1,47.8,11.9,35.0,39.5,29.5,0.9,19.6,78.2,0.4,0.4,0.0,33.3,18.2,91.6,93.9
32K377,P.S. 377 Alejandrina B. De Gautier,Brooklyn,32,3K-5,207,74,435.3,23.0,10.8,8.2,75,453.5,56.0,20.0,47.8,39.5,28.0,0.0,10.1,85.0,3.4,1.0,0.5,18.8,31.9,88.4,88.7
08X119,The Dr. Emmett W. Bassett School,Bronx,8,PK-5,514,231,438.4,29.9,11.7,21.3,247,449.6,49.0,13.0,37.6,39.4,29.4,25.9,8.8,57.0,4.1,1.0,3.1,28.0,30.4,>95%,91.1
10X306,P.S. 306,Bronx,10,K-5,336,177,438.6,33.9,8.5,30.0,183,445.8,44.8,11.5,29.1,39.4,29.5,0.0,27.1,69.9,1.8,0.3,0.6,25.3,19.6,>95%,94.4
30Q171,P.S. 171 Peter G. Van Alst,Queens,30,3K-5,417,173,438.9,31.8,10.4,25.6,175,451.4,46.9,22.9,33.5,39.3,29.6,12.5,22.8,49.4,13.2,1.0,1.0,33.3,16.1,86.6,85.0
27Q104,P.S. 104 The Bays Water,Queens,27,PK-5,530,214,441.4,31.3,9.3,24.3,216,449.5,47.2,13.0,34.3,39.3,29.3,2.1,33.0,55.8,1.9,1.1,6.0,27.9,24.3,87.2,87.5
09X063,P.S. 063 Author's Academy,Bronx,9,3K-5,378,160,437.6,33.1,7.5,28.0,166,445.4,45.2,10.2,30.2,39.2,29.1,1.9,26.2,67.7,1.3,1.6,1.3,28.0,19.0,95.0,>95%
08X146,P.S. 146 Edward Collins,Bronx,8,3K-5,307,138,439.3,31.2,10.1,23.7,140,446.9,47.1,7.1,34.1,39.2,28.9,0.0,30.6,62.2,4.2,2.0,0.7,27.4,20.2,90.2,92.9
28Q080,PS 80  The Thurgood Marshall Magnet School of Mult,Queens,28,3K-5,355,135,442.5,35.6,14.1,33.7,139,446.2,42.4,12.2,24.5,39.0,29.1,5.1,68.7,16.9,1.1,3.1,5.1,33.5,8.7,81.7,77.6
32K123,P.S. 123 Suydam,Brooklyn,32,3K-5,428,188,439.3,29.8,11.7,21.0,191,449.0,48.2,11.5,35.9,39.0,28.4,1.9,6.1,88.1,2.3,0.0,1.6,25.7,38.1,88.6,89.2
09X126,P.S. 126 Dr Marjorie H Dunbar,Bronx,9,3K-5,462,162,439.7,30.2,9.3,22.2,168,449.7,47.6,10.7,34.7,38.9,28.4,0.2,25.5,70.6,1.3,1.7,0.6,25.1,24.2,>95%,>95%
19K557,Brooklyn Gardens Elementary School,Brooklyn,19,3K-5,367,140,442.9,35.0,8.6,32.4,138,444.2,42.8,4.3,25.2,38.9,28.8,2.5,57.5,37.6,1.4,0.3,0.8,31.6,8.7,94.0,94.0
09X028,P.S. 028 Mount Hope,Bronx,9,3K-5,522,256,436.1,28.9,11.3,19.5,258,450.3,48.8,16.7,37.1,38.9,28.3,1.0,18.8,78.9,0.4,0.4,0.4,29.9,31.8,>95%,>95%
28Q220,P.S. 220 Edward Mandel,Queens,28,PK-5,567,262,440.5,33.6,13.4,29.6,270,447.9,44.1,15.9,27.4,38.8,28.5,32.5,9.5,30.0,25.9,1.6,0.5,13.1,26.6,83.4,81.3
21K128,P.S. 128 Bensonhurst,Brooklyn,21,K-5,431,188,437.5,27.1,8.5,16.4,191,449.1,50.3,12.0,39.9,38.7,28.2,27.8,3.0,23.4,43.2,1.9,0.7,22.0,40.8,88.9,87.0
10X020,"PS/MS 20 P.O.George J. Werdann, III",Bronx,10,PK-8,787,551,440.1,34.5,10.9,31.5,548,446.3,42.9,12.0,25.4,38.7,28.4,7.1,11.6,75.0,4.3,0.8,1.3,25.9,22.2,92.5,94.7
04M182,The Bilingual Bicultural School,Manhattan,4,3K-5,234,108,438.9,30.6,11.1,22.7,109,451.4,46.8,16.5,33.3,38.7,28.0,0.9,3.4,91.5,3.4,0.0,0.9,29.5,49.1,91.5,93.8
04M146,P.S. 146 Ann M. Short,Manhattan,4,3K-5,300,113,437.6,31.0,5.3,23.4,115,445.3,46.1,8.7,32.0,38.5,27.7,2.3,25.0,68.0,1.3,2.3,1.0,43.7,13.3,93.7,94.3
10X310,P.S. 310 Marble Hill,Bronx,10,3K-5,420,177,439.7,32.2,12.4,26.5,181,446.4,44.8,12.2,28.8,38.5,27.7,0.2,13.6,84.3,0.2,1.4,0.2,29.0,20.7,92.9,92.4
05M161,P.S. 161 Pedro Albizu Campos,Manhattan,5,K-8,520,273,439.9,36.3,9.2,35.2,237,443.5,40.5,5.1,21.6,38.4,28.4,1.9,21.0,75.2,1.2,0.6,0.2,40.6,33.1,94.4,92.8
18K135,P.S. 135 Sheldon A. Brookner,Brooklyn,18,3K-5,304,120,438.9,30.8,7.5,23.3,122,446.6,45.9,7.4,31.8,38.4,27.5,4.9,73.0,10.9,7.6,2.3,1.3,31.6,11.5,90.5,84.0
13K003,P.S. 003 The Bedford Village,Brooklyn,13,3K-5,183,72,442.8,36.1,9.7,35.0,72,445.6,40.3,4.2,21.3,38.2,28.1,9.8,67.8,15.3,2.7,3.8,0.5,24.0,9.3,86.3,84.4
19K677,East New York Elementary School of Excellence,Brooklyn,19,3K-5,343,160,435.9,30.0,14.4,21.5,151,446.0,46.4,11.9,32.7,38.2,27.1,9.3,36.2,49.3,0.6,2.9,1.7,20.7,20.4,93.0,90.6
13K067,P.S. 067 Charles A. Dorsey,Brooklyn,13,3K-5,145,59,433.6,25.4,5.1,12.7,57,446.1,50.9,5.3,40.4,38.2,26.5,2.8,50.3,39.3,1.4,4.8,1.4,26.9,13.1,>95%,>95%
07X029,P.S./M.S. 029 Melrose School,Bronx,7,3K-8,578,341,441.3,35.5,12.6,33.4,343,443.5,40.8,9.6,22.2,38.2,27.8,0.9,33.6,61.9,1.7,1.4,0.5,33.9,15.4,>95%,>95%
09X199,P.S. 199X - The Shakespeare School,Bronx,9,3K-5,350,144,439.1,31.2,11.1,24.0,154,446.2,44.8,9.1,28.9,38.0,26.5,0.3,26.6,66.9,1.1,2.6,2.6,27.1,24.9,>95%,>95%
06M173,P.S./I.S. 173 Fort Washington School in the Height,Manhattan,6,3K-8,583,273,435.9,29.7,7.0,20.6,283,447.2,46.3,9.9,32.5,38.0,26.6,1.5,5.8,85.9,5.3,0.7,0.3,23.7,25.6,91.4,83.1
08X140,P.S. X140 The Eagle School,Bronx,8,3K-5,341,120,438.2,32.5,13.3,26.9,122,447.6,43.4,13.9,26.5,38.0,26.7,1.2,39.0,56.0,2.1,0.6,1.2,25.2,14.7,>95%,>95%
11X483,The Matilda Avenue School,Bronx,11,K-5,206,93,438.8,28.0,9.7,18.3,96,448.9,47.9,10.4,35.3,37.9,26.8,3.9,43.7,44.2,4.9,0.0,3.4,20.4,18.0,93.2,89.5
15K146,"The Brooklyn New School, P.S. 146",Brooklyn,15,PK-5,641,35,442.2,37.1,8.6,36.2,31,445.0,38.7,9.7,18.8,37.9,27.5,4.8,11.4,21.1,48.4,14.2,0.2,28.2,4.2,32.6,35.1
24Q307,Pioneer Academy,Queens,24,3K-5,641,323,437.9,26.0,10.2,13.4,323,448.7,49.8,8.4,39.2,37.9,26.3,2.3,0.6,94.4,0.5,0.3,1.9,18.6,47.3,91.4,85.3
07X157,P.S. 157 Grove Hill,Bronx,7,3K-5,362,139,439.8,35.3,9.4,32.7,141,444.0,40.4,5.7,21.4,37.8,27.0,0.3,13.0,68.2,0.3,0.8,16.3,32.0,10.8,93.6,93.0
08X062,P.S. 062 Inocensio Casanova,Bronx,8,3K-5,432,159,440.9,37.7,5.7,37.5,164,444.4,37.8,4.9,17.7,37.8,27.6,0.0,16.4,81.0,1.2,0.7,0.7,36.6,12.5,>95%,93.9
05M036,P.S. 036 Margaret Douglas,Manhattan,5,3K-5,237,85,438.0,30.6,4.7,22.8,87,451.7,44.8,16.1,29.3,37.7,26.0,3.8,32.5,54.9,4.2,4.2,0.4,33.8,12.7,88.6,88.5
01M015,P.S. 015 Roberto Clemente,Manhattan,1,PK-5,148,64,441.6,29.7,6.2,20.7,66,452.6,45.5,16.7,30.7,37.6,25.7,6.1,20.3,66.2,2.7,4.1,0.7,30.4,5.4,87.8,88.9
10X037,P.S. X037 - Multiple Intelligence School,Bronx,10,K-8,471,315,441.4,34.6,11.4,31.6,324,444.0,40.4,7.4,21.5,37.5,26.6,0.8,13.8,84.3,0.6,0.4,0.0,29.9,15.7,90.0,90.6
32K045,P.S./I.S. 045 Horace E. Greene,Brooklyn,32,3K-8,434,261,438.8,30.3,11.1,22.3,257,447.3,44.7,12.5,28.7,37.5,25.5,2.1,39.2,53.7,3.2,0.5,1.4,24.7,17.5,91.9,87.5
22K194,P.S. 194 Raoul Wallenberg,Brooklyn,22,3K-5,456,148,437.8,31.8,8.1,25.5,162,443.8,43.2,4.9,25.6,37.5,25.5,23.7,33.8,23.9,14.9,2.0,1.5,32.9,23.2,91.4,90.1
11X111,P.S. 111 Seton Falls,Bronx,11,3K-5,388,149,439.4,31.5,8.1,25.2,150,443.4,43.3,8.0,26.2,37.4,25.7,1.5,54.9,41.0,1.8,0.5,0.3,32.5,4.1,92.3,90.6
04M206,P.S. 206 Jose Celso Barbosa,Manhattan,4,3-8,340,317,439.1,34.1,8.2,30.7,265,443.8,40.8,6.8,22.0,37.4,26.4,0.9,20.3,75.3,2.1,1.2,0.3,51.2,17.6,92.4,93.3
07X161,P.S. 161 Juan Ponce De Leon School,Bronx,7,3K-5,297,96,442.0,33.3,11.5,28.7,94,446.2,41.5,7.4,23.4,37.4,26.0,0.3,20.2,76.1,2.0,0.7,0.0,34.7,13.5,91.2,93.4
30Q127,P.S. 127 Aerospace Science Magnet School,Queens,30,3K-8,1062,674,437.3,31.5,9.9,24.7,688,446.2,43.3,12.6,26.0,37.4,25.4,8.4,5.6,82.8,2.6,0.2,0.4,17.1,45.6,86.1,80.7
10X056,P.S. 056 Norwood Heights,Bronx,10,K-5,587,292,438.2,30.1,10.6,21.9,295,447.8,44.4,13.2,28.0,37.3,25.0,20.1,9.0,61.3,6.3,2.2,1.0,29.6,20.4,89.1,90.4
29Q138,P.S./M.S. 138 Sunrise,Queens,29,3K-8,559,369,440.9,37.1,10.8,36.1,376,442.1,37.0,6.1,16.1,37.0,26.1,5.0,68.5,17.5,2.7,2.3,3.9,18.1,11.1,76.9,75.7
08X130,P.S. 130 Abram Stevens Hewitt,Bronx,8,3K-5,288,117,439.9,29.1,7.7,19.7,121,447.6,44.6,12.4,28.4,36.8,24.1,0.3,21.9,74.7,1.7,0.3,0.7,27.1,14.6,92.7,94.9
09X035,P.S. 035 Franz Siegel,Bronx,9,K-5,354,196,438.8,34.7,8.7,31.8,206,445.1,38.8,12.1,19.2,36.8,25.5,0.0,22.3,73.2,1.7,1.4,1.4,31.1,24.0,>95%,>95%
11X357,Young Voices Academy of the Bronx,Bronx,11,PK-5,362,129,438.9,33.3,7.8,28.7,132,441.4,40.2,3.0,20.9,36.7,24.8,8.6,10.5,65.2,14.1,1.1,0.6,23.5,17.7,87.3,84.5
09X449,Grant Avenue Elementary School,Bronx,9,3K-5,364,159,440.1,34.0,7.5,30.5,167,443.7,39.5,7.8,20.2,36.7,25.4,2.2,22.3,69.5,3.3,1.4,1.4,35.7,25.3,93.4,92.3
11X105,P.S. 105 Sen Abraham Bernstein,Bronx,11,3K-6,776,311,438.9,33.4,9.3,29.1,293,444.3,39.9,6.8,20.7,36.7,24.9,11.6,10.7,58.4,17.0,1.0,0.9,22.7,27.3,92.7,91.1
12X314,Fairmont Neighborhood School,Bronx,12,3K-5,275,100,439.7,33.0,10.0,27.9,102,440.6,40.2,3.9,21.1,36.6,24.5,1.5,31.3,64.7,1.1,0.0,1.5,35.6,13.8,92.0,94.2
04M102,P.S. 102 Jacques Cartier,Manhattan,4,3K-5,164,72,440.9,40.3,16.7,42.1,73,443.6,32.9,15.1,11.2,36.6,26.6,1.8,27.4,64.6,3.7,2.4,0.0,26.2,20.7,90.9,93.0
09X218,P.S./I.S. 218 Rafael Hernandez Dual Language Magne,Bronx,9,K-8,769,537,440.8,35.9,11.2,34.6,541,443.2,37.2,10.0,16.5,36.5,25.5,1.7,3.8,92.1,0.7,0.3,1.6,20.9,27.6,>95%,94.8
07X065,P.S. 065 Mother Hale Academy,Bronx,7,PK-5,227,83,441.3,33.7,7.2,29.7,89,443.3,39.3,5.6,20.0,36.5,24.8,0.0,39.6,55.9,1.8,1.3,1.3,25.1,18.1,>95%,>95%
13K287,P.S. 287 Bailey K. Ashford,Brooklyn,13,3K-5,140,43,445.9,37.2,25.6,36.6,42,446.0,35.7,19.0,14.3,36.5,25.4,1.4,65.7,25.0,1.4,4.3,1.4,24.3,9.3,>95%,93.6
08X100,P.S. 100 Isaac Clason,Bronx,8,3K-5,423,178,438.7,34.3,10.1,31.0,182,443.8,38.5,11.0,18.2,36.4,24.6,4.5,24.8,69.0,0.5,0.7,0.2,29.3,9.9,91.3,89.3
12X531,Archer Elementary School,Bronx,12,3K-5,311,120,440.4,31.7,8.3,25.4,122,442.0,41.0,8.2,22.4,36.3,23.9,14.8,20.9,56.3,3.5,0.6,2.6,33.8,15.8,91.0,91.3
20K506,P.S. 506: The School of Journalism & Technology,Brooklyn,20,K-5,269,161,436.5,29.8,8.1,21.1,164,446.9,42.7,17.7,25.0,36.2,23.0,28.3,0.0,66.2,4.8,0.0,0.7,32.0,33.1,94.4,93.8
24Q089,P.S. 89Q: The Jose Peralta School of Dreamers,Queens,24,K-5,933,416,437.9,29.1,8.2,19.8,426,445.0,43.2,7.7,25.5,36.1,22.7,18.5,0.2,78.6,1.8,0.2,0.6,23.0,52.4,94.6,85.9
22K152,School of Science & Technology,Brooklyn,22,PK-5,515,219,438.6,32.9,10.0,27.8,222,441.7,39.2,3.2,19.5,36.0,23.6,11.5,46.6,24.9,11.3,3.9,1.9,27.0,18.6,89.5,86.0
10X246,P.S. 246 Poe Center,Bronx,10,K-5,451,232,436.9,31.5,8.6,24.8,239,445.3,40.6,9.6,21.8,36.0,23.3,1.8,9.8,84.7,3.1,0.7,0.0,21.7,37.7,>95%,>95%
13K046,P.S. 046 Edward C. Blum,Brooklyn,13,3K-5,234,69,438.2,26.1,2.9,13.8,66,445.9,45.5,3.0,30.7,35.8,22.2,2.1,37.6,40.2,17.5,1.7,0.4,29.9,12.4,72.2,75.0
10X340,P.S. 340,Bronx,10,PK-5,514,258,440.2,35.3,12.0,32.9,262,442.5,36.3,8.8,14.9,35.8,23.9,3.1,10.1,83.5,2.1,0.4,0.8,38.7,27.6,91.4,93.2
10X205,P.S. 205 Fiorello LaGuardia,Bronx,10,K-5,485,269,438.0,27.9,7.1,17.9,271,445.7,43.5,8.1,26.6,35.7,22.3,1.4,17.7,75.7,3.5,0.6,1.0,30.9,27.6,>95%,94.5
06M005,P.S. 005 Ellen Lurie,Manhattan,6,3K-5,382,125,436.1,26.4,4.8,14.6,129,445.3,45.0,8.5,29.7,35.7,22.2,0.8,10.2,86.6,1.6,0.5,0.3,36.9,26.7,93.5,92.8
01M063,The STAR Academy - P.S.63,Manhattan,1,3K-5,197,54,434.4,22.2,1.9,7.4,55,443.9,49.1,5.5,37.8,35.7,22.6,1.0,18.8,68.0,9.6,2.0,0.0,40.6,11.7,75.1,79.4
31R068,Port Richmond School for Visionary Learning,Staten Island,31,3K-5,380,153,440.4,32.7,15.0,27.4,158,441.9,38.6,7.0,18.4,35.6,22.9,11.6,20.8,52.1,10.8,4.2,0.3,29.7,7.1,85.0,77.3
03M180,P.S. 180 Hugo Newman,Manhattan,3,3K-5,378,122,440.7,34.4,9.8,31.2,117,440.9,36.8,6.8,15.5,35.6,23.4,2.1,46.3,34.1,16.1,1.3,0.0,27.2,7.7,73.5,76.4
10X033,P.S. 033 Timothy Dwight,Bronx,10,PK-5,737,313,433.9,26.8,6.4,15.4,326,447.2,44.2,12.0,27.8,35.5,21.6,1.1,11.1,82.5,2.8,0.3,1.8,25.0,27.3,87.2,91.9
19K158,P.S. 158 Warwick,Brooklyn,19,3K-5,331,138,437.5,27.5,10.9,16.9,141,446.2,43.3,11.3,25.9,35.4,21.4,6.9,41.1,46.5,2.4,0.6,2.4,22.7,14.5,94.3,92.2
28Q082,P.S. 082 Hammond,Queens,28,K-5,631,284,436.2,28.2,9.2,18.6,291,444.8,42.6,12.0,24.8,35.4,21.7,11.4,7.8,75.6,2.2,0.2,2.9,15.4,43.4,93.3,90.5
23K155,P.S./ I.S. 155 Nicholas Herkimer,Brooklyn,23,3K-8,285,122,437.6,27.0,8.2,16.1,101,445.5,43.6,9.9,26.8,35.3,21.4,1.1,38.2,55.8,2.1,0.4,2.5,26.3,23.2,87.7,90.1
10X085,P.S. 085 Great Expectations,Bronx,10,PK-5,712,276,440.3,31.5,11.6,25.0,294,443.1,38.8,9.5,19.0,35.1,22.0,0.8,28.9,67.6,0.6,1.3,0.8,21.9,28.7,94.8,>95%
09X236,P.S. 236 Langston Hughes,Bronx,9,3K-5,302,121,438.9,32.2,7.4,26.6,121,443.3,38.0,4.1,17.8,35.1,22.2,1.0,27.5,70.9,0.3,0.0,0.3,22.8,15.6,>95%,>95%
09X294,The Walton Avenue School,Bronx,9,K-5,253,151,434.9,29.1,7.3,20.2,151,443.3,41.1,6.0,22.5,35.1,21.4,1.2,19.0,76.3,2.0,0.4,1.2,34.4,21.3,>95%,>95%
13K256,P.S. 256 Benjamin Banneker,Brooklyn,13,3K-5,182,76,438.3,27.6,3.9,17.0,78,447.9,42.3,10.3,24.1,35.0,20.6,2.7,52.7,33.0,8.8,1.6,1.1,21.4,12.1,>95%,88.4
24Q239,P.S. 239,Queens,24,3K-5,407,153,436.4,30.1,6.5,21.8,158,444.8,39.2,7.6,19.7,34.7,20.7,8.6,4.4,78.9,7.4,0.5,0.2,25.8,33.2,84.8,78.1
23K327,P.S. 327 Dr. Rose B. English,Brooklyn,23,3K-5,247,80,437.2,26.2,7.5,14.3,80,443.2,42.5,2.5,24.6,34.4,19.5,2.8,61.9,27.5,2.4,0.8,4.5,25.1,14.6,94.3,>95%
30Q112,P.S. 112 Dutch Kills,Queens,30,3K-5,454,173,435.4,27.2,11.0,16.6,178,446.8,41.6,13.5,23.7,34.4,20.2,19.8,17.2,49.3,10.8,1.5,1.3,22.2,30.6,87.2,87.3
19K202,P.S. 202 Ernest S. Jenkyns,Brooklyn,19,3K-5,246,103,435.0,22.3,4.9,7.6,106,447.7,46.2,14.2,32.1,34.3,19.8,4.5,53.7,40.7,0.0,0.4,0.8,30.1,12.6,93.9,92.6
31R016,P.S. 016 John J. Driscoll,Staten Island,31,3K-5,361,154,438.0,30.5,7.1,22.5,163,444.6,38.0,9.8,17.9,34.3,20.2,5.0,26.3,63.7,4.2,0.0,0.8,25.5,26.0,>95%,91.4
08X069,P.S. 069 Journey Prep School,Bronx,8,PK-5,439,202,437.1,31.2,8.4,23.8,201,442.7,37.3,8.5,16.8,34.3,20.3,8.2,19.4,68.6,2.5,0.5,0.9,28.0,13.2,88.8,85.5
10X003,P.S. 3 Raul Julia Micro Society,Bronx,10,3K-8,327,202,441.5,33.2,9.4,28.4,171,439.2,35.1,2.9,13.7,34.1,21.1,1.5,29.1,67.6,0.9,0.3,0.6,34.3,12.5,>95%,91.0
16K309,P.S. 309 The George E. Wibecan Preparatory Academy,Brooklyn,16,3K-5,196,46,443.0,37.0,10.9,35.9,48,441.7,31.2,4.2,9.9,34.1,22.9,1.5,60.2,33.2,1.5,3.1,0.5,31.6,11.7,83.7,86.9
08X107,P.S. 107,Bronx,8,3K-5,403,176,437.3,26.7,6.2,15.1,179,445.4,41.3,9.5,23.0,34.0,19.1,0.7,25.8,68.2,3.5,1.0,0.7,38.0,9.4,>95%,>95%
07X001,P.S. 001 Courtlandt School,Bronx,7,3K-5,390,126,436.7,25.4,6.3,12.4,125,444.4,42.4,4.8,24.3,33.9,18.4,0.0,20.8,75.9,1.5,0.8,0.5,23.6,19.5,>95%,>95%
12X150,P.S. 150 Charles James Fox,Bronx,12,PK-5,477,208,433.8,26.4,5.8,14.7,214,443.8,41.1,8.4,22.9,33.8,18.8,0.4,23.7,72.1,2.5,0.4,0.8,31.7,26.4,>95%,>95%
27Q223,P.S. 223 Lyndon B. Johnson,Queens,27,3K-5,500,215,434.6,27.9,9.8,18.1,215,444.6,39.5,12.1,20.4,33.7,19.2,11.8,40.0,37.4,2.0,1.4,7.4,23.8,21.2,90.0,84.8
17K181,P.S. 181 Brooklyn,Brooklyn,17,3K-8,592,331,437.8,28.7,8.5,19.3,334,443.0,38.6,9.9,18.6,33.7,19.0,1.7,76.7,13.7,3.4,0.8,3.7,26.4,14.5,85.8,87.0
11X087,P.S. 087 Bronx,Bronx,11,K-5,349,154,438.8,32.5,9.7,26.8,158,443.9,34.8,8.9,13.2,33.6,20.0,4.0,49.6,37.0,1.1,2.6,5.4,22.1,9.2,86.2,80.8
03M185,The Locke School of Arts and Engineering,Manhattan,3,3K-5,333,75,438.9,32.0,9.3,26.1,77,441.7,35.1,10.4,13.6,33.5,19.8,3.9,32.1,31.8,21.6,9.9,0.6,21.3,1.8,54.1,58.4
10X386,School for Environmental Citizenship,Bronx,10,3K-5,562,237,438.8,29.1,11.4,20.1,241,441.4,37.8,7.5,17.4,33.4,18.8,2.3,11.0,84.3,1.2,0.7,0.4,21.0,20.6,>95%,>95%
01M034,P.S. 034 Franklin D. Roosevelt,Manhattan,1,3K-8,154,111,437.5,27.0,5.4,15.9,93,442.5,39.8,2.2,20.5,33.4,18.2,0.6,40.9,55.8,1.9,0.0,0.0,31.8,10.4,>95%,>95%
06M028,P.S. 028 Wright Brothers,Manhattan,6,3K-5,366,162,436.2,25.3,6.2,12.3,169,445.2,41.4,11.2,23.2,33.4,17.7,1.1,14.5,77.6,5.5,0.5,0.8,30.9,34.7,92.1,92.3
10X008,P.S. 008 Isaac Varian,Bronx,10,3K-5,624,275,438.7,29.1,9.1,20.0,282,443.3,37.6,7.4,17.1,33.3,18.5,8.0,9.5,76.1,4.8,0.8,0.8,24.4,26.4,89.7,90.6
11X112,P.S. 112 Bronxwood,Bronx,11,3K-5,346,147,432.8,25.9,4.1,12.9,145,442.0,40.7,4.8,21.9,33.3,17.4,0.6,36.4,60.4,0.9,0.6,1.2,37.6,11.3,>95%,92.0
05M175,P.S. 175 Henry H Garnet,Manhattan,5,3K-5,295,119,437.5,24.4,11.8,10.4,121,443.6,42.1,9.1,23.9,33.3,17.2,1.7,49.8,37.3,8.1,1.7,1.0,21.7,15.6,88.8,90.4
16K081,P.S. 081 Thaddeus Stevens,Brooklyn,16,3K-5,177,62,436.3,27.4,9.7,16.8,64,440.5,39.1,6.2,19.3,33.2,18.1,4.5,38.4,52.5,2.8,0.6,1.1,28.8,14.1,92.1,93.3
04M375,Mosaic Preparatory Academy,Manhattan,4,3K-5,194,83,438.7,27.7,8.4,17.5,83,444.9,38.6,12.0,18.3,33.1,17.9,0.5,33.5,58.2,3.6,1.5,2.6,32.0,19.6,94.8,>95%
12X195,P.S. 195,Bronx,12,3K-5,671,317,433.6,22.1,8.2,7.3,324,444.4,43.8,7.4,27.3,33.0,17.3,2.5,11.0,83.6,0.3,0.9,1.6,20.9,34.7,92.8,92.4
32K384,P.S. /I.S. 384 Frances E. Carter,Brooklyn,32,3K-8,349,202,439.0,30.7,9.4,23.2,180,440.8,35.0,4.4,13.4,32.8,18.3,0.3,12.9,83.4,1.7,0.9,0.9,30.1,22.9,90.0,89.9
05M200,P.S. 200- The James McCune Smith School,Manhattan,5,3K-5,310,125,438.3,34.4,5.6,31.1,125,438.6,31.2,5.6,9.6,32.8,20.4,1.0,57.4,31.6,3.2,1.3,5.5,36.1,7.1,>95%,>95%
06M048,P.S. 048 P.O. Michael J. Buczek,Manhattan,6,3K-5,376,139,435.8,24.5,9.4,10.8,146,445.7,41.1,8.9,22.7,32.8,16.7,0.0,3.2,87.5,7.7,1.3,0.3,37.5,32.4,88.0,83.3
03M241,STEM Institute of Manhattan,Manhattan,3,3K-5,137,59,435.6,27.1,3.4,16.3,60,438.0,38.3,5.0,18.1,32.7,17.2,1.5,55.5,36.5,4.4,0.7,1.5,30.7,19.0,89.8,88.1
09X070,P.S. 070 Max Schoenfeld,Bronx,9,3K-5,730,296,432.9,17.2,3.4,2.8,309,446.8,48.2,6.8,36.1,32.7,19.5,0.8,17.7,80.3,0.4,0.3,0.4,26.3,27.7,>95%,>95%
14K016,P.S. 016 Leonard Dunkly,Brooklyn,14,3K-5,168,62,438.9,30.6,3.2,23.0,61,442.5,34.4,4.9,12.5,32.5,17.8,0.6,34.5,56.0,3.6,2.4,3.0,35.7,7.1,89.3,90.1
21K288,P.S. 288 The Shirley Tanyhill,Brooklyn,21,PK-8,413,235,439.3,30.2,9.4,22.0,222,441.5,34.7,9.5,13.1,32.4,17.5,1.5,60.8,32.0,4.4,0.0,1.5,32.0,4.6,92.5,>95%
05M129,P.S. 129 John H. Finley,Manhattan,5,3K-5,193,72,438.5,31.9,11.1,25.9,73,437.2,32.9,2.7,11.2,32.4,18.5,6.2,38.3,51.8,2.6,1.0,0.0,26.9,22.3,92.2,92.3
04M037,River East Elementary,Manhattan,4,3K-5,234,90,439.4,27.8,8.9,17.7,87,443.0,36.8,14.9,15.9,32.3,16.8,2.1,31.2,59.4,5.1,2.1,0.0,32.9,9.8,85.9,90.1
10X054,P.S./I.S. 54,Bronx,10,PK-5,327,122,437.9,28.7,8.2,19.1,123,444.3,35.8,8.9,14.5,32.2,16.8,1.8,17.1,76.1,1.5,1.5,1.8,24.5,21.7,93.9,94.0
05M194,P.S. 194 Countee Cullen,Manhattan,5,PK-5,143,69,431.0,23.2,1.4,8.6,73,441.2,41.1,2.7,22.7,32.1,15.7,2.1,50.3,41.3,4.2,1.4,0.7,37.1,9.1,>95%,>95%
06M008,P.S. 008 Luis Belliard,Manhattan,6,3K-5,367,133,434.2,21.8,3.8,6.8,144,446.1,42.4,9.7,24.2,32.1,15.5,1.6,7.9,84.5,4.4,0.8,0.5,23.4,32.7,94.8,92.8
04M108,P.S. 108 Assemblyman Angelo Del Toro Educational C,Manhattan,4,3K-8,311,204,438.0,27.9,8.3,18.2,209,441.0,35.9,6.2,14.6,31.9,16.4,2.9,27.3,65.0,2.6,1.9,0.3,28.3,17.4,93.6,93.8
01M140,P.S. 140 Nathan Straus,Manhattan,1,3K-8,276,199,434.9,28.6,9.0,19.0,182,440.5,35.2,7.1,13.8,31.9,16.4,1.1,18.5,76.8,2.2,1.1,0.0,37.0,30.1,92.8,94.3
10X091,P.S. 091 Bronx,Bronx,10,K-5,337,130,436.2,26.9,3.1,15.5,136,440.8,36.8,5.1,15.6,31.8,15.6,4.7,12.8,76.9,3.0,0.9,1.8,38.0,34.7,>95%,93.7
10X291,P.S. 291,Bronx,10,K-5,259,138,438.5,26.1,10.1,13.8,141,444.7,37.6,9.9,17.1,31.8,15.4,0.0,6.9,90.7,1.9,0.0,0.4,37.5,22.8,>95%,93.8
06M348,Washington Heights Expeditionary Learning School,Manhattan,6,PK-12,857,310,438.9,32.6,9.0,27.3,306,439.2,31.0,6.9,9.3,31.8,18.3,1.3,3.5,91.6,2.2,0.9,0.1,24.7,21.9,86.0,87.5
24Q330,Helen M. Marshall School,Queens,24,K-5,433,223,432.1,23.3,3.1,9.1,224,445.0,40.2,8.0,21.0,31.7,15.0,3.0,2.3,92.6,0.9,0.5,0.7,25.6,49.9,>95%,92.3
09X055,P.S. 055 Benjamin Franklin,Bronx,9,3K-5,488,199,436.1,27.1,11.6,16.5,201,440.2,36.3,7.0,15.0,31.7,15.7,0.4,40.0,57.6,1.2,0.4,0.4,24.4,6.6,>95%,>95%
31R031,P.S. 031 William T. Davis,Staten Island,31,3K-5,346,142,437.0,24.6,5.6,11.3,137,443.6,38.7,7.3,18.7,31.7,15.0,2.9,50.6,38.2,4.0,4.0,0.3,43.4,7.5,94.8,>95%
32K299,P.S. 299 Thomas Warren Field,Brooklyn,32,3K-5,206,90,435.6,30.0,8.9,21.5,90,440.3,33.3,4.4,11.5,31.7,16.5,0.5,26.2,68.4,3.9,1.0,0.0,22.3,35.4,91.7,93.8
11X016,P.S. 016 Wakefield,Bronx,11,PK-5,345,136,434.9,29.4,5.9,20.5,145,441.2,33.8,8.3,12.0,31.6,16.3,3.8,33.9,55.1,2.3,0.6,4.3,17.7,24.3,>95%,94.5
06M153,P.S. 153 Adam Clayton Powell,Manhattan,6,3K-5,390,130,436.4,27.7,10.8,17.4,138,442.5,35.5,7.2,14.1,31.6,15.7,1.0,22.3,68.2,5.1,2.3,1.0,20.0,23.8,87.7,90.0
17K012,Dr. Jacqueline Peek-Davis School,Brooklyn,17,3K-5,235,87,437.2,32.2,1.1,26.4,84,439.6,31.0,4.8,9.0,31.6,17.7,2.6,66.0,24.3,5.5,0.4,1.3,24.3,8.9,90.6,89.9
09X163,P.S. 163 Arthur A. Schomburg,Bronx,9,3K-5,331,153,434.4,26.1,7.2,14.2,155,440.9,36.8,3.2,15.7,31.5,15.0,0.3,34.4,63.7,0.9,0.0,0.6,23.6,27.5,>95%,>95%
32K086,P.S. 086 The Irvington,Brooklyn,32,K-5,315,133,434.9,23.3,4.5,9.0,135,444.8,39.3,8.9,19.8,31.3,14.4,0.6,1.0,94.3,1.9,1.0,1.3,25.1,58.4,>95%,>95%
04M057,James Weldon Johnson,Manhattan,4,3K-8,426,287,437.2,31.0,7.0,23.6,289,440.3,31.5,4.5,10.4,31.2,17.0,1.9,19.5,74.9,2.6,0.2,0.9,25.8,21.8,>95%,94.9
10X095,P.S. 095 Sheila Mencher,Bronx,10,K-8,832,580,439.0,31.9,11.7,25.7,543,438.7,30.2,4.8,7.8,31.0,16.8,5.2,19.1,71.5,2.6,0.8,0.6,25.5,23.8,90.3,90.5
08X152,P.S. 152 Evergreen,Bronx,8,3K-5,593,278,433.9,24.8,5.8,11.9,280,441.2,37.1,8.2,16.4,31.0,14.1,0.8,12.5,83.6,1.5,0.5,1.0,25.6,39.6,>95%,>95%
24Q211,Elm Tree Elementary School,Queens,24,PK-5,840,400,432.6,22.0,4.8,7.2,409,443.8,39.9,8.1,20.6,30.9,13.9,4.3,5.1,86.3,3.3,0.0,1.0,22.0,57.3,94.9,91.9
22K251,P.S. 251 Paerdegat,Brooklyn,22,PK-5,323,160,435.3,30.6,8.8,22.9,157,440.2,31.2,5.7,9.7,30.9,16.3,4.3,69.3,11.1,2.2,1.9,11.1,27.9,9.6,83.6,81.6
27Q042,P.S./M.S 042 R. Vernam,Queens,27,3K-8,623,370,436.1,26.5,7.8,14.9,365,440.8,35.3,6.8,14.0,30.9,14.4,1.6,61.2,32.6,1.3,2.2,1.1,27.6,6.3,91.5,90.6
09X011,P.S. 011 Highbridge,Bronx,9,3K-5,390,145,435.6,20.7,1.4,5.8,144,443.0,41.0,6.9,22.3,30.8,14.0,0.0,27.4,71.3,1.0,0.0,0.3,28.2,24.4,92.8,>95%
19K007,P.S. 007 Abraham Lincoln,Brooklyn,19,3K-5,564,271,433.4,24.7,6.3,11.7,279,441.0,36.9,6.1,16.0,30.8,13.8,5.9,6.9,84.2,1.2,0.0,1.8,22.2,33.2,94.9,85.3
29Q147,P.S./M.S. 147 Ronald McNair,Queens,29,PK-8,399,283,437.9,35.0,10.2,32.1,282,436.2,26.2,1.8,5.9,30.6,19.0,4.0,71.7,19.0,1.0,0.8,3.3,24.6,11.3,72.9,69.7
10X046,P.S. 046 Edgar Allan Poe,Bronx,10,3K-5,592,289,435.3,27.0,9.0,15.7,297,440.7,34.0,9.4,12.3,30.5,14.0,1.7,16.9,76.9,2.4,0.5,1.4,31.2,32.3,93.9,>95%
18K272,P.S. 272 Curtis Estabrook,Brooklyn,18,3K-5,377,158,438.2,24.1,7.0,10.1,158,441.9,36.7,5.1,15.2,30.4,12.7,3.7,69.0,19.1,3.2,1.1,4.0,24.4,10.3,90.5,91.1
09X053,P.S. 053 Basheer Quisim,Bronx,9,3K-5,595,239,434.1,23.8,4.6,9.5,245,442.9,36.7,10.2,15.4,30.3,12.4,1.0,28.9,68.2,0.7,0.3,0.7,25.7,32.8,94.3,95.0
04M964,Central Park East II,Manhattan,4,3K-8,381,126,437.5,32.5,4.8,27.0,125,436.7,28.0,4.0,6.8,30.3,16.9,2.9,27.3,60.9,5.5,2.4,1.0,36.2,19.2,82.7,88.5
05M197,P.S. 197 John B. Russwurm,Manhattan,5,3K-5,206,83,437.1,22.9,7.2,8.1,85,441.2,37.6,5.9,17.3,30.3,12.7,0.5,58.7,35.0,4.9,1.0,0.0,39.3,14.6,91.7,93.0
12X196,P.S. 196,Bronx,12,3K-5,672,293,435.1,24.9,5.1,12.0,298,441.1,35.6,7.0,14.2,30.2,13.1,2.5,11.2,83.3,1.3,0.6,1.0,24.3,37.6,93.2,94.3
22K361,P.S. 361 East Flatbush Early Childhood School,Brooklyn,22,K-5,361,111,437.8,27.0,2.7,15.9,108,444.4,33.3,4.6,11.5,30.2,13.7,4.7,67.6,23.0,2.2,0.8,1.7,31.9,15.8,90.3,90.9
10X363,Academy For Personal Leadership And Excellence,Bronx,10,K-8,838,752,439.6,33.5,11.6,29.3,764,437.5,26.8,4.7,6.4,30.2,17.9,1.4,14.9,81.4,1.4,0.2,0.6,26.8,26.5,92.7,95.0
15K001,P.S. 001 The Bergen,Brooklyn,15,PK-5,605,278,434.1,21.2,5.0,6.1,281,443.1,38.8,5.3,19.1,30.0,12.6,2.8,0.8,92.9,3.3,0.2,0.0,24.0,48.4,87.1,87.4
27Q183,P.S. 183 Dr. Richard R. Green,Queens,27,3K-8,405,241,437.0,29.0,7.9,19.6,239,439.3,31.0,7.1,9.1,30.0,14.3,5.9,54.1,31.9,3.5,1.7,2.7,32.3,6.2,93.6,94.8
11X078,P.S. 078 Anne Hutchinson,Bronx,11,PK-5,626,268,438.2,24.6,4.9,11.1,278,441.5,34.5,7.2,12.9,29.6,12.0,2.9,51.6,40.1,3.4,1.0,1.1,24.1,11.0,91.2,91.0
13K093,P.S. 093 William H. Prescott,Brooklyn,13,3K-5,155,61,436.1,27.9,4.9,17.8,61,436.4,31.1,1.6,9.5,29.5,13.6,14.8,67.7,10.3,5.2,0.0,1.9,26.5,13.5,>95%,94.0
11X041,P.S. 041 Gun Hill Road,Bronx,11,K-5,619,304,435.6,24.7,7.6,11.4,313,440.2,33.9,8.9,12.2,29.3,11.8,2.6,39.6,54.0,1.5,0.8,1.6,26.5,19.4,>95%,93.8
24Q143,P.S. 143 Louis Armstrong,Queens,24,3K-5,1227,623,431.1,19.3,4.2,4.4,622,443.6,39.2,8.7,19.6,29.2,12.0,1.5,1.6,95.2,1.1,0.1,0.5,24.8,68.1,91.6,91.2
02M001,P.S. 001 Alfred E. Smith,Manhattan,2,3K-5,216,106,432.5,25.5,6.6,12.8,109,440.7,32.1,11.0,10.6,28.8,11.7,26.9,19.0,46.8,2.3,3.7,1.4,33.8,31.0,90.7,88.7
10X009,P.S. 9 Ryer Avenue Elementary School,Bronx,10,PK-5,472,204,436.4,26.0,4.9,13.3,209,440.3,31.6,6.7,10.5,28.8,11.9,1.1,16.5,79.0,2.3,0.6,0.4,22.9,36.0,94.9,94.6
06M018,P.S. 018 Park Terrace,Manhattan,6,K-8,190,131,434.4,26.0,4.6,13.2,140,441.1,31.4,5.7,10.1,28.7,11.7,0.0,6.3,91.1,0.0,2.1,0.5,31.1,32.6,94.2,94.8
01M020,P.S. 020 Anna Silver,Manhattan,1,3K-5,279,122,433.0,28.7,8.2,19.1,123,437.3,28.5,4.1,7.0,28.6,13.1,16.8,16.5,55.2,6.1,4.7,0.7,25.1,28.0,81.0,81.7
15K516,Sunset Park Avenues Elementary School,Brooklyn,15,PK-5,317,139,434.8,26.6,10.1,15.0,141,437.4,30.5,5.0,8.2,28.6,11.6,4.7,0.6,79.8,11.4,3.2,0.0,24.6,35.3,80.1,83.1
11X189,Cornerstone Academy for Social Action,Bronx,11,3K-5,252,107,433.7,19.6,6.5,4.6,107,440.5,37.4,8.4,16.9,28.5,10.8,4.0,36.9,56.7,0.4,0.8,1.2,34.1,14.3,94.4,93.3
19K273,P.S. 273 Wortman,Brooklyn,19,3K-5,322,131,435.9,24.4,7.6,10.6,129,438.0,32.6,0.8,11.0,28.5,10.8,0.6,61.8,36.0,0.9,0.3,0.3,27.6,5.6,85.4,86.9
31R020,P.S. 020 Port Richmond,Staten Island,31,K-5,252,138,434.0,22.5,5.1,7.8,142,439.1,34.5,4.9,12.8,28.5,10.3,3.2,12.3,78.6,4.0,1.2,0.8,35.3,49.2,89.3,89.8
12X214,P.S. 214,Bronx,12,PK-8,766,502,432.5,26.3,5.8,14.5,501,438.0,30.5,5.8,8.3,28.4,11.4,3.4,19.2,74.5,1.2,1.2,0.3,21.4,22.6,93.2,93.3
09X114,P.S. X114 - Luis Llorens Torres Schools,Bronx,9,3K-5,436,169,434.8,26.0,8.9,13.6,183,435.6,30.6,5.5,8.5,28.3,11.0,5.7,18.8,71.1,2.5,0.9,0.9,29.6,27.5,>95%,>95%
31R078,P.S. 78,Staten Island,31,PK-5,400,216,434.7,20.4,5.1,5.6,210,442.3,36.2,3.8,14.7,28.3,10.2,3.8,41.2,49.0,3.2,1.5,1.3,48.0,10.5,94.5,>95%
32K274,P.S. 274 Kosciusko,Brooklyn,32,PK-5,245,115,434.0,19.1,6.1,4.2,118,443.6,37.3,6.8,16.6,28.2,10.4,1.2,16.7,75.5,3.7,1.2,1.6,21.6,40.0,>95%,92.1
01M064,P.S. 064 Robert Simon,Manhattan,1,3K-5,121,47,437.4,27.7,2.1,17.2,49,441.7,28.6,4.1,7.2,28.1,12.2,0.0,20.7,71.9,4.1,2.5,0.0,43.0,5.8,87.6,87.0
19K290,P.S. 290 Juan Morel Campos,Brooklyn,19,PK-5,359,170,433.3,21.2,3.5,6.0,177,441.7,34.5,8.5,12.7,27.8,9.3,1.4,16.7,79.7,0.8,0.8,0.3,27.3,40.4,>95%,91.3
09X132,P.S. 132 Garret A. Morgan,Bronx,9,3K-5,368,141,433.5,21.3,3.5,6.3,146,438.6,34.2,6.8,12.4,27.8,9.3,0.0,43.2,54.3,1.1,0.5,0.8,31.5,18.2,93.5,>95%
07X030,P.S. 030 Wilton,Bronx,7,3K-5,345,137,435.4,23.4,5.8,9.2,137,436.1,32.1,2.2,10.8,27.7,10.0,0.9,25.2,69.9,0.6,2.6,0.6,30.7,24.1,94.8,>95%
31R057,P.S. 057 Hubert H. Humphrey,Staten Island,31,3K-5,361,175,435.9,24.0,6.3,10.0,178,436.5,31.5,3.4,10.2,27.7,10.1,8.6,43.8,39.6,4.2,2.2,1.7,38.0,17.7,88.1,89.3
10X360,P.S. 360,Bronx,10,3K-5,316,138,434.5,23.9,6.5,9.8,142,435.7,31.0,3.5,9.2,27.4,9.5,1.9,7.9,88.9,0.9,0.0,0.3,26.3,21.8,92.7,90.3
05M123,P.S. 123 Mahalia Jackson,Manhattan,5,3K-8,344,178,435.9,29.8,6.2,20.9,184,435.7,25.0,3.8,5.1,27.4,13.0,2.0,54.1,37.2,4.9,0.6,1.2,27.6,25.3,>95%,>95%
31R074,P.S. 74 Future Leaders Elementary School,Staten Island,31,PK-5,243,108,432.6,24.1,9.3,10.2,111,439.3,30.6,7.2,8.6,27.4,9.4,7.8,32.1,55.1,3.3,1.2,0.4,44.0,16.9,>95%,>95%
24Q014,P.S. 014 Fairview,Queens,24,K-5,868,508,431.5,21.1,4.7,5.9,518,440.3,33.6,7.3,11.8,27.3,8.8,2.6,0.9,92.1,2.3,0.3,1.7,21.5,53.7,91.9,88.1
15K024,P.S. 024,Brooklyn,15,PK-5,455,206,434.4,25.2,7.8,12.2,211,437.0,29.4,3.3,7.4,27.3,9.8,3.7,2.9,85.9,5.7,0.9,0.9,33.0,45.1,90.1,86.8
22K119,P.S. 119 Amersfort,Brooklyn,22,PK-5,388,184,435.9,23.9,4.3,9.8,184,439.3,30.4,6.0,8.1,27.2,8.9,28.4,44.8,18.0,5.7,0.8,1.8,22.4,13.9,80.4,79.5
10X094,P.S. 094 Kings College School,Bronx,10,K-5,665,366,433.1,21.9,9.0,6.9,374,439.2,32.4,7.2,10.9,27.1,8.9,12.2,12.0,71.9,1.4,0.8,1.8,28.6,28.0,94.7,93.0
23K184,P.S. 184 Newport,Brooklyn,23,3K-8,403,248,435.1,25.4,5.6,12.5,251,438.2,28.3,6.0,6.9,26.8,9.7,1.0,65.5,31.3,0.5,0.7,0.7,37.0,7.2,>95%,94.8
32K116,P.S. 116 Elizabeth L Farrell,Brooklyn,32,3K-5,288,129,429.9,18.6,6.2,4.0,126,444.4,34.9,8.7,13.3,26.8,8.6,1.4,4.9,91.7,1.0,0.3,0.3,20.5,48.3,90.6,89.3
32K106,P.S. 106 Edward Everett Hale,Brooklyn,32,3K-5,295,142,432.0,16.9,6.3,2.2,142,440.6,36.6,5.6,15.1,26.8,8.6,1.7,6.4,89.2,1.7,0.0,0.7,31.5,28.5,88.1,90.8
09X170,P.S. 170,Bronx,9,3K-3,164,26,434.6,15.4,0.0,1.5,27,440.1,37.0,0.0,16.3,26.2,8.9,0.0,18.3,76.8,1.2,0.6,3.0,35.4,23.2,92.1,94.6
07X018,P.S. 018 John Peter Zenger,Bronx,7,PK-5,287,125,433.7,21.6,4.8,6.5,125,438.2,30.4,4.0,7.9,26.0,7.2,1.0,34.1,56.8,5.9,1.0,1.0,35.2,22.6,>95%,>95%
12X006,P.S. 006 West Farms,Bronx,12,PK-5,453,177,434.9,23.2,6.8,8.5,182,438.5,28.6,4.9,7.2,25.9,7.8,0.4,23.4,74.0,1.1,0.4,0.7,32.5,14.3,>95%,>95%
10X032,P.S. 032 Belmont,Bronx,10,PK-5,511,234,435.5,24.8,7.7,11.8,236,437.2,26.3,3.4,6.1,25.5,9.0,0.4,20.4,74.2,2.2,1.0,2.0,31.9,19.6,93.3,>95%
12X134,P.S. 134 George F. Bristow,Bronx,12,3K-5,439,184,434.1,29.3,8.7,20.4,190,432.1,21.6,2.6,2.9,25.5,11.7,0.2,33.0,62.6,1.4,1.8,0.9,34.6,14.1,>95%,>95%
27Q043,P.S. 043,Queens,27,3K-8,555,282,434.6,25.9,5.3,13.1,252,435.3,25.0,3.6,5.1,25.4,9.1,2.5,53.3,40.2,2.2,0.5,1.1,31.9,8.6,93.9,94.0
10X077,Bedford Park Elementary School,Bronx,10,PK-5,416,183,431.5,20.2,4.9,5.1,186,438.4,30.1,8.1,7.7,25.2,6.4,17.5,5.0,69.5,6.0,0.2,1.7,23.8,31.2,86.3,90.4
06M098,P.S. 098 Shorac Kappock,Manhattan,6,3K-5,298,87,431.9,16.1,4.6,1.8,89,439.6,33.7,9.0,11.9,24.9,6.9,0.7,8.1,84.6,5.4,1.3,0.0,22.8,27.2,86.9,82.9
12X300,The School of Science and Applied Learning,Bronx,12,3K-5,331,162,432.9,24.7,7.4,11.5,165,435.3,24.8,2.4,4.7,24.8,8.1,0.0,33.2,65.0,1.2,0.0,0.6,31.1,13.0,>95%,>95%
12X047,P.S. 047 John Randolph,Bronx,12,K-5,758,377,434.7,23.9,6.4,9.6,386,438.1,25.1,4.1,5.5,24.5,7.6,18.7,17.0,59.8,1.3,0.7,2.5,22.0,34.7,93.7,92.2
17K399,P.S. 399 Stanley Eugene Clark,Brooklyn,17,K-5,155,63,435.4,27.0,1.6,15.6,60,434.4,21.7,0.0,3.1,24.3,9.3,0.6,64.5,27.7,3.2,1.3,2.6,21.3,21.9,>95%,90.3
14K196,P.S. 196 Ten Eyck,Brooklyn,14,3K-5,260,111,435.9,26.1,5.4,14.0,111,432.9,22.5,5.4,3.8,24.3,8.9,1.2,22.3,70.4,3.1,2.3,0.4,28.5,9.2,83.8,88.3
28Q182,P.S. 182 Samantha Smith,Queens,28,3K-5,798,361,431.9,21.9,8.3,7.0,358,436.5,26.5,7.8,6.3,24.2,6.7,21.9,12.5,59.6,1.8,1.0,3.1,18.3,44.5,92.9,88.5
15K015,P.S. 015 Patrick F. Daly,Brooklyn,15,3K-5,382,125,433.9,22.4,8.8,7.7,123,434.9,26.0,2.4,5.8,24.2,6.7,2.1,36.1,44.0,15.2,2.6,0.0,51.8,8.4,89.8,78.5
19K089,P.S. 089 Cypress Hills,Brooklyn,19,3K-8,410,264,429.1,17.0,4.5,2.6,275,440.4,30.9,4.4,8.8,24.0,5.7,0.2,1.0,98.8,0.0,0.0,0.0,29.3,47.1,90.7,88.8
04M155,P.S. 155 William Paca,Manhattan,4,3K-5,171,62,426.9,17.7,4.8,3.1,61,434.1,29.5,6.6,7.6,23.6,5.3,2.9,9.9,80.7,0.6,0.6,5.3,28.1,32.7,>95%,93.4
23K178,P.S. 178 Saint Clair Mckelway,Brooklyn,23,3K-8,346,159,433.5,19.5,4.4,4.5,120,434.9,27.5,0.0,6.6,23.5,5.5,1.2,60.7,33.5,2.9,1.2,0.6,18.8,18.2,>95%,93.2
12X057,P.S. 057 Crescent,Bronx,12,PK-5,323,163,432.6,24.5,7.4,10.9,165,433.2,22.4,1.8,3.7,23.5,7.3,1.2,34.1,60.4,1.5,1.5,1.2,29.1,16.1,>95%,>95%
04M072,The Lexington Academy,Manhattan,4,3K-8,382,236,434.5,21.6,5.9,6.7,232,435.5,25.0,1.7,5.1,23.3,5.9,1.0,18.8,76.2,3.1,0.0,0.8,37.4,8.9,>95%,>95%
13K307,P.S. 307 Daniel Hale Williams,Brooklyn,13,3K-5,277,102,434.1,21.6,5.9,6.4,100,438.3,25.0,9.0,5.1,23.3,5.7,4.0,49.5,33.9,8.7,2.9,1.1,43.3,5.1,82.7,83.6
14K059,P.S. 059 The Dawn Best School,Brooklyn,14,3K-5,244,110,434.3,24.5,3.6,11.0,110,432.5,20.9,0.9,2.6,22.7,6.8,1.2,48.4,47.5,0.8,0.4,1.6,25.0,12.3,93.9,>95%
14K157,P.S./I.S. 157 The Benjamin Franklin Health & Scien,Brooklyn,14,3K-8,278,129,433.9,23.3,8.5,8.8,127,433.6,22.0,3.9,3.3,22.7,6.1,1.1,14.4,75.9,5.4,2.5,0.7,27.0,29.5,85.3,86.5
24Q016,P.S. Q016 The Nancy DeBenedittis School,Queens,24,K-5,917,542,428.4,13.3,3.9,0.8,550,440.1,31.3,5.1,10.0,22.3,5.4,1.0,0.4,97.1,1.0,0.0,0.5,20.4,58.2,>95%,>95%
13K044,P.S. 044 Marcus Garvey,Brooklyn,13,3K-5,133,51,427.7,13.7,5.9,1.2,52,435.9,30.8,5.8,8.7,22.2,4.9,1.5,59.4,21.1,13.5,0.0,4.5,28.6,15.8,89.5,87.0
04M038,P.S. 38 Roberto Clemente,Manhattan,4,3K-5,166,42,432.5,16.7,2.4,2.0,40,434.8,27.5,2.5,6.6,22.1,4.3,3.0,34.9,55.4,3.0,1.8,1.2,32.5,19.9,>95%,>95%
31R046,P.S. 046 Albert V. Maniscalco,Staten Island,31,3K-5,162,63,433.3,23.8,7.9,9.3,64,431.7,20.3,0.0,2.4,22.1,5.9,15.4,17.3,37.7,25.9,3.7,0.0,39.5,15.4,88.3,86.6
27Q333,Goldie Maple Academy,Queens,27,PK-8,307,160,435.3,24.4,5.6,10.5,157,432.3,19.7,2.5,1.9,22.1,6.2,2.0,66.8,26.7,1.3,2.0,1.3,31.6,4.2,87.3,92.1
24Q019,P.S. 019 Marino Jeantet,Queens,24,PK-5,1378,666,430.0,18.3,3.5,3.7,659,436.4,25.0,3.8,5.4,21.7,4.5,1.3,0.1,95.8,1.3,0.1,1.5,29.0,71.6,94.2,89.5
04M007,P.S. 007 Samuel Stern,Manhattan,4,3K-8,340,204,434.2,23.0,6.4,8.3,197,433.7,20.3,3.0,2.3,21.7,5.3,1.2,30.6,61.8,2.9,1.2,2.4,46.5,10.3,94.1,93.3
16K243,P.S. 243K- The Weeksville School,Brooklyn,16,3K-5,188,67,433.3,17.9,7.5,3.2,67,436.1,25.4,4.5,5.6,21.6,4.4,3.7,66.0,28.2,0.0,2.1,0.0,29.8,10.6,89.9,91.8
31R018,P.S. 018 John G. Whittier,Staten Island,31,3K-5,311,118,431.8,20.3,4.2,5.5,119,435.4,22.7,1.7,4.0,21.5,4.7,2.6,35.0,54.0,5.5,1.0,1.6,37.3,17.0,92.6,90.8
29Q052,P.S. 052 Queens,Queens,29,PK-5,273,102,433.7,22.5,4.9,7.9,103,432.6,19.4,2.9,1.7,21.0,4.8,5.5,50.2,34.1,4.4,2.9,2.9,24.9,24.5,90.5,85.9
27Q106,Lighthouse Elementary School,Queens,27,PK-5,160,66,435.4,19.7,9.1,4.7,65,432.7,21.5,0.0,2.7,20.6,3.7,1.9,56.2,36.9,1.9,2.5,0.6,38.7,6.9,>95%,>95%
32K075,P.S. 075 Mayda Cortiella,Brooklyn,32,3K-5,170,74,432.9,20.3,0.0,5.2,74,431.9,20.3,0.0,2.2,20.3,3.7,1.8,15.3,76.5,4.1,0.6,1.8,19.4,15.9,>95%,94.4
09X042,P.S. 042 Claremont,Bronx,9,3K-5,318,137,431.9,18.2,2.2,3.5,140,433.9,22.1,2.1,3.5,20.2,3.5,0.6,33.3,63.5,1.9,0.3,0.3,39.3,25.8,>95%,>95%
15K124,P.S. 124 Silas B. Dutcher,Brooklyn,15,3K-5,279,99,430.6,23.2,4.0,8.7,100,431.6,17.0,6.0,0.9,20.1,4.8,4.3,20.4,54.1,15.1,5.4,0.7,33.3,21.5,75.3,75.2
27Q045,P.S. 045 Clarence Witherspoon,Queens,27,3K-5,445,147,428.7,17.0,6.1,2.4,151,434.3,23.2,2.0,4.2,20.1,3.3,7.9,33.3,50.3,0.9,2.5,5.2,14.4,37.1,89.0,88.3
10X051,The Bronx STEM and Arts Academy,Bronx,10,3K-5,158,45,438.0,20.0,8.9,4.9,45,435.5,20.0,4.4,2.0,20.0,3.5,1.3,27.8,65.8,3.2,0.6,1.3,17.1,11.4,94.3,95.0
09X109,P.S. 109 Sedgwick,Bronx,9,3K-5,444,153,427.9,13.1,2.6,0.6,160,434.3,26.2,1.2,6.0,19.7,3.3,0.2,20.7,76.8,1.4,0.5,0.2,25.0,21.2,92.8,>95%
09X058,P.S. 058,Bronx,9,3K-5,290,118,429.5,16.9,0.8,2.3,121,432.9,22.3,0.8,3.6,19.6,2.9,1.0,24.8,71.7,2.1,0.0,0.3,26.2,35.5,>95%,>95%
01M134,P.S. 134 Henrietta Szold,Manhattan,1,3K-5,156,69,431.6,20.3,0.0,5.4,74,432.8,18.9,1.4,1.3,19.6,3.3,4.5,32.7,57.7,2.6,1.9,0.0,41.7,15.4,92.9,>95%
10X059,P.S. 059 The Community School of Technology,Bronx,10,3K-5,362,162,428.9,15.4,3.7,1.7,156,432.6,23.7,3.8,4.5,19.6,3.1,0.3,26.2,70.7,1.7,0.3,0.8,34.8,26.0,>95%,>95%
27Q105,P.S. 105 The Bay School,Queens,27,3K-8,604,360,430.8,17.5,3.1,2.9,357,433.2,21.6,1.4,2.8,19.5,2.9,2.8,49.7,43.7,1.3,0.7,1.8,36.3,10.1,>95%,>95%
09X274,The New American Academy at Roberto Clemente State,Bronx,9,PK-5,298,156,430.0,15.4,0.6,1.5,158,432.1,23.4,1.3,4.4,19.4,2.9,1.3,36.2,57.4,3.0,1.0,1.0,29.5,10.7,>95%,>95%
16K308,P.S. 308 Clara Cardwell,Brooklyn,16,3K-8,180,94,431.7,20.2,5.3,5.0,94,430.9,18.1,0.0,1.2,19.1,3.1,0.6,69.4,23.3,5.0,1.1,0.6,33.9,7.2,91.1,93.9
27Q253,The Randolph Holder School for Social Justice,Queens,27,3K-5,571,255,431.9,18.0,3.9,3.3,252,432.8,19.0,2.8,1.4,18.5,2.4,3.5,30.8,60.4,2.1,0.9,1.9,34.3,20.1,>95%,92.0
09X073,P.S. 073 Bronx,Bronx,9,3K-5,274,109,430.1,13.8,1.8,1.3,113,436.1,23.0,0.0,4.1,18.4,2.7,0.0,27.7,71.2,0.4,0.0,0.7,31.8,22.3,>95%,94.9
03M191,The Riverside School for Makers and Artists,Manhattan,3,3K-8,378,148,427.3,18.9,3.4,4.1,116,431.8,17.2,0.0,1.0,18.1,2.6,5.8,22.2,60.6,10.1,0.8,0.5,29.4,26.5,87.0,88.7
23K298,P.S. 298 Dr. Betty Shabazz,Brooklyn,23,3K-5,318,124,428.3,16.1,3.2,1.9,128,431.4,19.5,1.6,1.8,17.8,1.9,0.6,60.7,37.1,0.3,0.0,1.3,28.6,11.3,>95%,>95%
04M096,P.S. 096 Joseph Lanzetta,Manhattan,4,3K-8,322,203,429.7,13.3,3.4,0.9,203,435.1,21.7,2.5,3.2,17.5,2.0,1.6,22.7,70.8,3.4,0.3,0.9,27.3,30.1,>95%,>95%
31R044,P.S. 044 Thomas C. Brown,Staten Island,31,3K-5,457,195,427.3,10.3,1.5,0.4,194,434.0,24.2,1.5,4.6,17.2,2.5,3.3,38.5,49.9,5.9,1.3,0.9,39.8,6.6,93.0,93.1
03M242,P.S. 242 - The Young Diplomats Magnet Academy,Manhattan,3,PK-5,110,49,430.3,18.4,6.1,3.8,51,432.1,15.7,9.8,0.8,17.0,2.3,1.8,40.9,53.6,1.8,1.8,0.0,20.0,38.2,>95%,>95%
10X023,P.S. 023 The New Children's School,Bronx,10,3K-5,330,137,428.9,18.2,2.2,3.5,139,429.9,15.1,1.4,0.5,16.7,2.0,0.9,23.3,73.0,0.6,0.3,1.5,34.2,24.8,91.8,>95%
09X311,Lucero Elementary School,Bronx,9,K-5,280,171,424.0,13.5,2.9,1.0,176,432.3,19.3,0.6,1.5,16.4,1.3,1.1,8.9,87.5,1.1,0.7,0.7,29.3,52.1,>95%,94.6
30Q111,P.S. 111 Jacob Blackwell,Queens,30,PK-8,491,252,425.3,17.1,4.8,2.7,259,428.8,15.4,1.9,0.6,16.3,1.7,3.1,30.5,63.5,1.2,0.4,1.2,18.7,51.5,>95%,>95%
08X333,The Longwood Academy of Discovery,Bronx,8,3K-5,443,193,428.7,12.4,1.6,0.5,197,426.9,12.2,0.0,0.4,12.3,0.4,0.5,24.4,72.5,0.9,1.1,0.7,31.8,21.2,>95%,>95%
07X642,South Bronx Literacy Academy,Bronx,7,2-5,116,82,426.3,8.5,3.7,0.3,81,423.8,4.9,0.0,0.1,6.7,0.2,0.0,29.3,66.4,3.4,0.0,0.9,49.1,20.7,85.3,88.4
17K969,Central Brooklyn Literacy Academy (CBLA),Brooklyn,17,2-3,37,20,423.4,0.0,0.0,0.1,20,422.5,5.0,0.0,0.3,2.5,0.2,0.0,59.5,32.4,0.0,2.7,5.4,67.6,5.4,78.4,80.3
