{"type":"FeatureCollection","features":[{"type":"Feature","geometry":{"type":"MultiPolygon","coordinates":[[[[-73.5115,40.5999],[-73.5115,40.602],[-73.5133,40.6026],[-73.5179,40.5997],[-73.5284,40.5996],[-73.538,40.5962],[-73.542,40.5968],[-73.5453,40.5939],[-73.5478,40.5937],[-73.5491,40.5859],[-73.5115,40.5922],[-73.5115,40.5999]]],[[[-73.5115,40.6042],[-73.5114,40.6046],[-73.5118,40.6042],[-73.5115,40.6042]]],[[[-73.527,40.6052],[-73.5299,40.6063],[-73.5301,40.6053],[-73.527,40.6052]]],[[[-73.5278,40.6073],[-73.5266,40.6078],[-73.531,40.6091],[-73.5338,40.6121],[-73.5358,40.6105],[-73.5321,40.6072],[-73.5278,40.6073]]],[[[-73.5115,40.6124],[-73.5115,40.6141],[-73.5127,40.6136],[-73.5115,40.6124]]],[[[-73.5165,40.6045],[-73.5115,40.6115],[-73.5185,40.6149],[-73.5249,40.6034],[-73.5165,40.6045]]],[[[-73.537,40.6105],[-73.5338,40.6148],[-73.539,40.6163],[-73.5441,40.6142],[-73.542,40.6121],[-73.5425,40.6107],[-73.54,40.6094],[-73.537,40.6105]]],[[[-73.5114,40.616],[-73.5123,40.6164],[-73.5126,40.6158],[-73.5114,40.616]]],[[[-73.5429,40.6096],[-73.5465,40.6161],[-73.5509,40.6173],[-73.5531,40.6148],[-73.5534,40.6109],[-73.5499,40.6059],[-73.5479,40.6054],[-73.5459,40.6005],[-73.5316,40.6042],[-73.5321,40.6064],[-73.537,40.6103],[-73.5388,40.6088],[-73.5429,40.6096]]],[[[-73.5254,40.6169],[-73.5295,40.6174],[-73.5241,40.6139],[-73.5254,40.6169]]],[[[-73.524,40.6135],[-73.5314,40.6178],[-73.5321,40.6118],[-73.5294,40.61],[-73.5262,40.6082],[-73.524,40.6135]]],[[[-73.5114,40.6174],[-73.5114,40.6188],[-73.515,40.6177],[-73.5114,40.6174]]],[[[-73.5194,40.6173],[-73.5209,40.6193],[-73.5233,40.6177],[-73.5209,40.6164],[-73.5194,40.6173]]],[[[-73.5542,40.6179],[-73.5564,40.6208],[-73.5574,40.621],[-73.5542,40.6179]]],[[[-73.5399,40.617],[-73.5462,40.6215],[-73.5495,40.6205],[-73.5449,40.6163],[-73.5399,40.617]]],[[[-73.5324,40.6202],[-73.5334,40.6232],[-73.5353,40.6224],[-73.5343,40.6201],[-73.5324,40.6202]]],[[[-73.5327,40.6187],[-73.5381,40.6233],[-73.5392,40.6212],[-73.5365,40.6198],[-73.5378,40.6178],[-73.5334,40.6158],[-73.5327,40.6187]]],[[[-73.5346,40.6231],[-73.5378,40.6242],[-73.5381,40.6235],[-73.5346,40.6231]]],[[[-73.5157,40.6254],[-73.5198,40.6261],[-73.5211,40.6247],[-73.522,40.6218],[-73.5185,40.6185],[-73.5141,40.6235],[-73.5171,40.6243],[-73.515,40.624],[-73.5157,40.6254]]],[[[-73.5402,40.6263],[-73.5413,40.627],[-73.5422,40.6261],[-73.5402,40.6263]]],[[[-73.5227,40.6232],[-73.5262,40.6253],[-73.5254,40.6271],[-73.5271,40.6271],[-73.5273,40.6254],[-73.5325,40.6249],[-73.5304,40.6206],[-73.5245,40.6191],[-73.5223,40.6191],[-73.5227,40.6232]]],[[[-73.5244,40.6274],[-73.5258,40.6258],[-73.5222,40.6241],[-73.5199,40.6267],[-73.5244,40.6274]]],[[[-73.5413,40.6231],[-73.5423,40.6271],[-73.5445,40.6275],[-73.551,40.6235],[-73.5526,40.6207],[-73.5496,40.618],[-73.5502,40.6206],[-73.546,40.6218],[-73.5451,40.6208],[-73.5413,40.6231]]],[[[-73.5377,40.6277],[-73.5409,40.627],[-73.5395,40.6249],[-73.5435,40.6199],[-73.539,40.6169],[-73.5354,40.6166],[-73.5381,40.6177],[-73.5369,40.6196],[-73.5396,40.6211],[-73.5378,40.6245],[-73.5341,40.6228],[-73.5377,40.6277]]],[[[-73.5276,40.6258],[-73.5286,40.6286],[-73.5325,40.6266],[-73.5276,40.6258]]],[[[-73.5114,40.621],[-73.5126,40.6275],[-73.5217,40.629],[-73.5139,40.6246],[-73.5147,40.6204],[-73.5114,40.621]]],[[[-73.5424,40.6313],[-73.5426,40.6296],[-73.5406,40.6307],[-73.5424,40.6313]]],[[[-73.5313,40.6302],[-73.5322,40.6314],[-73.5333,40.6302],[-73.5327,40.6267],[-73.5269,40.6305],[-73.5288,40.6293],[-73.5313,40.6302]]],[[[-73.5363,40.6325],[-73.5389,40.6322],[-73.5387,40.6314],[-73.5363,40.6325]]],[[[-73.5551,40.6341],[-73.5585,40.6273],[-73.5533,40.6303],[-73.5524,40.6332],[-73.5554,40.6314],[-73.5551,40.6341]]],[[[-73.5471,40.6269],[-73.5431,40.6295],[-73.5463,40.6343],[-73.5487,40.6307],[-73.5489,40.6265],[-73.5471,40.6269]]],[[[-73.5534,40.6357],[-73.5542,40.6362],[-73.5543,40.6351],[-73.5534,40.6357]]],[[[-73.5464,40.636],[-73.5489,40.6363],[-73.5503,40.6335],[-73.5486,40.6339],[-73.5522,40.6314],[-73.5516,40.6338],[-73.553,40.63],[-73.5584,40.6266],[-73.5579,40.6237],[-73.5552,40.6219],[-73.5498,40.627],[-73.5497,40.6318],[-73.548,40.6357],[-73.5464,40.636]]],[[[-73.549,40.6376],[-73.5491,40.6373],[-73.5484,40.6373],[-73.549,40.6376]]],[[[-73.5173,40.6396],[-73.5171,40.6407],[-73.5177,40.6405],[-73.5173,40.6396]]],[[[-73.5283,40.6432],[-73.5295,40.6435],[-73.5289,40.6425],[-73.5283,40.6432]]],[[[-73.5162,40.6438],[-73.5166,40.6433],[-73.5159,40.6431],[-73.5162,40.6438]],[[-73.5295,40.6443],[-73.5304,40.645],[-73.5285,40.6436],[-73.5295,40.6443]]],[[[-73.5306,40.6456],[-73.5308,40.6453],[-73.5308,40.6449],[-73.5306,40.6456]]],[[[-73.5664,40.6454],[-73.5671,40.6456],[-73.5674,40.6433],[-73.5664,40.6454]]],[[[-73.5319,40.7064],[-73.5442,40.7058],[-73.5532,40.7006],[-73.5767,40.6943],[-73.5723,40.6811],[-73.5732,40.6691],[-73.5663,40.6599],[-73.5646,40.6477],[-73.5667,40.6428],[-73.5645,40.641],[-73.5598,40.6297],[-73.555,40.6356],[-73.557,40.6357],[-73.5594,40.6391],[-73.5569,40.6408],[-73.5572,40.6441],[-73.5471,40.6377],[-73.5443,40.6386],[-73.5447,40.645],[-73.5435,40.6452],[-73.5487,40.6508],[-73.544,40.6462],[-73.5449,40.6499],[-73.5435,40.6465],[-73.5426,40.647],[-73.5448,40.6515],[-73.544,40.6528],[-73.5397,40.6436],[-73.5407,40.644],[-73.5392,40.6426],[-73.5343,40.6426],[-73.5346,40.6395],[-73.5312,40.6382],[-73.5293,40.6416],[-73.5347,40.6486],[-73.5327,40.6489],[-73.5334,40.6546],[-73.5329,40.647],[-73.5279,40.6433],[-73.5261,40.643],[-73.5256,40.6463],[-73.5204,40.6388],[-73.5165,40.6426],[-73.5193,40.6441],[-73.518,40.6483],[-73.52,40.6536],[-73.5174,40.6558],[-73.5206,40.6608],[-73.5208,40.6725],[-73.5241,40.6805],[-73.5211,40.6824],[-73.5298,40.6986],[-73.5319,40.7064]]]]},"properties":{"name":"Bellmore-Merrick Central High School District"}},{"type":"Feature","geometry":{"type":"Polygon","coordinates":[[[-73.6707,40.7341],[-73.6609,40.7357],[-73.6599,40.7426],[-73.68,40.7547],[-73.689,40.7547],[-73.6937,40.7432],[-73.7005,40.7391],[-73.7079,40.7278],[-73.7303,40.7222],[-73.727,40.7107],[-73.7259,40.6832],[-73.7149,40.6776],[-73.7104,40.6827],[-73.7061,40.6837],[-73.6875,40.6954],[-73.6868,40.6941],[-73.6735,40.6906],[-73.6668,40.6918],[-73.663,40.6935],[-73.6629,40.6955],[-73.6601,40.6955],[-73.6576,40.7057],[-73.6557,40.7073],[-73.6578,40.7084],[-73.6575,40.7106],[-73.6557,40.7104],[-73.6554,40.715],[-73.6512,40.7167],[-73.6707,40.7177],[-73.6711,40.7166],[-73.6829,40.7166],[-73.6825,40.7248],[-73.6796,40.7276],[-73.68,40.731],[-73.6707,40.7341]]]},"properties":{"name":"Sewanhaka Central High School District"}},{"type":"Feature","geometry":{"type":"Polygon","coordinates":[[[-73.6845,40.6933],[-73.6875,40.6954],[-73.6898,40.6943],[-73.7061,40.6837],[-73.7104,40.6827],[-73.7149,40.6776],[-73.7257,40.6834],[-73.7283,40.6631],[-73.7249,40.6535],[-73.714,40.6516],[-73.7074,40.6485],[-73.7013,40.6506],[-73.6899,40.65],[-73.6814,40.6537],[-73.6898,40.6573],[-73.688,40.6619],[-73.6908,40.6628],[-73.6743,40.6723],[-73.6756,40.6732],[-73.6736,40.6776],[-73.6751,40.6781],[-73.6672,40.6829],[-73.6676,40.6924],[-73.6735,40.6906],[-73.6845,40.6933]]]},"properties":{"name":"Valley Stream Central High School District"}},{"type":"Feature","geometry":{"type":"MultiPolygon","coordinates":[[[[-73.5115,40.5999],[-73.5115,40.602],[-73.5133,40.6026],[-73.5179,40.5997],[-73.528,40.5996],[-73.5282,40.5894],[-73.5115,40.5922],[-73.5115,40.5999]]],[[[-73.5115,40.6042],[-73.5114,40.6046],[-73.5118,40.6042],[-73.5115,40.6042]]],[[[-73.527,40.6052],[-73.5277,40.6062],[-73.5279,40.6048],[-73.527,40.6052]]],[[[-73.5266,40.6078],[-73.5277,40.6081],[-73.5276,40.6074],[-73.5266,40.6078]]],[[[-73.5115,40.6124],[-73.5115,40.6141],[-73.5127,40.6136],[-73.5115,40.6124]]],[[[-73.524,40.6135],[-73.5277,40.6149],[-73.5277,40.6091],[-73.5262,40.6082],[-73.524,40.6135]]],[[[-73.5165,40.6045],[-73.5115,40.6115],[-73.5185,40.6149],[-73.5249,40.6034],[-73.5165,40.6045]]],[[[-73.5114,40.616],[-73.5123,40.6164],[-73.5126,40.6158],[-73.5114,40.616]]],[[[-73.5254,40.6169],[-73.5276,40.6172],[-73.5277,40.6153],[-73.5241,40.6139],[-73.5254,40.6169]]],[[[-73.5114,40.6174],[-73.5114,40.6188],[-73.515,40.6177],[-73.5114,40.6174]]],[[[-73.5194,40.6173],[-73.5209,40.6193],[-73.5233,40.6177],[-73.5209,40.6164],[-73.5194,40.6173]]],[[[-73.5157,40.6254],[-73.5198,40.6261],[-73.5211,40.6247],[-73.522,40.6218],[-73.5185,40.6185],[-73.5141,40.6235],[-73.5171,40.6243],[-73.515,40.624],[-73.5157,40.6254]]],[[[-73.5276,40.6258],[-73.5275,40.6264],[-73.5277,40.6254],[-73.5276,40.6258]]],[[[-73.5326,40.6267],[-73.5327,40.6269],[-73.5327,40.6267],[-73.5326,40.6267]]],[[[-73.5262,40.6253],[-73.5254,40.6271],[-73.5303,40.6251],[-73.5276,40.6251],[-73.5275,40.6199],[-73.5223,40.6191],[-73.5227,40.6232],[-73.5262,40.6253]]],[[[-73.5244,40.6274],[-73.5258,40.6258],[-73.5222,40.6241],[-73.5199,40.6267],[-73.5244,40.6274]]],[[[-73.5114,40.621],[-73.5126,40.6275],[-73.5217,40.629],[-73.5139,40.6246],[-73.5147,40.6204],[-73.5114,40.621]],[[-73.5277,40.6299],[-73.5269,40.6305],[-73.5288,40.6293],[-73.5313,40.6302],[-73.5277,40.6299]]],[[[-73.5173,40.6396],[-73.5171,40.6407],[-73.5177,40.6405],[-73.5173,40.6396]]],[[[-73.5283,40.6432],[-73.5295,40.6435],[-73.5289,40.6425],[-73.5283,40.6432]]],[[[-73.5162,40.6438],[-73.5166,40.6433],[-73.5159,40.6431],[-73.5162,40.6438]]],[[[-73.5294,40.6421],[-73.5308,40.644],[-73.5312,40.6442],[-73.5294,40.6421]],[[-73.5295,40.6443],[-73.5304,40.645],[-73.5285,40.6436],[-73.5295,40.6443]]],[[[-73.5306,40.6456],[-73.5308,40.6453],[-73.5308,40.6449],[-73.5306,40.6456]]],[[[-73.5326,40.6449],[-73.5336,40.6468],[-73.533,40.6442],[-73.5313,40.6442],[-73.5326,40.6449]]],[[[-73.5208,40.6725],[-73.5214,40.6737],[-73.544,40.6707],[-73.5438,40.6681],[-73.5473,40.6677],[-73.5456,40.665],[-73.5401,40.6621],[-73.536,40.649],[-73.5339,40.6478],[-73.5347,40.6486],[-73.5327,40.6489],[-73.5334,40.6546],[-73.5329,40.647],[-73.5261,40.643],[-73.5256,40.6463],[-73.5204,40.6388],[-73.5165,40.6426],[-73.5193,40.6441],[-73.518,40.6483],[-73.52,40.6536],[-73.5174,40.6558],[-73.5206,40.6608],[-73.5208,40.6725]]]]},"properties":{"name":"Bellmore Union Free School District"}},{"type":"Feature","geometry":{"type":"Polygon","coordinates":[[[-73.6829,40.7166],[-73.6825,40.7248],[-73.6797,40.7284],[-73.6936,40.7272],[-73.6926,40.7238],[-73.6888,40.7234],[-73.6891,40.718],[-73.6905,40.7187],[-73.6925,40.7129],[-73.6963,40.7134],[-73.6992,40.7162],[-73.7047,40.7129],[-73.7082,40.7136],[-73.7075,40.7161],[-73.7105,40.7179],[-73.7138,40.7179],[-73.7151,40.7161],[-73.7198,40.7163],[-73.7197,40.7186],[-73.7224,40.7209],[-73.7292,40.7192],[-73.7269,40.71],[-73.7259,40.6832],[-73.7149,40.6776],[-73.7104,40.6827],[-73.7061,40.6837],[-73.6981,40.6896],[-73.6866,40.6951],[-73.6851,40.7084],[-73.6833,40.7083],[-73.6829,40.7166]]]},"properties":{"name":"Elmont Union Free School District"}},{"type":"Feature","geometry":{"type":"Polygon","coordinates":[[[-73.6936,40.7272],[-73.694,40.7308],[-73.7005,40.7391],[-73.7079,40.7278],[-73.7303,40.7222],[-73.7292,40.7192],[-73.7224,40.7209],[-73.7197,40.7186],[-73.7198,40.7163],[-73.7151,40.7161],[-73.7138,40.7179],[-73.7105,40.7179],[-73.7075,40.7161],[-73.7082,40.7136],[-73.7047,40.7129],[-73.6992,40.7162],[-73.6963,40.7134],[-73.6925,40.7129],[-73.6905,40.7187],[-73.6891,40.718],[-73.6888,40.7234],[-73.6926,40.7238],[-73.6936,40.7272]]]},"properties":{"name":"Floral Park-Bellerose Union Free School District"}},{"type":"Feature","geometry":{"type":"Polygon","coordinates":[[[-73.6557,40.7073],[-73.6578,40.7084],[-73.6575,40.7106],[-73.6557,40.7104],[-73.6554,40.715],[-73.6511,40.7164],[-73.652,40.7173],[-73.6829,40.7166],[-73.6833,40.7083],[-73.6851,40.7084],[-73.6869,40.6942],[-73.6739,40.6906],[-73.6668,40.6918],[-73.663,40.6935],[-73.6629,40.6955],[-73.6601,40.6955],[-73.6576,40.7057],[-73.6557,40.7073]]]},"properties":{"name":"Franklin Square Union Free School District"}},{"type":"Feature","geometry":{"type":"MultiPolygon","coordinates":[[[[-73.528,40.5981],[-73.5284,40.5996],[-73.538,40.5962],[-73.542,40.5968],[-73.5453,40.5939],[-73.5478,40.5937],[-73.5491,40.5859],[-73.5282,40.5894],[-73.528,40.5981]]],[[[-73.5279,40.6049],[-73.5282,40.6067],[-73.5299,40.6063],[-73.5279,40.6049]]],[[[-73.5278,40.6073],[-73.5338,40.6121],[-73.5358,40.6105],[-73.5321,40.6072],[-73.5278,40.6073]]],[[[-73.537,40.6105],[-73.5338,40.6148],[-73.539,40.6163],[-73.5441,40.6142],[-73.542,40.6121],[-73.5425,40.6107],[-73.54,40.6094],[-73.537,40.6105]]],[[[-73.5429,40.6096],[-73.5465,40.6161],[-73.5509,40.6173],[-73.5531,40.6148],[-73.5534,40.6109],[-73.5499,40.6059],[-73.5479,40.6054],[-73.5459,40.6005],[-73.5316,40.6042],[-73.5321,40.6064],[-73.537,40.6103],[-73.5388,40.6088],[-73.5429,40.6096]]],[[[-73.5276,40.6172],[-73.5295,40.6174],[-73.5277,40.6153],[-73.5276,40.6172]]],[[[-73.5277,40.6118],[-73.5277,40.6149],[-73.5314,40.6178],[-73.5321,40.6118],[-73.5277,40.6091],[-73.5277,40.6118]]],[[[-73.5542,40.6179],[-73.5564,40.6208],[-73.5574,40.621],[-73.5542,40.6179]]],[[[-73.5399,40.617],[-73.5462,40.6215],[-73.5495,40.6205],[-73.5449,40.6163],[-73.5399,40.617]]],[[[-73.5324,40.6202],[-73.5334,40.6232],[-73.5353,40.6224],[-73.5343,40.6201],[-73.5324,40.6202]]],[[[-73.5327,40.6187],[-73.5381,40.6233],[-73.5392,40.6212],[-73.5365,40.6198],[-73.5378,40.6178],[-73.5334,40.6158],[-73.5327,40.6187]]],[[[-73.5346,40.6231],[-73.5378,40.6242],[-73.5381,40.6235],[-73.5346,40.6231]]],[[[-73.5276,40.6251],[-73.5325,40.6249],[-73.5304,40.6206],[-73.5275,40.6199],[-73.5276,40.6251]]],[[[-73.5277,40.6253],[-73.5277,40.6254],[-73.5294,40.6252],[-73.5277,40.6253]]],[[[-73.5402,40.6263],[-73.5413,40.627],[-73.5422,40.6261],[-73.5402,40.6263]]],[[[-73.5269,40.6267],[-73.5271,40.6271],[-73.5271,40.6266],[-73.5269,40.6267]]],[[[-73.5413,40.6231],[-73.5423,40.6271],[-73.5445,40.6275],[-73.551,40.6235],[-73.5526,40.6207],[-73.5496,40.618],[-73.5502,40.6206],[-73.546,40.6218],[-73.5451,40.6208],[-73.5413,40.6231]]],[[[-73.5377,40.6277],[-73.5409,40.627],[-73.5395,40.6249],[-73.5435,40.6199],[-73.539,40.6169],[-73.5354,40.6166],[-73.5381,40.6177],[-73.5369,40.6196],[-73.5396,40.6211],[-73.5378,40.6245],[-73.5341,40.6228],[-73.5377,40.6277]]],[[[-73.528,40.6259],[-73.5286,40.6286],[-73.5325,40.6266],[-73.528,40.6259]]],[[[-73.5424,40.6313],[-73.5426,40.6296],[-73.5406,40.6307],[-73.5424,40.6313]]],[[[-73.5308,40.6283],[-73.5284,40.6292],[-73.5322,40.6314],[-73.5326,40.6267],[-73.5308,40.6283]]],[[[-73.5363,40.6325],[-73.5389,40.6322],[-73.5387,40.6314],[-73.5363,40.6325]]],[[[-73.5551,40.6341],[-73.5585,40.6273],[-73.5533,40.6303],[-73.5524,40.6332],[-73.5554,40.6314],[-73.5551,40.6341]]],[[[-73.5471,40.6269],[-73.5431,40.6295],[-73.5463,40.6343],[-73.5487,40.6307],[-73.5489,40.6265],[-73.5471,40.6269]]],[[[-73.5534,40.6357],[-73.5542,40.6362],[-73.5543,40.6351],[-73.5534,40.6357]]],[[[-73.5464,40.636],[-73.5489,40.6363],[-73.5503,40.6335],[-73.5486,40.6339],[-73.5522,40.6314],[-73.5516,40.6338],[-73.553,40.63],[-73.5584,40.6266],[-73.5579,40.6237],[-73.5552,40.6219],[-73.5498,40.627],[-73.5497,40.6318],[-73.548,40.6357],[-73.5464,40.636]]],[[[-73.549,40.6376],[-73.5491,40.6373],[-73.5484,40.6373],[-73.549,40.6376]]],[[[-73.5664,40.6454],[-73.5671,40.6456],[-73.5674,40.6433],[-73.5664,40.6454]]],[[[-73.544,40.6707],[-73.5451,40.6736],[-73.5577,40.6699],[-73.5732,40.6691],[-73.5663,40.6599],[-73.5646,40.6477],[-73.5667,40.6428],[-73.5645,40.641],[-73.5598,40.6297],[-73.555,40.6356],[-73.557,40.6357],[-73.5594,40.6391],[-73.5569,40.6408],[-73.5572,40.6441],[-73.5471,40.6377],[-73.5443,40.6386],[-73.5447,40.645],[-73.5435,40.6452],[-73.5487,40.6508],[-73.544,40.6462],[-73.5449,40.6499],[-73.5435,40.6465],[-73.5426,40.647],[-73.5448,40.6515],[-73.544,40.6528],[-73.5398,40.643],[-73.5343,40.6426],[-73.5346,40.6395],[-73.5312,40.6382],[-73.5293,40.6416],[-73.5312,40.6442],[-73.533,40.6442],[-73.5339,40.6478],[-73.536,40.649],[-73.5401,40.6621],[-73.5471,40.6668],[-73.5438,40.6681],[-73.544,40.6707]]]]},"properties":{"name":"Merrick Union Free School District"}},{"type":"Feature","geometry":{"type":"Polygon","coordinates":[[[-73.6599,40.7426],[-73.68,40.7547],[-73.6871,40.7549],[-73.6904,40.7529],[-73.6937,40.7432],[-73.7005,40.7391],[-73.694,40.7308],[-73.6936,40.7272],[-73.687,40.7268],[-73.6797,40.7284],[-73.68,40.731],[-73.6713,40.734],[-73.6609,40.7357],[-73.6599,40.7426]]]},"properties":{"name":"New Hyde Park-Garden City Park Union Free School District"}},{"type":"Feature","geometry":{"type":"Polygon","coordinates":[[[-73.5261,40.6918],[-73.5319,40.7064],[-73.5442,40.7058],[-73.5532,40.7006],[-73.5611,40.6988],[-73.5558,40.6943],[-73.5564,40.6879],[-73.5546,40.6847],[-73.5504,40.684],[-73.5512,40.6786],[-73.5481,40.6785],[-73.5485,40.6725],[-73.5451,40.6736],[-73.544,40.6707],[-73.5214,40.6737],[-73.5241,40.6805],[-73.5211,40.6824],[-73.5261,40.6918]]]},"properties":{"name":"North Bellmore Union Free School District"}},{"type":"Feature","geometry":{"type":"Polygon","coordinates":[[[-73.5485,40.6725],[-73.5481,40.6785],[-73.5512,40.6786],[-73.5504,40.684],[-73.5546,40.6847],[-73.5564,40.6879],[-73.5558,40.6943],[-73.5611,40.6988],[-73.5767,40.6943],[-73.5723,40.6811],[-73.5732,40.6691],[-73.5577,40.6699],[-73.5485,40.6725]]]},"properties":{"name":"North Merrick Union Free School District"}},{"type":"Feature","geometry":{"type":"Polygon","coordinates":[[[-73.6866,40.6951],[-73.7123,40.6811],[-73.7133,40.6786],[-73.708,40.677],[-73.7078,40.675],[-73.7048,40.6755],[-73.7073,40.6701],[-73.7056,40.667],[-73.6908,40.6628],[-73.6743,40.6723],[-73.6756,40.6732],[-73.6736,40.6776],[-73.6751,40.6781],[-73.6672,40.6829],[-73.6676,40.6924],[-73.6739,40.6906],[-73.6868,40.6941],[-73.6866,40.6951]]]},"properties":{"name":"Valley Stream Union Free School District 13"}},{"type":"Feature","geometry":{"type":"Polygon","coordinates":[[[-73.7056,40.667],[-73.708,40.6677],[-73.7104,40.6601],[-73.7096,40.6584],[-73.7143,40.655],[-73.7227,40.6526],[-73.714,40.6516],[-73.7074,40.6485],[-73.7013,40.6506],[-73.6899,40.65],[-73.6814,40.6537],[-73.6898,40.6573],[-73.688,40.6619],[-73.7056,40.667]]]},"properties":{"name":"Valley Stream Union Free School District 24"}},{"type":"Feature","geometry":{"type":"Polygon","coordinates":[[[-73.7133,40.6786],[-73.7149,40.6776],[-73.7259,40.6832],[-73.7283,40.6631],[-73.7249,40.6535],[-73.7227,40.6526],[-73.7143,40.655],[-73.7096,40.6584],[-73.7104,40.6601],[-73.708,40.6677],[-73.7056,40.667],[-73.7073,40.6701],[-73.7048,40.6755],[-73.7078,40.675],[-73.708,40.677],[-73.7133,40.6786]]]},"properties":{"name":"Valley Stream Union Free School District 30"}},{"type":"Feature","geometry":{"type":"Polygon","coordinates":[[[-73.6498,40.78],[-73.6488,40.7853],[-73.6672,40.7817],[-73.6729,40.7774],[-73.6882,40.7791],[-73.6866,40.7666],[-73.6871,40.7549],[-73.68,40.7547],[-73.6616,40.7429],[-73.6572,40.7438],[-73.6579,40.7532],[-73.6451,40.7563],[-73.6511,40.7769],[-73.6498,40.78]]]},"properties":{"name":"Herricks Union Free School District"}},{"type":"Feature","geometry":{"type":"Polygon","coordinates":[[[-73.6556,40.6494],[-73.6526,40.6566],[-73.6619,40.6567],[-73.6667,40.6495],[-73.6721,40.6354],[-73.6765,40.6294],[-73.6714,40.6287],[-73.6687,40.6349],[-73.6702,40.6284],[-73.6675,40.6354],[-73.6696,40.6284],[-73.6614,40.6278],[-73.659,40.6345],[-73.6573,40.6352],[-73.6604,40.6366],[-73.6588,40.6397],[-73.6563,40.6406],[-73.658,40.6427],[-73.6563,40.643],[-73.6579,40.6436],[-73.6553,40.647],[-73.6556,40.6494]]]},"properties":{"name":"East Rockaway Union Free School District"}},{"type":"Feature","geometry":{"type":"Polygon","coordinates":[[[-73.6105,40.8027],[-73.6134,40.803],[-73.613,40.8004],[-73.6182,40.7926],[-73.6327,40.7807],[-73.6431,40.7805],[-73.6382,40.7502],[-73.6133,40.7605],[-73.6024,40.763],[-73.6013,40.7729],[-73.6054,40.7802],[-73.6017,40.7808],[-73.6027,40.7855],[-73.6039,40.7866],[-73.6065,40.7843],[-73.6099,40.7909],[-73.6083,40.7947],[-73.6105,40.8027]]]},"properties":{"name":"East Williston Union Free School District"}},{"type":"Feature","geometry":{"type":"Polygon","coordinates":[[[-73.437,40.7423],[-73.4629,40.7447],[-73.4686,40.7381],[-73.4641,40.7349],[-73.4757,40.7347],[-73.4744,40.7276],[-73.4722,40.7277],[-73.4702,40.7173],[-73.4679,40.7173],[-73.4689,40.706],[-73.4648,40.706],[-73.4644,40.6946],[-73.4292,40.7008],[-73.4302,40.7064],[-73.4246,40.7078],[-73.4158,40.7027],[-73.4142,40.7187],[-73.3916,40.713],[-73.3997,40.7386],[-73.4135,40.7423],[-73.436,40.737],[-73.437,40.7423]]]},"properties":{"name":"Farmingdale Union Free School District"}},{"type":"Feature","geometry":{"type":"Polygon","coordinates":[[[-73.637,40.6839],[-73.6324,40.6938],[-73.6365,40.6949],[-73.6412,40.7131],[-73.652,40.7111],[-73.6576,40.7057],[-73.6601,40.6955],[-73.6629,40.6955],[-73.663,40.6935],[-73.6677,40.6918],[-73.6677,40.682],[-73.6636,40.6816],[-73.6638,40.6805],[-73.637,40.6839]]]},"properties":{"name":"West Hempstead Union Free School District"}},{"type":"Feature","geometry":{"type":"MultiPolygon","coordinates":[[[[-73.477,40.6085],[-73.478,40.6093],[-73.4779,40.6082],[-73.477,40.6085]]],[[[-73.4673,40.6124],[-73.468,40.6117],[-73.4669,40.6117],[-73.4673,40.6124]]],[[[-73.4632,40.6127],[-73.4646,40.6135],[-73.4643,40.6126],[-73.4632,40.6127]]],[[[-73.4657,40.6136],[-73.4648,40.6142],[-73.4666,40.6134],[-73.4657,40.6136]]],[[[-73.4382,40.6153],[-73.4613,40.6123],[-73.4778,40.6072],[-73.4763,40.5983],[-73.4238,40.6092],[-73.4241,40.6148],[-73.4342,40.6106],[-73.4382,40.6153]]],[[[-73.4484,40.6148],[-73.4491,40.6153],[-73.4499,40.6146],[-73.4484,40.6148]]],[[[-73.4778,40.6101],[-73.4726,40.6133],[-73.4725,40.6153],[-73.4784,40.6122],[-73.4778,40.6101]]],[[[-73.4619,40.6154],[-73.4654,40.6147],[-73.4618,40.6137],[-73.4619,40.6154]]],[[[-73.4545,40.6169],[-73.4577,40.6155],[-73.4597,40.6167],[-73.4608,40.6133],[-73.4525,40.6143],[-73.4545,40.6169]]],[[[-73.4241,40.6154],[-73.4242,40.6171],[-73.4251,40.6165],[-73.4241,40.6154]]],[[[-73.4327,40.6138],[-73.4255,40.6154],[-73.4256,40.6176],[-73.4362,40.6156],[-73.4346,40.6124],[-73.4327,40.6138]]],[[[-73.4489,40.6178],[-73.4546,40.6179],[-73.4516,40.6143],[-73.4489,40.6178]]],[[[-73.4242,40.6172],[-73.425,40.618],[-73.4249,40.6172],[-73.4242,40.6172]]],[[[-73.4624,40.617],[-73.4612,40.6183],[-73.4637,40.6182],[-73.4648,40.6162],[-73.4624,40.617]]],[[[-73.4539,40.6186],[-73.4537,40.6199],[-73.4579,40.6165],[-73.4539,40.6186]]],[[[-73.4284,40.6217],[-73.4318,40.6202],[-73.4322,40.619],[-73.4305,40.6189],[-73.4312,40.6174],[-73.4241,40.6197],[-73.4243,40.6211],[-73.4284,40.6217]]],[[[-73.4772,40.6218],[-73.4781,40.6219],[-73.4779,40.6203],[-73.4772,40.6218]]],[[[-73.4772,40.6218],[-73.4762,40.6235],[-73.4781,40.6228],[-73.4772,40.6218]]],[[[-73.4778,40.6181],[-73.4698,40.6241],[-73.4761,40.6227],[-73.4787,40.6173],[-73.4778,40.6181]]],[[[-73.4783,40.6245],[-73.4771,40.6254],[-73.4785,40.6259],[-73.4783,40.6245]]],[[[-73.4593,40.6272],[-73.4594,40.6276],[-73.4607,40.6273],[-73.4593,40.6272]]],[[[-73.4372,40.626],[-73.4392,40.6281],[-73.4386,40.6254],[-73.4454,40.6263],[-73.4419,40.6233],[-73.4475,40.6238],[-73.4453,40.6224],[-73.4469,40.6203],[-73.4452,40.6196],[-73.4474,40.6196],[-73.4487,40.6156],[-73.4342,40.6173],[-73.4382,40.6204],[-73.434,40.6182],[-73.436,40.6222],[-73.4375,40.6221],[-73.4344,40.6251],[-73.4372,40.626]]],[[[-73.4294,40.632],[-73.4324,40.6318],[-73.4304,40.6313],[-73.4294,40.632]]],[[[-73.4453,40.6331],[-73.4474,40.6331],[-73.4441,40.6321],[-73.4453,40.6331]]],[[[-73.4737,40.6337],[-73.4808,40.6337],[-73.4788,40.6283],[-73.4723,40.6306],[-73.4737,40.6337]]],[[[-73.4336,40.6324],[-73.4354,40.6356],[-73.4388,40.633],[-73.4336,40.6324]]],[[[-73.4263,40.6352],[-73.4326,40.636],[-73.4342,40.6344],[-73.4262,40.634],[-73.4263,40.6352]]],[[[-73.4399,40.6376],[-73.4429,40.638],[-73.4458,40.6345],[-73.442,40.6327],[-73.4399,40.6376]]],[[[-73.4249,40.6379],[-73.425,40.6398],[-73.4297,40.6418],[-73.4309,40.6392],[-73.4352,40.6391],[-73.4348,40.6379],[-73.4249,40.6379]]],[[[-73.4782,40.6395],[-73.4792,40.6438],[-73.4826,40.6454],[-73.4813,40.6401],[-73.4782,40.6395]]],[[[-73.4763,40.6468],[-73.479,40.6458],[-73.4757,40.6451],[-73.4763,40.6468]]],[[[-73.482,40.6498],[-73.4839,40.6495],[-73.4828,40.646],[-73.4795,40.6466],[-73.4832,40.6478],[-73.482,40.6498]]],[[[-73.4329,40.699],[-73.4329,40.7005],[-73.4632,40.695],[-73.4664,40.6886],[-73.4817,40.6883],[-73.4824,40.6689],[-73.4811,40.6676],[-73.487,40.6574],[-73.4856,40.6502],[-73.4847,40.6519],[-73.48,40.6496],[-73.4741,40.6503],[-73.4721,40.6564],[-73.4699,40.6567],[-73.4663,40.6481],[-73.4639,40.6471],[-73.458,40.6484],[-73.4575,40.6514],[-73.4569,40.6501],[-73.4512,40.6535],[-73.4539,40.6548],[-73.452,40.6552],[-73.4528,40.6573],[-73.4545,40.6572],[-73.453,40.6576],[-73.453,40.6596],[-73.4508,40.6542],[-73.4485,40.6549],[-73.4482,40.6536],[-73.4296,40.65],[-73.4322,40.6569],[-73.432,40.6614],[-73.4308,40.6622],[-73.4325,40.6641],[-73.4331,40.6692],[-73.4307,40.6841],[-73.433,40.6905],[-73.4329,40.699]]]]},"properties":{"name":"Massapequa Union Free School District"}},{"type":"Feature","geometry":{"type":"Polygon","coordinates":[[[-73.6091,40.7207],[-73.609,40.7241],[-73.6171,40.743],[-73.6501,40.737],[-73.6508,40.738],[-73.68,40.731],[-73.6796,40.7276],[-73.6825,40.7248],[-73.6829,40.7167],[-73.652,40.7173],[-73.6511,40.7164],[-73.6554,40.715],[-73.6557,40.7104],[-73.6575,40.7106],[-73.6578,40.7084],[-73.6557,40.7073],[-73.6489,40.7122],[-73.6371,40.714],[-73.63,40.7175],[-73.6141,40.7211],[-73.6091,40.7207]]]},"properties":{"name":"Garden City Union Free School District"}},{"type":"Feature","geometry":{"type":"Polygon","coordinates":[[[-73.5749,40.6908],[-73.5872,40.6911],[-73.5945,40.6869],[-73.6014,40.6861],[-73.6028,40.6847],[-73.5991,40.6795],[-73.601,40.6748],[-73.5951,40.6745],[-73.5938,40.6685],[-73.5775,40.6697],[-73.5736,40.6716],[-73.5723,40.6805],[-73.5749,40.6908]]]},"properties":{"name":"Roosevelt Union Free School District"}},{"type":"Feature","geometry":{"type":"Polygon","coordinates":[[[-73.6211,40.8117],[-73.6265,40.8149],[-73.6251,40.8197],[-73.6266,40.8236],[-73.6284,40.8161],[-73.6466,40.8161],[-73.6483,40.8071],[-73.651,40.8042],[-73.6499,40.8011],[-73.6541,40.8077],[-73.6534,40.8128],[-73.6684,40.8048],[-73.669,40.7968],[-73.6629,40.7827],[-73.6488,40.7853],[-73.6498,40.78],[-73.6327,40.7807],[-73.6182,40.7926],[-73.6145,40.7973],[-73.6133,40.8031],[-73.6079,40.8032],[-73.6211,40.8117]]]},"properties":{"name":"Roslyn Union Free School District"}},{"type":"Feature","geometry":{"type":"Polygon","coordinates":[[[-73.5158,40.743],[-73.5355,40.7433],[-73.5409,40.7291],[-73.5263,40.7077],[-73.5319,40.7064],[-73.5261,40.6918],[-73.5026,40.6938],[-73.4941,40.6908],[-73.4821,40.6913],[-73.4854,40.7087],[-73.4928,40.7096],[-73.4934,40.711],[-73.4949,40.7101],[-73.4942,40.7199],[-73.5005,40.7179],[-73.5026,40.7189],[-73.5028,40.7223],[-73.5045,40.7225],[-73.5037,40.7256],[-73.5145,40.726],[-73.5142,40.7388],[-73.5158,40.743]]]},"properties":{"name":"Levittown Union Free School District"}},{"type":"Feature","geometry":{"type":"Polygon","coordinates":[[[-73.5601,40.7715],[-73.5889,40.7905],[-73.6039,40.7866],[-73.6017,40.7808],[-73.6054,40.7795],[-73.6013,40.7729],[-73.6024,40.763],[-73.5923,40.745],[-73.5866,40.7479],[-73.5496,40.7567],[-73.5505,40.765],[-73.5601,40.7715]]]},"properties":{"name":"Westbury Union Free School District"}},{"type":"Feature","geometry":{"type":"MultiPolygon","coordinates":[[[[-73.7055,40.6176],[-73.7055,40.6176],[-73.7056,40.6173],[-73.7055,40.6176]]],[[[-73.7171,40.6517],[-73.7249,40.6535],[-73.7285,40.651],[-73.7125,40.632],[-73.7124,40.6271],[-73.7057,40.6188],[-73.7043,40.6148],[-73.7011,40.6161],[-73.6998,40.6203],[-73.6921,40.6246],[-73.6914,40.627],[-73.691,40.6251],[-73.6938,40.6226],[-73.6877,40.6233],[-73.6931,40.6334],[-73.6921,40.6378],[-73.6909,40.6372],[-73.6922,40.6339],[-73.686,40.6251],[-73.6831,40.6266],[-73.6818,40.6258],[-73.6788,40.6283],[-73.6831,40.6402],[-73.6847,40.6404],[-73.6816,40.6441],[-73.6851,40.646],[-73.6836,40.6472],[-73.6868,40.6511],[-73.6924,40.6499],[-73.7013,40.6506],[-73.7074,40.6485],[-73.7084,40.65],[-73.7171,40.6517]]]]},"properties":{"name":"Hewlett-Woodmere Union Free School District"}},{"type":"Feature","geometry":{"type":"Polygon","coordinates":[[[-73.5284,40.9149],[-73.5481,40.9087],[-73.5662,40.9158],[-73.57,40.9154],[-73.5771,40.911],[-73.5944,40.9081],[-73.6001,40.9033],[-73.6083,40.9013],[-73.6129,40.9018],[-73.6157,40.8987],[-73.621,40.8982],[-73.6146,40.8748],[-73.5938,40.866],[-73.5927,40.8636],[-73.5907,40.857],[-73.5926,40.8569],[-73.5893,40.8433],[-73.5865,40.8425],[-73.5852,40.8397],[-73.5878,40.8372],[-73.5866,40.8243],[-73.5731,40.8176],[-73.5608,40.8091],[-73.5496,40.8209],[-73.5551,40.832],[-73.5555,40.8373],[-73.5517,40.8452],[-73.5485,40.8455],[-73.5488,40.8484],[-73.5635,40.8607],[-73.5573,40.874],[-73.5583,40.8769],[-73.555,40.8798],[-73.5572,40.8875],[-73.5578,40.8994],[-73.5673,40.8965],[-73.5668,40.892],[-73.5645,40.8917],[-73.5652,40.8901],[-73.5618,40.885],[-73.5643,40.8815],[-73.5688,40.8845],[-73.567,40.8865],[-73.5678,40.8879],[-73.5643,40.8878],[-73.5673,40.8885],[-73.5682,40.8915],[-73.5713,40.8927],[-73.5727,40.8959],[-73.572,40.8984],[-73.5735,40.9003],[-73.5756,40.8999],[-73.5758,40.9016],[-73.5787,40.9018],[-73.5787,40.9043],[-73.5784,40.9027],[-73.5734,40.9028],[-73.5709,40.9004],[-73.5657,40.8998],[-73.5589,40.9025],[-73.556,40.9069],[-73.5484,40.9036],[-73.5485,40.905],[-73.5405,40.9044],[-73.5409,40.9061],[-73.5364,40.9087],[-73.536,40.9108],[-73.534,40.9088],[-73.5304,40.9111],[-73.5284,40.9149]]]},"properties":{"name":"Locust Valley Central School District"}},{"type":"Feature","geometry":{"type":"Polygon","coordinates":[[[-73.503,40.7828],[-73.5037,40.7879],[-73.5186,40.7844],[-73.5461,40.7741],[-73.5601,40.7715],[-73.5505,40.765],[-73.5477,40.7436],[-73.5098,40.743],[-73.5107,40.7504],[-73.4991,40.7532],[-73.503,40.7828]]]},"properties":{"name":"Hicksville Union Free School District"}},{"type":"Feature","geometry":{"type":"Polygon","coordinates":[[[-73.4911,40.7321],[-73.4937,40.743],[-73.5158,40.743],[-73.5142,40.7388],[-73.5145,40.726],[-73.5037,40.7256],[-73.5045,40.7225],[-73.5028,40.7223],[-73.5026,40.7189],[-73.5005,40.7179],[-73.4942,40.7199],[-73.4949,40.7101],[-73.4932,40.7109],[-73.4928,40.7096],[-73.4859,40.7081],[-73.4911,40.7321]]]},"properties":{"name":"Island Trees Union Free School District"}},{"type":"Feature","geometry":{"type":"Polygon","coordinates":[[[-73.593,40.7472],[-73.6024,40.763],[-73.6133,40.7605],[-73.6251,40.7546],[-73.6237,40.7418],[-73.593,40.7472]]]},"properties":{"name":"Carle Place Union Free School District"}},{"type":"Feature","geometry":{"type":"Polygon","coordinates":[[[-73.5355,40.7433],[-73.5477,40.7436],[-73.5496,40.7567],[-73.5876,40.7476],[-73.5813,40.7331],[-73.5852,40.7294],[-73.5807,40.7176],[-73.5767,40.6943],[-73.5532,40.7006],[-73.5442,40.7058],[-73.5263,40.7077],[-73.5409,40.7291],[-73.5355,40.7433]]]},"properties":{"name":"East Meadow Union Free School District"}},{"type":"Feature","geometry":{"type":"Polygon","coordinates":[[[-73.497,40.849],[-73.5092,40.8522],[-73.5201,40.8518],[-73.5174,40.8457],[-73.5229,40.8443],[-73.5223,40.8248],[-73.5258,40.8174],[-73.53,40.8133],[-73.5308,40.8072],[-73.5318,40.8086],[-73.5344,40.804],[-73.5342,40.8022],[-73.5308,40.8008],[-73.5324,40.799],[-73.516,40.7916],[-73.5175,40.7846],[-73.5037,40.7879],[-73.503,40.7828],[-73.4923,40.7924],[-73.4898,40.79],[-73.4844,40.7949],[-73.4487,40.8044],[-73.4553,40.8409],[-73.4596,40.8398],[-73.4639,40.8413],[-73.4836,40.8369],[-73.489,40.8431],[-73.497,40.849]]]},"properties":{"name":"Syosset Central School District"}},{"type":"Feature","geometry":{"type":"MultiPolygon","coordinates":[[[[-73.5866,40.6254],[-73.5867,40.6254],[-73.5867,40.6253],[-73.5866,40.6254]]],[[[-73.5871,40.6274],[-73.5867,40.6291],[-73.5879,40.6292],[-73.5886,40.6268],[-73.5917,40.6265],[-73.5884,40.6251],[-73.5871,40.6274]]],[[[-73.6005,40.6807],[-73.6028,40.6847],[-73.6066,40.6806],[-73.6198,40.6812],[-73.6217,40.6685],[-73.618,40.6672],[-73.6217,40.6662],[-73.6216,40.6617],[-73.6193,40.66],[-73.6228,40.6574],[-73.6187,40.6536],[-73.616,40.6474],[-73.6173,40.6434],[-73.6163,40.6302],[-73.6159,40.6321],[-73.6098,40.6229],[-73.6051,40.6226],[-73.6046,40.6238],[-73.6047,40.6221],[-73.6023,40.6226],[-73.6022,40.6276],[-73.6006,40.6229],[-73.5993,40.6236],[-73.5982,40.6209],[-73.5946,40.6212],[-73.5933,40.6292],[-73.5974,40.6336],[-73.596,40.6345],[-73.5979,40.6349],[-73.5976,40.638],[-73.6015,40.6452],[-73.6038,40.6563],[-73.6028,40.6639],[-73.5929,40.6647],[-73.5951,40.6745],[-73.601,40.6748],[-73.5991,40.6795],[-73.6005,40.6807]]]]},"properties":{"name":"Baldwin Union Free School District"}},{"type":"Feature","geometry":{"type":"Polygon","coordinates":[[[-73.4629,40.7447],[-73.466,40.7567],[-73.4647,40.7621],[-73.4704,40.7682],[-73.4783,40.7694],[-73.5009,40.7676],[-73.4991,40.753],[-73.5107,40.7504],[-73.5098,40.743],[-73.4937,40.743],[-73.4911,40.7321],[-73.4748,40.7314],[-73.4757,40.7347],[-73.4641,40.7349],[-73.4686,40.7381],[-73.4629,40.7447]]]},"properties":{"name":"Bethpage Union Free School District"}},{"type":"Feature","geometry":{"type":"Polygon","coordinates":[[[-73.5505,40.8231],[-73.5502,40.8194],[-73.5608,40.8091],[-73.5731,40.8176],[-73.5866,40.8243],[-73.5864,40.8258],[-73.6132,40.8138],[-73.6211,40.8117],[-73.6079,40.8032],[-73.6105,40.8027],[-73.6083,40.7947],[-73.6099,40.7909],[-73.6065,40.7843],[-73.6006,40.7882],[-73.5889,40.7905],[-73.5601,40.7715],[-73.5461,40.7741],[-73.5175,40.7846],[-73.516,40.7916],[-73.5324,40.799],[-73.5308,40.8008],[-73.5342,40.8022],[-73.5318,40.8086],[-73.5308,40.8072],[-73.53,40.8133],[-73.5258,40.8174],[-73.5223,40.8248],[-73.5302,40.8244],[-73.5305,40.8233],[-73.5505,40.8231]]]},"properties":{"name":"Jericho Union Free School District"}},{"type":"Feature","geometry":{"type":"MultiPolygon","coordinates":[[[[-73.5481,40.5899],[-73.5478,40.5937],[-73.5541,40.5921],[-73.5507,40.5915],[-73.5509,40.5903],[-73.5549,40.5899],[-73.5556,40.5922],[-73.5643,40.5891],[-73.5671,40.5863],[-73.5687,40.5878],[-73.5701,40.5869],[-73.5689,40.5887],[-73.5727,40.5894],[-73.571,40.5845],[-73.5629,40.5841],[-73.5668,40.5835],[-73.5491,40.5859],[-73.5481,40.5899]]],[[[-73.5535,40.6057],[-73.5538,40.6086],[-73.5569,40.6099],[-73.5683,40.6072],[-73.5657,40.6007],[-73.5515,40.5995],[-73.5535,40.6057]]],[[[-73.5653,40.6093],[-73.5677,40.6102],[-73.569,40.6081],[-73.5653,40.6093]]],[[[-73.5535,40.6133],[-73.5541,40.6115],[-73.5534,40.6109],[-73.5535,40.6133]]],[[[-73.5585,40.6144],[-73.5597,40.6151],[-73.5601,40.6144],[-73.5585,40.6144]]],[[[-73.5603,40.6156],[-73.5645,40.6154],[-73.5639,40.6138],[-73.5603,40.6156]]],[[[-73.5649,40.6179],[-73.5662,40.6185],[-73.5651,40.6173],[-73.5649,40.6179]]],[[[-73.5664,40.6179],[-73.5731,40.6215],[-73.5722,40.6188],[-73.5687,40.6178],[-73.574,40.6145],[-73.5695,40.612],[-73.5649,40.614],[-73.5628,40.6168],[-73.5664,40.6179]]],[[[-73.5707,40.616],[-73.5691,40.618],[-73.5728,40.6186],[-73.5755,40.6228],[-73.578,40.6178],[-73.5748,40.6147],[-73.5707,40.616]]],[[[-73.5584,40.6266],[-73.5588,40.6243],[-73.5579,40.6237],[-73.5584,40.6266]]],[[[-73.5589,40.6273],[-73.5586,40.6277],[-73.559,40.6278],[-73.5589,40.6273]]],[[[-73.5624,40.6299],[-73.5705,40.6249],[-73.5712,40.622],[-73.5571,40.6149],[-73.5544,40.6159],[-73.5542,40.6179],[-73.5587,40.6213],[-73.5602,40.6283],[-73.5624,40.6299]]],[[[-73.5652,40.6353],[-73.5661,40.6335],[-73.5652,40.6334],[-73.5652,40.6353]]],[[[-73.5624,40.6299],[-73.5598,40.6297],[-73.5646,40.6404],[-73.5641,40.631],[-73.5624,40.6299]]],[[[-73.5645,40.641],[-73.5663,40.6424],[-73.5645,40.6408],[-73.5645,40.641]]],[[[-73.5665,40.6427],[-73.5667,40.6428],[-73.5663,40.6425],[-73.5665,40.6427]]],[[[-73.5737,40.671],[-73.5938,40.6685],[-73.5929,40.6647],[-73.6028,40.6639],[-73.6038,40.6549],[-73.6015,40.6452],[-73.598,40.6395],[-73.5978,40.6348],[-73.5939,40.6339],[-73.5935,40.6365],[-73.5929,40.6337],[-73.5869,40.6319],[-73.5883,40.6398],[-73.586,40.6273],[-73.5826,40.6269],[-73.5801,40.6281],[-73.5821,40.6396],[-73.5792,40.6276],[-73.5769,40.6241],[-73.5736,40.6243],[-73.5745,40.6272],[-73.5765,40.6264],[-73.5775,40.6277],[-73.5746,40.6274],[-73.5772,40.6386],[-73.5816,40.6397],[-73.5793,40.6401],[-73.5811,40.6447],[-73.5787,40.6445],[-73.5789,40.64],[-73.5756,40.6386],[-73.5731,40.624],[-73.5717,40.6242],[-73.5716,40.6275],[-73.5729,40.6275],[-73.5659,40.6311],[-73.5669,40.6344],[-73.5651,40.6384],[-73.5689,40.6424],[-73.5666,40.6457],[-73.5678,40.6474],[-73.567,40.6515],[-73.5663,40.6459],[-73.5646,40.6477],[-73.5663,40.6599],[-73.5737,40.671]]]]},"properties":{"name":"Freeport Union Free School District"}},{"type":"Feature","geometry":{"type":"MultiPolygon","coordinates":[[[[-73.6506,40.8285],[-73.6513,40.829],[-73.6526,40.8288],[-73.6506,40.8285]]],[[[-73.5926,40.8569],[-73.6145,40.8549],[-73.6142,40.8537],[-73.6189,40.8533],[-73.6268,40.8475],[-73.6357,40.8461],[-73.6343,40.8539],[-73.6422,40.8521],[-73.6489,40.8536],[-73.6529,40.85],[-73.6528,40.8374],[-73.648,40.8284],[-73.6475,40.8228],[-73.6433,40.8235],[-73.6468,40.8213],[-73.6466,40.8161],[-73.6284,40.8161],[-73.6266,40.8236],[-73.6251,40.8197],[-73.6265,40.8149],[-73.6218,40.8115],[-73.6137,40.8136],[-73.5864,40.8258],[-73.5878,40.8372],[-73.5852,40.8397],[-73.5865,40.8425],[-73.5893,40.8433],[-73.5926,40.8569]]]]},"properties":{"name":"North Shore Central School District"}},{"type":"Feature","geometry":{"type":"MultiPolygon","coordinates":[[[[-73.4942,40.6027],[-73.4907,40.6056],[-73.496,40.6048],[-73.4958,40.6023],[-73.4942,40.6027]]],[[[-73.4849,40.6046],[-73.4841,40.6056],[-73.4861,40.6069],[-73.4893,40.605],[-73.4849,40.6046]]],[[[-73.4767,40.6005],[-73.4778,40.6072],[-73.4824,40.6052],[-73.482,40.601],[-73.495,40.5995],[-73.4936,40.5951],[-73.4763,40.5983],[-73.4767,40.6005]]],[[[-73.4859,40.6114],[-73.4891,40.6114],[-73.49,40.6098],[-73.4859,40.6114]]],[[[-73.4784,40.6122],[-73.4849,40.6074],[-73.4779,40.6082],[-73.4784,40.6122]]],[[[-73.4967,40.6053],[-73.4884,40.6078],[-73.4968,40.6094],[-73.499,40.6132],[-73.4967,40.6053]]],[[[-73.4781,40.6223],[-73.4781,40.6228],[-73.4789,40.6225],[-73.4781,40.6223]]],[[[-73.4867,40.6215],[-73.4898,40.6231],[-73.4961,40.6222],[-73.4978,40.6157],[-73.4929,40.615],[-73.4875,40.6169],[-73.4885,40.6157],[-73.4868,40.6157],[-73.4849,40.6173],[-73.4865,40.6152],[-73.4907,40.615],[-73.4808,40.6146],[-73.4781,40.6219],[-73.4867,40.6215]]],[[[-73.4968,40.6234],[-73.501,40.6223],[-73.4998,40.6158],[-73.4968,40.6234]]],[[[-73.4783,40.6251],[-73.4805,40.6267],[-73.4886,40.6271],[-73.4934,40.6249],[-73.482,40.6219],[-73.4783,40.6251]]],[[[-73.4809,40.6283],[-73.4788,40.6283],[-73.4834,40.6377],[-73.4884,40.637],[-73.4893,40.6291],[-73.4809,40.6283]]],[[[-73.4893,40.6412],[-73.4888,40.6435],[-73.4909,40.6436],[-73.4957,40.6388],[-73.494,40.6381],[-73.4893,40.6412]]],[[[-73.4823,40.644],[-73.4826,40.6454],[-73.485,40.6451],[-73.4867,40.641],[-73.4813,40.6401],[-73.4823,40.644]]],[[[-73.4828,40.646],[-73.4845,40.6493],[-73.485,40.6458],[-73.4828,40.646]]],[[[-73.482,40.6909],[-73.4948,40.6909],[-73.4955,40.6826],[-73.4938,40.6753],[-73.5027,40.674],[-73.5017,40.6705],[-73.5062,40.6705],[-73.5071,40.6649],[-73.5009,40.648],[-73.5033,40.637],[-73.5018,40.624],[-73.4975,40.6255],[-73.5003,40.627],[-73.5011,40.6292],[-73.4964,40.6352],[-73.4971,40.6368],[-73.5027,40.637],[-73.4954,40.6397],[-73.4921,40.6434],[-73.4884,40.6445],[-73.4883,40.6461],[-73.4919,40.6482],[-73.4874,40.6464],[-73.4856,40.6502],[-73.487,40.6574],[-73.4811,40.6676],[-73.4824,40.6689],[-73.482,40.6909]]]]},"properties":{"name":"Seaford Union Free School District"}},{"type":"Feature","geometry":{"type":"Polygon","coordinates":[[[-73.5875,40.7468],[-73.5923,40.745],[-73.593,40.7472],[-73.6171,40.743],[-73.609,40.7241],[-73.6062,40.7132],[-73.6091,40.7087],[-73.6102,40.6973],[-73.6151,40.6956],[-73.6136,40.6917],[-73.6165,40.6903],[-73.6198,40.6812],[-73.6066,40.6806],[-73.6014,40.6861],[-73.5945,40.6869],[-73.5879,40.6909],[-73.5749,40.6908],[-73.5766,40.6926],[-73.5807,40.7176],[-73.5849,40.7276],[-73.5848,40.7308],[-73.5813,40.7331],[-73.5875,40.7468]]]},"properties":{"name":"Uniondale Union Free School District"}},{"type":"Feature","geometry":{"type":"MultiPolygon","coordinates":[[[[-73.4974,40.6028],[-73.4967,40.6053],[-73.5001,40.6134],[-73.5013,40.6094],[-73.5089,40.6075],[-73.5114,40.6046],[-73.5115,40.5922],[-73.4936,40.5951],[-73.495,40.5995],[-73.497,40.5999],[-73.4979,40.5983],[-73.5023,40.5994],[-73.502,40.601],[-73.4958,40.6023],[-73.4974,40.6028]]],[[[-73.5045,40.6125],[-73.5064,40.6161],[-73.5115,40.6141],[-73.5107,40.6106],[-73.5045,40.6125]]],[[[-73.5102,40.6177],[-73.5102,40.6192],[-73.5114,40.6188],[-73.5102,40.6177]]],[[[-73.5114,40.621],[-73.5109,40.6217],[-73.5115,40.6219],[-73.5114,40.621]]],[[[-73.5009,40.6149],[-73.4998,40.6158],[-73.501,40.6223],[-73.5039,40.6185],[-73.5037,40.6155],[-73.5009,40.6149]]],[[[-73.5093,40.6361],[-73.5123,40.6345],[-73.5103,40.6341],[-73.5093,40.6361]]],[[[-73.5103,40.6382],[-73.5095,40.6393],[-73.5142,40.6409],[-73.517,40.6379],[-73.5162,40.6359],[-73.5103,40.6382]]],[[[-73.5173,40.6396],[-73.5153,40.6411],[-73.5171,40.6407],[-73.5173,40.6396]]],[[[-73.4982,40.6927],[-73.5026,40.6938],[-73.5261,40.6918],[-73.5211,40.6824],[-73.5241,40.6805],[-73.5208,40.6725],[-73.5206,40.6608],[-73.5174,40.6558],[-73.52,40.6536],[-73.518,40.6483],[-73.5191,40.6445],[-73.5177,40.6461],[-73.5186,40.6439],[-73.5156,40.643],[-73.5142,40.6474],[-73.5129,40.6466],[-73.5147,40.644],[-73.5137,40.6417],[-73.5068,40.64],[-73.5084,40.6375],[-73.5078,40.6291],[-73.5039,40.6287],[-73.502,40.624],[-73.5033,40.637],[-73.5009,40.648],[-73.5071,40.6649],[-73.5062,40.6705],[-73.5017,40.6705],[-73.5027,40.674],[-73.4938,40.6753],[-73.4955,40.6826],[-73.4948,40.6909],[-73.4982,40.6927]]]]},"properties":{"name":"Wantagh Union Free School District"}},{"type":"Feature","geometry":{"type":"Polygon","coordinates":[[[-73.437,40.7423],[-73.4487,40.8044],[-73.4844,40.7949],[-73.4898,40.79],[-73.4923,40.7924],[-73.503,40.7828],[-73.5009,40.7676],[-73.4814,40.7695],[-73.4704,40.7682],[-73.4647,40.7621],[-73.466,40.7567],[-73.4629,40.7447],[-73.437,40.7423]]]},"properties":{"name":"Plainview-Old Bethpage Central School District"}},{"type":"Feature","geometry":{"type":"Polygon","coordinates":[[[-73.6526,40.8288],[-73.6562,40.8285],[-73.6615,40.8373],[-73.6676,40.8427],[-73.6751,40.8536],[-73.6756,40.857],[-73.7137,40.8701],[-73.7207,40.8655],[-73.7296,40.8665],[-73.7307,40.8654],[-73.7267,40.8568],[-73.7284,40.8534],[-73.7266,40.854],[-73.737,40.8501],[-73.7371,40.8476],[-73.7294,40.8414],[-73.7294,40.8364],[-73.7275,40.8329],[-73.7279,40.8381],[-73.7256,40.8393],[-73.722,40.8372],[-73.7138,40.8385],[-73.7118,40.841],[-73.7086,40.8412],[-73.7133,40.8395],[-73.7077,40.8329],[-73.7073,40.8351],[-73.7043,40.8368],[-73.7057,40.8389],[-73.7043,40.8393],[-73.7037,40.8369],[-73.6993,40.8338],[-73.7019,40.8332],[-73.7027,40.8299],[-73.7042,40.8296],[-73.703,40.8293],[-73.7051,40.8225],[-73.7044,40.819],[-73.6981,40.8208],[-73.6941,40.8098],[-73.6684,40.8046],[-73.6534,40.8128],[-73.6545,40.8247],[-73.6567,40.8268],[-73.6507,40.8284],[-73.6526,40.8288]]]},"properties":{"name":"Port Washington Union Free School District"}},{"type":"Feature","geometry":{"type":"Polygon","coordinates":[[[-73.6198,40.6812],[-73.6163,40.6906],[-73.6248,40.6864],[-73.6346,40.6856],[-73.6383,40.6837],[-73.645,40.6729],[-73.6524,40.6665],[-73.6536,40.6618],[-73.656,40.6611],[-73.6542,40.6611],[-73.6525,40.6574],[-73.6538,40.6573],[-73.6526,40.6566],[-73.6556,40.6494],[-73.6482,40.6496],[-73.6476,40.6521],[-73.6454,40.6533],[-73.6386,40.6519],[-73.6379,40.656],[-73.6355,40.6579],[-73.6316,40.6577],[-73.6288,40.6614],[-73.6216,40.6617],[-73.6217,40.6662],[-73.618,40.6672],[-73.6217,40.6685],[-73.6198,40.6812]]]},"properties":{"name":"Rockville Centre Union Free School District"}},{"type":"Feature","geometry":{"type":"MultiPolygon","coordinates":[[[[-73.6655,40.5973],[-73.6665,40.5983],[-73.6654,40.5971],[-73.6655,40.5973]]],[[[-73.663,40.5968],[-73.6615,40.606],[-73.6687,40.6044],[-73.6688,40.6023],[-73.663,40.5968]]],[[[-73.6353,40.6119],[-73.6424,40.6111],[-73.6402,40.6084],[-73.6439,40.6001],[-73.6375,40.6007],[-73.6337,40.605],[-73.6353,40.6119]]],[[[-73.6532,40.6119],[-73.6529,40.6168],[-73.6533,40.6165],[-73.6532,40.6119]]],[[[-73.6525,40.6171],[-73.6525,40.6169],[-73.6522,40.6169],[-73.6525,40.6171]]],[[[-73.6503,40.6172],[-73.6506,40.6173],[-73.6512,40.6171],[-73.6503,40.6172]]],[[[-73.6431,40.6175],[-73.6523,40.6161],[-73.6508,40.6126],[-73.649,40.6137],[-73.65,40.612],[-73.6522,40.6126],[-73.6573,40.6069],[-73.661,40.6063],[-73.6616,40.5965],[-73.6514,40.5961],[-73.6463,40.5988],[-73.6536,40.6004],[-73.6451,40.599],[-73.6449,40.6025],[-73.648,40.6047],[-73.6428,40.6045],[-73.6422,40.6067],[-73.6453,40.6081],[-73.641,40.6081],[-73.6432,40.6107],[-73.6404,40.6131],[-73.6431,40.6175]]]]},"properties":{"name":"Island Park Union Free School District"}},{"type":"Feature","geometry":{"type":"MultiPolygon","coordinates":[[[[-73.7419,40.5927],[-73.7548,40.5844],[-73.742,40.5864],[-73.7061,40.5842],[-73.7061,40.5895],[-73.7111,40.5894],[-73.7117,40.588],[-73.712,40.5892],[-73.7419,40.5927]]],[[[-73.7297,40.5964],[-73.7346,40.5951],[-73.7267,40.5941],[-73.7297,40.5964]]],[[[-73.7346,40.6014],[-73.7351,40.6017],[-73.7351,40.6012],[-73.7346,40.6014]]],[[[-73.7329,40.603],[-73.7339,40.6022],[-73.7331,40.6022],[-73.7329,40.603]]],[[[-73.7032,40.6087],[-73.7043,40.6078],[-73.704,40.6073],[-73.7032,40.6087]]],[[[-73.6947,40.6064],[-73.6941,40.6112],[-73.699,40.6088],[-73.6986,40.6072],[-73.7032,40.605],[-73.7033,40.603],[-73.6947,40.6064]]],[[[-73.6951,40.6115],[-73.697,40.6121],[-73.6966,40.6113],[-73.6951,40.6115]]],[[[-73.7043,40.6148],[-73.7055,40.6156],[-73.7053,40.6145],[-73.7043,40.6148]]],[[[-73.7671,40.6231],[-73.7637,40.6281],[-73.7677,40.6262],[-73.7688,40.624],[-73.768,40.6222],[-73.7671,40.6231]]],[[[-73.7487,40.6343],[-73.7487,40.6344],[-73.7516,40.6332],[-73.7487,40.6343]]],[[[-73.7463,40.6351],[-73.7463,40.6351],[-73.7463,40.6351],[-73.7463,40.6351]]],[[[-73.7279,40.6492],[-73.7285,40.651],[-73.7414,40.6469],[-73.7423,40.6401],[-73.7395,40.6357],[-73.7427,40.6351],[-73.7412,40.6376],[-73.7433,40.6381],[-73.7454,40.6331],[-73.7421,40.6312],[-73.7453,40.6317],[-73.7463,40.6309],[-73.7445,40.6289],[-73.7483,40.6298],[-73.7557,40.6265],[-73.7596,40.6224],[-73.7639,40.6229],[-73.763,40.6212],[-73.7674,40.62],[-73.7667,40.615],[-73.7644,40.6144],[-73.7571,40.6174],[-73.7549,40.6163],[-73.7572,40.6169],[-73.7629,40.6139],[-73.7544,40.6104],[-73.7455,40.6119],[-73.7436,40.6075],[-73.7383,40.6026],[-73.7375,40.5936],[-73.735,40.5941],[-73.7348,40.6002],[-73.7365,40.6009],[-73.733,40.6038],[-73.7303,40.6036],[-73.7268,40.608],[-73.7275,40.6045],[-73.7342,40.6011],[-73.7346,40.5964],[-73.7305,40.5969],[-73.7255,40.5942],[-73.7182,40.5942],[-73.7187,40.5962],[-73.7174,40.5942],[-73.7078,40.5918],[-73.686,40.5935],[-73.6863,40.6012],[-73.69,40.6012],[-73.6939,40.6047],[-73.7,40.603],[-73.6982,40.6004],[-73.6998,40.5972],[-73.6992,40.5995],[-73.7012,40.6027],[-73.7042,40.6022],[-73.7082,40.6041],[-73.7096,40.602],[-73.7132,40.6016],[-73.7097,40.6022],[-73.7099,40.6073],[-73.7093,40.6042],[-73.7052,40.6042],[-73.7037,40.6065],[-73.7038,40.6094],[-73.7075,40.609],[-73.7051,40.6112],[-73.7076,40.6105],[-73.7051,40.6137],[-73.7073,40.6171],[-73.7062,40.6163],[-73.7055,40.6176],[-73.7102,40.6205],[-73.7117,40.6198],[-73.7111,40.6217],[-73.7076,40.6201],[-73.7134,40.6293],[-73.7125,40.632],[-73.7279,40.6492]]]]},"properties":{"name":"Lawrence Union Free School District"}},{"type":"Feature","geometry":{"type":"Polygon","coordinates":[[[-73.7061,40.5842],[-73.6495,40.5828],[-73.6109,40.5877],[-73.5905,40.5855],[-73.5784,40.5861],[-73.5754,40.594],[-73.5925,40.5932],[-73.5963,40.5952],[-73.6021,40.5947],[-73.6151,40.5972],[-73.6173,40.5952],[-73.632,40.5953],[-73.632,40.5919],[-73.6328,40.5952],[-73.6397,40.595],[-73.6397,40.5926],[-73.6401,40.5951],[-73.6427,40.595],[-73.6427,40.5926],[-73.643,40.595],[-73.6455,40.5949],[-73.6455,40.5925],[-73.6458,40.5949],[-73.6626,40.5942],[-73.6832,40.5919],[-73.6868,40.5889],[-73.7061,40.5895],[-73.7061,40.5842]]]},"properties":{"name":"Long Beach City School District"}},{"type":"Feature","geometry":{"type":"Polygon","coordinates":[[[-73.643,40.7799],[-73.6498,40.78],[-73.6511,40.777],[-73.6451,40.7563],[-73.6579,40.7532],[-73.6572,40.7438],[-73.66,40.7425],[-73.6609,40.7357],[-73.6237,40.7418],[-73.6251,40.7546],[-73.6382,40.7502],[-73.643,40.7799]]]},"properties":{"name":"Mineola Union Free School District"}},{"type":"Feature","geometry":{"type":"MultiPolygon","coordinates":[[[[-73.6052,40.5972],[-73.6058,40.5977],[-73.6073,40.597],[-73.6052,40.5972]]],[[[-73.6775,40.5966],[-73.6816,40.5984],[-73.681,40.5962],[-73.6775,40.5966]]],[[[-73.624,40.5985],[-73.6241,40.5978],[-73.6231,40.5978],[-73.624,40.5985]]],[[[-73.5723,40.5994],[-73.5733,40.5999],[-73.5731,40.5984],[-73.5723,40.5994]]],[[[-73.597,40.5979],[-73.6066,40.6004],[-73.6074,40.5989],[-73.5947,40.5957],[-73.597,40.5979]]],[[[-73.6654,40.5971],[-73.6688,40.6004],[-73.67,40.5999],[-73.6687,40.5967],[-73.6653,40.5961],[-73.6654,40.5971]]],[[[-73.6253,40.6006],[-73.6265,40.5999],[-73.6252,40.5981],[-73.6253,40.6006]]],[[[-73.6155,40.5978],[-73.6202,40.6007],[-73.6184,40.6],[-73.6188,40.5977],[-73.6155,40.5978]]],[[[-73.5758,40.6011],[-73.5772,40.601],[-73.5748,40.5992],[-73.5758,40.6011]]],[[[-73.6863,40.6014],[-73.6866,40.6013],[-73.6863,40.6012],[-73.6863,40.6014]]],[[[-73.6196,40.5985],[-73.619,40.5997],[-73.6225,40.6019],[-73.6241,40.5995],[-73.6222,40.5977],[-73.6196,40.5985]]],[[[-73.5923,40.5985],[-73.5992,40.603],[-73.5917,40.5962],[-73.5923,40.5985]]],[[[-73.6184,40.6034],[-73.6196,40.6031],[-73.6171,40.6021],[-73.6184,40.6034]]],[[[-73.6008,40.6037],[-73.6005,40.6017],[-73.5987,40.6008],[-73.6008,40.6037]]],[[[-73.6041,40.6025],[-73.6052,40.6038],[-73.6055,40.602],[-73.6041,40.6025]]],[[[-73.6311,40.599],[-73.6292,40.6028],[-73.6308,40.6045],[-73.6347,40.6007],[-73.6334,40.598],[-73.6304,40.5979],[-73.6311,40.599]]],[[[-73.6933,40.6046],[-73.694,40.6045],[-73.6925,40.6038],[-73.6933,40.6046]]],[[[-73.671,40.6048],[-73.6759,40.6019],[-73.6773,40.6029],[-73.679,40.6007],[-73.6783,40.598],[-73.6705,40.5967],[-73.6719,40.6016],[-73.671,40.6048]]],[[[-73.6761,40.6042],[-73.6765,40.6049],[-73.6775,40.6032],[-73.6761,40.6042]]],[[[-73.57,40.6035],[-73.5723,40.6062],[-73.5853,40.6034],[-73.5871,40.5998],[-73.5896,40.5989],[-73.5884,40.5974],[-73.5904,40.5965],[-73.5865,40.595],[-73.5825,40.5958],[-73.5839,40.5972],[-73.5824,40.5995],[-73.5809,40.5959],[-73.5747,40.5979],[-73.5757,40.6],[-73.5818,40.6004],[-73.5725,40.6017],[-73.57,40.6035]]],[[[-73.6058,40.6036],[-73.6079,40.6075],[-73.6114,40.6026],[-73.6171,40.603],[-73.6123,40.5975],[-73.6058,40.6036]]],[[[-73.6146,40.6079],[-73.6156,40.6074],[-73.6156,40.6059],[-73.6146,40.6079]]],[[[-73.5969,40.6069],[-73.5975,40.608],[-73.5972,40.6061],[-73.5969,40.6069]]],[[[-73.6805,40.6077],[-73.6809,40.6085],[-73.6816,40.6068],[-73.6805,40.6077]]],[[[-73.6263,40.6094],[-73.6293,40.6095],[-73.631,40.6061],[-73.6267,40.6059],[-73.6263,40.6094]]],[[[-73.6239,40.6049],[-73.6226,40.6092],[-73.6236,40.6102],[-73.6268,40.6046],[-73.6303,40.6064],[-73.6289,40.6029],[-73.6308,40.599],[-73.6292,40.598],[-73.6268,40.6045],[-73.6239,40.6049]]],[[[-73.6747,40.6037],[-73.6673,40.6071],[-73.672,40.6103],[-73.6767,40.603],[-73.6759,40.6022],[-73.6747,40.6037]]],[[[-73.6126,40.6106],[-73.6136,40.6092],[-73.6138,40.6074],[-73.6126,40.6106]]],[[[-73.5955,40.6094],[-73.5949,40.6118],[-73.5961,40.6086],[-73.5955,40.6094]]],[[[-73.6343,40.6105],[-73.6345,40.6118],[-73.6348,40.6118],[-73.6343,40.6105]]],[[[-73.6351,40.6118],[-73.6353,40.6119],[-73.6353,40.6118],[-73.6351,40.6118]]],[[[-73.6948,40.6116],[-73.6971,40.6122],[-73.6951,40.6115],[-73.6948,40.6116]]],[[[-73.6242,40.6124],[-73.6265,40.6109],[-73.6241,40.6108],[-73.6242,40.6124]]],[[[-73.5955,40.6126],[-73.5972,40.6115],[-73.597,40.6097],[-73.5955,40.6126]]],[[[-73.6095,40.6072],[-73.6074,40.6088],[-73.6095,40.6128],[-73.6157,40.6042],[-73.6117,40.6031],[-73.6095,40.6072]]],[[[-73.5795,40.6129],[-73.5832,40.613],[-73.583,40.6112],[-73.5774,40.6118],[-73.5795,40.6129]]],[[[-73.5865,40.6041],[-73.5879,40.6105],[-73.592,40.6116],[-73.5942,40.614],[-73.5959,40.6072],[-73.5934,40.6051],[-73.5949,40.6044],[-73.5886,40.6022],[-73.5865,40.6041]]],[[[-73.6008,40.6139],[-73.6023,40.6143],[-73.6018,40.6134],[-73.6008,40.6139]]],[[[-73.6099,40.6153],[-73.6157,40.6138],[-73.6129,40.6114],[-73.6099,40.6153]]],[[[-73.6246,40.6147],[-73.6238,40.6153],[-73.6245,40.6154],[-73.6246,40.6147]]],[[[-73.5941,40.6147],[-73.5952,40.6157],[-73.5958,40.6147],[-73.5941,40.6147]]],[[[-73.616,40.6062],[-73.6137,40.6116],[-73.6165,40.6132],[-73.6137,40.6153],[-73.6166,40.6159],[-73.6231,40.6116],[-73.6219,40.6092],[-73.623,40.6061],[-73.616,40.6062]]],[[[-73.6578,40.6089],[-73.661,40.6122],[-73.6594,40.616],[-73.6624,40.6155],[-73.6662,40.6081],[-73.6578,40.6089]]],[[[-73.5721,40.6082],[-73.5739,40.6098],[-73.5846,40.6105],[-73.5861,40.615],[-73.5926,40.6165],[-73.5933,40.6148],[-73.5874,40.6112],[-73.5858,40.6044],[-73.5721,40.6082]]],[[[-73.618,40.6158],[-73.6204,40.6165],[-73.6227,40.6134],[-73.618,40.6158]]],[[[-73.6822,40.6165],[-73.6837,40.6161],[-73.6845,40.6102],[-73.6803,40.6088],[-73.682,40.6113],[-73.6811,40.6165],[-73.6824,40.6155],[-73.6822,40.6165]]],[[[-73.6968,40.6165],[-73.6972,40.6132],[-73.6923,40.6116],[-73.6968,40.6165]]],[[[-73.6532,40.6119],[-73.6529,40.6173],[-73.6552,40.6172],[-73.6552,40.6147],[-73.6601,40.6123],[-73.6565,40.6095],[-73.6532,40.6119]]],[[[-73.6764,40.6176],[-73.68,40.6165],[-73.6816,40.6113],[-73.6793,40.607],[-73.6764,40.6176]]],[[[-73.68,40.6173],[-73.6817,40.6176],[-73.6803,40.6163],[-73.68,40.6173]]],[[[-73.5937,40.6188],[-73.5948,40.617],[-73.5926,40.6169],[-73.5937,40.6188]]],[[[-73.5795,40.6129],[-73.5745,40.6117],[-73.5828,40.6164],[-73.5808,40.618],[-73.5842,40.6192],[-73.5835,40.6132],[-73.5795,40.6129]]],[[[-73.7012,40.6156],[-73.6998,40.6195],[-73.7011,40.6161],[-73.7036,40.615],[-73.7012,40.6156]]],[[[-73.6794,40.62],[-73.6807,40.62],[-73.6805,40.6195],[-73.6794,40.62]]],[[[-73.6708,40.6202],[-73.6727,40.6206],[-73.6737,40.6174],[-73.6708,40.6202]]],[[[-73.5846,40.6196],[-73.5854,40.621],[-73.5895,40.6187],[-73.5901,40.6168],[-73.5843,40.6157],[-73.5846,40.6196]]],[[[-73.6798,40.6205],[-73.68,40.6212],[-73.6812,40.6208],[-73.6798,40.6205]]],[[[-73.6982,40.6205],[-73.6979,40.6213],[-73.6991,40.62],[-73.6982,40.6205]]],[[[-73.6776,40.6212],[-73.6786,40.6216],[-73.6781,40.6208],[-73.6776,40.6212]]],[[[-73.6935,40.6225],[-73.6938,40.6226],[-73.6939,40.6225],[-73.6935,40.6225]]],[[[-73.6881,40.6213],[-73.6877,40.6227],[-73.6928,40.6221],[-73.6982,40.6179],[-73.6909,40.6122],[-73.6895,40.6046],[-73.6845,40.6043],[-73.6816,40.6083],[-73.6881,40.6081],[-73.6813,40.6087],[-73.685,40.6104],[-73.6856,40.6128],[-73.6822,40.618],[-73.684,40.6222],[-73.6872,40.6202],[-73.6881,40.6213]]],[[[-73.6549,40.6213],[-73.6564,40.623],[-73.6603,40.6227],[-73.6595,40.6175],[-73.6568,40.6197],[-73.6588,40.6139],[-73.656,40.6155],[-73.6551,40.6187],[-73.6529,40.6177],[-73.6549,40.6213]]],[[[-73.689,40.6231],[-73.689,40.6231],[-73.6888,40.6231],[-73.689,40.6231]]],[[[-73.6877,40.6233],[-73.6882,40.6231],[-73.6878,40.6231],[-73.6877,40.6233]]],[[[-73.673,40.6207],[-73.6749,40.6234],[-73.6775,40.6236],[-73.6775,40.6215],[-73.6744,40.62],[-73.6772,40.621],[-73.6802,40.6194],[-73.6753,40.6188],[-73.673,40.6207]]],[[[-73.5829,40.6242],[-73.5862,40.6212],[-73.5842,40.6224],[-73.5831,40.6185],[-73.5804,40.6178],[-73.5823,40.6165],[-73.5809,40.6155],[-73.5792,40.6214],[-73.5817,40.6213],[-73.5829,40.6242]]],[[[-73.665,40.6157],[-73.6608,40.618],[-73.6622,40.624],[-73.6649,40.6243],[-73.6734,40.613],[-73.6671,40.6113],[-73.665,40.6157]]],[[[-73.6728,40.6228],[-73.6729,40.6248],[-73.6749,40.6245],[-73.6741,40.6217],[-73.6697,40.6199],[-73.6657,40.6234],[-73.6666,40.6243],[-73.6686,40.6215],[-73.6728,40.6228]]],[[[-73.5858,40.6229],[-73.5849,40.6246],[-73.5866,40.6254],[-73.5869,40.6228],[-73.5858,40.6229]]],[[[-73.5799,40.626],[-73.5844,40.6253],[-73.5854,40.6228],[-73.583,40.6245],[-73.5812,40.6214],[-73.5794,40.6216],[-73.5799,40.626]]],[[[-73.6801,40.6267],[-73.6818,40.6258],[-73.6807,40.6256],[-73.6801,40.6267]]],[[[-73.6662,40.6291],[-73.6674,40.6287],[-73.6668,40.6257],[-73.6627,40.6248],[-73.6614,40.6279],[-73.6662,40.6291]]],[[[-73.6597,40.6299],[-73.6596,40.6311],[-73.6597,40.6298],[-73.6597,40.6299]]],[[[-73.6212,40.6618],[-73.6288,40.6614],[-73.6316,40.6577],[-73.6355,40.6579],[-73.6379,40.656],[-73.6386,40.6519],[-73.6454,40.6533],[-73.6476,40.6521],[-73.6482,40.6496],[-73.6556,40.6494],[-73.6553,40.647],[-73.6579,40.6436],[-73.6563,40.643],[-73.658,40.6427],[-73.6563,40.6406],[-73.6588,40.6397],[-73.6604,40.6366],[-73.6573,40.6352],[-73.6592,40.6339],[-73.6604,40.6234],[-73.6561,40.6236],[-73.6536,40.6277],[-73.6556,40.6231],[-73.6524,40.617],[-73.6431,40.6175],[-73.6373,40.6126],[-73.6325,40.6118],[-73.6302,40.6122],[-73.6305,40.6168],[-73.6292,40.6169],[-73.6292,40.6125],[-73.6252,40.6147],[-73.6224,40.6186],[-73.6219,40.6177],[-73.618,40.62],[-73.6198,40.6206],[-73.6176,40.6202],[-73.6152,40.6226],[-73.6167,40.6224],[-73.6177,40.6249],[-73.6173,40.629],[-73.6226,40.6324],[-73.6164,40.6301],[-73.6173,40.6434],[-73.616,40.6474],[-73.6187,40.6536],[-73.6228,40.6574],[-73.6193,40.66],[-73.6212,40.6618]]]]},"properties":{"name":"Oceanside Union Free School District"}},{"type":"Feature","geometry":{"type":"Polygon","coordinates":[[[-73.621,40.8982],[-73.6331,40.9024],[-73.6338,40.8982],[-73.6367,40.8961],[-73.6356,40.8932],[-73.6366,40.8946],[-73.6411,40.8926],[-73.6491,40.8809],[-73.6544,40.8782],[-73.6559,40.8639],[-73.6533,40.8628],[-73.6523,40.857],[-73.6491,40.8553],[-73.6359,40.8623],[-73.6427,40.858],[-73.6419,40.8564],[-73.6435,40.8573],[-73.6471,40.8556],[-73.6469,40.8536],[-73.6477,40.8553],[-73.6489,40.8537],[-73.6422,40.8521],[-73.6343,40.8539],[-73.6357,40.8461],[-73.6268,40.8475],[-73.6189,40.8533],[-73.6142,40.8537],[-73.6145,40.8549],[-73.5907,40.857],[-73.5938,40.866],[-73.6146,40.8748],[-73.621,40.8982]]]},"properties":{"name":"Glen Cove City School District"}},{"type":"Feature","geometry":{"type":"Polygon","coordinates":[[[-73.7115,40.7974],[-73.7163,40.8061],[-73.7155,40.8101],[-73.7176,40.8146],[-73.7166,40.8157],[-73.7213,40.8219],[-73.7293,40.8236],[-73.7321,40.8276],[-73.7398,40.8272],[-73.7389,40.8282],[-73.7431,40.8323],[-73.7485,40.8332],[-73.7532,40.8378],[-73.7567,40.8335],[-73.7565,40.83],[-73.7524,40.8244],[-73.7531,40.8212],[-73.7563,40.8178],[-73.7615,40.8169],[-73.7639,40.8141],[-73.7636,40.8075],[-73.7524,40.799],[-73.7537,40.7979],[-73.7522,40.7868],[-73.7472,40.7841],[-73.7464,40.7802],[-73.7016,40.7525],[-73.7004,40.7392],[-73.6937,40.7432],[-73.6904,40.7529],[-73.6871,40.7549],[-73.6866,40.7666],[-73.6882,40.7791],[-73.7033,40.7804],[-73.7127,40.7838],[-73.7105,40.7862],[-73.7064,40.7862],[-73.712,40.7931],[-73.7128,40.7952],[-73.7104,40.7952],[-73.7115,40.7974]]]},"properties":{"name":"Great Neck Union Free School District"}},{"type":"Feature","geometry":{"type":"Polygon","coordinates":[[[-73.6091,40.7207],[-73.6117,40.7215],[-73.63,40.7175],[-73.6432,40.7128],[-73.6412,40.7131],[-73.6365,40.6949],[-73.6324,40.6938],[-73.637,40.6839],[-73.6346,40.6856],[-73.6248,40.6864],[-73.6136,40.6917],[-73.6151,40.6956],[-73.6102,40.6973],[-73.6091,40.7087],[-73.6062,40.7132],[-73.6091,40.7207]]]},"properties":{"name":"Hempstead Union Free School District"}},{"type":"Feature","geometry":{"type":"MultiPolygon","coordinates":[[[[-73.6762,40.6298],[-73.6766,40.6294],[-73.6765,40.6294],[-73.6762,40.6298]]],[[[-73.6747,40.664],[-73.676,40.6713],[-73.6908,40.6628],[-73.688,40.6619],[-73.6898,40.6573],[-73.6814,40.6537],[-73.6868,40.6511],[-73.6836,40.6472],[-73.6851,40.646],[-73.6816,40.6441],[-73.6847,40.6404],[-73.6831,40.6402],[-73.6788,40.6283],[-73.6721,40.6354],[-73.6667,40.6495],[-73.6616,40.6579],[-73.669,40.6611],[-73.6736,40.6605],[-73.6747,40.664]]]]},"properties":{"name":"Lynbrook Union Free School District"}},{"type":"Feature","geometry":{"type":"Polygon","coordinates":[[[-73.6538,40.6573],[-73.6525,40.6574],[-73.6542,40.6611],[-73.656,40.6611],[-73.6536,40.6618],[-73.6524,40.6665],[-73.645,40.6729],[-73.6381,40.6837],[-73.6626,40.6805],[-73.6699,40.682],[-73.6751,40.6781],[-73.6736,40.6776],[-73.6756,40.6732],[-73.6743,40.6723],[-73.676,40.6713],[-73.6757,40.6659],[-73.6736,40.6605],[-73.6706,40.6615],[-73.6629,40.6592],[-73.6619,40.6567],[-73.6538,40.6573]]]},"properties":{"name":"Malverne Union Free School District"}},{"type":"Feature","geometry":{"type":"MultiPolygon","coordinates":[[[[-73.7113,40.7973],[-73.7114,40.7971],[-73.711,40.7967],[-73.7113,40.7973]]],[[[-73.6972,40.8188],[-73.6981,40.8208],[-73.7044,40.819],[-73.703,40.8149],[-73.708,40.8131],[-73.7111,40.8039],[-73.7094,40.7939],[-73.7105,40.7959],[-73.7128,40.7952],[-73.7064,40.7862],[-73.7105,40.7862],[-73.7127,40.7838],[-73.7033,40.7804],[-73.6762,40.7769],[-73.6719,40.7778],[-73.6672,40.7817],[-73.6628,40.7821],[-73.669,40.7968],[-73.6684,40.8046],[-73.6941,40.8098],[-73.6972,40.8188]]]]},"properties":{"name":"Manhasset Union Free School District"}},{"type":"Feature","geometry":{"type":"MultiPolygon","coordinates":[[[[-73.5419,40.8777],[-73.5476,40.8866],[-73.5484,40.9022],[-73.5578,40.8994],[-73.5572,40.8875],[-73.555,40.8798],[-73.5583,40.8769],[-73.5573,40.874],[-73.5635,40.8607],[-73.5488,40.8484],[-73.5485,40.8455],[-73.5517,40.8452],[-73.5555,40.8373],[-73.5551,40.832],[-73.5505,40.8231],[-73.5305,40.8233],[-73.5302,40.8244],[-73.5223,40.8248],[-73.5229,40.8443],[-73.5174,40.8457],[-73.5201,40.8518],[-73.5092,40.8522],[-73.497,40.849],[-73.4931,40.8495],[-73.488,40.8513],[-73.4824,40.8587],[-73.4885,40.8712],[-73.4848,40.8753],[-73.4873,40.8766],[-73.4906,40.8828],[-73.4893,40.8859],[-73.4936,40.8946],[-73.5078,40.8939],[-73.5091,40.8927],[-73.5084,40.8909],[-73.5106,40.8877],[-73.5069,40.8802],[-73.5057,40.8808],[-73.5044,40.8782],[-73.504,40.8731],[-73.5058,40.8722],[-73.5082,40.8723],[-73.5096,40.8742],[-73.5081,40.8736],[-73.5111,40.8751],[-73.5163,40.8738],[-73.5267,40.8744],[-73.5248,40.8767],[-73.5275,40.8776],[-73.5361,40.8775],[-73.5397,40.876],[-73.5419,40.8777]]],[[[-73.5115,40.9116],[-73.5193,40.9143],[-73.5218,40.9162],[-73.5219,40.9184],[-73.5276,40.9167],[-73.5284,40.9149],[-73.5244,40.9113],[-73.5268,40.9118],[-73.5225,40.9086],[-73.5238,40.8958],[-73.533,40.8902],[-73.533,40.8854],[-73.5203,40.8866],[-73.521,40.892],[-73.5158,40.9012],[-73.5108,40.9026],[-73.5074,40.9012],[-73.5085,40.9065],[-73.5101,40.9072],[-73.5108,40.9043],[-73.5148,40.9075],[-73.5108,40.9049],[-73.5093,40.9084],[-73.511,40.909],[-73.5115,40.9116]]]]},"properties":{"name":"Oyster Bay-East Norwich Central School District"}},{"type":"Feature","geometry":{"type":"Polygon","coordinates":[[[-73.4748,40.7314],[-73.4911,40.7321],[-73.4817,40.6883],[-73.4664,40.6886],[-73.4635,40.6972],[-73.465,40.6972],[-73.4648,40.706],[-73.4689,40.706],[-73.4679,40.7173],[-73.4702,40.7173],[-73.4722,40.7277],[-73.4744,40.7276],[-73.4748,40.7314]]]},"properties":{"name":"Plainedge Union Free School District"}},{"type":"Feature","geometry":{"type":"MultiPolygon","coordinates":[[[[-72.4698,40.8454],[-72.472,40.8457],[-72.4708,40.8449],[-72.4698,40.8454]]],[[[-72.4689,40.8458],[-72.4659,40.8475],[-72.4669,40.8481],[-72.4689,40.8458]]],[[[-72.4614,40.8497],[-72.4615,40.8494],[-72.4614,40.849],[-72.4614,40.8497]]],[[[-72.461,40.8499],[-72.461,40.8498],[-72.4612,40.8498],[-72.461,40.8499]]],[[[-72.4578,40.85],[-72.458,40.85],[-72.4573,40.8499],[-72.4578,40.85]]],[[[-72.4555,40.8501],[-72.4559,40.8501],[-72.4564,40.85],[-72.4555,40.8501]]],[[[-72.4598,40.8505],[-72.4601,40.8503],[-72.4603,40.8502],[-72.4598,40.8505]]],[[[-72.4591,40.8503],[-72.4597,40.8505],[-72.4588,40.8501],[-72.4591,40.8503]]],[[[-72.4625,40.851],[-72.4645,40.8491],[-72.4626,40.8493],[-72.4625,40.851]]],[[[-72.4494,40.853],[-72.4496,40.8529],[-72.4498,40.8526],[-72.4494,40.853]]],[[[-72.447,40.8528],[-72.4475,40.8535],[-72.4471,40.8528],[-72.447,40.8528]]],[[[-72.4479,40.8536],[-72.4479,40.8536],[-72.4478,40.8533],[-72.4479,40.8536]]],[[[-72.4454,40.8543],[-72.4461,40.8539],[-72.4465,40.8534],[-72.4454,40.8543]]],[[[-72.4436,40.8553],[-72.4438,40.8552],[-72.4452,40.8545],[-72.4436,40.8553]]],[[[-72.4407,40.8557],[-72.441,40.8557],[-72.4405,40.8556],[-72.4407,40.8557]]],[[[-72.4365,40.8564],[-72.4369,40.8563],[-72.4378,40.8557],[-72.4365,40.8564]]],[[[-72.431,40.8571],[-72.431,40.8571],[-72.431,40.8571],[-72.431,40.8571]]],[[[-72.434,40.8574],[-72.4349,40.8577],[-72.4337,40.8573],[-72.434,40.8574]]],[[[-72.4349,40.8577],[-72.4351,40.8576],[-72.435,40.8573],[-72.4349,40.8577]],[[-72.4315,40.8577],[-72.4307,40.8594],[-72.4312,40.8574],[-72.4315,40.8577]]],[[[-72.4295,40.8603],[-72.4296,40.8603],[-72.4296,40.8602],[-72.4295,40.8603]]],[[[-72.4319,40.8616],[-72.4328,40.8625],[-72.4329,40.8621],[-72.4319,40.8616]]],[[[-72.4411,40.8749],[-72.4414,40.8757],[-72.4403,40.8728],[-72.4411,40.8749]],[[-72.4374,40.884],[-72.4369,40.8843],[-72.4378,40.8835],[-72.4374,40.884]]],[[[-72.4505,40.917],[-72.4505,40.917],[-72.4505,40.917],[-72.4505,40.917]]],[[[-72.4504,40.9166],[-72.4529,40.9173],[-72.4681,40.9034],[-72.4779,40.8984],[-72.4724,40.8977],[-72.4693,40.899],[-72.4681,40.9],[-72.4693,40.9013],[-72.4662,40.9043],[-72.4603,40.9016],[-72.4525,40.9023],[-72.4558,40.8979],[-72.4587,40.8967],[-72.4697,40.8978],[-72.4693,40.8951],[-72.4788,40.8982],[-72.4912,40.8951],[-72.4713,40.882],[-72.4546,40.8779],[-72.4562,40.8805],[-72.4539,40.8796],[-72.4516,40.8811],[-72.4538,40.8778],[-72.4475,40.8769],[-72.4482,40.8793],[-72.4512,40.8781],[-72.4475,40.8825],[-72.4463,40.8813],[-72.4438,40.8831],[-72.4455,40.88],[-72.4436,40.88],[-72.4441,40.8783],[-72.4465,40.8769],[-72.4448,40.8757],[-72.4413,40.8794],[-72.4426,40.8826],[-72.441,40.8856],[-72.4399,40.8832],[-72.4339,40.8855],[-72.4231,40.884],[-72.4242,40.8872],[-72.406,40.8884],[-72.4108,40.9142],[-72.4357,40.9059],[-72.4416,40.9114],[-72.4437,40.9075],[-72.4471,40.9095],[-72.447,40.9157],[-72.4504,40.9166]]]]},"properties":{"name":"Tuckahoe Common School District"}},{"type":"Feature","geometry":{"type":"MultiPolygon","coordinates":[[[[-72.2305,41.1611],[-72.2382,41.1595],[-72.2453,41.1612],[-72.2502,41.1606],[-72.2681,41.1541],[-72.273,41.155],[-72.278,41.1587],[-72.2859,41.1574],[-72.3001,41.1526],[-72.3072,41.1471],[-72.3128,41.148],[-72.3178,41.1419],[-72.3253,41.1379],[-72.3318,41.1376],[-72.3396,41.1411],[-72.3537,41.1397],[-72.3575,41.1316],[-72.3554,41.1284],[-72.3516,41.1284],[-72.3501,41.1259],[-72.3519,41.1229],[-72.3489,41.1192],[-72.3497,41.1185],[-72.3423,41.1122],[-72.337,41.1177],[-72.3408,41.1192],[-72.3379,41.1186],[-72.3367,41.1199],[-72.3362,41.1182],[-72.3272,41.1307],[-72.3337,41.1333],[-72.3281,41.134],[-72.3316,41.1355],[-72.3314,41.1372],[-72.3233,41.138],[-72.3238,41.1362],[-72.3277,41.1354],[-72.3245,41.1346],[-72.3287,41.1326],[-72.3271,41.1315],[-72.3158,41.1402],[-72.3079,41.1399],[-72.3078,41.1413],[-72.3116,41.1422],[-72.3114,41.141],[-72.3144,41.142],[-72.3177,41.1399],[-72.3145,41.1427],[-72.3093,41.1431],[-72.3012,41.1327],[-72.2833,41.1267],[-72.2835,41.1291],[-72.2872,41.129],[-72.2882,41.1325],[-72.2835,41.1306],[-72.2827,41.1317],[-72.2842,41.1337],[-72.2831,41.1333],[-72.279,41.1297],[-72.2822,41.1391],[-72.2838,41.1397],[-72.281,41.1471],[-72.2812,41.1421],[-72.2788,41.1383],[-72.2769,41.1382],[-72.2716,41.1427],[-72.2756,41.1397],[-72.2694,41.1414],[-72.2648,41.1396],[-72.2626,41.1403],[-72.2619,41.1421],[-72.2633,41.1425],[-72.262,41.1429],[-72.2617,41.14],[-72.2631,41.1394],[-72.2601,41.1367],[-72.2567,41.1384],[-72.2559,41.1427],[-72.2508,41.1455],[-72.2487,41.1478],[-72.2494,41.1489],[-72.2481,41.1484],[-72.2543,41.141],[-72.2563,41.1342],[-72.2582,41.1338],[-72.256,41.1358],[-72.2589,41.1366],[-72.2678,41.13],[-72.2805,41.125],[-72.2841,41.1253],[-72.3002,41.1117],[-72.2799,41.1217],[-72.2698,41.1285],[-72.2587,41.1307],[-72.2541,41.1348],[-72.2526,41.1411],[-72.2426,41.1533],[-72.2305,41.1611]]],[[[-72.1628,41.1906],[-72.172,41.1866],[-72.1903,41.1884],[-72.2012,41.1814],[-72.2093,41.1796],[-72.2126,41.174],[-72.2063,41.1717],[-72.2047,41.1729],[-72.2053,41.1719],[-72.2012,41.1659],[-72.1981,41.1647],[-72.1861,41.1834],[-72.1833,41.1851],[-72.1792,41.1843],[-72.1668,41.1861],[-72.162,41.1885],[-72.1612,41.1899],[-72.1628,41.1906]]],[[[-72.115,41.204],[-72.12,41.203],[-72.1232,41.2003],[-72.115,41.204]]],[[[-72.1062,41.2066],[-72.1058,41.2072],[-72.1079,41.2058],[-72.1062,41.2066]]]]},"properties":{"name":"Oysterponds Union Free School District"}},{"type":"Feature","geometry":{"type":"MultiPolygon","coordinates":[[[[-73.044,40.9534],[-73.0444,40.9538],[-73.0449,40.9541],[-73.044,40.9534]]],[[[-73.0432,40.957],[-73.0426,40.9557],[-73.0427,40.9566],[-73.0432,40.957]]],[[[-73.0423,40.9562],[-73.0414,40.9573],[-73.0426,40.9568],[-73.0423,40.9562]]],[[[-73.0432,40.957],[-73.0409,40.9581],[-73.0426,40.962],[-73.0472,40.9635],[-73.0576,40.9654],[-73.0768,40.9727],[-73.0919,40.9723],[-73.09,40.9697],[-73.0837,40.9712],[-73.0809,40.9681],[-73.0795,40.9683],[-73.0791,40.9714],[-73.0746,40.9709],[-73.074,40.9685],[-73.0796,40.9657],[-73.0671,40.9513],[-73.0723,40.9462],[-73.0795,40.9515],[-73.0804,40.9448],[-73.0774,40.9444],[-73.0773,40.9426],[-73.08,40.9392],[-73.0774,40.9384],[-73.077,40.9349],[-73.072,40.9318],[-73.0669,40.9346],[-73.0582,40.9345],[-73.0536,40.9382],[-73.0425,40.9367],[-73.0377,40.938],[-73.0459,40.9555],[-73.0454,40.9545],[-73.0432,40.957]]]]},"properties":{"name":"Port Jefferson Union Free School District"}},{"type":"Feature","geometry":{"type":"MultiPolygon","coordinates":[[[[-72.5712,40.8212],[-72.573,40.82],[-72.5713,40.8187],[-72.5796,40.819],[-72.5856,40.8128],[-72.5929,40.8111],[-72.5964,40.8086],[-72.6105,40.8053],[-72.6125,40.8063],[-72.6184,40.8025],[-72.6265,40.8014],[-72.6253,40.7991],[-72.6224,40.7996],[-72.5663,40.8153],[-72.5712,40.8212]]],[[[-72.6177,40.8303],[-72.6179,40.8308],[-72.6179,40.8302],[-72.6177,40.8303]]],[[[-72.6179,40.8309],[-72.6177,40.8314],[-72.6179,40.8317],[-72.6179,40.8309]]],[[[-72.5816,40.8331],[-72.5825,40.8335],[-72.5823,40.8333],[-72.5816,40.8331]]],[[[-72.5843,40.8343],[-72.5839,40.834],[-72.5829,40.8336],[-72.5843,40.8343]]],[[[-72.612,40.8602],[-72.6187,40.8584],[-72.6186,40.8536],[-72.6165,40.8507],[-72.6199,40.8467],[-72.6193,40.8333],[-72.6176,40.8335],[-72.6167,40.8312],[-72.6171,40.8241],[-72.6186,40.8226],[-72.6177,40.8206],[-72.6215,40.8161],[-72.6192,40.8114],[-72.6163,40.8119],[-72.6165,40.8083],[-72.6137,40.8106],[-72.6101,40.8081],[-72.6096,40.8097],[-72.6102,40.8067],[-72.6076,40.8063],[-72.6013,40.8081],[-72.602,40.8122],[-72.5998,40.811],[-72.6002,40.8087],[-72.5937,40.8113],[-72.5946,40.8125],[-72.5932,40.8115],[-72.5855,40.8142],[-72.5842,40.8168],[-72.5951,40.8223],[-72.5811,40.8201],[-72.5794,40.8225],[-72.5847,40.8252],[-72.5826,40.8258],[-72.5825,40.8247],[-72.5803,40.8262],[-72.5798,40.8293],[-72.59,40.8306],[-72.5833,40.8308],[-72.5824,40.8322],[-72.5958,40.8417],[-72.5996,40.8429],[-72.6044,40.8396],[-72.6083,40.8487],[-72.6095,40.8585],[-72.612,40.8602]]]]},"properties":{"name":"Quogue Union Free School District"}},{"type":"Feature","geometry":{"type":"Polygon","coordinates":[[[-73.2951,40.9245],[-73.3314,40.9296],[-73.3442,40.9273],[-73.345,40.9257],[-73.3433,40.9214],[-73.3452,40.9207],[-73.3456,40.9253],[-73.366,40.9317],[-73.3745,40.9376],[-73.3929,40.9553],[-73.3998,40.9552],[-73.4022,40.9491],[-73.3997,40.9544],[-73.3981,40.9544],[-73.398,40.9503],[-73.3988,40.9483],[-73.402,40.947],[-73.4035,40.9422],[-73.403,40.9251],[-73.4062,40.9201],[-73.4051,40.9156],[-73.4055,40.9199],[-73.403,40.9239],[-73.4034,40.9183],[-73.402,40.9183],[-73.4022,40.9232],[-73.4004,40.9249],[-73.4019,40.9238],[-73.4008,40.9265],[-73.4021,40.9292],[-73.4005,40.9302],[-73.3913,40.9239],[-73.3866,40.9226],[-73.3878,40.9245],[-73.382,40.928],[-73.3842,40.9287],[-73.3835,40.9336],[-73.3849,40.9363],[-73.3772,40.9335],[-73.3781,40.9364],[-73.38,40.9369],[-73.3816,40.9428],[-73.3696,40.9311],[-73.3739,40.9336],[-73.3757,40.9298],[-73.3799,40.9278],[-73.3782,40.925],[-73.3767,40.9258],[-73.3773,40.9278],[-73.3724,40.9301],[-73.3662,40.9294],[-73.3591,40.9248],[-73.3602,40.9258],[-73.3532,40.9243],[-73.3517,40.9227],[-73.3515,40.9184],[-73.3551,40.9128],[-73.3514,40.9103],[-73.3558,40.9126],[-73.3594,40.9105],[-73.3532,40.8995],[-73.3539,40.895],[-73.3577,40.8924],[-73.3541,40.8924],[-73.3557,40.8915],[-73.3545,40.8905],[-73.3579,40.8906],[-73.3577,40.8885],[-73.3552,40.8887],[-73.3511,40.883],[-73.3524,40.8796],[-73.3516,40.875],[-73.3447,40.8717],[-73.3372,40.8624],[-73.3211,40.8648],[-73.3186,40.8568],[-73.3155,40.8573],[-73.3172,40.8639],[-73.3086,40.8644],[-73.3094,40.8668],[-73.29,40.8694],[-73.2865,40.8764],[-73.2878,40.8839],[-73.2946,40.8978],[-73.2974,40.9004],[-73.2968,40.9049],[-73.301,40.9125],[-73.2992,40.9182],[-73.2946,40.9229],[-73.2951,40.9245]]]},"properties":{"name":"Northport-East Northport Union Free School District"}},{"type":"Feature","geometry":{"type":"MultiPolygon","coordinates":[[[[-72.8337,40.7452],[-72.8328,40.7463],[-72.835,40.7452],[-72.8337,40.7452]]],[[[-72.8344,40.7461],[-72.8337,40.7464],[-72.8338,40.7473],[-72.8344,40.7461]]],[[[-72.8379,40.7452],[-72.8344,40.7475],[-72.8388,40.7455],[-72.8379,40.7452]]],[[[-72.8354,40.749],[-72.8386,40.749],[-72.8416,40.7448],[-72.8394,40.7448],[-72.8354,40.749]]],[[[-72.8105,40.7519],[-72.8159,40.7496],[-72.8219,40.7496],[-72.8335,40.7438],[-72.8397,40.7439],[-72.8447,40.7408],[-72.8601,40.7364],[-72.8658,40.7358],[-72.8633,40.7375],[-72.867,40.7378],[-72.8712,40.7329],[-72.874,40.7321],[-72.8729,40.7298],[-72.8078,40.7498],[-72.8078,40.7515],[-72.8105,40.7519]]],[[[-72.8078,40.7525],[-72.8078,40.7528],[-72.8083,40.7525],[-72.8078,40.7525]]],[[[-72.8157,40.8228],[-72.8777,40.8186],[-72.8862,40.8192],[-72.8836,40.8129],[-72.8839,40.8077],[-72.8798,40.7983],[-72.8793,40.7899],[-72.8747,40.7779],[-72.8738,40.7603],[-72.8827,40.7616],[-72.8841,40.7604],[-72.8842,40.759],[-72.8747,40.7594],[-72.8738,40.757],[-72.8831,40.7539],[-72.8825,40.7439],[-72.8798,40.7403],[-72.8735,40.7375],[-72.8752,40.7397],[-72.8738,40.7448],[-72.8734,40.7404],[-72.8674,40.7404],[-72.8672,40.7426],[-72.8692,40.743],[-72.8666,40.7439],[-72.8697,40.7441],[-72.8668,40.745],[-72.8703,40.7451],[-72.8671,40.7461],[-72.8705,40.7459],[-72.8674,40.7463],[-72.8706,40.7472],[-72.8666,40.7477],[-72.8664,40.746],[-72.8659,40.747],[-72.8639,40.7458],[-72.8605,40.7468],[-72.8594,40.7455],[-72.861,40.7442],[-72.8583,40.7438],[-72.8527,40.7455],[-72.8512,40.7483],[-72.8561,40.7468],[-72.8513,40.7487],[-72.852,40.7457],[-72.8495,40.7478],[-72.848,40.746],[-72.8454,40.7472],[-72.8447,40.7502],[-72.8506,40.7614],[-72.8461,40.7545],[-72.845,40.7551],[-72.8442,40.7533],[-72.8404,40.7523],[-72.8401,40.7548],[-72.8391,40.7534],[-72.8367,40.7536],[-72.8336,40.7573],[-72.8346,40.7609],[-72.8332,40.7582],[-72.8304,40.7573],[-72.8276,40.7588],[-72.828,40.7619],[-72.827,40.7586],[-72.8231,40.7595],[-72.821,40.758],[-72.8206,40.76],[-72.8158,40.7601],[-72.8155,40.763],[-72.8125,40.7624],[-72.8107,40.7671],[-72.8118,40.7716],[-72.8131,40.7719],[-72.8133,40.77],[-72.8163,40.7718],[-72.8264,40.7727],[-72.8158,40.7731],[-72.8134,40.7714],[-72.814,40.7771],[-72.8222,40.7767],[-72.8167,40.7787],[-72.8211,40.781],[-72.8201,40.7833],[-72.8282,40.7877],[-72.8383,40.7871],[-72.8276,40.7893],[-72.8315,40.7947],[-72.8378,40.7956],[-72.8314,40.7954],[-72.8322,40.8022],[-72.8309,40.8024],[-72.8282,40.7955],[-72.8246,40.7988],[-72.8258,40.7921],[-72.8213,40.7915],[-72.8193,40.7897],[-72.8198,40.786],[-72.8181,40.787],[-72.8163,40.7978],[-72.8105,40.8033],[-72.8157,40.8228]]]]},"properties":{"name":"William Floyd Union Free School District"}},{"type":"Feature","geometry":{"type":"Polygon","coordinates":[[[-72.9742,40.9664],[-73.0209,40.9651],[-73.019,40.9632],[-73.0226,40.9587],[-73.0167,40.9562],[-73.0133,40.9518],[-72.9993,40.9406],[-72.993,40.9304],[-72.9909,40.9171],[-72.9846,40.9107],[-72.9808,40.9107],[-72.9812,40.9135],[-72.9628,40.9143],[-72.9707,40.9474],[-72.9717,40.9548],[-72.9691,40.956],[-72.971,40.9571],[-72.9696,40.96],[-72.9742,40.9611],[-72.9742,40.9664]]]},"properties":{"name":"Miller Place Union Free School District"}},{"type":"Feature","geometry":{"type":"MultiPolygon","coordinates":[[[[-72.0356,41.0074],[-72.0357,41.0075],[-72.0356,41.0074],[-72.0356,41.0074]]],[[[-71.9031,41.0862],[-71.9166,41.0811],[-71.937,41.0782],[-71.9371,41.0758],[-71.9185,41.0705],[-71.9153,41.0675],[-71.9138,41.0631],[-71.9077,41.06],[-71.9077,41.0519],[-71.9128,41.0479],[-71.9234,41.0528],[-71.9236,41.0514],[-71.9271,41.0515],[-71.9284,41.0544],[-71.9276,41.0568],[-71.9314,41.0584],[-71.936,41.0663],[-71.9345,41.0674],[-71.931,41.0665],[-71.9335,41.0732],[-71.9361,41.071],[-71.9349,41.0675],[-71.939,41.0676],[-71.9387,41.0711],[-71.9406,41.0721],[-71.9375,41.0747],[-71.9388,41.0774],[-71.9561,41.0732],[-71.9599,41.0708],[-71.9616,41.0638],[-71.9568,41.0492],[-71.9628,41.0429],[-71.9716,41.0407],[-71.9796,41.0439],[-71.9823,41.0481],[-71.9922,41.0476],[-71.9973,41.0412],[-72.0044,41.037],[-72.0213,41.0217],[-72.0353,41.0199],[-72.0493,41.0233],[-72.0552,41.0215],[-72.0559,41.0188],[-72.0511,41.021],[-72.0424,41.0153],[-72.0369,41.0085],[-72.0265,41.0009],[-71.9547,41.0282],[-71.9176,41.0388],[-71.9037,41.0402],[-71.8944,41.0452],[-71.8756,41.0512],[-71.8729,41.0555],[-71.8603,41.0654],[-71.8561,41.0708],[-71.8575,41.0736],[-71.8655,41.0776],[-71.8674,41.0777],[-71.8668,41.0761],[-71.8696,41.075],[-71.879,41.0773],[-71.8869,41.0756],[-71.8933,41.0764],[-71.8975,41.079],[-71.9031,41.0862]]]]},"properties":{"name":"Montauk Union Free School District"}},{"type":"Feature","geometry":{"type":"MultiPolygon","coordinates":[[[[-72.4688,40.9762],[-72.4715,40.9774],[-72.4714,40.9794],[-72.4718,40.9749],[-72.4669,40.966],[-72.4628,40.962],[-72.4525,40.957],[-72.4585,40.9758],[-72.4612,40.9773],[-72.4688,40.9762]]],[[[-72.4726,41.0039],[-72.4779,41.0034],[-72.4841,40.9981],[-72.482,40.9905],[-72.4837,40.9895],[-72.4703,40.9897],[-72.4722,40.9959],[-72.4689,41.0027],[-72.4726,41.0039]]]]},"properties":{"name":"New Suffolk Common School District"}},{"type":"Feature","geometry":{"type":"Polygon","coordinates":[[[-73.3065,40.7415],[-73.3208,40.7483],[-73.3282,40.7462],[-73.3266,40.7482],[-73.3443,40.7415],[-73.3463,40.7426],[-73.3701,40.7368],[-73.3561,40.7206],[-73.3467,40.7207],[-73.3474,40.7137],[-73.3358,40.7142],[-73.3351,40.7121],[-73.33,40.7114],[-73.33,40.7095],[-73.3258,40.7093],[-73.3143,40.7118],[-73.3142,40.7203],[-73.3119,40.7301],[-73.3065,40.7415]]]},"properties":{"name":"North Babylon Union Free School District"}},{"type":"Feature","geometry":{"type":"Polygon","coordinates":[[[-73.3969,40.7144],[-73.4142,40.7187],[-73.4147,40.7161],[-73.4151,40.7063],[-73.405,40.7039],[-73.4098,40.6989],[-73.4115,40.6931],[-73.4083,40.6908],[-73.4092,40.6838],[-73.4057,40.6842],[-73.4063,40.6727],[-73.4036,40.6635],[-73.4048,40.6575],[-73.3996,40.6546],[-73.3933,40.6563],[-73.3918,40.659],[-73.3873,40.6568],[-73.3791,40.6586],[-73.3797,40.6601],[-73.3679,40.6619],[-73.366,40.6633],[-73.3692,40.6677],[-73.3717,40.6675],[-73.3769,40.6727],[-73.3824,40.6715],[-73.3936,40.6938],[-73.3969,40.7144]]]},"properties":{"name":"Copiague Union Free School District"}},{"type":"Feature","geometry":{"type":"MultiPolygon","coordinates":[[[[-72.517,40.8373],[-72.5241,40.836],[-72.5249,40.8339],[-72.5201,40.8327],[-72.5152,40.8367],[-72.517,40.8373]]],[[[-72.4777,40.8429],[-72.4882,40.8404],[-72.4949,40.842],[-72.4968,40.8398],[-72.5,40.8431],[-72.4976,40.8382],[-72.5029,40.8363],[-72.5086,40.8365],[-72.5112,40.8332],[-72.5159,40.8337],[-72.5226,40.8299],[-72.521,40.8318],[-72.5254,40.833],[-72.5271,40.8292],[-72.534,40.8264],[-72.5405,40.8259],[-72.5406,40.8224],[-72.4945,40.8362],[-72.4775,40.8396],[-72.4777,40.8429]]],[[[-72.4945,40.8428],[-72.4937,40.844],[-72.4961,40.8429],[-72.4945,40.8428]]],[[[-72.4899,40.8476],[-72.4922,40.8481],[-72.4925,40.8448],[-72.4904,40.8455],[-72.4899,40.8476]]],[[[-72.4962,40.8489],[-72.4949,40.8522],[-72.4976,40.8509],[-72.4962,40.8489]]],[[[-72.5052,40.8963],[-72.5222,40.9015],[-72.5337,40.9077],[-72.5361,40.907],[-72.5304,40.8942],[-72.5476,40.8928],[-72.5535,40.891],[-72.5547,40.8882],[-72.5562,40.8882],[-72.5566,40.8826],[-72.5624,40.8783],[-72.5614,40.8657],[-72.5578,40.8582],[-72.5498,40.8562],[-72.5476,40.8522],[-72.5453,40.8545],[-72.5475,40.8562],[-72.5451,40.8547],[-72.5435,40.8558],[-72.5408,40.861],[-72.5417,40.8683],[-72.544,40.8696],[-72.5398,40.8681],[-72.5394,40.8669],[-72.5409,40.8666],[-72.5373,40.8655],[-72.5291,40.8574],[-72.5305,40.8548],[-72.5366,40.8512],[-72.5186,40.8456],[-72.5233,40.8478],[-72.5246,40.8521],[-72.5262,40.8519],[-72.5249,40.8542],[-72.527,40.862],[-72.5253,40.8571],[-72.5232,40.8581],[-72.5248,40.8559],[-72.5209,40.8536],[-72.5207,40.8516],[-72.5168,40.8525],[-72.5157,40.8575],[-72.5162,40.8519],[-72.5126,40.8514],[-72.5101,40.8563],[-72.5123,40.8514],[-72.5087,40.8501],[-72.5067,40.8539],[-72.5083,40.8502],[-72.5014,40.8461],[-72.5031,40.8499],[-72.5022,40.8543],[-72.492,40.8675],[-72.4907,40.8728],[-72.4919,40.8745],[-72.493,40.8727],[-72.5,40.8757],[-72.5021,40.8799],[-72.5014,40.8829],[-72.4982,40.882],[-72.4859,40.8835],[-72.47,40.8818],[-72.4912,40.8951],[-72.5006,40.895],[-72.503,40.8979],[-72.5052,40.8963]]]]},"properties":{"name":"Hampton Bays Union Free School District"}},{"type":"Feature","geometry":{"type":"MultiPolygon","coordinates":[[[[-73.1566,40.7394],[-73.1564,40.7399],[-73.1573,40.739],[-73.1566,40.7394]]],[[[-73.1527,40.7416],[-73.1491,40.7436],[-73.1538,40.7415],[-73.1527,40.7416]]],[[[-73.1168,40.8298],[-73.1231,40.833],[-73.1283,40.8302],[-73.1451,40.8288],[-73.1599,40.8094],[-73.1562,40.8069],[-73.1595,40.8041],[-73.1582,40.8043],[-73.1576,40.8006],[-73.1548,40.801],[-73.1551,40.7997],[-73.1631,40.7951],[-73.1669,40.7908],[-73.1695,40.7855],[-73.1683,40.7806],[-73.1697,40.7789],[-73.1572,40.771],[-73.1569,40.7664],[-73.148,40.7602],[-73.147,40.7533],[-73.1505,40.7459],[-73.148,40.7444],[-73.146,40.7458],[-73.1489,40.7419],[-73.1543,40.7395],[-73.1542,40.7377],[-73.1573,40.7349],[-73.1553,40.7268],[-73.1477,40.7246],[-73.1474,40.7261],[-73.1417,40.7247],[-73.1349,40.7261],[-73.1325,40.7242],[-73.1247,40.7236],[-73.1247,40.7256],[-73.13,40.7297],[-73.129,40.7322],[-73.1314,40.7328],[-73.129,40.7325],[-73.1309,40.7342],[-73.1286,40.7336],[-73.1305,40.7354],[-73.1284,40.7346],[-73.1282,40.7358],[-73.1304,40.7365],[-73.1279,40.737],[-73.1302,40.7383],[-73.1272,40.7372],[-73.1294,40.7298],[-73.1238,40.7262],[-73.1234,40.732],[-73.1214,40.7339],[-73.1215,40.7251],[-73.108,40.7172],[-73.106,40.7337],[-73.1067,40.7411],[-73.1089,40.7428],[-73.1077,40.7455],[-73.0949,40.7456],[-73.098,40.761],[-73.0905,40.7641],[-73.0906,40.7654],[-73.0862,40.7655],[-73.0876,40.7841],[-73.0907,40.8095],[-73.12,40.8069],[-73.118,40.8224],[-73.1166,40.824],[-73.1168,40.8298]]]]},"properties":{"name":"Connetquot Central School District"}},{"type":"Feature","geometry":{"type":"MultiPolygon","coordinates":[[[[-72.187,41.0055],[-72.1861,41.0076],[-72.1871,41.0066],[-72.187,41.0055]]],[[[-72.1829,41.0267],[-72.1834,41.0278],[-72.1845,41.0255],[-72.1829,41.0267]]],[[[-72.2302,41.0446],[-72.2418,41.0447],[-72.2625,41.0407],[-72.2576,41.0394],[-72.2451,41.0434],[-72.2409,41.0418],[-72.2392,41.0347],[-72.2431,41.0272],[-72.2423,41.0198],[-72.2465,41.0154],[-72.2471,41.0112],[-72.2515,41.006],[-72.2509,41.0026],[-72.2529,41.0032],[-72.2542,41.0014],[-72.2507,40.9958],[-72.2526,40.9976],[-72.2553,40.9958],[-72.2549,40.9939],[-72.2566,40.9944],[-72.2565,40.9965],[-72.2544,40.9973],[-72.2561,41.0035],[-72.2534,41.0122],[-72.2626,41.0133],[-72.271,41.0024],[-72.2668,40.9992],[-72.2661,40.9961],[-72.2728,40.9931],[-72.2673,40.9916],[-72.2616,40.9867],[-72.2514,40.9821],[-72.2444,40.9725],[-72.2355,40.9701],[-72.2221,40.9714],[-72.228,40.9628],[-72.2284,40.9558],[-72.2309,40.9525],[-72.2315,40.9463],[-72.2292,40.9298],[-72.1488,40.9593],[-72.1547,40.9677],[-72.1512,40.9683],[-72.152,40.9719],[-72.1509,40.9724],[-72.158,40.98],[-72.1579,40.9841],[-72.1624,40.9871],[-72.1627,40.9905],[-72.1761,40.9963],[-72.1847,40.996],[-72.1844,40.9986],[-72.1867,40.9986],[-72.1873,41.0005],[-72.1852,41.0],[-72.1849,41.002],[-72.1877,41.002],[-72.1849,41.0028],[-72.1853,41.004],[-72.1916,41.0057],[-72.196,41.0152],[-72.202,41.0176],[-72.2013,41.0212],[-72.2045,41.0277],[-72.2033,41.0311],[-72.1909,41.0292],[-72.187,41.0264],[-72.1839,41.0281],[-72.1842,41.0307],[-72.1878,41.0333],[-72.2045,41.0329],[-72.2175,41.0406],[-72.2302,41.0446]]]]},"properties":{"name":"East Hampton Union Free School District"}},{"type":"Feature","geometry":{"type":"Polygon","coordinates":[[[-73.1447,40.829],[-73.1862,40.8273],[-73.1891,40.8296],[-73.1895,40.8353],[-73.1936,40.835],[-73.1924,40.8372],[-73.2024,40.8358],[-73.2007,40.8454],[-73.2043,40.8471],[-73.2126,40.8417],[-73.2242,40.8393],[-73.2246,40.8362],[-73.2219,40.8321],[-73.2228,40.828],[-73.225,40.828],[-73.2259,40.8297],[-73.2243,40.8329],[-73.226,40.8406],[-73.2361,40.834],[-73.2367,40.8397],[-73.2347,40.8426],[-73.2455,40.847],[-73.2448,40.8483],[-73.2481,40.8483],[-73.2602,40.8461],[-73.2598,40.8391],[-73.2669,40.8383],[-73.271,40.8407],[-73.2714,40.8365],[-73.2697,40.8359],[-73.2719,40.8304],[-73.2667,40.8296],[-73.2653,40.8318],[-73.2579,40.8295],[-73.2626,40.8243],[-73.2543,40.8228],[-73.2552,40.82],[-73.2654,40.8204],[-73.2723,40.8177],[-73.2702,40.8163],[-73.2699,40.8058],[-73.2338,40.8085],[-73.231,40.8041],[-73.2247,40.8019],[-73.1975,40.8063],[-73.1808,40.8015],[-73.1811,40.8117],[-73.17,40.8118],[-73.1695,40.8093],[-73.1646,40.8094],[-73.1633,40.8113],[-73.1599,40.8094],[-73.1517,40.8215],[-73.1447,40.829]]]},"properties":{"name":"Hauppauge Union Free School District"}},{"type":"Feature","geometry":{"type":"Polygon","coordinates":[[[-73.0269,40.8995],[-73.0295,40.9016],[-73.0321,40.9015],[-73.0316,40.8965],[-73.054,40.8965],[-73.0535,40.8927],[-73.0629,40.8923],[-73.0643,40.8911],[-73.0627,40.8803],[-73.0884,40.883],[-73.0946,40.8795],[-73.1072,40.8793],[-73.1088,40.877],[-73.1258,40.8769],[-73.1258,40.8731],[-73.1325,40.8721],[-73.1274,40.8543],[-73.125,40.8548],[-73.1246,40.8526],[-73.1175,40.8518],[-73.1149,40.8524],[-73.1152,40.8545],[-73.1039,40.854],[-73.1015,40.8487],[-73.098,40.8487],[-73.0973,40.846],[-73.094,40.846],[-73.0932,40.8427],[-73.0833,40.8421],[-73.0818,40.8323],[-73.075,40.8341],[-73.0758,40.8432],[-73.0631,40.8458],[-73.0637,40.8488],[-73.061,40.8488],[-73.0616,40.8519],[-73.0542,40.8523],[-73.0529,40.8465],[-73.049,40.8497],[-73.0337,40.8545],[-73.0332,40.8503],[-73.0352,40.8459],[-73.0166,40.8467],[-73.0171,40.8501],[-73.0137,40.8504],[-73.0133,40.8476],[-73.0103,40.8478],[-73.0131,40.8624],[-73.013,40.8643],[-73.0107,40.8648],[-73.011,40.8688],[-73.0127,40.8687],[-73.0175,40.8739],[-73.0214,40.8751],[-73.0178,40.8815],[-73.0203,40.8828],[-73.0171,40.8821],[-73.0176,40.8879],[-73.0201,40.8886],[-73.0223,40.8878],[-73.022,40.8852],[-73.0252,40.885],[-73.0262,40.8937],[-73.0281,40.895],[-73.0255,40.8958],[-73.0269,40.8995]]]},"properties":{"name":"Middle Country Central School District"}},{"type":"Feature","geometry":{"type":"Polygon","coordinates":[[[-72.8439,40.9201],[-72.8459,40.934],[-72.8768,40.9335],[-72.8833,40.9279],[-72.8956,40.9254],[-72.899,40.9233],[-72.9044,40.9239],[-72.9237,40.9188],[-72.9239,40.9175],[-72.9596,40.9103],[-72.9621,40.9101],[-72.9628,40.9143],[-72.9812,40.9135],[-72.9808,40.9107],[-72.9846,40.9107],[-72.9796,40.9056],[-72.9744,40.9041],[-72.976,40.9038],[-72.98,40.9037],[-72.99,40.9088],[-73.0068,40.9141],[-73.0048,40.9015],[-73.0101,40.9019],[-73.0099,40.9001],[-73.0115,40.9],[-73.0133,40.9038],[-73.0197,40.9017],[-73.0267,40.9016],[-73.0255,40.8958],[-73.0281,40.895],[-73.0262,40.8937],[-73.0252,40.885],[-73.022,40.8852],[-73.0223,40.8878],[-73.0178,40.8883],[-73.0171,40.8821],[-73.0203,40.8828],[-73.0178,40.8815],[-73.0214,40.8751],[-73.0175,40.8739],[-73.0127,40.8687],[-73.011,40.8688],[-73.0107,40.8648],[-73.013,40.8643],[-73.0131,40.8624],[-73.0106,40.8489],[-73.0079,40.8489],[-73.006,40.8416],[-72.9972,40.8471],[-72.9963,40.8382],[-72.9921,40.8376],[-72.991,40.8388],[-72.9907,40.8367],[-72.9833,40.8376],[-72.9718,40.8361],[-72.9701,40.8229],[-72.9658,40.8238],[-72.9646,40.8078],[-72.9642,40.8159],[-72.9616,40.8042],[-72.9624,40.8168],[-72.9608,40.8042],[-72.9574,40.8044],[-72.9585,40.8132],[-72.9523,40.8118],[-72.9483,40.8169],[-72.915,40.8191],[-72.911,40.8154],[-72.9119,40.8224],[-72.9073,40.8227],[-72.8869,40.8192],[-72.8648,40.8197],[-72.8686,40.8906],[-72.8493,40.8909],[-72.8505,40.9066],[-72.8425,40.9109],[-72.8439,40.9201]]]},"properties":{"name":"Longwood Central School District"}},{"type":"Feature","geometry":{"type":"MultiPolygon","coordinates":[[[[-73.0371,40.9551],[-73.0369,40.9553],[-73.0377,40.9557],[-73.0371,40.9551]]],[[[-73.0419,40.9558],[-73.0425,40.9559],[-73.0424,40.9552],[-73.0419,40.9558]]],[[[-73.0371,40.9561],[-73.0371,40.9565],[-73.0373,40.9563],[-73.0371,40.9561]]],[[[-73.0371,40.9545],[-73.0399,40.9572],[-73.0395,40.9553],[-73.0371,40.9545]]],[[[-73.0373,40.9575],[-73.0382,40.9579],[-73.0375,40.9574],[-73.0373,40.9575]]],[[[-73.034,40.9561],[-73.0323,40.9573],[-73.0357,40.9578],[-73.034,40.9561]]],[[[-73.0387,40.9578],[-73.0405,40.9586],[-73.0375,40.956],[-73.0387,40.9578]]],[[[-73.0382,40.958],[-73.0397,40.9589],[-73.0393,40.9584],[-73.0382,40.958]]],[[[-73.0255,40.9583],[-73.0256,40.9573],[-73.0239,40.958],[-73.0255,40.9583]]],[[[-73.0254,40.9595],[-73.0256,40.9599],[-73.0259,40.9594],[-73.0254,40.9595]]],[[[-73.0355,40.9599],[-73.0386,40.9598],[-73.033,40.9589],[-73.0355,40.9599]]],[[[-73.0274,40.9598],[-73.0273,40.9609],[-73.0276,40.9599],[-73.0274,40.9598]]],[[[-73.0265,40.9589],[-73.0268,40.961],[-73.0273,40.9591],[-73.0265,40.9589]]],[[[-73.0427,40.9615],[-73.0427,40.9614],[-73.0427,40.9614],[-73.0427,40.9615]]],[[[-73.0281,40.9571],[-73.0284,40.9618],[-73.0313,40.9581],[-73.0281,40.9571]]],[[[-73.0291,40.9615],[-73.0317,40.9612],[-73.033,40.9585],[-73.0316,40.958],[-73.0291,40.9615]]],[[[-73.0426,40.962],[-73.0426,40.962],[-73.0426,40.962],[-73.0426,40.962]]],[[[-73.0264,40.9611],[-73.0269,40.9621],[-73.0277,40.9617],[-73.0264,40.9611]]],[[[-73.0231,40.9616],[-73.0259,40.9615],[-73.025,40.9595],[-73.0231,40.9616]]],[[[-73.0261,40.9613],[-73.0259,40.962],[-73.0264,40.9622],[-73.0261,40.9613]]],[[[-73.0304,40.9651],[-73.0432,40.965],[-73.0397,40.9599],[-73.0364,40.9604],[-73.0353,40.9637],[-73.0335,40.9635],[-73.0353,40.9631],[-73.0359,40.9608],[-73.0332,40.96],[-73.0299,40.962],[-73.0304,40.9632],[-73.0285,40.9621],[-73.027,40.964],[-73.024,40.9637],[-73.0231,40.963],[-73.0261,40.9624],[-73.0231,40.9627],[-73.0223,40.9613],[-73.0204,40.9625],[-73.0249,40.9546],[-73.0306,40.9536],[-73.0327,40.9506],[-73.0398,40.9548],[-73.0408,40.9575],[-73.0423,40.9562],[-73.0408,40.9559],[-73.041,40.9543],[-73.0437,40.9533],[-73.0459,40.9555],[-73.042,40.9494],[-73.0417,40.9442],[-73.0387,40.941],[-73.034,40.9283],[-73.0272,40.9249],[-73.0266,40.9232],[-73.024,40.9243],[-73.0226,40.9188],[-73.0193,40.918],[-73.0159,40.9128],[-73.011,40.9117],[-73.0105,40.9084],[-73.0122,40.9078],[-73.012,40.9054],[-73.0102,40.9061],[-73.0097,40.9041],[-73.0133,40.9038],[-73.0117,40.9],[-73.0099,40.9001],[-73.0101,40.9019],[-73.0048,40.9015],[-73.0068,40.9141],[-72.99,40.9088],[-72.98,40.9037],[-72.9744,40.9041],[-72.9796,40.9056],[-72.9909,40.9171],[-72.993,40.9304],[-72.9993,40.9406],[-73.0133,40.9518],[-73.0167,40.9562],[-73.0226,40.9587],[-73.0198,40.9609],[-73.0192,40.9636],[-73.0209,40.9651],[-73.0304,40.9651]]]]},"properties":{"name":"Mount Sinai Union Free School District"}},{"type":"Feature","geometry":{"type":"Polygon","coordinates":[[[-72.962,40.8041],[-72.9642,40.8159],[-72.9646,40.8078],[-72.9658,40.8238],[-72.9701,40.8229],[-72.9718,40.8361],[-72.9833,40.8376],[-72.9907,40.8367],[-72.991,40.8388],[-72.9921,40.8376],[-72.9963,40.8382],[-72.9972,40.8471],[-73.0113,40.8392],[-73.0091,40.8278],[-73.0207,40.8269],[-73.0197,40.8106],[-73.0216,40.8106],[-73.0209,40.7937],[-73.0319,40.7948],[-73.0344,40.7889],[-73.0341,40.7857],[-73.0357,40.7857],[-73.0352,40.7808],[-73.0315,40.7785],[-73.0357,40.7782],[-73.0339,40.7749],[-73.038,40.7712],[-73.0312,40.7586],[-73.0288,40.7562],[-73.025,40.7586],[-73.0245,40.7521],[-73.0227,40.7494],[-73.0178,40.749],[-73.0179,40.752],[-73.0194,40.7521],[-73.0194,40.7609],[-73.0161,40.7472],[-73.0149,40.7474],[-73.0156,40.75],[-73.0107,40.7486],[-73.0097,40.7469],[-73.0101,40.7484],[-73.0077,40.7489],[-72.9981,40.7475],[-73.0002,40.7525],[-72.9975,40.7594],[-72.9975,40.7545],[-72.9994,40.7522],[-72.9975,40.7517],[-72.9978,40.7486],[-72.9874,40.7501],[-72.9893,40.7527],[-72.9885,40.7549],[-72.9852,40.7577],[-72.9814,40.7659],[-72.9773,40.7693],[-72.9798,40.796],[-72.9636,40.797],[-72.964,40.804],[-72.962,40.8041]]]},"properties":{"name":"Patchogue-Medford Union Free School District"}},{"type":"Feature","geometry":{"type":"MultiPolygon","coordinates":[[[[-72.6364,40.9179],[-72.6369,40.9175],[-72.6338,40.9173],[-72.6364,40.9179]]],[[[-72.5914,40.9952],[-72.6375,40.9816],[-72.669,40.9791],[-72.6857,40.9807],[-72.6983,40.9796],[-72.7312,40.9717],[-72.7741,40.9653],[-72.8119,40.9677],[-72.8298,40.9703],[-72.8395,40.9695],[-72.8385,40.964],[-72.8398,40.9636],[-72.835,40.9516],[-72.795,40.9439],[-72.7948,40.9346],[-72.8068,40.9325],[-72.8223,40.9258],[-72.8439,40.9201],[-72.8376,40.8785],[-72.8307,40.8758],[-72.8292,40.8774],[-72.8162,40.8768],[-72.8049,40.8858],[-72.792,40.8838],[-72.7861,40.8865],[-72.7836,40.8914],[-72.7826,40.8877],[-72.7643,40.8976],[-72.7636,40.8949],[-72.7612,40.8951],[-72.7605,40.8898],[-72.7635,40.8889],[-72.7634,40.8857],[-72.7468,40.8865],[-72.7331,40.8974],[-72.7058,40.8996],[-72.7151,40.8705],[-72.7102,40.8758],[-72.6971,40.8847],[-72.6967,40.8665],[-72.6904,40.8662],[-72.6901,40.8547],[-72.654,40.8662],[-72.6188,40.8702],[-72.6186,40.874],[-72.5609,40.8784],[-72.5566,40.8826],[-72.5562,40.8882],[-72.5547,40.8882],[-72.5535,40.891],[-72.5476,40.8928],[-72.5304,40.8942],[-72.5361,40.907],[-72.5337,40.9077],[-72.5508,40.9143],[-72.5592,40.9141],[-72.5682,40.9178],[-72.5639,40.9152],[-72.5641,40.9137],[-72.5714,40.9057],[-72.5674,40.9059],[-72.5679,40.9039],[-72.5632,40.8992],[-72.5648,40.897],[-72.567,40.9026],[-72.5685,40.9028],[-72.5692,40.9046],[-72.5681,40.9052],[-72.5709,40.9051],[-72.5716,40.9066],[-72.5788,40.9074],[-72.5782,40.9063],[-72.5817,40.9037],[-72.5818,40.9017],[-72.5802,40.9014],[-72.5811,40.9006],[-72.5832,40.9028],[-72.5822,40.9073],[-72.585,40.907],[-72.5839,40.9083],[-72.5871,40.9099],[-72.5881,40.9082],[-72.5897,40.9105],[-72.5915,40.908],[-72.5898,40.909],[-72.5904,40.904],[-72.5936,40.9071],[-72.5927,40.9084],[-72.598,40.9093],[-72.5984,40.9106],[-72.597,40.9097],[-72.5965,40.911],[-72.6003,40.9163],[-72.5988,40.912],[-72.601,40.9047],[-72.6004,40.9131],[-72.6014,40.912],[-72.6009,40.9144],[-72.6036,40.9141],[-72.6013,40.9156],[-72.6118,40.9119],[-72.6123,40.9053],[-72.613,40.9072],[-72.6162,40.9057],[-72.6157,40.904],[-72.6177,40.9057],[-72.6205,40.9046],[-72.619,40.905],[-72.6181,40.9101],[-72.621,40.9095],[-72.6228,40.9118],[-72.6272,40.9111],[-72.6213,40.9131],[-72.6219,40.9144],[-72.6188,40.9149],[-72.6205,40.9162],[-72.6196,40.9175],[-72.6174,40.9189],[-72.6143,40.9183],[-72.6134,40.9201],[-72.6278,40.9188],[-72.6328,40.9157],[-72.6441,40.9164],[-72.6444,40.9146],[-72.6421,40.914],[-72.6407,40.9109],[-72.6426,40.914],[-72.6441,40.9133],[-72.6449,40.9145],[-72.6428,40.9175],[-72.6531,40.9157],[-72.6547,40.9172],[-72.6617,40.9154],[-72.6721,40.9174],[-72.6802,40.9166],[-72.6848,40.9133],[-72.6973,40.9158],[-72.7072,40.912],[-72.7189,40.9132],[-72.7204,40.9106],[-72.7252,40.9124],[-72.7211,40.9128],[-72.723,40.9133],[-72.7291,40.9113],[-72.7344,40.9055],[-72.7378,40.9078],[-72.7338,40.9068],[-72.7298,40.9123],[-72.7301,40.914],[-72.7252,40.9148],[-72.7174,40.9155],[-72.7125,40.9127],[-72.7019,40.9141],[-72.6975,40.9165],[-72.6851,40.9139],[-72.6765,40.9177],[-72.6691,40.9178],[-72.6616,40.9156],[-72.654,40.9191],[-72.6498,40.9171],[-72.6319,40.9197],[-72.6317,40.9184],[-72.6252,40.9217],[-72.629,40.9233],[-72.6458,40.9243],[-72.6314,40.9245],[-72.6242,40.9219],[-72.6202,40.9226],[-72.6178,40.9263],[-72.6147,40.9258],[-72.6145,40.928],[-72.6171,40.9292],[-72.6194,40.9261],[-72.6186,40.9276],[-72.6204,40.9294],[-72.6317,40.932],[-72.6215,40.93],[-72.6204,40.9348],[-72.6168,40.9299],[-72.6193,40.9366],[-72.6187,40.9389],[-72.6156,40.9338],[-72.6149,40.9288],[-72.6114,40.931],[-72.6083,40.9398],[-72.6094,40.9344],[-72.6072,40.9321],[-72.6003,40.9343],[-72.5907,40.9293],[-72.5826,40.935],[-72.5757,40.9335],[-72.5713,40.9377],[-72.5692,40.9379],[-72.5683,40.9416],[-72.5633,40.9461],[-72.5727,40.9577],[-72.5715,40.9595],[-72.5816,40.9703],[-72.5742,40.9736],[-72.5743,40.9756],[-72.5914,40.9952]]]]},"properties":{"name":"Riverhead Central School District"}},{"type":"Feature","geometry":{"type":"Polygon","coordinates":[[[-73.0106,40.8489],[-73.0103,40.8478],[-73.0133,40.8476],[-73.0137,40.8504],[-73.0171,40.8501],[-73.0166,40.8467],[-73.0352,40.8459],[-73.0332,40.8503],[-73.0337,40.8545],[-73.049,40.8497],[-73.0529,40.8465],[-73.0542,40.8523],[-73.0616,40.8519],[-73.061,40.8488],[-73.0637,40.8488],[-73.0631,40.8458],[-73.0758,40.8432],[-73.075,40.8341],[-73.0818,40.8323],[-73.0833,40.8421],[-73.0932,40.8427],[-73.094,40.846],[-73.0973,40.846],[-73.098,40.8487],[-73.1015,40.8487],[-73.1039,40.854],[-73.1152,40.8545],[-73.1149,40.8524],[-73.1175,40.8518],[-73.1246,40.8526],[-73.125,40.8548],[-73.1275,40.8543],[-73.1385,40.8432],[-73.1357,40.8384],[-73.1345,40.8298],[-73.1283,40.8302],[-73.1231,40.833],[-73.1168,40.8298],[-73.1166,40.824],[-73.118,40.8224],[-73.12,40.8069],[-73.0906,40.8093],[-73.0862,40.7655],[-73.0811,40.7644],[-73.047,40.7656],[-73.0459,40.77],[-73.0422,40.77],[-73.0425,40.7854],[-73.0341,40.7857],[-73.0344,40.7889],[-73.0319,40.7948],[-73.0209,40.7937],[-73.0216,40.8106],[-73.0197,40.8106],[-73.0207,40.8269],[-73.0091,40.8278],[-73.0113,40.8392],[-73.006,40.8416],[-73.0079,40.8489],[-73.0106,40.8489]]]},"properties":{"name":"Sachem Central School District"}},{"type":"Feature","geometry":{"type":"MultiPolygon","coordinates":[[[[-73.1985,40.8646],[-73.1987,40.8652],[-73.1997,40.8653],[-73.1985,40.8646]]],[[[-73.1946,40.8805],[-73.1951,40.8787],[-73.194,40.8777],[-73.1946,40.8805]]],[[[-73.1938,40.8818],[-73.1937,40.8825],[-73.1943,40.8817],[-73.1938,40.8818]]],[[[-73.2035,40.8909],[-73.2053,40.8907],[-73.2043,40.8887],[-73.2048,40.8908],[-73.2013,40.8898],[-73.2035,40.8909]]],[[[-73.2051,40.8914],[-73.2057,40.8913],[-73.2054,40.8907],[-73.2051,40.8914]]],[[[-73.206,40.8911],[-73.2061,40.8915],[-73.2065,40.8913],[-73.206,40.8911]]],[[[-73.2044,40.8931],[-73.2048,40.8936],[-73.203,40.8918],[-73.2044,40.8931]]],[[[-73.2052,40.8938],[-73.2063,40.8948],[-73.2074,40.8946],[-73.2052,40.8938]]],[[[-73.2118,40.8949],[-73.2118,40.8949],[-73.2118,40.8949],[-73.2118,40.8949]]],[[[-73.2102,40.8947],[-73.2098,40.8948],[-73.211,40.895],[-73.2102,40.8947]]],[[[-73.2076,40.8964],[-73.2088,40.8962],[-73.2078,40.895],[-73.2081,40.8962],[-73.2066,40.8957],[-73.2076,40.8964]]],[[[-73.2073,40.897],[-73.209,40.8965],[-73.2077,40.8965],[-73.2073,40.897]]],[[[-73.1713,40.9058],[-73.1704,40.9067],[-73.1716,40.9064],[-73.1713,40.9058]]],[[[-73.2308,40.9068],[-73.2304,40.9073],[-73.231,40.9072],[-73.2308,40.9068]]],[[[-73.1684,40.9078],[-73.1682,40.9082],[-73.1691,40.9078],[-73.1684,40.9078]]],[[[-73.1697,40.9077],[-73.1692,40.9082],[-73.1702,40.9078],[-73.1697,40.9077]]],[[[-73.171,40.9123],[-73.1745,40.9105],[-73.1717,40.9097],[-73.1707,40.9109],[-73.1728,40.9116],[-73.171,40.9123]]],[[[-73.178,40.9129],[-73.1788,40.9129],[-73.1788,40.9124],[-73.178,40.9129]]],[[[-73.1772,40.9128],[-73.1775,40.9136],[-73.1777,40.9135],[-73.1772,40.9128]]],[[[-73.1646,40.9139],[-73.1722,40.9123],[-73.1671,40.913],[-73.1684,40.9097],[-73.1646,40.9139]]],[[[-73.1757,40.9141],[-73.1783,40.915],[-73.1766,40.913],[-73.1757,40.9141]]],[[[-73.175,40.9146],[-73.1748,40.915],[-73.1765,40.9155],[-73.175,40.9146]]],[[[-73.1699,40.9168],[-73.1705,40.9178],[-73.1738,40.9152],[-73.1699,40.9168]]],[[[-73.1689,40.9186],[-73.1736,40.9181],[-73.1726,40.9168],[-73.1664,40.918],[-73.1689,40.9186]]],[[[-73.1749,40.9187],[-73.1774,40.918],[-73.1735,40.9165],[-73.1749,40.9187]]],[[[-73.1712,40.9201],[-73.1713,40.9197],[-73.1701,40.9198],[-73.1712,40.9201]]],[[[-73.1697,40.9194],[-73.1681,40.9199],[-73.1686,40.9202],[-73.1697,40.9194]]],[[[-73.1624,40.9195],[-73.1617,40.9203],[-73.1627,40.9206],[-73.1624,40.9195]]],[[[-73.1645,40.9149],[-73.1567,40.9168],[-73.1512,40.9216],[-73.1674,40.9151],[-73.1645,40.9149]]],[[[-73.1529,40.925],[-73.1492,40.9292],[-73.2293,40.9051],[-73.2212,40.9059],[-73.2215,40.904],[-73.2197,40.905],[-73.2125,40.8992],[-73.2106,40.8991],[-73.2091,40.9012],[-73.2077,40.8978],[-73.2036,40.8977],[-73.2028,40.8957],[-73.201,40.8955],[-73.1936,40.8823],[-73.1922,40.8726],[-73.1962,40.8665],[-73.199,40.8657],[-73.1983,40.8645],[-73.1999,40.8651],[-73.2062,40.8609],[-73.1964,40.8668],[-73.193,40.8729],[-73.1955,40.8786],[-73.1956,40.8847],[-73.2022,40.8866],[-73.2067,40.8923],[-73.2094,40.8921],[-73.2109,40.8942],[-73.2123,40.8932],[-73.2119,40.8947],[-73.2142,40.8919],[-73.2191,40.8906],[-73.2167,40.8785],[-73.22,40.8764],[-73.2199,40.8746],[-73.2268,40.8752],[-73.235,40.872],[-73.2394,40.8719],[-73.2418,40.8699],[-73.259,40.8698],[-73.2486,40.8664],[-73.2478,40.863],[-73.2433,40.8601],[-73.2473,40.8597],[-73.2475,40.8577],[-73.2531,40.8575],[-73.2513,40.85],[-73.2522,40.8475],[-73.2448,40.8483],[-73.2455,40.847],[-73.2347,40.8426],[-73.2367,40.8397],[-73.2361,40.834],[-73.226,40.8406],[-73.2243,40.8329],[-73.2259,40.8297],[-73.225,40.828],[-73.2228,40.828],[-73.2219,40.8321],[-73.2246,40.8362],[-73.2242,40.8393],[-73.2126,40.8417],[-73.2043,40.8471],[-73.2007,40.8454],[-73.2024,40.8358],[-73.1924,40.8372],[-73.1936,40.835],[-73.1895,40.8353],[-73.1891,40.8296],[-73.1862,40.8273],[-73.1345,40.8298],[-73.1357,40.8384],[-73.1385,40.8432],[-73.1274,40.8543],[-73.1423,40.9084],[-73.1518,40.906],[-73.1542,40.9037],[-73.1582,40.9041],[-73.162,40.9082],[-73.1674,40.9079],[-73.1711,40.9039],[-73.1685,40.9027],[-73.1707,40.9029],[-73.1687,40.8969],[-73.1702,40.8934],[-73.1763,40.8969],[-73.1767,40.8996],[-73.1813,40.9038],[-73.1826,40.9133],[-73.1765,40.9193],[-73.174,40.9185],[-73.1702,40.9209],[-73.1647,40.9196],[-73.1665,40.9187],[-73.1636,40.919],[-73.1675,40.9218],[-73.1607,40.9208],[-73.1529,40.925]]]]},"properties":{"name":"Smithtown Central School District"}},{"type":"Feature","geometry":{"type":"MultiPolygon","coordinates":[[[[-72.4032,41.0731],[-72.4001,41.0755],[-72.4002,41.076],[-72.4032,41.0731]]],[[[-72.3996,41.0762],[-72.3998,41.0764],[-72.3998,41.0763],[-72.3996,41.0762]]],[[[-72.3993,41.0765],[-72.3995,41.0765],[-72.3998,41.0764],[-72.3993,41.0765]]],[[[-72.3978,41.0779],[-72.398,41.0778],[-72.3982,41.0776],[-72.3978,41.0779]]],[[[-72.4117,41.0889],[-72.4134,41.0903],[-72.4251,41.0867],[-72.4423,41.0869],[-72.4471,41.0854],[-72.4593,41.0683],[-72.4739,41.0543],[-72.4949,41.0466],[-72.4796,41.0387],[-72.4815,41.0377],[-72.4666,41.03],[-72.4649,41.0304],[-72.4629,41.0241],[-72.4605,41.0248],[-72.4563,41.0227],[-72.4546,41.0236],[-72.4538,41.0206],[-72.4492,41.0178],[-72.4475,41.0188],[-72.4464,41.0248],[-72.4388,41.0304],[-72.4361,41.0357],[-72.4289,41.0332],[-72.4256,41.0342],[-72.4298,41.0341],[-72.4254,41.035],[-72.4277,41.0381],[-72.4314,41.0393],[-72.4253,41.0387],[-72.4272,41.0396],[-72.4256,41.0413],[-72.4261,41.0396],[-72.4247,41.0406],[-72.4247,41.0385],[-72.4222,41.0381],[-72.4239,41.0361],[-72.4197,41.0381],[-72.4177,41.0356],[-72.4155,41.0357],[-72.421,41.0331],[-72.425,41.0344],[-72.4241,41.0332],[-72.4031,41.0297],[-72.4018,41.0303],[-72.4023,41.0323],[-72.4017,41.0298],[-72.3985,41.0296],[-72.3995,41.0309],[-72.3974,41.0294],[-72.3907,41.0298],[-72.3932,41.0319],[-72.3948,41.0307],[-72.398,41.0315],[-72.394,41.0315],[-72.3952,41.0332],[-72.3935,41.0326],[-72.3931,41.0351],[-72.3952,41.0362],[-72.3929,41.0356],[-72.3933,41.0367],[-72.3903,41.0343],[-72.3929,41.0322],[-72.3902,41.0299],[-72.3863,41.0327],[-72.3891,41.0402],[-72.3834,41.0497],[-72.3939,41.0483],[-72.4048,41.0519],[-72.4143,41.052],[-72.4138,41.0501],[-72.4204,41.0477],[-72.4229,41.0442],[-72.4263,41.0426],[-72.4282,41.0444],[-72.4255,41.0464],[-72.4275,41.047],[-72.4253,41.0477],[-72.4259,41.0494],[-72.4214,41.0491],[-72.4184,41.0514],[-72.4143,41.0502],[-72.4158,41.0539],[-72.4145,41.0587],[-72.4165,41.0561],[-72.4194,41.0574],[-72.4283,41.0546],[-72.4332,41.0556],[-72.4266,41.0555],[-72.4232,41.0569],[-72.4237,41.0589],[-72.4188,41.0585],[-72.4191,41.0603],[-72.4247,41.0626],[-72.4211,41.0628],[-72.4207,41.0642],[-72.4201,41.0626],[-72.4136,41.0597],[-72.4113,41.0643],[-72.4078,41.0667],[-72.41,41.0687],[-72.4068,41.0668],[-72.4035,41.0718],[-72.4046,41.0754],[-72.4022,41.0753],[-72.3977,41.0785],[-72.4117,41.0889]]]]},"properties":{"name":"Southold Union Free School District"}},{"type":"Feature","geometry":{"type":"MultiPolygon","coordinates":[[[[-73.166,40.9112],[-73.1655,40.9124],[-73.1698,40.908],[-73.166,40.9112]]],[[[-73.1599,40.9157],[-73.1567,40.9168],[-73.16,40.9157],[-73.1599,40.9157]]],[[[-73.1556,40.9157],[-73.1528,40.9183],[-73.1569,40.9159],[-73.1556,40.9157]]],[[[-73.1494,40.9227],[-73.149,40.9249],[-73.15,40.9238],[-73.1494,40.9227]]],[[[-73.148,40.9236],[-73.1481,40.9257],[-73.1487,40.9235],[-73.148,40.9236]]],[[[-73.1138,40.9741],[-73.1193,40.9771],[-73.1303,40.9689],[-73.1371,40.9665],[-73.1351,40.964],[-73.1337,40.9664],[-73.1336,40.9643],[-73.1379,40.9614],[-73.146,40.9621],[-73.1488,40.9638],[-73.147,40.9646],[-73.1432,40.9628],[-73.1373,40.9657],[-73.1378,40.9668],[-73.147,40.966],[-73.1589,40.9675],[-73.1539,40.9612],[-73.1472,40.9589],[-73.1447,40.9558],[-73.1446,40.9456],[-73.1476,40.9259],[-73.1468,40.9278],[-73.1444,40.9282],[-73.1432,40.9333],[-73.1444,40.9357],[-73.1435,40.9369],[-73.1419,40.9362],[-73.1404,40.9391],[-73.1408,40.9432],[-73.1429,40.9433],[-73.1381,40.9458],[-73.1415,40.9363],[-73.144,40.9356],[-73.1418,40.9336],[-73.14,40.9342],[-73.1401,40.9324],[-73.1429,40.9344],[-73.1438,40.928],[-73.1463,40.9277],[-73.1475,40.9236],[-73.1507,40.9208],[-73.1492,40.9196],[-73.1511,40.9201],[-73.1515,40.9177],[-73.1559,40.9147],[-73.1625,40.9139],[-73.1674,40.9079],[-73.162,40.9082],[-73.1582,40.9041],[-73.1542,40.9037],[-73.1518,40.906],[-73.1423,40.9084],[-73.1325,40.8721],[-73.1258,40.8731],[-73.1258,40.8769],[-73.1088,40.877],[-73.1072,40.8793],[-73.0946,40.8795],[-73.0884,40.883],[-73.0627,40.8803],[-73.0643,40.8911],[-73.0677,40.8898],[-73.0681,40.8921],[-73.0712,40.9188],[-73.0698,40.9202],[-73.0725,40.9226],[-73.0697,40.9281],[-73.074,40.931],[-73.0723,40.9331],[-73.077,40.9349],[-73.0774,40.9384],[-73.08,40.9392],[-73.0773,40.9426],[-73.0774,40.9444],[-73.0804,40.9448],[-73.0795,40.9515],[-73.0967,40.958],[-73.0988,40.9564],[-73.095,40.9506],[-73.0975,40.9513],[-73.103,40.948],[-73.1019,40.9436],[-73.1067,40.9492],[-73.1121,40.9497],[-73.1142,40.9542],[-73.1105,40.9545],[-73.1075,40.9525],[-73.1075,40.9503],[-73.1023,40.9519],[-73.0998,40.96],[-73.1022,40.962],[-73.1063,40.9615],[-73.1087,40.9681],[-73.1127,40.9702],[-73.115,40.9653],[-73.1187,40.9632],[-73.1158,40.9576],[-73.1185,40.9521],[-73.1166,40.9474],[-73.1195,40.9533],[-73.1233,40.9542],[-73.1262,40.9529],[-73.1283,40.9593],[-73.1174,40.9666],[-73.1158,40.9711],[-73.1143,40.9711],[-73.115,40.9737],[-73.113,40.9709],[-73.11,40.9712],[-73.1048,40.9679],[-73.091,40.9663],[-73.0937,40.9678],[-73.0938,40.9694],[-73.1025,40.9692],[-73.1138,40.9741]]]]},"properties":{"name":"Three Village Central School District"}},{"type":"Feature","geometry":{"type":"Polygon","coordinates":[[[-73.3506,40.7654],[-73.3538,40.7657],[-73.3585,40.762],[-73.3573,40.76],[-73.3848,40.7532],[-73.3857,40.7542],[-73.3901,40.7453],[-73.3997,40.7386],[-73.398,40.7316],[-73.3456,40.7425],[-73.3515,40.7565],[-73.3501,40.76],[-73.3506,40.7654]]]},"properties":{"name":"Wyandanch Union Free School District"}},{"type":"Feature","geometry":{"type":"MultiPolygon","coordinates":[[[[-72.3641,40.9927],[-72.3664,40.9937],[-72.3667,40.9927],[-72.3641,40.9927]]],[[[-72.3476,40.9952],[-72.3468,40.9958],[-72.3505,40.9962],[-72.3476,40.9952]]],[[[-72.3463,40.9958],[-72.3464,40.9966],[-72.347,40.9965],[-72.3463,40.9958]]],[[[-72.3473,40.9975],[-72.3496,40.9968],[-72.3481,40.9964],[-72.3473,40.9975]]],[[[-72.3098,41.0387],[-72.313,41.0409],[-72.3214,41.0373],[-72.3261,41.0371],[-72.3328,41.0334],[-72.3296,41.0242],[-72.3164,41.01],[-72.3206,41.0016],[-72.3291,40.9958],[-72.3346,40.9956],[-72.344,41.0015],[-72.3494,41.0],[-72.3496,40.9973],[-72.3484,41.0001],[-72.3468,41.0003],[-72.3459,40.9956],[-72.3495,40.9935],[-72.3514,40.9962],[-72.3502,40.9981],[-72.3678,40.9955],[-72.3675,40.9942],[-72.3638,40.994],[-72.3601,40.996],[-72.3613,40.9946],[-72.3596,40.9932],[-72.3631,40.9939],[-72.3633,40.9896],[-72.3639,40.9911],[-72.3664,40.9898],[-72.3681,40.9936],[-72.3704,40.9945],[-72.3702,41.004],[-72.3686,41.0035],[-72.3684,40.9961],[-72.3665,40.996],[-72.3713,41.013],[-72.3767,41.0197],[-72.3712,41.0039],[-72.3707,40.9973],[-72.373,40.9908],[-72.3832,40.9769],[-72.3764,40.9752],[-72.377,40.9732],[-72.367,40.9615],[-72.3208,40.9786],[-72.3101,40.986],[-72.3086,40.9861],[-72.3028,40.9781],[-72.2971,40.9789],[-72.2963,40.9817],[-72.2983,40.9843],[-72.2951,40.9851],[-72.2921,40.9817],[-72.2902,40.9708],[-72.2927,40.9652],[-72.2856,40.9548],[-72.2888,40.9533],[-72.2907,40.9489],[-72.2612,40.9531],[-72.2846,40.9866],[-72.2662,40.9959],[-72.2668,40.9992],[-72.271,41.0024],[-72.2811,40.9998],[-72.2865,41.0015],[-72.287,41.0031],[-72.2881,41.0023],[-72.2902,41.0054],[-72.289,41.0022],[-72.2934,41.0022],[-72.2956,41.0048],[-72.296,41.0028],[-72.2988,41.0036],[-72.3004,41.0095],[-72.2979,41.0121],[-72.2977,41.0183],[-72.3041,41.0255],[-72.3064,41.035],[-72.3098,41.0387]]]]},"properties":{"name":"Sag Harbor Union Free School District"}},{"type":"Feature","geometry":{"type":"Polygon","coordinates":[[[-72.9138,40.9625],[-72.9507,40.966],[-72.9742,40.9664],[-72.9742,40.9611],[-72.9696,40.96],[-72.971,40.9571],[-72.9691,40.956],[-72.9717,40.9548],[-72.9707,40.9474],[-72.9621,40.9101],[-72.9239,40.9175],[-72.9237,40.9188],[-72.9044,40.9239],[-72.9086,40.9491],[-72.9121,40.9552],[-72.9138,40.9625]]]},"properties":{"name":"Rocky Point Union Free School District"}},{"type":"Feature","geometry":{"type":"MultiPolygon","coordinates":[[[[-73.1365,40.7176],[-73.1381,40.7186],[-73.1381,40.7178],[-73.1365,40.7176]]],[[[-73.1312,40.72],[-73.1348,40.7204],[-73.1366,40.7188],[-73.1341,40.7177],[-73.1339,40.7155],[-73.1304,40.7185],[-73.1312,40.72]]],[[[-73.1522,40.725],[-73.1513,40.7252],[-73.1544,40.7262],[-73.1522,40.725]]],[[[-73.1555,40.727],[-73.1555,40.7268],[-73.1553,40.7268],[-73.1555,40.727]]],[[[-73.1498,40.7453],[-73.1498,40.7447],[-73.1485,40.7445],[-73.1498,40.7453]]],[[[-73.1542,40.7641],[-73.1569,40.7664],[-73.1572,40.771],[-73.1651,40.7757],[-73.1877,40.7666],[-73.1871,40.7574],[-73.2003,40.7573],[-73.1993,40.7536],[-73.2014,40.7472],[-73.2028,40.717],[-73.2048,40.7116],[-73.2047,40.7081],[-73.2019,40.7043],[-73.1919,40.7011],[-73.1869,40.7044],[-73.1895,40.7089],[-73.1877,40.707],[-73.1862,40.7103],[-73.1813,40.714],[-73.1865,40.7069],[-73.1811,40.7086],[-73.1866,40.7058],[-73.1854,40.7044],[-73.1863,40.7023],[-73.1795,40.6982],[-73.1669,40.6946],[-73.1473,40.6952],[-73.1468,40.701],[-73.1433,40.7092],[-73.1344,40.7153],[-73.1365,40.7173],[-73.1382,40.716],[-73.1397,40.7169],[-73.1405,40.7182],[-73.1385,40.7184],[-73.1412,40.7207],[-73.1548,40.7232],[-73.159,40.7274],[-73.1603,40.7346],[-73.156,40.7428],[-73.1538,40.7415],[-73.1491,40.7436],[-73.1513,40.7456],[-73.147,40.7533],[-73.148,40.7602],[-73.1542,40.7641]]]]},"properties":{"name":"East Islip Union Free School District"}},{"type":"Feature","geometry":{"type":"MultiPolygon","coordinates":[[[[-73.3193,40.6358],[-73.3263,40.6331],[-73.3418,40.6327],[-73.3515,40.6305],[-73.392,40.6175],[-73.4238,40.6092],[-73.392,40.6175],[-73.3515,40.6305],[-73.3418,40.6327],[-73.3263,40.6331],[-73.3193,40.6358]]],[[[-73.2609,40.6366],[-73.2606,40.6367],[-73.2634,40.6363],[-73.2609,40.6366]],[[-73.26,40.6367],[-73.2599,40.6367],[-73.2601,40.6367],[-73.26,40.6367]]],[[[-73.2543,40.6374],[-73.254,40.6375],[-73.2587,40.6366],[-73.2543,40.6374]]],[[[-73.2539,40.6379],[-73.2541,40.6378],[-73.2541,40.6377],[-73.2539,40.6379]],[[-73.2869,40.6391],[-73.2941,40.6376],[-73.3111,40.6386],[-73.2941,40.6376],[-73.2823,40.6389],[-73.2641,40.636],[-73.2869,40.6391]]],[[[-73.2518,40.639],[-73.2513,40.6394],[-73.2519,40.639],[-73.2518,40.639]],[[-73.2498,40.6406],[-73.2494,40.6408],[-73.2503,40.6403],[-73.2498,40.6406]]],[[[-73.249,40.641],[-73.2487,40.6414],[-73.2493,40.6408],[-73.249,40.641]]],[[[-73.2252,40.6485],[-73.2249,40.6488],[-73.2259,40.6484],[-73.2252,40.6485]]],[[[-73.2241,40.6492],[-73.2241,40.6492],[-73.2241,40.6492],[-73.2241,40.6492]]],[[[-73.2243,40.6497],[-73.2243,40.6497],[-73.2243,40.6497],[-73.2243,40.6497]]],[[[-73.2251,40.6501],[-73.2253,40.6502],[-73.225,40.6501],[-73.2251,40.6501]]],[[[-73.1784,40.6593],[-73.1809,40.6579],[-73.1823,40.6581],[-73.181,40.6586],[-73.1819,40.6593],[-73.1916,40.6594],[-73.1915,40.6577],[-73.1794,40.6527],[-73.174,40.6528],[-73.1789,40.6529],[-73.1757,40.6563],[-73.1784,40.6593]]],[[[-73.193,40.6559],[-73.2028,40.6598],[-73.2046,40.658],[-73.2042,40.6563],[-73.1969,40.6534],[-73.193,40.6559]]],[[[-73.2394,40.6593],[-73.2408,40.6602],[-73.239,40.6591],[-73.2394,40.6593]]],[[[-72.974,40.6977],[-72.9738,40.6979],[-72.9743,40.698],[-72.974,40.6977]]],[[[-72.9724,40.7023],[-72.9748,40.7018],[-72.9725,40.7009],[-72.9724,40.7023]]],[[[-72.9228,40.7224],[-72.9234,40.7206],[-72.9223,40.7219],[-72.9228,40.7224]]],[[[-72.9169,40.7237],[-72.9192,40.7224],[-72.9176,40.7222],[-72.9169,40.7237]]],[[[-72.8983,40.7268],[-72.8979,40.7275],[-72.8998,40.7272],[-72.8983,40.7268]]],[[[-72.918,40.7281],[-72.9188,40.7283],[-72.9199,40.7276],[-72.918,40.7281]]],[[[-72.9104,40.7272],[-72.9109,40.729],[-72.9128,40.7278],[-72.9104,40.7272]]],[[[-72.9127,40.7306],[-72.9157,40.7304],[-72.917,40.7286],[-72.913,40.7281],[-72.9112,40.7292],[-72.9127,40.7306]]],[[[-72.8789,40.7324],[-72.8889,40.7305],[-72.8931,40.7315],[-72.8955,40.7247],[-72.8978,40.7236],[-72.9062,40.723],[-72.9102,40.7209],[-72.9082,40.7245],[-72.9115,40.7246],[-72.9166,40.7232],[-72.9202,40.7181],[-72.9182,40.7208],[-72.9209,40.7218],[-72.9225,40.7173],[-72.9248,40.7164],[-72.9278,40.7165],[-72.9281,40.7178],[-72.9304,40.7145],[-72.9328,40.7154],[-72.9359,40.7135],[-72.9378,40.7141],[-72.9394,40.7117],[-72.9473,40.7121],[-72.9453,40.7111],[-72.95,40.7095],[-72.9479,40.7088],[-72.965,40.7007],[-72.9667,40.7013],[-72.9666,40.7],[-72.9705,40.702],[-72.9706,40.6994],[-72.9753,40.7005],[-72.9715,40.6989],[-72.972,40.6972],[-72.9762,40.6957],[-72.9771,40.6963],[-72.9749,40.6971],[-72.9783,40.6974],[-72.9833,40.6948],[-72.9863,40.6953],[-72.9876,40.6935],[-72.9882,40.6949],[-72.9979,40.6876],[-73.0049,40.6875],[-73.0025,40.6862],[-73.0052,40.685],[-73.0057,40.6874],[-73.0072,40.6841],[-73.0334,40.6748],[-73.0394,40.673],[-73.043,40.6744],[-73.0435,40.6719],[-73.0693,40.6668],[-73.0679,40.666],[-73.069,40.6656],[-73.0739,40.6664],[-73.098,40.6582],[-73.1039,40.6588],[-73.1037,40.6576],[-73.1059,40.6583],[-73.107,40.6569],[-73.1298,40.6543],[-73.1383,40.651],[-73.1399,40.6517],[-73.1417,40.6496],[-73.1507,40.6487],[-73.1568,40.6498],[-73.1611,40.6486],[-73.1682,40.6433],[-73.1718,40.6425],[-73.1721,40.6437],[-73.1748,40.6438],[-73.1756,40.6423],[-73.1846,40.6416],[-73.1922,40.6383],[-73.1946,40.641],[-73.1927,40.6412],[-73.1926,40.6429],[-73.1892,40.6426],[-73.1947,40.6431],[-73.2083,40.6361],[-73.2235,40.6322],[-73.2357,40.6319],[-73.2641,40.6244],[-73.2846,40.6269],[-73.2848,40.6248],[-73.286,40.6267],[-73.2959,40.6298],[-73.3022,40.6283],[-73.3073,40.6235],[-73.3079,40.6262],[-73.3061,40.6271],[-73.3089,40.6253],[-73.3094,40.6286],[-73.311,40.6265],[-73.3109,40.6285],[-73.3141,40.6287],[-73.3078,40.623],[-73.3075,40.6216],[-73.3114,40.6221],[-73.3105,40.6203],[-73.2581,40.6219],[-73.2128,40.63],[-73.0868,40.6584],[-73.055,40.6664],[-73.0125,40.6796],[-72.9232,40.7133],[-72.8729,40.7298],[-72.874,40.7321],[-72.8823,40.731],[-72.8789,40.7324]]],[[[-72.8904,40.7326],[-72.8914,40.7334],[-72.892,40.7321],[-72.8904,40.7326]]],[[[-72.8774,40.7391],[-72.8799,40.7404],[-72.8773,40.739],[-72.8774,40.7391]]],[[[-72.8963,40.7408],[-72.8983,40.7403],[-72.8968,40.7399],[-72.8963,40.7408]]],[[[-72.8819,40.7424],[-72.8819,40.7424],[-72.8819,40.7424],[-72.8819,40.7424]],[[-72.8822,40.7433],[-72.8825,40.744],[-72.8819,40.7425],[-72.8822,40.7433]]],[[[-72.8828,40.7452],[-72.8829,40.7468],[-72.8829,40.7464],[-72.8828,40.7452]]]]},"properties":{"name":"Fire Island Union Free School District"}},{"type":"Feature","geometry":{"type":"Polygon","coordinates":[[[-73.3859,40.848],[-73.4007,40.8484],[-73.4119,40.844],[-73.4344,40.8411],[-73.435,40.8461],[-73.4476,40.8419],[-73.4547,40.8359],[-73.4498,40.8104],[-73.4443,40.8111],[-73.4334,40.808],[-73.4108,40.808],[-73.4062,40.8094],[-73.4041,40.7967],[-73.4002,40.8014],[-73.3751,40.8184],[-73.3706,40.8236],[-73.3619,40.8268],[-73.3581,40.832],[-73.3626,40.8332],[-73.3673,40.8391],[-73.3672,40.8455],[-73.3742,40.8454],[-73.3759,40.8472],[-73.3778,40.846],[-73.3859,40.848]]]},"properties":{"name":"South Huntington Union Free School District"}},{"type":"Feature","geometry":{"type":"Polygon","coordinates":[[[-73.3579,40.8906],[-73.3605,40.8904],[-73.3613,40.8871],[-73.3628,40.8877],[-73.3636,40.895],[-73.3602,40.8998],[-73.3585,40.8981],[-73.3622,40.9045],[-73.37,40.9084],[-73.3749,40.9136],[-73.3807,40.9007],[-73.3787,40.9029],[-73.3753,40.9008],[-73.3753,40.8974],[-73.372,40.8946],[-73.373,40.893],[-73.3885,40.9062],[-73.3922,40.9002],[-73.3899,40.8832],[-73.3921,40.8821],[-73.3909,40.8814],[-73.3919,40.8794],[-73.3906,40.8744],[-73.3937,40.8686],[-73.4028,40.8647],[-73.3983,40.8604],[-73.3828,40.8519],[-73.3859,40.848],[-73.3778,40.846],[-73.3759,40.8472],[-73.3742,40.8454],[-73.3672,40.8455],[-73.3648,40.8571],[-73.3622,40.8556],[-73.3593,40.8579],[-73.3628,40.8605],[-73.346,40.8641],[-73.3372,40.8624],[-73.3447,40.8717],[-73.3515,40.8749],[-73.3524,40.8796],[-73.3508,40.8824],[-73.3552,40.8887],[-73.3577,40.8885],[-73.3579,40.8906]]]},"properties":{"name":"Harborfields Central School District"}},{"type":"Feature","geometry":{"type":"MultiPolygon","coordinates":[[[[-73.2376,40.7081],[-73.2375,40.7092],[-73.2383,40.7077],[-73.2376,40.7081]]],[[[-73.2338,40.713],[-73.2329,40.718],[-73.2357,40.7127],[-73.2363,40.7136],[-73.2361,40.7092],[-73.2338,40.713]]],[[[-73.2002,40.7557],[-73.2001,40.7583],[-73.2034,40.7633],[-73.2102,40.7627],[-73.2092,40.7557],[-73.2412,40.7528],[-73.2396,40.7525],[-73.2386,40.7478],[-73.234,40.7432],[-73.2302,40.729],[-73.2327,40.7213],[-73.2324,40.7196],[-73.2304,40.723],[-73.2325,40.7146],[-73.2275,40.7134],[-73.2246,40.7174],[-73.2246,40.7252],[-73.2236,40.7227],[-73.2207,40.7248],[-73.223,40.7223],[-73.2232,40.7156],[-73.2239,40.7171],[-73.2246,40.7051],[-73.2231,40.7036],[-73.222,40.7035],[-73.2214,40.7093],[-73.2216,40.703],[-73.2138,40.7018],[-73.2066,40.706],[-73.2078,40.7076],[-73.2061,40.7064],[-73.2047,40.7081],[-73.2028,40.717],[-73.2002,40.7557]]]]},"properties":{"name":"Islip Union Free School District"}},{"type":"Feature","geometry":{"type":"MultiPolygon","coordinates":[[[[-73.2107,40.8969],[-73.2108,40.8973],[-73.2112,40.8973],[-73.2107,40.8969]]],[[[-73.2121,40.8975],[-73.2132,40.8978],[-73.2124,40.8974],[-73.2121,40.8975]]],[[[-73.2087,40.8987],[-73.2087,40.8988],[-73.2087,40.8987],[-73.2087,40.8987]]],[[[-73.2137,40.8983],[-73.215,40.8994],[-73.2156,40.8994],[-73.2137,40.8983]],[[-73.2125,40.8992],[-73.2127,40.8997],[-73.2105,40.8991],[-73.2125,40.8992]]],[[[-73.209,40.9004],[-73.209,40.9001],[-73.2089,40.8999],[-73.209,40.9004]]],[[[-73.2149,40.9002],[-73.2143,40.9012],[-73.2153,40.9006],[-73.2149,40.9002]]],[[[-73.2096,40.9013],[-73.2105,40.8998],[-73.2091,40.9012],[-73.2096,40.9013]]],[[[-73.2163,40.9012],[-73.2173,40.9021],[-73.2174,40.9014],[-73.2163,40.9012]]],[[[-73.2246,40.9019],[-73.2273,40.903],[-73.2277,40.8997],[-73.2261,40.901],[-73.2273,40.8975],[-73.2254,40.9001],[-73.22,40.9017],[-73.2246,40.9019]]],[[[-73.218,40.9031],[-73.2188,40.903],[-73.2182,40.9028],[-73.218,40.9031]]],[[[-73.2262,40.9033],[-73.2244,40.9022],[-73.2223,40.9026],[-73.2262,40.9033]]],[[[-73.2127,40.8997],[-73.2143,40.9016],[-73.2173,40.9033],[-73.2127,40.8997]]],[[[-73.2176,40.9035],[-73.2176,40.9035],[-73.2176,40.9035],[-73.2176,40.9035]]],[[[-73.2198,40.9041],[-73.2198,40.9044],[-73.2202,40.9042],[-73.2198,40.9041]]],[[[-73.2293,40.9045],[-73.2289,40.9044],[-73.2283,40.9044],[-73.2293,40.9045]],[[-73.2215,40.904],[-73.222,40.9045],[-73.2207,40.904],[-73.2215,40.904]]],[[[-73.2216,40.9049],[-73.222,40.9046],[-73.222,40.9045],[-73.2216,40.9049]]],[[[-73.223,40.9052],[-73.2227,40.9055],[-73.2271,40.9049],[-73.223,40.9052]]],[[[-73.2212,40.9059],[-73.2213,40.9059],[-73.2212,40.9059],[-73.2212,40.9059]],[[-73.2222,40.9059],[-73.2222,40.9059],[-73.2222,40.9059],[-73.2222,40.9059]]],[[[-73.2509,40.9109],[-73.2674,40.9147],[-73.2951,40.9245],[-73.2946,40.9229],[-73.2992,40.9182],[-73.301,40.9125],[-73.2968,40.9049],[-73.2974,40.9004],[-73.2946,40.8978],[-73.2864,40.8801],[-73.2865,40.8764],[-73.2885,40.8732],[-73.2753,40.8742],[-73.2747,40.8693],[-73.2589,40.8688],[-73.2554,40.8702],[-73.2418,40.8699],[-73.2394,40.8719],[-73.235,40.872],[-73.2268,40.8752],[-73.2199,40.8746],[-73.22,40.8764],[-73.2167,40.8785],[-73.2191,40.8906],[-73.2142,40.8919],[-73.2118,40.8949],[-73.2195,40.8982],[-73.2279,40.8951],[-73.2279,40.8973],[-73.2299,40.8983],[-73.228,40.8977],[-73.2274,40.899],[-73.2318,40.8992],[-73.228,40.8998],[-73.2279,40.9032],[-73.237,40.9072],[-73.2436,40.907],[-73.2541,40.9099],[-73.2571,40.9081],[-73.2681,40.9076],[-73.2658,40.9074],[-73.2628,40.9103],[-73.2583,40.9083],[-73.2562,40.9103],[-73.2477,40.9101],[-73.2435,40.9074],[-73.2369,40.9076],[-73.238,40.9087],[-73.2353,40.91],[-73.2394,40.9086],[-73.2509,40.9109]]]]},"properties":{"name":"Kings Park Central School District"}},{"type":"Feature","geometry":{"type":"Polygon","coordinates":[[[-73.3506,40.6817],[-73.3563,40.6966],[-73.3607,40.7016],[-73.3637,40.7101],[-73.3815,40.7146],[-73.3925,40.7157],[-73.3916,40.713],[-73.3974,40.7138],[-73.394,40.702],[-73.3936,40.6938],[-73.3823,40.6713],[-73.3769,40.6727],[-73.3717,40.6675],[-73.3666,40.6657],[-73.3665,40.6672],[-73.3657,40.6659],[-73.3602,40.6665],[-73.3564,40.6694],[-73.3609,40.6797],[-73.356,40.6711],[-73.3487,40.6685],[-73.3476,40.6702],[-73.3506,40.6817]]]},"properties":{"name":"Lindenhurst Union Free School District"}},{"type":"Feature","geometry":{"type":"Polygon","coordinates":[[[-73.3885,40.9062],[-73.3963,40.9089],[-73.4096,40.9042],[-73.4261,40.9063],[-73.4331,40.9056],[-73.4307,40.9052],[-73.4331,40.9023],[-73.432,40.8998],[-73.4287,40.9014],[-73.4249,40.8979],[-73.4224,40.8994],[-73.4191,40.8957],[-73.4162,40.8877],[-73.4189,40.8857],[-73.4233,40.887],[-73.4223,40.8895],[-73.4247,40.8956],[-73.4347,40.8974],[-73.4342,40.8961],[-73.4353,40.8965],[-73.4433,40.8825],[-73.4405,40.8794],[-73.4425,40.8761],[-73.4392,40.8736],[-73.4456,40.8703],[-73.4427,40.8656],[-73.4407,40.8667],[-73.4403,40.8635],[-73.4378,40.8621],[-73.4391,40.8612],[-73.4373,40.8554],[-73.4348,40.8536],[-73.4371,40.849],[-73.435,40.8461],[-73.4344,40.8411],[-73.4119,40.844],[-73.4007,40.8484],[-73.3859,40.848],[-73.3828,40.8519],[-73.3983,40.8604],[-73.4028,40.8647],[-73.3937,40.8686],[-73.3906,40.8744],[-73.3919,40.8794],[-73.3909,40.8814],[-73.3921,40.8821],[-73.3899,40.8832],[-73.3922,40.9002],[-73.3885,40.9062]]]},"properties":{"name":"Huntington Union Free School District"}},{"type":"Feature","geometry":{"type":"Polygon","coordinates":[[[-73.4151,40.7063],[-73.4158,40.7027],[-73.4244,40.7079],[-73.4302,40.7064],[-73.4292,40.7008],[-73.4329,40.7005],[-73.433,40.6905],[-73.4307,40.6844],[-73.4325,40.6772],[-73.4326,40.6646],[-73.4308,40.6622],[-73.432,40.6614],[-73.431,40.6576],[-73.4257,40.6559],[-73.4238,40.6585],[-73.4212,40.655],[-73.4162,40.6547],[-73.4138,40.6571],[-73.4137,40.6693],[-73.4127,40.6618],[-73.4115,40.6616],[-73.4127,40.6586],[-73.4093,40.6549],[-73.4065,40.6547],[-73.4044,40.6604],[-73.4046,40.6698],[-73.4063,40.6727],[-73.4057,40.6842],[-73.4092,40.6838],[-73.4083,40.6908],[-73.4115,40.6931],[-73.4098,40.6989],[-73.405,40.7039],[-73.4151,40.7063]]]},"properties":{"name":"Amityville Union Free School District"}},{"type":"Feature","geometry":{"type":"MultiPolygon","coordinates":[[[[-72.1375,41.0211],[-72.1385,41.0218],[-72.1396,41.0198],[-72.1375,41.0211]]],[[[-72.1406,41.0202],[-72.1388,41.0236],[-72.1414,41.0222],[-72.1406,41.0202]]],[[[-72.1027,41.0266],[-72.1046,41.0265],[-72.1068,41.0241],[-72.1027,41.0266]]],[[[-72.1809,41.0289],[-72.1814,41.031],[-72.183,41.0327],[-72.1809,41.0289]]],[[[-72.0979,41.0428],[-72.0993,41.0418],[-72.0999,41.0311],[-72.0979,41.0428]]],[[[-72.1604,41.0538],[-72.1672,41.051],[-72.1645,41.0501],[-72.1665,41.0474],[-72.1642,41.0392],[-72.1687,41.0479],[-72.1678,41.0498],[-72.1655,41.0499],[-72.1675,41.0509],[-72.1753,41.0463],[-72.1798,41.0381],[-72.1874,41.034],[-72.184,41.0323],[-72.1813,41.0333],[-72.1801,41.0296],[-72.1819,41.0225],[-72.1811,41.0157],[-72.1828,41.0104],[-72.1853,41.0079],[-72.1829,41.0019],[-72.1806,41.0013],[-72.1811,40.9998],[-72.1829,41.0012],[-72.1841,41.0004],[-72.1847,40.996],[-72.1761,40.9963],[-72.1627,40.9905],[-72.1565,41.0016],[-72.1384,41.0009],[-72.1332,40.9985],[-72.1222,41.0075],[-72.1279,41.0163],[-72.1368,41.0228],[-72.137,41.0195],[-72.1324,41.0186],[-72.1362,41.0155],[-72.1361,41.0137],[-72.1368,41.0158],[-72.1355,41.0178],[-72.1381,41.0172],[-72.1365,41.0183],[-72.1388,41.0193],[-72.1418,41.0187],[-72.1405,41.0194],[-72.1417,41.0209],[-72.1457,41.0185],[-72.1456,41.0207],[-72.1486,41.022],[-72.1551,41.0205],[-72.1495,41.0235],[-72.145,41.0222],[-72.1428,41.0249],[-72.1484,41.0263],[-72.1431,41.0277],[-72.1432,41.0304],[-72.1402,41.0333],[-72.1407,41.0354],[-72.1436,41.0367],[-72.1429,41.0419],[-72.1367,41.0369],[-72.1368,41.0343],[-72.1392,41.0329],[-72.1398,41.0275],[-72.1376,41.0239],[-72.1351,41.0313],[-72.1381,41.0409],[-72.1478,41.0464],[-72.1535,41.0517],[-72.1604,41.0538]]],[[[-72.1195,41.1141],[-72.1302,41.1242],[-72.1266,41.1156],[-72.1283,41.1081],[-72.1318,41.1047],[-72.1268,41.1071],[-72.1224,41.1139],[-72.1139,41.1101],[-72.1182,41.1075],[-72.1173,41.1063],[-72.12,41.1071],[-72.1239,41.1054],[-72.1254,41.1068],[-72.1278,41.1049],[-72.1385,41.1023],[-72.1426,41.0986],[-72.143,41.0964],[-72.1392,41.0924],[-72.1178,41.0927],[-72.1031,41.0865],[-72.0967,41.074],[-72.0965,41.0586],[-72.0992,41.0478],[-72.0979,41.0471],[-72.0985,41.0496],[-72.0964,41.0535],[-72.0861,41.0595],[-72.0864,41.0679],[-72.0818,41.0718],[-72.0856,41.0796],[-72.0868,41.0868],[-72.0836,41.0922],[-72.0775,41.0956],[-72.0775,41.0994],[-72.0821,41.1016],[-72.0878,41.1013],[-72.1025,41.1076],[-72.1066,41.1077],[-72.1195,41.1141]]]]},"properties":{"name":"Springs Union Free School District"}},{"type":"Feature","geometry":{"type":"Polygon","coordinates":[[[-73.4347,40.8974],[-73.4474,40.8994],[-73.4454,40.9022],[-73.4418,40.9001],[-73.4362,40.902],[-73.4329,40.909],[-73.439,40.9075],[-73.4477,40.9126],[-73.4586,40.9112],[-73.4652,40.9129],[-73.4821,40.9103],[-73.4811,40.9075],[-73.4841,40.909],[-73.4848,40.9117],[-73.4755,40.9138],[-73.456,40.9138],[-73.4492,40.9154],[-73.442,40.9209],[-73.4348,40.9212],[-73.431,40.9243],[-73.4355,40.9139],[-73.4288,40.9213],[-73.4299,40.9298],[-73.4367,40.9349],[-73.4422,40.9363],[-73.4482,40.9351],[-73.4589,40.9379],[-73.4613,40.937],[-73.4784,40.9423],[-73.4854,40.9464],[-73.4924,40.9421],[-73.4935,40.9399],[-73.491,40.938],[-73.4927,40.9407],[-73.4878,40.9432],[-73.4879,40.9389],[-73.4866,40.9385],[-73.4926,40.9329],[-73.493,40.9379],[-73.4967,40.9233],[-73.4904,40.9195],[-73.4874,40.9157],[-73.4797,40.9008],[-73.4786,40.903],[-73.4762,40.9002],[-73.4764,40.8991],[-73.4779,40.9016],[-73.4792,40.901],[-73.4724,40.8913],[-73.4724,40.8816],[-73.4703,40.8745],[-73.4697,40.8757],[-73.4695,40.8739],[-73.4652,40.8717],[-73.4675,40.8748],[-73.4632,40.8705],[-73.4613,40.8704],[-73.4624,40.8596],[-73.4664,40.8598],[-73.4695,40.8663],[-73.4626,40.8673],[-73.4709,40.8676],[-73.4761,40.8722],[-73.4848,40.8753],[-73.4885,40.8712],[-73.4824,40.8587],[-73.488,40.8513],[-73.497,40.849],[-73.489,40.8431],[-73.4836,40.8369],[-73.4629,40.8413],[-73.4596,40.8398],[-73.4553,40.8409],[-73.4543,40.8358],[-73.4476,40.8419],[-73.435,40.8461],[-73.4371,40.849],[-73.4348,40.8536],[-73.4373,40.8554],[-73.4391,40.8612],[-73.4378,40.8621],[-73.4403,40.8635],[-73.4407,40.8667],[-73.4427,40.8656],[-73.4456,40.8703],[-73.4392,40.8736],[-73.4425,40.8761],[-73.4405,40.8794],[-73.4433,40.8825],[-73.4353,40.8965],[-73.4342,40.8961],[-73.4347,40.8974]]]},"properties":{"name":"Cold Spring Harbor Central School District"}},{"type":"Feature","geometry":{"type":"MultiPolygon","coordinates":[[[[-72.0146,41.2824],[-72.0144,41.284],[-72.0164,41.2831],[-72.0146,41.2824]]],[[[-72.0082,41.2834],[-72.008,41.2865],[-72.0097,41.2847],[-72.0082,41.2834]]],[[[-72.0187,41.2868],[-72.0182,41.2878],[-72.0211,41.2885],[-72.0187,41.2868]]],[[[-71.9229,41.2922],[-71.9356,41.2902],[-71.9395,41.2913],[-71.9436,41.2867],[-71.9389,41.2855],[-71.9415,41.2858],[-71.9404,41.2845],[-71.9426,41.2821],[-71.9474,41.2846],[-71.9477,41.2829],[-71.9499,41.2824],[-71.9544,41.2849],[-71.9613,41.2826],[-71.9676,41.285],[-71.9692,41.2846],[-71.9699,41.281],[-71.9744,41.281],[-71.9786,41.2786],[-71.9828,41.2813],[-71.9911,41.2813],[-71.9931,41.2794],[-71.9945,41.2702],[-72.0028,41.2663],[-72.0046,41.261],[-72.0059,41.2622],[-72.0045,41.2623],[-72.0046,41.2641],[-72.0071,41.264],[-72.008,41.2609],[-72.0045,41.2601],[-72.0055,41.2591],[-72.0064,41.2601],[-72.0087,41.2589],[-72.0077,41.2601],[-72.0103,41.2629],[-72.0132,41.2637],[-72.0125,41.2656],[-72.009,41.2667],[-72.0095,41.2685],[-72.0076,41.2707],[-72.0208,41.2756],[-72.0245,41.2733],[-72.0232,41.2706],[-72.0207,41.27],[-72.0229,41.2644],[-72.0207,41.2617],[-72.0229,41.2619],[-72.0241,41.2592],[-72.0257,41.2617],[-72.026,41.2601],[-72.0277,41.2629],[-72.0251,41.2643],[-72.0257,41.2665],[-72.0266,41.2638],[-72.0294,41.2631],[-72.0312,41.258],[-72.0347,41.2564],[-72.038,41.2496],[-72.0259,41.251],[-72.0159,41.2558],[-72.0028,41.2528],[-71.9976,41.2546],[-71.9901,41.2626],[-71.9799,41.2685],[-71.9763,41.2689],[-71.973,41.2719],[-71.9681,41.273],[-71.9652,41.2759],[-71.9617,41.2768],[-71.955,41.2754],[-71.9536,41.2757],[-71.9553,41.2764],[-71.9542,41.2777],[-71.9526,41.2771],[-71.9501,41.2794],[-71.9476,41.2773],[-71.9444,41.2806],[-71.9353,41.2806],[-71.9288,41.2849],[-71.9279,41.2893],[-71.9229,41.2922]]]]},"properties":{"name":"Fishers Island Union Free School District"}},{"type":"Feature","geometry":{"type":"MultiPolygon","coordinates":[[[[-72.9874,40.7501],[-72.9874,40.7501],[-72.9874,40.7501],[-72.9874,40.7501]]],[[[-72.8833,40.7518],[-72.8832,40.7502],[-72.883,40.7479],[-72.8833,40.7518]]],[[[-72.9885,40.7518],[-72.9892,40.7523],[-72.9891,40.7522],[-72.9885,40.7518]]],[[[-72.883,40.7535],[-72.883,40.7536],[-72.883,40.7535],[-72.883,40.7535]]],[[[-72.9058,40.8226],[-72.9119,40.8224],[-72.911,40.8154],[-72.915,40.8191],[-72.9483,40.8169],[-72.9523,40.8118],[-72.9585,40.8132],[-72.9574,40.8044],[-72.9608,40.8042],[-72.9631,40.8163],[-72.9616,40.8042],[-72.964,40.804],[-72.9636,40.797],[-72.9798,40.796],[-72.9773,40.7693],[-72.9814,40.7659],[-72.9852,40.7577],[-72.9885,40.7549],[-72.9892,40.7528],[-72.9868,40.7491],[-72.9803,40.7488],[-72.9663,40.743],[-72.9635,40.7428],[-72.9625,40.7449],[-72.9628,40.7428],[-72.9611,40.7424],[-72.9445,40.7405],[-72.9442,40.7449],[-72.9356,40.7515],[-72.9326,40.7521],[-72.9335,40.7531],[-72.9316,40.7555],[-72.9212,40.7609],[-72.9242,40.7607],[-72.9226,40.7619],[-72.925,40.7616],[-72.9238,40.7634],[-72.926,40.7628],[-72.9238,40.7641],[-72.9206,40.7621],[-72.917,40.7733],[-72.9179,40.7657],[-72.9223,40.7597],[-72.918,40.7602],[-72.9078,40.7575],[-72.8944,40.76],[-72.8934,40.7612],[-72.8946,40.7603],[-72.8954,40.7619],[-72.8929,40.7667],[-72.896,40.7688],[-72.8954,40.7713],[-72.8983,40.7708],[-72.8965,40.7713],[-72.897,40.7732],[-72.8954,40.7716],[-72.8963,40.7739],[-72.8945,40.7777],[-72.8924,40.7787],[-72.8947,40.7818],[-72.8902,40.7826],[-72.889,40.7884],[-72.8861,40.7897],[-72.8874,40.7912],[-72.884,40.7963],[-72.8839,40.7946],[-72.882,40.7966],[-72.8821,40.7915],[-72.8833,40.7904],[-72.8828,40.7948],[-72.8847,40.7937],[-72.8839,40.7924],[-72.8859,40.7914],[-72.8856,40.7894],[-72.8883,40.7885],[-72.8875,40.7864],[-72.8899,40.7857],[-72.8896,40.7824],[-72.894,40.7816],[-72.8916,40.779],[-72.8939,40.7776],[-72.8939,40.7747],[-72.8956,40.7733],[-72.8935,40.7714],[-72.894,40.7696],[-72.8907,40.769],[-72.8895,40.7669],[-72.8805,40.7729],[-72.8816,40.7695],[-72.8894,40.7664],[-72.887,40.7667],[-72.8859,40.7647],[-72.8875,40.7632],[-72.8861,40.7624],[-72.8886,40.7627],[-72.8845,40.7589],[-72.8831,40.7539],[-72.8738,40.757],[-72.8747,40.7594],[-72.8842,40.759],[-72.8827,40.7616],[-72.8738,40.7603],[-72.8747,40.778],[-72.8793,40.7899],[-72.8798,40.7983],[-72.8839,40.8077],[-72.8836,40.8129],[-72.8862,40.8192],[-72.9058,40.8226]]]]},"properties":{"name":"South Country Central School District"}},{"type":"Feature","geometry":{"type":"MultiPolygon","coordinates":[[[[-72.7239,40.7779],[-72.7231,40.7789],[-72.7248,40.7803],[-72.728,40.7794],[-72.7239,40.7779]]],[[[-72.6809,40.786],[-72.6835,40.7886],[-72.6899,40.7833],[-72.7104,40.7777],[-72.7138,40.7785],[-72.7219,40.7753],[-72.7272,40.7768],[-72.7282,40.7717],[-72.6782,40.7846],[-72.6809,40.786]],[[-72.6907,40.8084],[-72.6907,40.8084],[-72.6907,40.8082],[-72.6907,40.8084]]],[[[-72.6952,40.8664],[-72.6967,40.8665],[-72.6971,40.8847],[-72.7102,40.8758],[-72.7151,40.8705],[-72.7236,40.8438],[-72.7002,40.8288],[-72.7004,40.826],[-72.6976,40.8248],[-72.6985,40.8235],[-72.6967,40.8225],[-72.6975,40.8203],[-72.699,40.8191],[-72.7053,40.8195],[-72.704,40.8211],[-72.7065,40.8215],[-72.7077,40.8196],[-72.7139,40.8211],[-72.7214,40.819],[-72.7239,40.8162],[-72.7234,40.8129],[-72.7249,40.8125],[-72.7244,40.8092],[-72.7211,40.8062],[-72.7152,40.8116],[-72.7211,40.8059],[-72.7139,40.8008],[-72.7125,40.8024],[-72.7133,40.801],[-72.71,40.7993],[-72.7081,40.8023],[-72.7094,40.8001],[-72.7077,40.7993],[-72.7096,40.7992],[-72.6971,40.7967],[-72.6931,40.7972],[-72.6942,40.7995],[-72.692,40.8038],[-72.6927,40.8083],[-72.6903,40.8088],[-72.6922,40.8274],[-72.6895,40.827],[-72.6904,40.8662],[-72.6952,40.8664]]]]},"properties":{"name":"Remsenburg-Speonk Union Free School District"}},{"type":"Feature","geometry":{"type":"MultiPolygon","coordinates":[[[[-72.6356,40.799],[-72.6368,40.8003],[-72.638,40.7998],[-72.6356,40.799]]],[[[-72.6362,40.7961],[-72.6253,40.7991],[-72.626,40.8017],[-72.6337,40.7982],[-72.6559,40.7925],[-72.6597,40.7932],[-72.6623,40.7913],[-72.6647,40.7935],[-72.6652,40.7901],[-72.6719,40.7909],[-72.67,40.7887],[-72.6735,40.7901],[-72.6764,40.7882],[-72.6749,40.7875],[-72.6792,40.7862],[-72.6782,40.7846],[-72.6362,40.7961]]],[[[-72.6238,40.8025],[-72.6259,40.8017],[-72.624,40.802],[-72.6238,40.8025]]],[[[-72.6187,40.8579],[-72.6188,40.8702],[-72.654,40.8662],[-72.6901,40.8547],[-72.6895,40.827],[-72.6922,40.8274],[-72.69,40.8033],[-72.6848,40.8036],[-72.6791,40.8014],[-72.6788,40.8049],[-72.678,40.8013],[-72.6759,40.8008],[-72.6729,40.8033],[-72.669,40.8027],[-72.6614,40.8228],[-72.6663,40.8088],[-72.665,40.808],[-72.6637,40.8099],[-72.6642,40.8053],[-72.6613,40.8051],[-72.6579,40.809],[-72.662,40.8033],[-72.6558,40.7989],[-72.6474,40.7976],[-72.6471,40.8004],[-72.6467,40.7972],[-72.6432,40.7978],[-72.6405,40.8034],[-72.6414,40.806],[-72.6396,40.8058],[-72.6394,40.803],[-72.6357,40.8024],[-72.6343,40.799],[-72.6266,40.8018],[-72.6272,40.8039],[-72.6255,40.8066],[-72.6326,40.8089],[-72.634,40.8124],[-72.6369,40.8144],[-72.6369,40.8178],[-72.6312,40.8105],[-72.6256,40.8106],[-72.6236,40.8227],[-72.6228,40.8203],[-72.6188,40.8229],[-72.6176,40.8335],[-72.6193,40.8333],[-72.6199,40.8467],[-72.6165,40.8507],[-72.6186,40.8536],[-72.6187,40.8579]]]]},"properties":{"name":"Westhampton Beach Union Free School District"}},{"type":"Feature","geometry":{"type":"Polygon","coordinates":[[[-73.3091,40.8271],[-73.3195,40.8327],[-73.3234,40.8376],[-73.329,40.8386],[-73.3441,40.8317],[-73.3581,40.832],[-73.3619,40.8268],[-73.3706,40.8236],[-73.3751,40.8184],[-73.4002,40.8014],[-73.4041,40.7967],[-73.4062,40.8094],[-73.4108,40.808],[-73.4334,40.808],[-73.4443,40.8111],[-73.4498,40.8104],[-73.436,40.737],[-73.4135,40.7423],[-73.3997,40.7386],[-73.3901,40.7453],[-73.3857,40.7542],[-73.3848,40.7532],[-73.3573,40.76],[-73.3585,40.762],[-73.3538,40.7657],[-73.3506,40.7654],[-73.3154,40.7797],[-73.295,40.7843],[-73.2948,40.7949],[-73.3018,40.7956],[-73.3066,40.799],[-73.3077,40.8058],[-73.3042,40.8066],[-73.3036,40.8101],[-73.3094,40.8097],[-73.311,40.812],[-73.3144,40.8118],[-73.3169,40.8149],[-73.3133,40.8182],[-73.3157,40.824],[-73.3091,40.8271]]]},"properties":{"name":"Half Hollow Hills Central School District"}},{"type":"Feature","geometry":{"type":"Polygon","coordinates":[[[-73.2308,40.804],[-73.2338,40.8085],[-73.2947,40.804],[-73.2951,40.7617],[-73.3039,40.7483],[-73.3065,40.7415],[-73.2865,40.7381],[-73.2822,40.7357],[-73.282,40.7392],[-73.2782,40.7392],[-73.272,40.7429],[-73.2729,40.7473],[-73.2635,40.7481],[-73.2631,40.7514],[-73.2573,40.751],[-73.2578,40.7495],[-73.251,40.7515],[-73.249,40.7498],[-73.2352,40.7543],[-73.2092,40.7557],[-73.211,40.7687],[-73.2204,40.7881],[-73.2308,40.804]]]},"properties":{"name":"Brentwood Union Free School District"}},{"type":"Feature","geometry":{"type":"MultiPolygon","coordinates":[[[[-72.8056,40.7558],[-72.8042,40.7568],[-72.805,40.7577],[-72.8056,40.7558]]],[[[-72.7842,40.7644],[-72.7949,40.7624],[-72.7896,40.7603],[-72.793,40.7617],[-72.7964,40.7594],[-72.7995,40.76],[-72.8013,40.7582],[-72.8003,40.7563],[-72.8078,40.7528],[-72.8055,40.7527],[-72.8078,40.7515],[-72.8078,40.7498],[-72.7839,40.757],[-72.7861,40.7593],[-72.7843,40.7596],[-72.7842,40.7644]]],[[[-72.7951,40.7644],[-72.7965,40.7657],[-72.7964,40.7647],[-72.7951,40.7644]]],[[[-72.782,40.8259],[-72.7813,40.8293],[-72.8158,40.8236],[-72.8105,40.8033],[-72.8161,40.7965],[-72.8152,40.7912],[-72.8171,40.7847],[-72.8096,40.7793],[-72.81,40.7778],[-72.8073,40.7772],[-72.8055,40.7826],[-72.8027,40.7845],[-72.8042,40.785],[-72.8064,40.7825],[-72.8097,40.7879],[-72.8059,40.7975],[-72.8065,40.7956],[-72.8048,40.7954],[-72.8066,40.7953],[-72.805,40.795],[-72.8067,40.7948],[-72.8082,40.791],[-72.8062,40.7848],[-72.7947,40.7993],[-72.8019,40.7893],[-72.8023,40.7847],[-72.7975,40.7848],[-72.7964,40.7883],[-72.7967,40.7859],[-72.7907,40.7839],[-72.7914,40.7858],[-72.7851,40.7955],[-72.7877,40.789],[-72.7908,40.7855],[-72.7902,40.7838],[-72.7846,40.7833],[-72.7812,40.8009],[-72.7836,40.8116],[-72.782,40.8259]]]]},"properties":{"name":"Center Moriches Union Free School District"}},{"type":"Feature","geometry":{"type":"Polygon","coordinates":[[[-73.1599,40.8094],[-73.1633,40.8113],[-73.1646,40.8094],[-73.1695,40.8093],[-73.17,40.8118],[-73.1811,40.8117],[-73.1808,40.8015],[-73.1975,40.8063],[-73.222,40.8017],[-73.2308,40.804],[-73.2204,40.7881],[-73.211,40.7687],[-73.2102,40.7627],[-73.2034,40.7633],[-73.2003,40.7573],[-73.1871,40.7574],[-73.1877,40.7666],[-73.1651,40.7757],[-73.1697,40.7789],[-73.1683,40.7806],[-73.1695,40.7855],[-73.1681,40.789],[-73.1631,40.7951],[-73.1586,40.797],[-73.1548,40.801],[-73.1576,40.8006],[-73.1582,40.8043],[-73.1595,40.8041],[-73.1562,40.8069],[-73.1599,40.8094]]]},"properties":{"name":"Central Islip Union Free School District"}},{"type":"Feature","geometry":{"type":"MultiPolygon","coordinates":[[[[-72.2903,40.9068],[-72.2898,40.9082],[-72.2919,40.9088],[-72.2903,40.9068]]],[[[-72.2873,40.9296],[-72.2873,40.9298],[-72.2873,40.9296],[-72.2873,40.9296]]],[[[-72.2603,40.9417],[-72.263,40.9448],[-72.2565,40.9461],[-72.2612,40.9531],[-72.2913,40.9478],[-72.2894,40.946],[-72.2903,40.9452],[-72.289,40.9407],[-72.286,40.9415],[-72.2875,40.9302],[-72.2865,40.9292],[-72.2835,40.9311],[-72.284,40.93],[-72.2823,40.93],[-72.2831,40.9287],[-72.2851,40.9295],[-72.2851,40.924],[-72.2941,40.9146],[-72.293,40.9114],[-72.2881,40.9122],[-72.2854,40.9108],[-72.2857,40.909],[-72.2898,40.9064],[-72.2455,40.9237],[-72.2497,40.928],[-72.2518,40.9272],[-72.2612,40.9363],[-72.2575,40.9377],[-72.2603,40.9417]]]]},"properties":{"name":"Sagaponack Common School District"}},{"type":"Feature","geometry":{"type":"Polygon","coordinates":[[[-73.0698,40.7226],[-73.072,40.729],[-73.0739,40.7304],[-73.0718,40.7326],[-73.0727,40.7363],[-73.0689,40.7388],[-73.0681,40.743],[-73.0662,40.7433],[-73.0612,40.7508],[-73.0596,40.757],[-73.06,40.7655],[-73.0811,40.7644],[-73.0906,40.7654],[-73.0905,40.7641],[-73.0975,40.7619],[-73.0949,40.7456],[-73.1077,40.7455],[-73.1089,40.7428],[-73.1067,40.7411],[-73.106,40.7337],[-73.108,40.7172],[-73.1036,40.7165],[-73.0955,40.7199],[-73.094,40.7201],[-73.0936,40.7185],[-73.0935,40.7205],[-73.0897,40.7204],[-73.0913,40.7229],[-73.0917,40.7297],[-73.0905,40.7253],[-73.0908,40.7296],[-73.09,40.7285],[-73.0893,40.7245],[-73.0906,40.723],[-73.0894,40.722],[-73.0894,40.7235],[-73.089,40.7204],[-73.0698,40.7226]]]},"properties":{"name":"Sayville Union Free School District"}},{"type":"Feature","geometry":{"type":"Polygon","coordinates":[[[-72.3238,41.1011],[-72.3349,41.1071],[-72.3397,41.098],[-72.348,41.0949],[-72.3445,41.0908],[-72.3425,41.0845],[-72.3528,41.0838],[-72.3542,41.0869],[-72.3519,41.0853],[-72.3515,41.0869],[-72.3535,41.0883],[-72.3582,41.0872],[-72.3631,41.0817],[-72.3661,41.0739],[-72.376,41.07],[-72.3819,41.0724],[-72.3842,41.0714],[-72.3842,41.0685],[-72.3739,41.0609],[-72.3736,41.0519],[-72.37,41.0503],[-72.3711,41.0528],[-72.3726,41.0521],[-72.3723,41.0551],[-72.3699,41.0568],[-72.3684,41.0562],[-72.3712,41.0542],[-72.369,41.0536],[-72.371,41.0518],[-72.3686,41.0499],[-72.3699,41.0499],[-72.3605,41.0444],[-72.3472,41.0407],[-72.3427,41.043],[-72.3409,41.0461],[-72.3476,41.0417],[-72.3524,41.0456],[-72.3566,41.0556],[-72.3586,41.0563],[-72.3548,41.0627],[-72.3627,41.0599],[-72.3658,41.0626],[-72.3646,41.0664],[-72.3565,41.0655],[-72.3528,41.0632],[-72.3567,41.0576],[-72.3538,41.0565],[-72.3546,41.0543],[-72.3528,41.0517],[-72.3507,41.0526],[-72.3509,41.0479],[-72.344,41.0524],[-72.3395,41.0506],[-72.3403,41.0536],[-72.3383,41.0543],[-72.3335,41.0494],[-72.3387,41.0508],[-72.3317,41.048],[-72.3289,41.0439],[-72.3187,41.0434],[-72.317,41.0444],[-72.3189,41.0506],[-72.3138,41.0542],[-72.3102,41.054],[-72.3044,41.051],[-72.2985,41.0446],[-72.2852,41.0381],[-72.2833,41.0404],[-72.28,41.0394],[-72.2779,41.0364],[-72.2817,41.0287],[-72.2772,41.0259],[-72.271,41.0264],[-72.2701,41.0283],[-72.2811,41.0453],[-72.2793,41.0489],[-72.2729,41.0517],[-72.2831,41.0679],[-72.2951,41.0629],[-72.3001,41.0669],[-72.2988,41.0696],[-72.3036,41.0664],[-72.3114,41.0659],[-72.3136,41.0633],[-72.3133,41.0666],[-72.319,41.0678],[-72.3195,41.0667],[-72.3208,41.0683],[-72.3152,41.0678],[-72.3193,41.0701],[-72.3159,41.0709],[-72.3109,41.0681],[-72.3105,41.0694],[-72.3203,41.0774],[-72.3239,41.0848],[-72.3236,41.088],[-72.3108,41.0861],[-72.3055,41.0736],[-72.3034,41.0771],[-72.304,41.0804],[-72.3008,41.0811],[-72.2966,41.0802],[-72.2954,41.0771],[-72.2887,41.0728],[-72.2804,41.0745],[-72.2804,41.0698],[-72.2769,41.0752],[-72.2773,41.0778],[-72.2806,41.0805],[-72.299,41.0812],[-72.3073,41.0859],[-72.3172,41.0887],[-72.3221,41.0955],[-72.3216,41.1002],[-72.3238,41.1011]]]},"properties":{"name":"Shelter Island Union Free School District"}},{"type":"Feature","geometry":{"type":"Polygon","coordinates":[[[-72.2288,40.93],[-72.2315,40.9463],[-72.2309,40.9525],[-72.2284,40.9558],[-72.228,40.9628],[-72.2221,40.9714],[-72.2355,40.9701],[-72.2444,40.9725],[-72.2514,40.9821],[-72.2616,40.9867],[-72.2673,40.9916],[-72.2726,40.993],[-72.2846,40.9866],[-72.2565,40.9461],[-72.263,40.9448],[-72.2575,40.9377],[-72.2612,40.9363],[-72.2573,40.9316],[-72.2561,40.932],[-72.2518,40.9272],[-72.2497,40.928],[-72.2455,40.9237],[-72.2288,40.93]]]},"properties":{"name":"Wainscott Common School District"}},{"type":"Feature","geometry":{"type":"MultiPolygon","coordinates":[[[[-73.3485,40.6763],[-73.3492,40.6771],[-73.3485,40.6763],[-73.3485,40.6763]]],[[[-73.3562,40.7208],[-73.3701,40.7368],[-73.398,40.7316],[-73.3925,40.7157],[-73.3793,40.7142],[-73.3637,40.7101],[-73.3607,40.7016],[-73.3563,40.6966],[-73.3492,40.6775],[-73.3457,40.6722],[-73.3413,40.6707],[-73.3375,40.6749],[-73.3375,40.677],[-73.3361,40.6747],[-73.3297,40.6802],[-73.3306,40.687],[-73.3335,40.6866],[-73.3345,40.6947],[-73.3489,40.7101],[-73.3351,40.7121],[-73.3355,40.7139],[-73.3474,40.7137],[-73.3467,40.7207],[-73.3562,40.7208]]]]},"properties":{"name":"West Babylon Union Free School District"}},{"type":"Feature","geometry":{"type":"MultiPolygon","coordinates":[[[[-73.3139,40.686],[-73.3143,40.6863],[-73.3145,40.6861],[-73.3139,40.686]]],[[[-73.2901,40.7383],[-73.3065,40.7415],[-73.308,40.7393],[-73.3142,40.7203],[-73.3134,40.7171],[-73.3149,40.7073],[-73.313,40.7021],[-73.3181,40.6954],[-73.3166,40.6875],[-73.3152,40.6872],[-73.315,40.691],[-73.314,40.6872],[-73.3147,40.6921],[-73.3136,40.6922],[-73.3137,40.6872],[-73.3125,40.6918],[-73.3124,40.6885],[-73.311,40.6875],[-73.3086,40.6872],[-73.3075,40.6908],[-73.3075,40.687],[-73.3057,40.6912],[-73.3072,40.687],[-73.3042,40.6868],[-73.3049,40.6898],[-73.3039,40.6871],[-73.3028,40.6875],[-73.301,40.6958],[-73.3009,40.6896],[-73.2992,40.6897],[-73.301,40.6885],[-73.2991,40.6886],[-73.3015,40.6882],[-73.2994,40.6856],[-73.2779,40.6847],[-73.2739,40.69],[-73.2818,40.6971],[-73.2822,40.7357],[-73.2901,40.7383]]]]},"properties":{"name":"West Islip Union Free School District"}},{"type":"Feature","geometry":{"type":"MultiPolygon","coordinates":[[[[-72.318,40.8984],[-72.3181,40.8984],[-72.318,40.8984],[-72.318,40.8984]]],[[[-72.291,40.9187],[-72.291,40.9187],[-72.291,40.9187],[-72.291,40.9187]]],[[[-72.3086,40.9861],[-72.3208,40.9786],[-72.3461,40.9693],[-72.3403,40.9594],[-72.3444,40.9567],[-72.3482,40.9478],[-72.3355,40.942],[-72.3306,40.9457],[-72.3294,40.9447],[-72.3305,40.9435],[-72.3238,40.9402],[-72.3252,40.9393],[-72.3231,40.9345],[-72.3152,40.9374],[-72.3124,40.9335],[-72.3154,40.9299],[-72.3179,40.9221],[-72.3179,40.9208],[-72.3162,40.9208],[-72.3171,40.9158],[-72.3113,40.9162],[-72.3123,40.9118],[-72.3166,40.911],[-72.3216,40.9037],[-72.3152,40.8994],[-72.3177,40.9009],[-72.316,40.9005],[-72.3139,40.9026],[-72.314,40.9005],[-72.3111,40.9005],[-72.3043,40.9084],[-72.3043,40.9072],[-72.3082,40.9008],[-72.3178,40.8981],[-72.3165,40.896],[-72.2904,40.906],[-72.2919,40.9088],[-72.2922,40.9075],[-72.2948,40.9093],[-72.2969,40.9136],[-72.2862,40.9238],[-72.2875,40.9303],[-72.286,40.9415],[-72.289,40.9407],[-72.2903,40.9452],[-72.2894,40.946],[-72.2913,40.9478],[-72.2853,40.9489],[-72.2858,40.9502],[-72.2907,40.9489],[-72.2888,40.9533],[-72.2856,40.9548],[-72.2927,40.9652],[-72.2902,40.9708],[-72.2921,40.9817],[-72.2943,40.9849],[-72.2983,40.9843],[-72.2962,40.9799],[-72.3028,40.9781],[-72.3086,40.9861]]]]},"properties":{"name":"Bridgehampton Union Free School District"}},{"type":"Feature","geometry":{"type":"Polygon","coordinates":[[[-73.2589,40.8688],[-73.2747,40.8693],[-73.2753,40.8742],[-73.2885,40.8732],[-73.29,40.8694],[-73.3094,40.8668],[-73.3086,40.8644],[-73.3172,40.8639],[-73.3155,40.8573],[-73.3186,40.8568],[-73.309,40.8272],[-73.3157,40.824],[-73.3133,40.8182],[-73.3169,40.8149],[-73.3144,40.8118],[-73.311,40.812],[-73.3094,40.8097],[-73.3036,40.8101],[-73.3042,40.8066],[-73.3076,40.8061],[-73.308,40.8046],[-73.306,40.801],[-73.3066,40.799],[-73.3037,40.7966],[-73.2948,40.7949],[-73.2947,40.804],[-73.2699,40.8058],[-73.2702,40.8163],[-73.2723,40.8177],[-73.2654,40.8204],[-73.2552,40.82],[-73.2543,40.8228],[-73.2626,40.8243],[-73.2579,40.8295],[-73.2653,40.8318],[-73.2667,40.8296],[-73.2719,40.8304],[-73.2697,40.8359],[-73.2714,40.8365],[-73.271,40.8407],[-73.2669,40.8383],[-73.2598,40.8391],[-73.2602,40.8461],[-73.2522,40.8475],[-73.2513,40.85],[-73.2531,40.8575],[-73.2475,40.8577],[-73.2473,40.8597],[-73.2433,40.8601],[-73.2478,40.863],[-73.2486,40.8664],[-73.2589,40.8688]]]},"properties":{"name":"Commack Union Free School District"}},{"type":"Feature","geometry":{"type":"Polygon","coordinates":[[[-73.3065,40.7415],[-73.3039,40.7483],[-73.2951,40.7617],[-73.295,40.7843],[-73.3154,40.7797],[-73.3506,40.7654],[-73.3501,40.76],[-73.3515,40.7565],[-73.3443,40.7415],[-73.3266,40.7482],[-73.3282,40.7462],[-73.3208,40.7483],[-73.3065,40.7415]]]},"properties":{"name":"Deer Park Union Free School District"}},{"type":"Feature","geometry":{"type":"Polygon","coordinates":[[[-73.0385,40.9377],[-73.0429,40.9367],[-73.0536,40.9382],[-73.0582,40.9345],[-73.0669,40.9346],[-73.074,40.931],[-73.0697,40.9281],[-73.0725,40.9226],[-73.0698,40.9202],[-73.0712,40.9188],[-73.0677,40.8898],[-73.0629,40.8923],[-73.0535,40.8927],[-73.054,40.8965],[-73.0316,40.8965],[-73.0321,40.9015],[-73.0295,40.9016],[-73.0269,40.8995],[-73.0267,40.9016],[-73.0097,40.9041],[-73.0102,40.9061],[-73.012,40.9054],[-73.0122,40.9078],[-73.0105,40.9084],[-73.011,40.9117],[-73.0159,40.9128],[-73.0193,40.918],[-73.0226,40.9188],[-73.024,40.9243],[-73.0266,40.9232],[-73.0272,40.9249],[-73.034,40.9283],[-73.0385,40.9377]]]},"properties":{"name":"Brookhaven-Comsewogue Union Free School District"}},{"type":"Feature","geometry":{"type":"Polygon","coordinates":[[[-72.8439,40.9201],[-72.8223,40.9258],[-72.8068,40.9325],[-72.7948,40.9346],[-72.795,40.9439],[-72.835,40.9516],[-72.8398,40.9636],[-72.8385,40.964],[-72.8395,40.9695],[-72.8658,40.9655],[-72.8654,40.9629],[-72.867,40.9655],[-72.8883,40.963],[-72.9138,40.9625],[-72.9121,40.9552],[-72.9086,40.9491],[-72.9044,40.9239],[-72.899,40.9233],[-72.8956,40.9254],[-72.8833,40.9279],[-72.8768,40.9335],[-72.8459,40.934],[-72.8439,40.9201]]]},"properties":{"name":"Shoreham-Wading River Central School District"}},{"type":"Feature","geometry":{"type":"MultiPolygon","coordinates":[[[[-72.3186,40.8977],[-72.3224,40.8956],[-72.3263,40.8957],[-72.3272,40.8937],[-72.3306,40.8961],[-72.3331,40.8948],[-72.3279,40.8917],[-72.3165,40.896],[-72.3186,40.8977]]],[[[-72.4441,40.9169],[-72.4472,40.9163],[-72.446,40.9142],[-72.4431,40.9133],[-72.4418,40.9149],[-72.4441,40.9169]]],[[[-72.4426,40.9179],[-72.4455,40.919],[-72.4479,40.923],[-72.4507,40.9172],[-72.4426,40.9179]]],[[[-72.4168,40.9443],[-72.418,40.9438],[-72.4145,40.9419],[-72.4168,40.9443]]],[[[-72.4169,40.9449],[-72.4177,40.9452],[-72.4179,40.9446],[-72.4169,40.9449]]],[[[-72.3734,40.9689],[-72.377,40.9732],[-72.3764,40.9752],[-72.3832,40.9769],[-72.3918,40.9663],[-72.401,40.9584],[-72.3979,40.9569],[-72.4007,40.9578],[-72.4012,40.9541],[-72.4064,40.9499],[-72.4161,40.9474],[-72.4158,40.9447],[-72.4118,40.9447],[-72.4107,40.9469],[-72.4052,40.9497],[-72.4085,40.9478],[-72.4113,40.9436],[-72.416,40.9443],[-72.4094,40.9414],[-72.4074,40.9422],[-72.4067,40.9399],[-72.4087,40.9377],[-72.4129,40.9371],[-72.4115,40.9371],[-72.4117,40.9359],[-72.417,40.936],[-72.4189,40.9334],[-72.4178,40.9307],[-72.4193,40.933],[-72.4161,40.9394],[-72.4183,40.9391],[-72.4171,40.9389],[-72.4179,40.9378],[-72.4192,40.9393],[-72.4178,40.9424],[-72.4192,40.943],[-72.4181,40.9447],[-72.4191,40.9461],[-72.4161,40.9457],[-72.4167,40.9484],[-72.4342,40.9479],[-72.443,40.9455],[-72.4484,40.9234],[-72.4436,40.9266],[-72.4408,40.9253],[-72.4319,40.9306],[-72.4326,40.9319],[-72.4306,40.9313],[-72.4316,40.9354],[-72.4359,40.9366],[-72.436,40.9437],[-72.4348,40.9445],[-72.4317,40.9442],[-72.4286,40.9406],[-72.429,40.9366],[-72.4309,40.9351],[-72.4303,40.933],[-72.4288,40.9332],[-72.4302,40.9304],[-72.4264,40.9295],[-72.4283,40.9319],[-72.4265,40.9329],[-72.4253,40.9309],[-72.4262,40.9285],[-72.4307,40.9302],[-72.4374,40.9272],[-72.4348,40.9254],[-72.4356,40.9268],[-72.434,40.9279],[-72.4331,40.9217],[-72.4377,40.925],[-72.4406,40.9237],[-72.4406,40.9224],[-72.4456,40.9221],[-72.4455,40.9206],[-72.4394,40.9167],[-72.4336,40.9153],[-72.439,40.9146],[-72.4416,40.9114],[-72.4357,40.9059],[-72.4108,40.9142],[-72.406,40.8888],[-72.4242,40.8872],[-72.4231,40.884],[-72.4339,40.8855],[-72.4369,40.8843],[-72.4376,40.8797],[-72.4404,40.8774],[-72.4399,40.8679],[-72.4358,40.8631],[-72.4322,40.8615],[-72.4326,40.8627],[-72.4302,40.8631],[-72.4259,40.8609],[-72.4234,40.8659],[-72.4248,40.8693],[-72.4226,40.8707],[-72.4214,40.8739],[-72.4224,40.8819],[-72.4213,40.8789],[-72.419,40.8804],[-72.4207,40.8781],[-72.4178,40.8734],[-72.4205,40.8708],[-72.4192,40.8655],[-72.4176,40.8648],[-72.4163,40.8662],[-72.4156,40.8649],[-72.4129,40.8719],[-72.4126,40.8638],[-72.4226,40.8602],[-72.4256,40.8605],[-72.4261,40.8589],[-72.4291,40.8606],[-72.4311,40.857],[-72.4349,40.8577],[-72.4357,40.8561],[-72.4436,40.8553],[-72.4475,40.8527],[-72.449,40.8534],[-72.4525,40.8506],[-72.4597,40.8505],[-72.4617,40.8483],[-72.4708,40.8449],[-72.472,40.8457],[-72.4748,40.8422],[-72.4743,40.8386],[-72.4741,40.8408],[-72.47,40.8427],[-72.401,40.8649],[-72.3289,40.8914],[-72.3323,40.8939],[-72.3329,40.8917],[-72.3407,40.8903],[-72.3447,40.8949],[-72.3488,40.8963],[-72.3447,40.8991],[-72.3468,40.9008],[-72.3463,40.9032],[-72.3484,40.9021],[-72.3477,40.9001],[-72.3519,40.8998],[-72.3492,40.9023],[-72.3561,40.9078],[-72.3437,40.904],[-72.3326,40.9086],[-72.3247,40.9058],[-72.3261,40.9066],[-72.3237,40.9071],[-72.3224,40.9094],[-72.3246,40.9055],[-72.3216,40.9037],[-72.3166,40.911],[-72.3123,40.9118],[-72.3113,40.9162],[-72.3171,40.9158],[-72.3162,40.9208],[-72.3179,40.9208],[-72.3154,40.9299],[-72.3124,40.9335],[-72.3152,40.9374],[-72.3231,40.9345],[-72.3252,40.9393],[-72.3238,40.9402],[-72.3305,40.9435],[-72.3294,40.9447],[-72.3306,40.9457],[-72.3355,40.942],[-72.3482,40.9478],[-72.3444,40.9567],[-72.3403,40.9594],[-72.3461,40.9693],[-72.367,40.9615],[-72.3734,40.9689]]]]},"properties":{"name":"Southampton Union Free School District"}},{"type":"Feature","geometry":{"type":"MultiPolygon","coordinates":[[[[-72.4578,41.0101],[-72.4601,41.0092],[-72.4577,41.0089],[-72.4588,41.0099],[-72.4578,41.0101]]],[[[-72.4607,41.0105],[-72.4599,41.0117],[-72.4617,41.011],[-72.4619,41.0089],[-72.4586,41.011],[-72.4607,41.0105]]],[[[-72.4853,41.0415],[-72.4949,41.0466],[-72.5125,41.0405],[-72.5187,41.04],[-72.5545,41.0157],[-72.5579,41.0141],[-72.5596,41.0155],[-72.5574,41.0128],[-72.5488,41.0144],[-72.551,41.0139],[-72.5478,41.0115],[-72.5478,41.0132],[-72.5475,41.0098],[-72.5498,41.0111],[-72.5467,41.0079],[-72.5469,41.0053],[-72.5427,40.9975],[-72.5385,40.9953],[-72.5362,40.9963],[-72.5388,40.9925],[-72.5417,40.9952],[-72.5449,40.9952],[-72.5451,40.9976],[-72.5546,40.9958],[-72.5569,40.9972],[-72.5502,40.9974],[-72.5456,41.0008],[-72.5474,41.0026],[-72.55,41.0128],[-72.5541,41.0141],[-72.5579,41.0122],[-72.561,41.0154],[-72.5643,41.0104],[-72.5702,41.0061],[-72.5914,40.9952],[-72.5743,40.9756],[-72.5742,40.9736],[-72.5816,40.9703],[-72.5715,40.9595],[-72.5727,40.9577],[-72.5633,40.9458],[-72.5574,40.9477],[-72.5522,40.9538],[-72.5487,40.9547],[-72.5381,40.9713],[-72.5279,40.9787],[-72.5289,40.981],[-72.5322,40.9822],[-72.5314,40.9858],[-72.5358,40.9859],[-72.5311,40.9861],[-72.5314,40.9822],[-72.5274,40.9835],[-72.5291,40.9819],[-72.5272,40.9813],[-72.5282,40.9795],[-72.5067,40.9844],[-72.5047,40.9867],[-72.5069,40.9853],[-72.5161,40.9885],[-72.5128,40.9898],[-72.5154,40.9906],[-72.5153,40.9923],[-72.5131,40.9924],[-72.5123,40.9886],[-72.5064,40.9855],[-72.5002,40.9884],[-72.502,40.9881],[-72.5021,40.9919],[-72.5,40.9886],[-72.4943,40.9914],[-72.495,40.9978],[-72.4919,40.9951],[-72.4959,40.9901],[-72.4824,40.9907],[-72.4841,40.9981],[-72.4779,41.0034],[-72.4726,41.0041],[-72.4787,41.007],[-72.478,41.0095],[-72.4754,41.01],[-72.473,41.0059],[-72.4742,41.0051],[-72.4686,41.0034],[-72.4605,41.0079],[-72.4636,41.0103],[-72.4686,41.0097],[-72.4682,41.0121],[-72.4734,41.0146],[-72.4697,41.0155],[-72.4734,41.0217],[-72.4717,41.0215],[-72.4674,41.0132],[-72.463,41.0107],[-72.4602,41.0121],[-72.4621,41.018],[-72.4612,41.0208],[-72.4618,41.0179],[-72.4585,41.0129],[-72.4591,41.0114],[-72.4572,41.0108],[-72.4514,41.0134],[-72.4537,41.0153],[-72.4501,41.0157],[-72.4481,41.0142],[-72.4483,41.012],[-72.4533,41.012],[-72.4552,41.0078],[-72.4597,41.0084],[-72.4531,41.0041],[-72.4533,41.0005],[-72.4552,41.0035],[-72.4558,41.001],[-72.4468,40.9954],[-72.4484,40.9993],[-72.4449,41.0011],[-72.4479,40.9987],[-72.4438,40.9991],[-72.446,40.9964],[-72.4432,40.996],[-72.443,40.9931],[-72.4337,40.9853],[-72.446,41.0121],[-72.4475,41.0188],[-72.4492,41.0178],[-72.4533,41.0201],[-72.4546,41.0236],[-72.4563,41.0227],[-72.4605,41.0248],[-72.462,41.0235],[-72.4649,41.0304],[-72.4666,41.03],[-72.4815,41.0377],[-72.4796,41.0387],[-72.4853,41.0415]]]]},"properties":{"name":"Mattituck-Cutchogue Union Free School District"}},{"type":"Feature","geometry":{"type":"Polygon","coordinates":[[[-73.0219,40.7484],[-73.0245,40.7521],[-73.025,40.7586],[-73.0288,40.7562],[-73.038,40.7712],[-73.0339,40.7749],[-73.0357,40.7782],[-73.0315,40.7785],[-73.0352,40.7808],[-73.0357,40.7857],[-73.0425,40.7854],[-73.0422,40.77],[-73.0459,40.77],[-73.047,40.7656],[-73.06,40.7655],[-73.0596,40.757],[-73.0612,40.7508],[-73.0662,40.7433],[-73.0681,40.743],[-73.0689,40.7388],[-73.0727,40.7363],[-73.0718,40.7326],[-73.0739,40.7304],[-73.0694,40.7225],[-73.063,40.7267],[-73.0573,40.7269],[-73.0567,40.7285],[-73.0567,40.7272],[-73.0536,40.7272],[-73.0518,40.7342],[-73.0512,40.7315],[-73.053,40.7274],[-73.0485,40.7292],[-73.037,40.7295],[-73.0381,40.7339],[-73.0365,40.7295],[-73.035,40.7294],[-73.0333,40.7377],[-73.0267,40.7458],[-73.0219,40.7484]]]},"properties":{"name":"Bayport-Blue Point Union Free School District"}},{"type":"Feature","geometry":{"type":"MultiPolygon","coordinates":[[[[-72.0565,41.013],[-72.0774,41.0087],[-72.0802,41.0062],[-72.0809,41.0008],[-72.0835,40.9989],[-72.083,40.9965],[-72.0964,40.9912],[-72.109,40.9941],[-72.1173,41.0007],[-72.1222,41.0075],[-72.1332,40.9985],[-72.1384,41.0009],[-72.1565,41.0016],[-72.1606,40.9962],[-72.1626,40.9875],[-72.1579,40.9841],[-72.158,40.98],[-72.1509,40.9724],[-72.152,40.9719],[-72.1512,40.9683],[-72.1547,40.9677],[-72.1488,40.9593],[-72.1133,40.9726],[-72.0265,41.0009],[-72.0358,41.0077],[-72.0376,41.004],[-72.0427,41.0011],[-72.0641,40.9983],[-72.0579,41.0048],[-72.0565,41.013]]],[[[-72.0575,41.0173],[-72.0597,41.0188],[-72.0612,41.0175],[-72.0617,41.0124],[-72.0593,41.0169],[-72.0575,41.0173]]]]},"properties":{"name":"Amagansett Union Free School District"}},{"type":"Feature","geometry":{"type":"MultiPolygon","coordinates":[[[[-73.4214,40.6184],[-73.4241,40.6177],[-73.4241,40.6154],[-73.4214,40.6184]]],[[[-73.4227,40.6204],[-73.4228,40.6216],[-73.4243,40.6211],[-73.4241,40.6197],[-73.4227,40.6204]]],[[[-73.388,40.6264],[-73.3907,40.6258],[-73.3867,40.6241],[-73.388,40.6264]]],[[[-73.4189,40.6255],[-73.4205,40.627],[-73.422,40.6258],[-73.4203,40.6243],[-73.4189,40.6255]]],[[[-73.402,40.6253],[-73.3969,40.6283],[-73.4031,40.6269],[-73.4034,40.6252],[-73.402,40.6253]]],[[[-73.3936,40.6288],[-73.3958,40.6281],[-73.3946,40.6265],[-73.3936,40.6288]]],[[[-73.38,40.6289],[-73.3857,40.63],[-73.3896,40.6274],[-73.38,40.6289]]],[[[-73.3721,40.6301],[-73.3728,40.6299],[-73.3722,40.6294],[-73.3721,40.6301]]],[[[-73.4165,40.6306],[-73.4225,40.63],[-73.4234,40.6283],[-73.4173,40.6282],[-73.4165,40.6306]]],[[[-73.4213,40.6304],[-73.4215,40.6314],[-73.4246,40.6311],[-73.4213,40.6304]]],[[[-73.373,40.6323],[-73.3732,40.6346],[-73.3755,40.6338],[-73.3749,40.6318],[-73.373,40.6323]]],[[[-73.4136,40.635],[-73.415,40.6248],[-73.4092,40.6238],[-73.3989,40.6301],[-73.3976,40.6343],[-73.4057,40.6333],[-73.4136,40.635]]],[[[-73.4169,40.6334],[-73.419,40.637],[-73.4241,40.6346],[-73.4183,40.6324],[-73.4169,40.6334]]],[[[-73.3679,40.6342],[-73.3699,40.6383],[-73.3706,40.6334],[-73.3716,40.6345],[-73.3705,40.6315],[-73.364,40.6331],[-73.3654,40.6353],[-73.3679,40.6342]]],[[[-73.4194,40.6382],[-73.4193,40.639],[-73.4212,40.6388],[-73.4194,40.6382]]],[[[-73.3954,40.6347],[-73.3942,40.6357],[-73.3946,40.6391],[-73.4018,40.6378],[-73.4002,40.6355],[-73.3954,40.6347]]],[[[-73.3793,40.6333],[-73.3811,40.6385],[-73.3868,40.6394],[-73.3894,40.6382],[-73.3827,40.6328],[-73.3801,40.632],[-73.3793,40.6333]]],[[[-73.3517,40.6361],[-73.3412,40.6391],[-73.347,40.6376],[-73.3511,40.6396],[-73.3517,40.6361]]],[[[-73.4249,40.6379],[-73.4233,40.6396],[-73.425,40.6398],[-73.4249,40.6379]]],[[[-73.3561,40.6386],[-73.3658,40.6387],[-73.367,40.6407],[-73.3698,40.6394],[-73.3675,40.6354],[-73.3626,40.6361],[-73.3639,40.6345],[-73.3592,40.6347],[-73.3621,40.6368],[-73.3566,40.6349],[-73.3561,40.6386]]],[[[-73.3318,40.6421],[-73.3324,40.6421],[-73.3318,40.6415],[-73.3318,40.6421]]],[[[-73.3297,40.6433],[-73.331,40.6427],[-73.3297,40.6425],[-73.3297,40.6433]]],[[[-73.4005,40.6425],[-73.4014,40.6438],[-73.4047,40.6437],[-73.4042,40.6417],[-73.4005,40.6425]]],[[[-73.3987,40.644],[-73.4005,40.6437],[-73.399,40.6431],[-73.3987,40.644]]],[[[-73.4108,40.6397],[-73.4067,40.6423],[-73.4132,40.6442],[-73.4141,40.636],[-73.4108,40.6397]]],[[[-73.3971,40.6438],[-73.3981,40.6442],[-73.3977,40.6436],[-73.3971,40.6438]]],[[[-73.3866,40.6421],[-73.3822,40.6437],[-73.3927,40.6457],[-73.3957,40.6438],[-73.3928,40.6402],[-73.3887,40.6401],[-73.3866,40.6421]]],[[[-73.2503,40.6459],[-73.2514,40.6451],[-73.2492,40.6451],[-73.2503,40.6459]]],[[[-73.3744,40.645],[-73.3743,40.6462],[-73.3762,40.6454],[-73.3744,40.645]]],[[[-73.3233,40.6464],[-73.3274,40.6439],[-73.3274,40.6413],[-73.3317,40.6409],[-73.3315,40.639],[-73.3338,40.6417],[-73.3449,40.6368],[-73.3441,40.6352],[-73.3473,40.6363],[-73.3688,40.6309],[-73.3649,40.6308],[-73.3721,40.6272],[-73.3743,40.6295],[-73.3734,40.6273],[-73.3758,40.6262],[-73.3783,40.6259],[-73.3755,40.628],[-73.3767,40.6292],[-73.3874,40.6265],[-73.3859,40.6237],[-73.3828,40.6237],[-73.3875,40.6229],[-73.3918,40.6249],[-73.3972,40.6237],[-73.3966,40.6197],[-73.393,40.6198],[-73.4027,40.6172],[-73.3995,40.6187],[-73.4059,40.6223],[-73.4135,40.6206],[-73.4139,40.6151],[-73.4168,40.6189],[-73.4206,40.6187],[-73.4216,40.6159],[-73.4241,40.6148],[-73.424,40.6096],[-73.392,40.6175],[-73.3515,40.6305],[-73.3418,40.6327],[-73.3263,40.6331],[-73.3103,40.6389],[-73.2941,40.6376],[-73.2823,40.6389],[-73.2671,40.6355],[-73.2552,40.637],[-73.2487,40.6416],[-73.2751,40.6427],[-73.2999,40.6398],[-73.3116,40.6425],[-73.3142,40.6437],[-73.3119,40.6443],[-73.3139,40.6458],[-73.3155,40.6434],[-73.3144,40.643],[-73.3185,40.6426],[-73.3175,40.6447],[-73.3233,40.6464]]],[[[-73.2445,40.6461],[-73.2474,40.647],[-73.2471,40.6439],[-73.2445,40.6461]]],[[[-73.2834,40.6458],[-73.2893,40.6478],[-73.2871,40.6451],[-73.2834,40.6458]]],[[[-73.2934,40.6489],[-73.2981,40.6478],[-73.2981,40.6446],[-73.3024,40.6459],[-73.3052,40.6451],[-73.3059,40.6432],[-73.2988,40.6411],[-73.2894,40.6439],[-73.2934,40.6489]]],[[[-73.3517,40.6361],[-73.3511,40.64],[-73.3466,40.6387],[-73.3441,40.6403],[-73.3401,40.6395],[-73.3394,40.6449],[-73.3335,40.6442],[-73.3367,40.6449],[-73.3348,40.6464],[-73.3376,40.6486],[-73.3451,40.6485],[-73.3494,40.6453],[-73.3521,40.6457],[-73.3494,40.6461],[-73.3495,40.648],[-73.3487,40.6467],[-73.3466,40.6496],[-73.3527,40.6471],[-73.3567,40.6476],[-73.3525,40.6459],[-73.3552,40.6474],[-73.358,40.6465],[-73.3665,40.641],[-73.3561,40.6386],[-73.3561,40.6351],[-73.3517,40.6361]]],[[[-73.3302,40.6486],[-73.3371,40.6497],[-73.3334,40.6459],[-73.3302,40.6486]]],[[[-73.2514,40.6499],[-73.2534,40.6485],[-73.2511,40.6479],[-73.25,40.6489],[-73.2514,40.6499]]],[[[-73.339,40.6504],[-73.3433,40.6504],[-73.3403,40.649],[-73.339,40.6504]]],[[[-73.2832,40.6514],[-73.2837,40.6524],[-73.2891,40.649],[-73.2872,40.6482],[-73.2832,40.6514]]],[[[-73.231,40.6547],[-73.2355,40.6509],[-73.2259,40.6484],[-73.2241,40.6492],[-73.2269,40.6514],[-73.232,40.6515],[-73.231,40.6547]]],[[[-73.2796,40.6549],[-73.2833,40.6528],[-73.2822,40.6508],[-73.2868,40.648],[-73.2801,40.647],[-73.2803,40.6496],[-73.277,40.6538],[-73.2796,40.6549]]],[[[-73.2954,40.6539],[-73.2962,40.6552],[-73.3009,40.6524],[-73.2995,40.6505],[-73.2941,40.6506],[-73.2954,40.6539]]],[[[-73.2561,40.6553],[-73.2576,40.6543],[-73.2546,40.6536],[-73.2544,40.6507],[-73.2528,40.6498],[-73.2494,40.6521],[-73.2507,40.6528],[-73.2499,40.6545],[-73.2561,40.6553]]],[[[-73.2641,40.6584],[-73.2658,40.6592],[-73.2642,40.6565],[-73.2656,40.6549],[-73.2674,40.6575],[-73.2666,40.6595],[-73.2725,40.6564],[-73.2736,40.6572],[-73.2742,40.6551],[-73.2761,40.6555],[-73.2775,40.6518],[-73.2763,40.6512],[-73.2792,40.6512],[-73.2784,40.6482],[-73.2798,40.6461],[-73.2677,40.6435],[-73.2569,40.6436],[-73.2517,40.6452],[-73.2517,40.6469],[-73.2536,40.6476],[-73.2569,40.6465],[-73.2551,40.6496],[-73.2573,40.649],[-73.2552,40.6501],[-73.2567,40.6499],[-73.2549,40.653],[-73.2622,40.6525],[-73.2589,40.6533],[-73.2619,40.6534],[-73.2608,40.6564],[-73.262,40.6581],[-73.261,40.6562],[-73.2638,40.6569],[-73.2627,40.6585],[-73.2641,40.6584]]],[[[-73.2394,40.6572],[-73.239,40.6591],[-73.2427,40.6595],[-73.2413,40.6569],[-73.2394,40.6572]]],[[[-73.2505,40.6602],[-73.2526,40.6596],[-73.2534,40.6572],[-73.2523,40.655],[-73.2492,40.6551],[-73.249,40.6519],[-73.2513,40.6504],[-73.2494,40.649],[-73.2509,40.6476],[-73.25,40.6469],[-73.2434,40.6508],[-73.2426,40.6538],[-73.2505,40.6602]]],[[[-73.3487,40.6685],[-73.3487,40.6685],[-73.3487,40.6685],[-73.3487,40.6685]]],[[[-73.3181,40.6931],[-73.3181,40.6899],[-73.3152,40.687],[-73.3167,40.6876],[-73.317,40.6931],[-73.3181,40.6931]]],[[[-73.33,40.7095],[-73.33,40.7114],[-73.3351,40.7121],[-73.3489,40.7101],[-73.3345,40.6947],[-73.3335,40.6866],[-73.3306,40.687],[-73.3306,40.6846],[-73.3289,40.6838],[-73.3276,40.6876],[-73.3288,40.6913],[-73.3312,40.6923],[-73.3288,40.6917],[-73.3286,40.6948],[-73.3274,40.6871],[-73.3253,40.6863],[-73.3276,40.6819],[-73.3234,40.6809],[-73.3249,40.6852],[-73.3225,40.6806],[-73.3239,40.6854],[-73.3208,40.681],[-73.3228,40.6857],[-73.3206,40.6813],[-73.3143,40.6804],[-73.3163,40.6818],[-73.314,40.6858],[-73.3172,40.687],[-73.319,40.6903],[-73.3185,40.695],[-73.313,40.7021],[-73.3149,40.7073],[-73.3143,40.7118],[-73.33,40.7095]]]]},"properties":{"name":"Babylon Union Free School District"}},{"type":"Feature","geometry":{"type":"Polygon","coordinates":[[[-73.2327,40.7199],[-73.2302,40.729],[-73.234,40.7432],[-73.2386,40.7478],[-73.2396,40.7525],[-73.249,40.7498],[-73.251,40.7515],[-73.2578,40.7495],[-73.2573,40.751],[-73.2631,40.7514],[-73.2635,40.7481],[-73.2729,40.7473],[-73.272,40.7429],[-73.2782,40.7392],[-73.282,40.7392],[-73.2828,40.7057],[-73.2815,40.7037],[-73.2817,40.6967],[-73.2738,40.6903],[-73.2651,40.6957],[-73.2683,40.7012],[-73.2647,40.6957],[-73.2607,40.6961],[-73.256,40.7008],[-73.2495,40.6977],[-73.2466,40.7001],[-73.2592,40.7112],[-73.2453,40.7006],[-73.2483,40.7026],[-73.2492,40.7059],[-73.247,40.7045],[-73.2486,40.7083],[-73.2527,40.7099],[-73.2541,40.7157],[-73.246,40.7049],[-73.2449,40.7059],[-73.2466,40.7096],[-73.2434,40.7059],[-73.2396,40.7068],[-73.2375,40.7092],[-73.241,40.7073],[-73.2435,40.7078],[-73.241,40.7084],[-73.2416,40.7097],[-73.2397,40.7094],[-73.2503,40.7174],[-73.2395,40.7097],[-73.2408,40.7115],[-73.2397,40.7139],[-73.2435,40.7202],[-73.2417,40.7176],[-73.2413,40.7201],[-73.24,40.7165],[-73.2397,40.7197],[-73.2387,40.7177],[-73.24,40.7153],[-73.2369,40.7106],[-73.2327,40.7199]]]},"properties":{"name":"Bay Shore Union Free School District"}},{"type":"Feature","geometry":{"type":"MultiPolygon","coordinates":[[[[-72.7249,40.8125],[-72.7249,40.8123],[-72.7248,40.812],[-72.7249,40.8125]]],[[[-72.7245,40.8124],[-72.7245,40.8126],[-72.7247,40.8123],[-72.7245,40.8124]]],[[[-72.7245,40.8126],[-72.7247,40.8126],[-72.7249,40.8125],[-72.7245,40.8126]]],[[[-72.7233,40.8132],[-72.7233,40.8132],[-72.7233,40.8132],[-72.7233,40.8132]]],[[[-72.7233,40.8139],[-72.7234,40.8138],[-72.7233,40.8136],[-72.7233,40.8139]]],[[[-72.7235,40.8154],[-72.7235,40.8146],[-72.7234,40.8143],[-72.7235,40.8154]]],[[[-72.8396,40.8914],[-72.8425,40.9109],[-72.8505,40.9066],[-72.8493,40.8909],[-72.8686,40.8906],[-72.8648,40.8197],[-72.8141,40.8238],[-72.7508,40.8338],[-72.7481,40.8329],[-72.7444,40.8252],[-72.7326,40.8148],[-72.7301,40.8168],[-72.73,40.822],[-72.728,40.8253],[-72.7281,40.8147],[-72.725,40.815],[-72.7214,40.819],[-72.7139,40.8211],[-72.7077,40.8196],[-72.7065,40.8215],[-72.704,40.8211],[-72.7053,40.8195],[-72.699,40.8191],[-72.6974,40.8205],[-72.6967,40.8225],[-72.6985,40.8235],[-72.6976,40.8248],[-72.7004,40.826],[-72.7002,40.8288],[-72.7236,40.8438],[-72.7058,40.8996],[-72.7331,40.8974],[-72.7468,40.8865],[-72.7634,40.8857],[-72.7635,40.8889],[-72.7605,40.8898],[-72.7612,40.8951],[-72.7636,40.8949],[-72.7643,40.8976],[-72.7826,40.8877],[-72.7836,40.8914],[-72.7861,40.8865],[-72.792,40.8838],[-72.8049,40.8858],[-72.8162,40.8768],[-72.8292,40.8774],[-72.8307,40.8758],[-72.8376,40.8785],[-72.8396,40.8914]]]]},"properties":{"name":"Eastport-South Manor Central School District"}},{"type":"Feature","geometry":{"type":"MultiPolygon","coordinates":[[[[-72.7826,40.7647],[-72.7842,40.7644],[-72.784,40.7595],[-72.7781,40.7619],[-72.7787,40.7636],[-72.7826,40.7647]]],[[[-72.7563,40.7703],[-72.7636,40.7661],[-72.7676,40.7673],[-72.7699,40.7636],[-72.7766,40.763],[-72.7766,40.7612],[-72.7839,40.7589],[-72.7839,40.757],[-72.7576,40.7643],[-72.7558,40.7637],[-72.7545,40.7689],[-72.7563,40.7703]]],[[[-72.7278,40.7757],[-72.7305,40.7793],[-72.7332,40.7758],[-72.7318,40.7745],[-72.7324,40.7731],[-72.7368,40.775],[-72.7379,40.772],[-72.7403,40.7727],[-72.7475,40.7683],[-72.7489,40.7685],[-72.746,40.7705],[-72.7494,40.7694],[-72.7531,40.7636],[-72.7282,40.7717],[-72.7273,40.7768],[-72.7278,40.7757]]],[[[-72.7404,40.7808],[-72.7433,40.7799],[-72.7388,40.7793],[-72.7404,40.7808]]],[[[-72.7281,40.8147],[-72.7289,40.8155],[-72.7283,40.8148],[-72.7281,40.8147]]],[[[-72.7416,40.8223],[-72.749,40.8336],[-72.7813,40.8293],[-72.7836,40.8116],[-72.7812,40.8009],[-72.7846,40.7833],[-72.7633,40.782],[-72.7603,40.7843],[-72.7527,40.784],[-72.7649,40.7912],[-72.7626,40.7933],[-72.763,40.797],[-72.7624,40.7949],[-72.761,40.7948],[-72.7611,40.7965],[-72.7607,40.7937],[-72.7564,40.7932],[-72.7545,40.7905],[-72.7523,40.7909],[-72.7511,40.7933],[-72.7519,40.7909],[-72.7495,40.7919],[-72.7467,40.7908],[-72.7484,40.7889],[-72.7516,40.7901],[-72.7505,40.7872],[-72.7443,40.7881],[-72.7471,40.7948],[-72.7505,40.7934],[-72.7535,40.7956],[-72.754,40.8001],[-72.7565,40.8007],[-72.7543,40.8003],[-72.7535,40.8018],[-72.7555,40.8017],[-72.7569,40.805],[-72.7535,40.8041],[-72.7538,40.8023],[-72.7468,40.8029],[-72.7429,40.8019],[-72.7423,40.8001],[-72.7326,40.7997],[-72.7324,40.8086],[-72.7286,40.8147],[-72.7298,40.8148],[-72.7308,40.8122],[-72.7416,40.8223]]]]},"properties":{"name":"East Moriches Union Free School District"}},{"type":"Feature","geometry":{"type":"MultiPolygon","coordinates":[[[[-72.5612,40.8245],[-72.5627,40.8233],[-72.5602,40.8202],[-72.557,40.8208],[-72.5612,40.8245]]],[[[-72.5519,40.826],[-72.5564,40.8238],[-72.5549,40.8225],[-72.5564,40.822],[-72.5556,40.8207],[-72.5634,40.8198],[-72.5651,40.8225],[-72.5714,40.8214],[-72.5663,40.8153],[-72.5406,40.8224],[-72.5405,40.8259],[-72.5444,40.8238],[-72.5486,40.8257],[-72.5493,40.8236],[-72.5504,40.8246],[-72.5501,40.8228],[-72.5519,40.826]]],[[[-72.5622,40.8759],[-72.5624,40.8783],[-72.6186,40.874],[-72.6187,40.8584],[-72.613,40.8608],[-72.6098,40.8589],[-72.6083,40.8487],[-72.6044,40.8396],[-72.5996,40.8429],[-72.5958,40.8417],[-72.5879,40.8359],[-72.574,40.8299],[-72.5726,40.8339],[-72.5738,40.8361],[-72.571,40.8407],[-72.5724,40.845],[-72.5776,40.8475],[-72.573,40.8466],[-72.572,40.8482],[-72.5722,40.8465],[-72.5694,40.845],[-72.5677,40.8417],[-72.5619,40.8397],[-72.5573,40.8394],[-72.558,40.8439],[-72.556,40.8396],[-72.5568,40.8441],[-72.555,40.8397],[-72.5544,40.8442],[-72.5546,40.8398],[-72.5531,40.8441],[-72.5525,40.8397],[-72.5519,40.8439],[-72.5521,40.8396],[-72.5503,40.8379],[-72.5503,40.8486],[-72.5554,40.851],[-72.5503,40.849],[-72.547,40.8528],[-72.5481,40.8522],[-72.5498,40.8562],[-72.5578,40.8582],[-72.5614,40.8657],[-72.5622,40.8759]]]]},"properties":{"name":"East Quogue Union Free School District"}},{"type":"Feature","geometry":{"type":"Polygon","coordinates":[[[-73.3186,40.8568],[-73.3211,40.8648],[-73.3376,40.8624],[-73.348,40.864],[-73.3628,40.8605],[-73.3593,40.8579],[-73.3622,40.8556],[-73.3648,40.8571],[-73.3673,40.8391],[-73.3626,40.8332],[-73.3495,40.8313],[-73.3436,40.8319],[-73.3312,40.8383],[-73.3234,40.8376],[-73.3195,40.8327],[-73.3091,40.8271],[-73.3186,40.8568]]]},"properties":{"name":"Elwood Union Free School District"}},{"type":"Feature","geometry":{"type":"MultiPolygon","coordinates":[[[[-72.4001,41.0756],[-72.4,41.0758],[-72.4002,41.076],[-72.4001,41.0756]]],[[[-72.3756,41.0779],[-72.3765,41.0778],[-72.3764,41.0773],[-72.3756,41.0779]]],[[[-72.3751,41.0768],[-72.3742,41.0789],[-72.375,41.0788],[-72.3751,41.0768]]],[[[-72.3567,41.1306],[-72.3575,41.1316],[-72.359,41.1306],[-72.3624,41.1257],[-72.3677,41.1218],[-72.3827,41.1148],[-72.3879,41.1045],[-72.3955,41.0972],[-72.4134,41.0903],[-72.3977,41.0787],[-72.3997,41.0762],[-72.3971,41.0759],[-72.3989,41.0765],[-72.3968,41.0783],[-72.3968,41.0759],[-72.3876,41.0795],[-72.3898,41.0802],[-72.3903,41.0822],[-72.3871,41.0813],[-72.3882,41.0809],[-72.3871,41.0796],[-72.3851,41.079],[-72.3848,41.0802],[-72.3754,41.0766],[-72.3787,41.0778],[-72.3747,41.0798],[-72.3759,41.0816],[-72.3857,41.0896],[-72.3818,41.0916],[-72.3821,41.0931],[-72.3825,41.0884],[-72.3746,41.0946],[-72.3687,41.0941],[-72.3644,41.0918],[-72.362,41.0957],[-72.3632,41.0959],[-72.3625,41.0995],[-72.3604,41.0997],[-72.3618,41.1006],[-72.3561,41.1027],[-72.3572,41.1039],[-72.3559,41.1064],[-72.3619,41.1092],[-72.36,41.1097],[-72.3617,41.1129],[-72.3605,41.1122],[-72.3593,41.1136],[-72.3596,41.1108],[-72.3579,41.1118],[-72.3587,41.1099],[-72.3525,41.1079],[-72.3567,41.1071],[-72.3506,41.1062],[-72.3474,41.1035],[-72.3508,41.107],[-72.3484,41.1111],[-72.3499,41.1121],[-72.3505,41.1106],[-72.3498,41.1116],[-72.3527,41.1159],[-72.3559,41.1176],[-72.352,41.1153],[-72.3511,41.1175],[-72.3512,41.1149],[-72.3482,41.1113],[-72.3447,41.113],[-72.3454,41.1158],[-72.3482,41.1167],[-72.3519,41.1229],[-72.3501,41.1259],[-72.3516,41.1284],[-72.3554,41.1284],[-72.3567,41.1306]]]]},"properties":{"name":"Greenport Union Free School District"}}]}
