{"type":"FeatureCollection","features":[{"type":"Feature","geometry":{"type":"Polygon","coordinates":[[[-74.0512,41.0636],[-74.0718,41.0728],[-74.0766,41.0637],[-74.0798,41.0486],[-74.0832,41.0494],[-74.0845,41.0479],[-74.0817,41.0472],[-74.0842,41.042],[-74.0746,41.0391],[-74.0749,41.0255],[-74.078,41.0238],[-74.0812,41.0246],[-74.0827,41.0212],[-74.0796,41.0203],[-74.0814,41.0163],[-74.076,41.0144],[-74.0773,41.0045],[-74.0476,40.9984],[-74.0311,41.0001],[-74.0288,40.9984],[-74.0306,40.9968],[-74.0291,40.9941],[-74.0209,40.9994],[-74.0204,40.9967],[-74.0228,40.9929],[-74.0183,40.9932],[-74.018,40.9903],[-74.0162,40.9894],[-74.0112,40.9906],[-74.0085,40.9904],[-74.0086,40.989],[-74.0056,40.9895],[-74.0037,40.9828],[-73.9964,40.9812],[-73.9953,40.985],[-73.998,40.9885],[-73.9956,40.9871],[-73.9937,40.9889],[-73.9904,40.9886],[-73.9878,40.9915],[-73.9857,40.999],[-73.9941,40.9984],[-73.9949,40.9996],[-73.9961,40.9954],[-74.0002,40.9966],[-74.0009,40.9993],[-74.0029,40.999],[-74.0029,41.0028],[-74.0075,41.0041],[-74.0063,41.0083],[-74.0084,41.0102],[-74.0104,41.0091],[-74.0077,41.0129],[-74.0051,41.0121],[-74.0027,41.0178],[-73.9997,41.0182],[-73.9967,41.0219],[-73.9961,41.0253],[-73.9978,41.026],[-73.9964,41.0283],[-73.9995,41.03],[-73.9996,41.0326],[-73.9973,41.0328],[-73.9971,41.0356],[-73.9938,41.0381],[-74.0512,41.0636]],[[-74.0515,41.0493],[-74.037,41.0437],[-74.0308,41.0373],[-74.0216,41.0375],[-74.022,41.0352],[-74.0202,41.0354],[-74.0198,41.0335],[-74.0215,41.0326],[-74.0218,41.0274],[-74.0215,41.0248],[-74.0192,41.0238],[-74.0195,41.02],[-74.0264,41.0206],[-74.0367,41.0252],[-74.0398,41.025],[-74.0524,41.0316],[-74.0625,41.0337],[-74.0647,41.0361],[-74.0634,41.0397],[-74.0699,41.0412],[-74.0515,41.0493]]]},"properties":{"name":"Pascack Valley Regional School District"}},{"type":"Feature","geometry":{"type":"Polygon","coordinates":[[[-73.9927,41.0376],[-73.9949,41.0378],[-73.9971,41.0356],[-73.9973,41.0328],[-73.9996,41.0326],[-73.9995,41.03],[-73.9964,41.0283],[-73.9978,41.026],[-73.9961,41.0253],[-73.9967,41.0219],[-73.9997,41.0182],[-74.0027,41.0178],[-74.0051,41.0121],[-74.0077,41.0129],[-74.0104,41.0091],[-74.0084,41.0102],[-74.0063,41.0083],[-74.0075,41.0041],[-74.0029,41.0028],[-74.0029,40.999],[-74.0009,40.9993],[-74.0002,40.9966],[-73.9961,40.9954],[-73.9949,40.9996],[-73.9941,40.9984],[-73.9857,40.999],[-73.9878,40.9915],[-73.9904,40.9886],[-73.9937,40.9889],[-73.9956,40.9871],[-73.998,40.9885],[-73.9952,40.9833],[-73.9964,40.9812],[-73.9978,40.9815],[-73.9937,40.98],[-73.9939,40.9753],[-73.9973,40.9727],[-74.0017,40.9724],[-74.0025,40.9702],[-74.0041,40.972],[-74.0134,40.969],[-74.0129,40.9669],[-74.0164,40.9676],[-74.0183,40.964],[-74.0208,40.9627],[-74.0217,40.9638],[-74.0228,40.9609],[-74.0266,40.9593],[-74.0122,40.9557],[-73.9756,40.9543],[-73.9757,40.9531],[-73.9647,40.9536],[-73.963,40.9549],[-73.9615,40.954],[-73.9614,40.9483],[-73.9482,40.9405],[-73.9428,40.9426],[-73.9363,40.9508],[-73.9447,40.9576],[-73.9394,40.9638],[-73.9351,40.9724],[-73.9332,40.9823],[-73.929,40.9818],[-73.9254,40.9933],[-73.9419,40.9959],[-73.94,41.001],[-73.9428,41.0016],[-73.9391,41.0137],[-73.9927,41.0376]]]},"properties":{"name":"Northern Valley Regional School District"}},{"type":"Feature","geometry":{"type":"Polygon","coordinates":[[[-74.1037,40.842],[-74.1193,40.8533],[-74.1212,40.8468],[-74.1051,40.8378],[-74.0817,40.7876],[-74.0768,40.7956],[-74.069,40.7984],[-74.0632,40.8045],[-74.0586,40.8063],[-74.0365,40.8079],[-74.0334,40.8101],[-74.031,40.8149],[-74.0307,40.8188],[-74.0347,40.8249],[-74.0531,40.8337],[-74.0588,40.8351],[-74.061,40.8325],[-74.0763,40.8371],[-74.0843,40.8419],[-74.0891,40.842],[-74.093,40.8444],[-74.0915,40.846],[-74.099,40.8503],[-74.1028,40.8415],[-74.1037,40.842]]]},"properties":{"name":"Carlstadt-East Rutherford School District"}},{"type":"Feature","geometry":{"type":"Polygon","coordinates":[[[-74.0301,40.97],[-74.0369,40.9718],[-74.038,40.9622],[-74.049,40.9653],[-74.0513,40.9573],[-74.0511,40.955],[-74.0428,40.9527],[-74.0458,40.9456],[-74.039,40.9438],[-74.0503,40.9281],[-74.0489,40.926],[-74.0502,40.9171],[-74.0425,40.914],[-74.0418,40.9113],[-74.0367,40.9089],[-74.0299,40.9135],[-74.0332,40.9184],[-74.0328,40.9229],[-74.0314,40.9239],[-74.0329,40.9256],[-74.0299,40.927],[-74.031,40.9304],[-74.0292,40.9316],[-74.0263,40.9401],[-74.0248,40.9404],[-74.0244,40.9435],[-74.0261,40.9457],[-74.0226,40.9448],[-74.0247,40.9478],[-74.0244,40.9515],[-74.0025,40.9519],[-74.0024,40.9552],[-74.0122,40.9557],[-74.0262,40.959],[-74.0228,40.9609],[-74.0217,40.9638],[-74.0208,40.9627],[-74.0183,40.964],[-74.0164,40.9676],[-74.0301,40.97]]]},"properties":{"name":"River Dell Regional School District"}},{"type":"Feature","geometry":{"type":"MultiPolygon","coordinates":[[[[-74.1251,41.0477],[-74.1273,41.0487],[-74.1282,41.0468],[-74.1323,41.0485],[-74.138,41.0461],[-74.1426,41.041],[-74.1491,41.0426],[-74.1526,41.0314],[-74.1518,41.0286],[-74.148,41.0273],[-74.1554,41.0259],[-74.1547,41.0217],[-74.1314,41.0186],[-74.1318,41.0223],[-74.1265,41.0225],[-74.1261,41.021],[-74.1207,41.0201],[-74.12,41.0242],[-74.1156,41.0287],[-74.1146,41.0435],[-74.1251,41.0477]]],[[[-74.0862,41.0792],[-74.104,41.0871],[-74.1057,41.0791],[-74.1128,41.08],[-74.1157,41.0728],[-74.1157,41.0682],[-74.1202,41.0697],[-74.1223,41.0611],[-74.1245,41.0603],[-74.121,41.059],[-74.1177,41.053],[-74.1236,41.0553],[-74.1233,41.0527],[-74.1214,41.052],[-74.1225,41.0484],[-74.1145,41.0455],[-74.1034,41.0449],[-74.1029,41.0474],[-74.0993,41.0477],[-74.1003,41.0505],[-74.0934,41.0488],[-74.0944,41.0462],[-74.0836,41.0429],[-74.0817,41.0472],[-74.0845,41.0479],[-74.0832,41.0494],[-74.0798,41.0486],[-74.0766,41.0637],[-74.0718,41.0728],[-74.0862,41.0792]]]]},"properties":{"name":"Northern Highlands Regional School District"}},{"type":"Feature","geometry":{"type":"Polygon","coordinates":[[[-74.1761,41.0306],[-74.1811,41.0351],[-74.2,41.0451],[-74.2185,41.0507],[-74.249,41.0636],[-74.2722,41.0179],[-74.2643,41.0119],[-74.2485,40.9921],[-74.2245,40.9813],[-74.1711,40.9771],[-74.1703,40.9839],[-74.1491,40.9711],[-74.1414,40.9842],[-74.1439,40.9873],[-74.1502,40.9872],[-74.1541,40.99],[-74.1513,40.993],[-74.1533,40.9968],[-74.1574,40.9991],[-74.156,41.0015],[-74.146,41.0019],[-74.1376,41.0078],[-74.1514,41.0106],[-74.1493,41.0133],[-74.1478,41.0218],[-74.1547,41.0217],[-74.1556,41.0259],[-74.1646,41.022],[-74.1696,41.0241],[-74.1711,41.0293],[-74.1761,41.0306]]]},"properties":{"name":"Ramapo-Indian Hill Regional School District"}},{"type":"Feature","geometry":{"type":"Polygon","coordinates":[[[-74.0763,40.8371],[-74.0843,40.8419],[-74.0891,40.842],[-74.093,40.8444],[-74.0915,40.846],[-74.099,40.8503],[-74.1028,40.8415],[-74.0704,40.8217],[-74.066,40.8169],[-74.0607,40.8057],[-74.0376,40.8076],[-74.0331,40.8104],[-74.0305,40.8181],[-74.0347,40.8249],[-74.0531,40.8337],[-74.0588,40.8351],[-74.061,40.8325],[-74.0763,40.8371]]]},"properties":{"name":"Carlstadt Borough School District"}},{"type":"Feature","geometry":{"type":"Polygon","coordinates":[[[-74.0164,40.9676],[-74.0369,40.9718],[-74.038,40.9622],[-74.049,40.9653],[-74.0511,40.955],[-74.0428,40.9527],[-74.0458,40.9456],[-74.025,40.9403],[-74.0244,40.9435],[-74.0261,40.9457],[-74.0226,40.9449],[-74.0247,40.9478],[-74.0244,40.9515],[-74.0025,40.9519],[-74.0024,40.9552],[-74.0122,40.9557],[-74.0266,40.9593],[-74.0228,40.9609],[-74.0217,40.9638],[-74.0208,40.9627],[-74.0183,40.964],[-74.0164,40.9676]]]},"properties":{"name":"Oradell Borough School District"}},{"type":"Feature","geometry":{"type":"Polygon","coordinates":[[[-74.1028,40.8415],[-74.1193,40.8533],[-74.1212,40.8468],[-74.1051,40.8378],[-74.0817,40.7876],[-74.0768,40.7956],[-74.069,40.7984],[-74.0607,40.8057],[-74.066,40.8169],[-74.0704,40.8217],[-74.1028,40.8415]]]},"properties":{"name":"East Rutherford Borough School District"}},{"type":"Feature","geometry":{"type":"Polygon","coordinates":[[[-74.0912,41.0814],[-74.104,41.0871],[-74.1057,41.0791],[-74.1128,41.08],[-74.1157,41.0728],[-74.1157,41.0682],[-74.1202,41.0697],[-74.1223,41.0611],[-74.1245,41.0603],[-74.121,41.059],[-74.1177,41.053],[-74.1236,41.0553],[-74.1233,41.0527],[-74.1214,41.052],[-74.1225,41.0484],[-74.1145,41.0455],[-74.1034,41.0449],[-74.1029,41.0474],[-74.0993,41.0477],[-74.1003,41.0505],[-74.0934,41.0488],[-74.0944,41.0462],[-74.0836,41.0429],[-74.0817,41.0472],[-74.0845,41.0479],[-74.0832,41.0494],[-74.0798,41.0486],[-74.0766,41.0637],[-74.0718,41.0728],[-74.0912,41.0814]]]},"properties":{"name":"Upper Saddle River Borough School District"}},{"type":"Feature","geometry":{"type":"Polygon","coordinates":[[[-73.9666,41.026],[-73.9948,41.0378],[-73.9971,41.0356],[-73.9973,41.0328],[-73.9996,41.0326],[-73.9995,41.03],[-73.9964,41.0283],[-73.9978,41.026],[-73.9961,41.0253],[-73.9967,41.0219],[-73.9997,41.0182],[-74.0027,41.0178],[-74.0051,41.0121],[-74.0078,41.0129],[-74.0103,41.0088],[-74.0084,41.0102],[-74.0063,41.0083],[-74.0075,41.0041],[-74.0029,41.0028],[-74.0029,40.999],[-74.0009,40.9993],[-74.0002,40.9966],[-73.9961,40.9954],[-73.9949,40.9996],[-73.9941,40.9984],[-73.9858,40.9991],[-73.98,41.0052],[-73.9687,41.0068],[-73.9588,41.0226],[-73.9666,41.026]]]},"properties":{"name":"Old Tappan Borough School District"}},{"type":"Feature","geometry":{"type":"Polygon","coordinates":[[[-74.0195,41.02],[-74.0264,41.0206],[-74.0255,41.0175],[-74.0414,41.0155],[-74.0419,41.0136],[-74.0457,41.0154],[-74.054,41.0103],[-74.076,41.0144],[-74.0773,41.0045],[-74.0476,40.9984],[-74.0311,41.0001],[-74.0288,40.9984],[-74.0306,40.9968],[-74.0289,40.9941],[-74.0232,40.9997],[-74.0201,41.0006],[-74.0197,41.0087],[-74.0217,41.0112],[-74.0194,41.0158],[-74.0195,41.02]]]},"properties":{"name":"Hillsdale Borough School District"}},{"type":"Feature","geometry":{"type":"Polygon","coordinates":[[[-74.0018,40.9708],[-74.0033,40.9703],[-74.0041,40.972],[-74.0134,40.969],[-74.0129,40.9669],[-74.0164,40.9676],[-74.0183,40.964],[-74.0208,40.9627],[-74.0217,40.9638],[-74.0228,40.9609],[-74.0266,40.9593],[-74.0122,40.9557],[-73.976,40.9543],[-73.9747,40.9677],[-73.9865,40.9682],[-73.9854,40.9703],[-74.0018,40.9708]]]},"properties":{"name":"Haworth Borough School District"}},{"type":"Feature","geometry":{"type":"Polygon","coordinates":[[[-73.9419,40.9959],[-73.9544,41.0015],[-73.952,41.0049],[-73.9571,41.0101],[-73.9657,41.0115],[-73.9687,41.0068],[-73.9707,40.995],[-73.9671,40.9917],[-73.963,40.9827],[-73.9559,40.9842],[-73.9537,40.9826],[-73.9445,40.9838],[-73.9409,40.9815],[-73.9394,40.9784],[-73.9344,40.9768],[-73.9332,40.9823],[-73.929,40.9818],[-73.9254,40.9933],[-73.9419,40.9959]]]},"properties":{"name":"Norwood Borough School District"}},{"type":"Feature","geometry":{"type":"Polygon","coordinates":[[[-73.963,40.9827],[-73.9671,40.9917],[-73.9707,40.995],[-73.9687,41.0068],[-73.98,41.0052],[-73.9858,40.9991],[-73.9877,40.9916],[-73.9903,40.9887],[-73.9937,40.9889],[-73.9956,40.9871],[-73.998,40.9885],[-73.9952,40.9833],[-73.9964,40.9812],[-73.9978,40.9815],[-73.9937,40.98],[-73.9929,40.9748],[-73.9879,40.9758],[-73.9885,40.9744],[-73.9874,40.9744],[-73.9835,40.9778],[-73.9809,40.9769],[-73.9804,40.9796],[-73.9706,40.9839],[-73.9646,40.984],[-73.963,40.9827]]]},"properties":{"name":"Harrington Park Borough School District"}},{"type":"Feature","geometry":{"type":"Polygon","coordinates":[[[-74.0258,40.9403],[-74.039,40.9438],[-74.0503,40.9281],[-74.0489,40.9261],[-74.0495,40.9159],[-74.0425,40.914],[-74.0418,40.9113],[-74.0367,40.9089],[-74.0303,40.9126],[-74.0333,40.9185],[-74.0328,40.9229],[-74.0314,40.9239],[-74.0329,40.9256],[-74.0299,40.927],[-74.031,40.9304],[-74.0292,40.9316],[-74.0258,40.9403]]]},"properties":{"name":"River Edge Borough School District"}},{"type":"Feature","geometry":{"type":"Polygon","coordinates":[[[-73.9938,41.0381],[-74.0127,41.0465],[-74.0124,41.0386],[-74.0222,41.0368],[-74.0198,41.0335],[-74.0219,41.0313],[-74.0215,41.0248],[-74.0199,41.025],[-74.0191,41.0233],[-74.0203,41.023],[-74.0194,41.0158],[-74.0216,41.0116],[-74.0197,41.0087],[-74.0201,41.0006],[-74.0232,40.9997],[-74.0257,40.9966],[-74.0209,40.9994],[-74.0204,40.9967],[-74.0228,40.9929],[-74.0183,40.9932],[-74.018,40.9903],[-74.0162,40.9894],[-74.0112,40.9906],[-74.0085,40.9904],[-74.0086,40.989],[-74.0056,40.9895],[-74.0037,40.9828],[-73.9964,40.9812],[-73.9953,40.985],[-73.998,40.9885],[-73.9956,40.9871],[-73.9937,40.9889],[-73.9904,40.9886],[-73.9878,40.9915],[-73.9857,40.999],[-73.9941,40.9984],[-73.9949,40.9996],[-73.9961,40.9954],[-74.0002,40.9966],[-74.0009,40.9993],[-74.0029,40.999],[-74.0029,41.0028],[-74.0075,41.0041],[-74.0063,41.0083],[-74.0084,41.0102],[-74.0104,41.0091],[-74.0077,41.0129],[-74.0051,41.0121],[-74.0027,41.0178],[-73.9997,41.0182],[-73.9967,41.0219],[-73.9961,41.0253],[-73.9978,41.026],[-73.9964,41.0283],[-73.9995,41.03],[-73.9996,41.0326],[-73.9973,41.0328],[-73.9971,41.0356],[-73.9938,41.0381]]]},"properties":{"name":"River Vale Township School District"}},{"type":"Feature","geometry":{"type":"Polygon","coordinates":[[[-73.9391,41.0137],[-73.9589,41.0226],[-73.9657,41.0115],[-73.9571,41.0101],[-73.952,41.0049],[-73.9544,41.0015],[-73.9419,40.9959],[-73.94,41.001],[-73.9428,41.0016],[-73.9391,41.0137]]]},"properties":{"name":"Northvale Borough School District"}},{"type":"Feature","geometry":{"type":"Polygon","coordinates":[[[-74.1676,41.0238],[-74.1696,41.0241],[-74.1711,41.0294],[-74.1761,41.0306],[-74.1811,41.0351],[-74.2005,41.0453],[-74.2461,40.9984],[-74.2462,40.9953],[-74.2485,40.9921],[-74.2245,40.9813],[-74.1918,40.9786],[-74.1873,41.0174],[-74.1676,41.0238]]]},"properties":{"name":"Franklin Lakes Borough School District"}},{"type":"Feature","geometry":{"type":"Polygon","coordinates":[[[-74.0798,41.0486],[-74.0832,41.0494],[-74.0845,41.0479],[-74.0817,41.0472],[-74.0842,41.042],[-74.0746,41.0391],[-74.0749,41.0255],[-74.078,41.0238],[-74.0812,41.0246],[-74.0827,41.0212],[-74.0796,41.0203],[-74.0814,41.0163],[-74.054,41.0103],[-74.0457,41.0154],[-74.0419,41.0136],[-74.0414,41.0155],[-74.0255,41.0175],[-74.0266,41.0214],[-74.0367,41.0252],[-74.0398,41.025],[-74.0526,41.0316],[-74.0631,41.034],[-74.0647,41.0361],[-74.0634,41.0397],[-74.0699,41.0412],[-74.071,41.0466],[-74.073,41.0467],[-74.0725,41.049],[-74.0798,41.0486]]]},"properties":{"name":"Woodcliff Lake Borough School District"}},{"type":"Feature","geometry":{"type":"Polygon","coordinates":[[[-74.0509,41.0635],[-74.0718,41.0728],[-74.0766,41.0637],[-74.0798,41.0482],[-74.0725,41.049],[-74.073,41.0467],[-74.071,41.0466],[-74.0699,41.0412],[-74.0514,41.0493],[-74.037,41.0437],[-74.0289,41.0366],[-74.0124,41.0386],[-74.0127,41.0465],[-74.0509,41.0635]]]},"properties":{"name":"Montvale Borough School District"}},{"type":"Feature","geometry":{"type":"Polygon","coordinates":[[[-74.1146,41.0435],[-74.1273,41.0487],[-74.1282,41.0468],[-74.1323,41.0485],[-74.138,41.0461],[-74.1426,41.041],[-74.1488,41.0428],[-74.1526,41.0314],[-74.1518,41.0286],[-74.148,41.0273],[-74.1554,41.0259],[-74.1547,41.0217],[-74.1314,41.0186],[-74.1318,41.0223],[-74.1265,41.0225],[-74.1261,41.021],[-74.1207,41.0201],[-74.12,41.0242],[-74.1156,41.0287],[-74.1146,41.0435]]]},"properties":{"name":"Allendale Borough School District"}},{"type":"Feature","geometry":{"type":"Polygon","coordinates":[[[-74.1554,41.0259],[-74.1641,41.0219],[-74.1676,41.0238],[-74.1873,41.0174],[-74.1918,40.9786],[-74.1711,40.9771],[-74.1703,40.9839],[-74.1491,40.9711],[-74.1414,40.9842],[-74.1439,40.9873],[-74.1502,40.9872],[-74.1541,40.99],[-74.1513,40.993],[-74.1533,40.9968],[-74.1574,40.9991],[-74.156,41.0015],[-74.146,41.0019],[-74.1375,41.0075],[-74.1514,41.0106],[-74.1493,41.0133],[-74.1478,41.0218],[-74.1547,41.0217],[-74.1554,41.0259]]]},"properties":{"name":"Wyckoff Township School District"}},{"type":"Feature","geometry":{"type":"Polygon","coordinates":[[[-73.9447,40.9576],[-73.9626,40.968],[-73.9632,40.9654],[-73.9658,40.9672],[-73.9747,40.9677],[-73.9757,40.9531],[-73.9647,40.9536],[-73.963,40.9549],[-73.9615,40.954],[-73.9614,40.9483],[-73.9482,40.9405],[-73.9428,40.9426],[-73.9363,40.9508],[-73.9447,40.9576]]]},"properties":{"name":"Demarest Borough School District"}},{"type":"Feature","geometry":{"type":"Polygon","coordinates":[[[-73.9344,40.9768],[-73.9394,40.9784],[-73.9409,40.9815],[-73.9445,40.9838],[-73.9537,40.9826],[-73.9558,40.9842],[-73.963,40.9827],[-73.9646,40.984],[-73.9704,40.9839],[-73.9804,40.9796],[-73.9809,40.9769],[-73.9835,40.9778],[-73.9874,40.9743],[-73.9879,40.9758],[-73.9934,40.9755],[-73.9968,40.9729],[-74.0017,40.9724],[-74.0018,40.9708],[-73.9854,40.9703],[-73.9865,40.9682],[-73.9658,40.9672],[-73.9632,40.9654],[-73.9626,40.968],[-73.9449,40.9574],[-73.9393,40.9641],[-73.9344,40.9768]]]},"properties":{"name":"Closter Borough School District"}},{"type":"Feature","geometry":{"type":"Polygon","coordinates":[[[-74.2005,41.0453],[-74.2185,41.0507],[-74.249,41.0636],[-74.2722,41.0179],[-74.2643,41.0119],[-74.2485,40.9921],[-74.2462,40.9953],[-74.2461,40.9984],[-74.2005,41.0453]]]},"properties":{"name":"Oakland Borough School District"}},{"type":"Feature","geometry":{"type":"Polygon","coordinates":[[[-74.0505,40.9105],[-74.0646,40.9175],[-74.0695,40.9073],[-74.0726,40.8918],[-74.0646,40.8871],[-74.0595,40.8923],[-74.0568,40.9033],[-74.0505,40.9105]]]},"properties":{"name":"Maywood Borough School District"}},{"type":"Feature","geometry":{"type":"Polygon","coordinates":[[[-74.1106,40.7771],[-74.1166,40.7822],[-74.1138,40.7866],[-74.1143,40.7886],[-74.1085,40.79],[-74.1094,40.7918],[-74.1083,40.7935],[-74.1175,40.7972],[-74.1275,40.7986],[-74.1396,40.8053],[-74.1382,40.7985],[-74.1475,40.7865],[-74.1305,40.7776],[-74.1297,40.7737],[-74.1272,40.7714],[-74.1179,40.7719],[-74.114,40.7763],[-74.1106,40.7771]]]},"properties":{"name":"North Arlington Borough School District"}},{"type":"Feature","geometry":{"type":"Polygon","coordinates":[[[-74.0783,40.9785],[-74.0909,40.9807],[-74.0928,40.9795],[-74.0921,40.9734],[-74.0971,40.9683],[-74.0969,40.9641],[-74.0939,40.9624],[-74.095,40.9592],[-74.1001,40.9551],[-74.1013,40.951],[-74.1011,40.9474],[-74.0947,40.9445],[-74.0929,40.9414],[-74.0946,40.9369],[-74.0917,40.9336],[-74.0937,40.9299],[-74.0903,40.927],[-74.0912,40.9253],[-74.0896,40.9199],[-74.0837,40.9186],[-74.0689,40.9086],[-74.0646,40.9175],[-74.0505,40.9105],[-74.0483,40.9132],[-74.0418,40.9117],[-74.0424,40.914],[-74.0502,40.9171],[-74.0489,40.926],[-74.0503,40.9281],[-74.039,40.9438],[-74.0458,40.9456],[-74.0428,40.9527],[-74.0511,40.955],[-74.0461,40.9733],[-74.0499,40.9742],[-74.0523,40.9687],[-74.0555,40.9696],[-74.0558,40.9672],[-74.0679,40.9763],[-74.0783,40.9785]]]},"properties":{"name":"Paramus Borough School District"}},{"type":"Feature","geometry":{"type":"Polygon","coordinates":[[[-74.0216,41.0375],[-74.0308,41.0373],[-74.037,41.0437],[-74.0514,41.0493],[-74.0699,41.0412],[-74.0634,41.0397],[-74.0647,41.0361],[-74.0625,41.0337],[-74.0524,41.0316],[-74.0398,41.025],[-74.0367,41.0252],[-74.0264,41.0206],[-74.0195,41.02],[-74.0192,41.0238],[-74.0215,41.0248],[-74.0218,41.0274],[-74.0215,41.0326],[-74.0198,41.0335],[-74.0202,41.0354],[-74.022,41.0352],[-74.0216,41.0375]]]},"properties":{"name":"Park Ridge Borough School District"}},{"type":"Feature","geometry":{"type":"Polygon","coordinates":[[[-73.9914,40.8359],[-74.0109,40.8468],[-74.0115,40.8414],[-74.014,40.8388],[-74.0216,40.8399],[-74.0274,40.8466],[-74.0305,40.8465],[-74.0297,40.8422],[-74.031,40.8389],[-74.0297,40.8333],[-74.0354,40.8288],[-74.034,40.8228],[-74.0305,40.8184],[-74.0317,40.8133],[-74.0288,40.8129],[-74.0269,40.8163],[-74.024,40.8148],[-74.025,40.8163],[-74.0232,40.8167],[-74.023,40.8185],[-74.0203,40.8187],[-74.0205,40.8207],[-74.0178,40.8233],[-74.0102,40.8232],[-74.0053,40.827],[-73.9975,40.8223],[-73.9889,40.8345],[-73.9914,40.8359]]]},"properties":{"name":"Ridgefield Borough School District"}},{"type":"Feature","geometry":{"type":"Polygon","coordinates":[[[-74.0223,40.8657],[-74.0359,40.8692],[-74.0328,40.8631],[-74.0325,40.8589],[-74.0285,40.8542],[-74.0305,40.8465],[-74.0274,40.8466],[-74.0216,40.8399],[-74.0129,40.839],[-74.0107,40.8494],[-74.005,40.8601],[-74.0157,40.8647],[-74.0223,40.8657]]]},"properties":{"name":"Ridgefield Park Township School District"}},{"type":"Feature","geometry":{"type":"Polygon","coordinates":[[[-73.9218,41.0059],[-73.9391,41.0137],[-73.9428,41.0016],[-73.94,41.001],[-73.9419,40.9959],[-73.9254,40.9933],[-73.9218,41.0059]]]},"properties":{"name":"Rockleigh Borough School District"}},{"type":"Feature","geometry":{"type":"Polygon","coordinates":[[[-73.962,40.8481],[-73.9644,40.8466],[-73.9652,40.8479],[-73.9681,40.8474],[-73.9709,40.8439],[-73.9737,40.8329],[-73.9798,40.8224],[-73.9844,40.8159],[-73.9896,40.8118],[-73.9909,40.8123],[-73.9927,40.8079],[-73.9943,40.8076],[-73.9933,40.8013],[-73.9905,40.8035],[-73.9877,40.8032],[-73.9885,40.8051],[-73.9856,40.8046],[-73.9869,40.8064],[-73.9838,40.8058],[-73.9866,40.807],[-73.9819,40.8087],[-73.985,40.8113],[-73.9804,40.8109],[-73.984,40.8125],[-73.9832,40.8135],[-73.9789,40.8125],[-73.981,40.814],[-73.9797,40.816],[-73.9769,40.8156],[-73.9783,40.8167],[-73.9765,40.8165],[-73.9776,40.8179],[-73.9724,40.8242],[-73.9736,40.8245],[-73.971,40.8297],[-73.9717,40.8339],[-73.9707,40.832],[-73.9695,40.8333],[-73.9705,40.8359],[-73.9681,40.836],[-73.9698,40.837],[-73.9696,40.8393],[-73.962,40.8481]]]},"properties":{"name":"Edgewater Borough School District"}},{"type":"Feature","geometry":{"type":"Polygon","coordinates":[[[-74.0817,40.7876],[-74.1051,40.8378],[-74.1212,40.8468],[-74.124,40.839],[-74.121,40.8305],[-74.124,40.8225],[-74.0943,40.805],[-74.0948,40.8032],[-74.0927,40.8014],[-74.0965,40.7962],[-74.0901,40.7924],[-74.0915,40.788],[-74.083,40.7862],[-74.0817,40.7876]]]},"properties":{"name":"Rutherford Borough School District"}},{"type":"Feature","geometry":{"type":"Polygon","coordinates":[[[-74.0164,40.9146],[-74.0215,40.9171],[-74.0302,40.914],[-74.0272,40.9126],[-74.0248,40.9074],[-74.0279,40.9033],[-74.0317,40.9013],[-74.0313,40.896],[-74.0359,40.8922],[-74.0371,40.8891],[-74.0334,40.8872],[-74.0345,40.8843],[-74.0218,40.8805],[-74.0238,40.8742],[-74.0208,40.8729],[-74.0223,40.8657],[-74.0157,40.8647],[-74.005,40.8601],[-73.9939,40.8728],[-73.9931,40.8794],[-73.9875,40.8862],[-73.9947,40.8887],[-73.9896,40.903],[-73.9886,40.9117],[-74.0018,40.9125],[-74.0051,40.9085],[-74.0175,40.9121],[-74.0164,40.9146]]]},"properties":{"name":"Teaneck Township School District"}},{"type":"Feature","geometry":{"type":"Polygon","coordinates":[[[-74.0689,40.9086],[-74.0837,40.9186],[-74.0895,40.9199],[-74.0876,40.9168],[-74.0904,40.914],[-74.0891,40.9128],[-74.0897,40.9104],[-74.0859,40.9062],[-74.0811,40.9047],[-74.0823,40.9025],[-74.0797,40.8991],[-74.0798,40.8966],[-74.0726,40.8918],[-74.0689,40.9086]]]},"properties":{"name":"Rochelle Park Township School District"}},{"type":"Feature","geometry":{"type":"Polygon","coordinates":[[[-74.0836,41.0429],[-74.0944,41.0462],[-74.0934,41.0488],[-74.1006,41.0506],[-74.0993,41.0477],[-74.1029,41.0474],[-74.1034,41.0449],[-74.1145,41.0455],[-74.1156,41.0287],[-74.12,41.0242],[-74.1207,41.0201],[-74.1125,41.0174],[-74.1088,41.0186],[-74.1094,41.0159],[-74.1047,41.0153],[-74.1054,41.011],[-74.0964,41.012],[-74.0974,41.009],[-74.0937,41.0053],[-74.0773,41.0045],[-74.076,41.0144],[-74.0814,41.0163],[-74.0796,41.0203],[-74.0827,41.0212],[-74.0812,41.0246],[-74.078,41.0238],[-74.0749,41.0255],[-74.0746,41.0391],[-74.0823,41.0411],[-74.0842,41.042],[-74.0836,41.0429]]]},"properties":{"name":"Saddle River Borough School District"}},{"type":"Feature","geometry":{"type":"MultiPolygon","coordinates":[[[[-74.0414,40.8309],[-74.0531,40.8337],[-74.0347,40.8249],[-74.0354,40.8286],[-74.0414,40.8309]]],[[[-74.0961,40.8664],[-74.0972,40.8673],[-74.0979,40.8652],[-74.1003,40.8656],[-74.1016,40.8638],[-74.0978,40.8615],[-74.0939,40.8651],[-74.0961,40.8664]]],[[[-74.051,40.8729],[-74.0556,40.8741],[-74.0583,40.8707],[-74.0519,40.8686],[-74.049,40.8659],[-74.0489,40.8621],[-74.0517,40.8576],[-74.0447,40.8538],[-74.0439,40.8591],[-74.0383,40.8589],[-74.0486,40.8732],[-74.051,40.8729]]]]},"properties":{"name":"South Hackensack Township School District"}},{"type":"Feature","geometry":{"type":"MultiPolygon","coordinates":[[[[-74.0053,40.9371],[-74.0109,40.9364],[-74.0128,40.9339],[-74.0118,40.9315],[-74.0133,40.9222],[-74.0175,40.9121],[-74.0051,40.9085],[-74.0018,40.9125],[-73.9927,40.911],[-73.9844,40.9121],[-73.9821,40.9195],[-73.9825,40.9286],[-73.9796,40.937],[-74.0036,40.9359],[-74.0035,40.9371],[-74.0053,40.9371]]],[[[-74.0042,40.9372],[-74.0034,40.9384],[-74.0053,40.9384],[-74.0042,40.9372]]]]},"properties":{"name":"Bergenfield Borough School District"}},{"type":"Feature","geometry":{"type":"Polygon","coordinates":[[[-73.9768,40.8278],[-73.9889,40.8345],[-73.9961,40.8244],[-73.9908,40.8214],[-73.9952,40.8148],[-73.9937,40.814],[-73.9983,40.8085],[-73.9945,40.8065],[-73.9927,40.8079],[-73.9909,40.8123],[-73.9896,40.8118],[-73.9844,40.8159],[-73.9768,40.8278]]]},"properties":{"name":"Cliffside Park Borough School District"}},{"type":"Feature","geometry":{"type":"Polygon","coordinates":[[[-73.9428,40.9426],[-73.9482,40.9405],[-73.9614,40.9483],[-73.9615,40.954],[-73.963,40.9549],[-73.9647,40.9536],[-73.9757,40.9531],[-73.9768,40.9413],[-73.9791,40.9411],[-73.98,40.9342],[-73.9677,40.9347],[-73.9624,40.9378],[-73.9422,40.9261],[-73.9358,40.9388],[-73.9428,40.9426]]]},"properties":{"name":"Cresskill Borough School District"}},{"type":"Feature","geometry":{"type":"Polygon","coordinates":[[[-74.0937,41.0053],[-74.1118,41.0085],[-74.1202,41.0064],[-74.1182,41.0059],[-74.1179,41.0028],[-74.113,40.9954],[-74.1062,40.9956],[-74.0795,40.9899],[-74.0798,40.9981],[-74.0773,41.0045],[-74.0937,41.0053]]]},"properties":{"name":"Ho-Ho-Kus Borough School District"}},{"type":"Feature","geometry":{"type":"Polygon","coordinates":[[[-73.9494,40.9007],[-73.972,40.9136],[-73.9886,40.9117],[-73.9896,40.903],[-73.9947,40.8887],[-73.9875,40.8862],[-73.9941,40.8765],[-73.9849,40.8749],[-73.97,40.8657],[-73.9558,40.8831],[-73.959,40.8849],[-73.9494,40.9007]]]},"properties":{"name":"Englewood City School District"}},{"type":"Feature","geometry":{"type":"Polygon","coordinates":[[[-73.9675,40.8689],[-73.97,40.8657],[-73.9758,40.8691],[-73.9781,40.8605],[-73.9794,40.8608],[-73.9882,40.851],[-73.9806,40.8468],[-73.9914,40.8359],[-73.9768,40.8278],[-73.9737,40.8329],[-73.9709,40.8439],[-73.9681,40.8474],[-73.9652,40.8479],[-73.9644,40.8466],[-73.9606,40.8492],[-73.9571,40.8597],[-73.9546,40.8594],[-73.9537,40.8612],[-73.9675,40.8689]]]},"properties":{"name":"Fort Lee Borough School District"}},{"type":"Feature","geometry":{"type":"Polygon","coordinates":[[[-73.976,40.9543],[-74.0024,40.9552],[-74.0028,40.9461],[-74.0101,40.9462],[-74.0109,40.9364],[-73.9797,40.937],[-73.9791,40.9411],[-73.9768,40.9413],[-73.976,40.9543]],[[-74.0042,40.9372],[-74.0053,40.9384],[-74.0034,40.9384],[-74.0042,40.9372]]]},"properties":{"name":"Dumont Borough School District"}},{"type":"Feature","geometry":{"type":"Polygon","coordinates":[[[-74.1134,40.9177],[-74.115,40.9219],[-74.1216,40.9201],[-74.1235,40.9247],[-74.1323,40.9224],[-74.1294,40.92],[-74.1335,40.9129],[-74.1316,40.9057],[-74.1337,40.8996],[-74.1328,40.8971],[-74.1285,40.8944],[-74.1298,40.8871],[-74.1021,40.8942],[-74.1134,40.9177]]]},"properties":{"name":"Elmwood Park Borough School District"}},{"type":"Feature","geometry":{"type":"Polygon","coordinates":[[[-73.9978,40.9815],[-74.0037,40.9828],[-74.0044,40.987],[-74.0093,40.9787],[-74.0151,40.9809],[-74.0356,40.9843],[-74.0427,40.9735],[-74.0557,40.9764],[-74.0569,40.9737],[-74.0551,40.9732],[-74.0566,40.9699],[-74.0523,40.9687],[-74.0499,40.9742],[-74.0461,40.9733],[-74.049,40.9653],[-74.038,40.9622],[-74.0369,40.9718],[-74.0131,40.9668],[-74.0134,40.969],[-74.0096,40.9708],[-74.0069,40.9702],[-74.0041,40.972],[-74.0025,40.9702],[-74.0017,40.9724],[-73.9973,40.9727],[-73.9939,40.9753],[-73.9937,40.98],[-73.9978,40.9815]]]},"properties":{"name":"Emerson Borough School District"}},{"type":"Feature","geometry":{"type":"Polygon","coordinates":[[[-74.1202,41.0064],[-74.1268,41.0059],[-74.1282,41.0077],[-74.1309,41.0065],[-74.1329,40.9955],[-74.1279,40.9945],[-74.1329,40.9855],[-74.1368,40.9818],[-74.1412,40.9828],[-74.1426,40.9816],[-74.1491,40.9711],[-74.141,40.9664],[-74.136,40.9727],[-74.1174,40.9717],[-74.1189,40.9701],[-74.1154,40.9705],[-74.114,40.9673],[-74.1099,40.9674],[-74.1064,40.9643],[-74.1058,40.9586],[-74.1001,40.9551],[-74.095,40.9592],[-74.0939,40.9624],[-74.0969,40.9641],[-74.0971,40.9683],[-74.0921,40.9734],[-74.0928,40.9795],[-74.0909,40.9807],[-74.0783,40.9785],[-74.0788,40.9889],[-74.1062,40.9956],[-74.113,40.9954],[-74.1179,41.0028],[-74.1182,41.0059],[-74.1202,41.0064]]]},"properties":{"name":"Ridgewood Village School District"}},{"type":"Feature","geometry":{"type":"Polygon","coordinates":[[[-74.104,41.0871],[-74.2112,41.1337],[-74.249,41.0636],[-74.2185,41.0507],[-74.2,41.0451],[-74.1811,41.0351],[-74.1761,41.0306],[-74.1711,41.0294],[-74.1696,41.0241],[-74.1641,41.0219],[-74.1589,41.0252],[-74.148,41.0273],[-74.1518,41.0286],[-74.1526,41.0314],[-74.1497,41.0399],[-74.1653,41.0435],[-74.1673,41.0461],[-74.1723,41.0472],[-74.1762,41.0506],[-74.1716,41.0569],[-74.1711,41.0653],[-74.1611,41.0665],[-74.1594,41.0728],[-74.1564,41.0763],[-74.136,41.0782],[-74.1243,41.0749],[-74.1245,41.0738],[-74.1148,41.0726],[-74.1128,41.08],[-74.1057,41.0791],[-74.104,41.0871]]]},"properties":{"name":"Mahwah Township School District"}},{"type":"Feature","geometry":{"type":"Polygon","coordinates":[[[-74.0223,40.8657],[-74.0208,40.8729],[-74.0238,40.8742],[-74.0218,40.8805],[-74.0345,40.8843],[-74.0398,40.8791],[-74.0348,40.8763],[-74.0359,40.8692],[-74.0223,40.8657]]]},"properties":{"name":"Bogota Borough School District"}},{"type":"Feature","geometry":{"type":"Polygon","coordinates":[[[-74.0025,40.9519],[-74.0244,40.9515],[-74.0247,40.9478],[-74.0226,40.9448],[-74.0261,40.9457],[-74.0244,40.9435],[-74.0248,40.9404],[-74.0263,40.9401],[-74.0292,40.9316],[-74.031,40.9304],[-74.0299,40.927],[-74.0329,40.9256],[-74.0314,40.9239],[-74.0328,40.9229],[-74.0332,40.9184],[-74.0302,40.914],[-74.0215,40.9171],[-74.0164,40.9146],[-74.0129,40.9242],[-74.0118,40.9325],[-74.0128,40.9339],[-74.0109,40.9357],[-74.0101,40.9462],[-74.0028,40.9461],[-74.0025,40.9519]]]},"properties":{"name":"New Milford Borough School District"}},{"type":"Feature","geometry":{"type":"Polygon","coordinates":[[[-74.1157,41.0728],[-74.1245,41.0738],[-74.1243,41.0749],[-74.136,41.0782],[-74.1564,41.0763],[-74.1594,41.0728],[-74.1611,41.0665],[-74.1711,41.0653],[-74.1716,41.0569],[-74.1762,41.0507],[-74.1723,41.0472],[-74.1673,41.0461],[-74.1653,41.0435],[-74.1502,41.0404],[-74.1474,41.0432],[-74.1426,41.041],[-74.138,41.0461],[-74.1323,41.0485],[-74.1282,41.0468],[-74.1273,41.0487],[-74.1146,41.0435],[-74.1145,41.0455],[-74.1225,41.0484],[-74.1214,41.052],[-74.1233,41.0527],[-74.1236,41.0553],[-74.1177,41.053],[-74.121,41.059],[-74.1245,41.0603],[-74.1223,41.0611],[-74.1202,41.0697],[-74.1157,41.0682],[-74.1157,41.0728]]]},"properties":{"name":"Ramsey Borough School District"}},{"type":"Feature","geometry":{"type":"Polygon","coordinates":[[[-74.0894,40.9197],[-74.0999,40.9212],[-74.1134,40.9177],[-74.1031,40.8977],[-74.1021,40.8942],[-74.1042,40.8937],[-74.1042,40.8914],[-74.1007,40.8844],[-74.0816,40.889],[-74.0791,40.8936],[-74.0797,40.8991],[-74.0823,40.9025],[-74.0811,40.9046],[-74.0859,40.9062],[-74.0897,40.9104],[-74.0891,40.9128],[-74.0904,40.914],[-74.0876,40.9168],[-74.0894,40.9197]]]},"properties":{"name":"Saddle Brook Township School District"}},{"type":"Feature","geometry":{"type":"Polygon","coordinates":[[[-74.0345,40.8843],[-74.0333,40.8871],[-74.0368,40.8885],[-74.0371,40.8903],[-74.0313,40.896],[-74.0317,40.9013],[-74.0279,40.9033],[-74.0249,40.9073],[-74.0254,40.9102],[-74.0299,40.9135],[-74.0366,40.9089],[-74.0424,40.9119],[-74.0495,40.9129],[-74.0568,40.9033],[-74.0595,40.8923],[-74.0646,40.8871],[-74.0683,40.8761],[-74.0603,40.8715],[-74.0596,40.869],[-74.0556,40.8741],[-74.0486,40.8732],[-74.0383,40.8589],[-74.0324,40.8586],[-74.0328,40.8631],[-74.0357,40.8677],[-74.0348,40.8763],[-74.0398,40.8791],[-74.0345,40.8843]]]},"properties":{"name":"Hackensack City School District"}},{"type":"Feature","geometry":{"type":"Polygon","coordinates":[[[-74.0257,40.9966],[-74.0292,40.9941],[-74.0306,40.9968],[-74.0288,40.9984],[-74.0311,41.0001],[-74.0476,40.9984],[-74.0773,41.0045],[-74.0798,40.9981],[-74.079,40.9791],[-74.0679,40.9763],[-74.0558,40.9672],[-74.0566,40.9699],[-74.0551,40.9732],[-74.0569,40.9737],[-74.0557,40.9764],[-74.0427,40.9735],[-74.0356,40.9843],[-74.0151,40.9809],[-74.0093,40.9787],[-74.006,40.9833],[-74.0048,40.989],[-74.0111,40.9906],[-74.0162,40.9894],[-74.018,40.9903],[-74.0183,40.9932],[-74.0227,40.9929],[-74.0204,40.9967],[-74.0209,40.9994],[-74.0257,40.9966]]]},"properties":{"name":"Westwood Regional School District"}},{"type":"Feature","geometry":{"type":"Polygon","coordinates":[[[-73.9422,40.9261],[-73.9624,40.9378],[-73.9677,40.9347],[-73.9811,40.9341],[-73.9825,40.9286],[-73.9821,40.9195],[-73.9844,40.9121],[-73.972,40.9136],[-73.9494,40.9007],[-73.9465,40.9061],[-73.9349,40.8996],[-73.9272,40.9174],[-73.9422,40.9261]]]},"properties":{"name":"Tenafly Borough School District"}},{"type":"Feature","geometry":{"type":"Polygon","coordinates":[[[-74.1207,41.0201],[-74.1261,41.021],[-74.1265,41.0225],[-74.1318,41.0223],[-74.1314,41.0186],[-74.1478,41.0218],[-74.1493,41.0133],[-74.1514,41.0106],[-74.1309,41.0065],[-74.1282,41.0077],[-74.1254,41.0056],[-74.1118,41.0085],[-74.0937,41.0052],[-74.0974,41.009],[-74.0964,41.012],[-74.1054,41.011],[-74.1047,41.0153],[-74.1094,41.0159],[-74.1088,41.0186],[-74.1125,41.0174],[-74.1207,41.0201]]]},"properties":{"name":"Waldwick Borough School District"}},{"type":"Feature","geometry":{"type":"Polygon","coordinates":[[[-74.0399,40.8305],[-74.0398,40.8342],[-74.0419,40.8341],[-74.0433,40.8377],[-74.0432,40.8434],[-74.0457,40.8433],[-74.0459,40.8462],[-74.0519,40.8481],[-74.0539,40.854],[-74.0594,40.8451],[-74.0692,40.8508],[-74.0722,40.8471],[-74.0749,40.8486],[-74.0788,40.8424],[-74.0752,40.8403],[-74.0763,40.8371],[-74.0701,40.8352],[-74.061,40.8325],[-74.0588,40.8351],[-74.0399,40.8305]]]},"properties":{"name":"Moonachie Borough School District"}},{"type":"Feature","geometry":{"type":"Polygon","coordinates":[[[-74.0919,40.8866],[-74.1007,40.8844],[-74.1042,40.8937],[-74.1298,40.8871],[-74.1304,40.8857],[-74.1215,40.881],[-74.1157,40.875],[-74.1108,40.8651],[-74.1044,40.8621],[-74.1032,40.8628],[-74.1028,40.8615],[-74.1012,40.865],[-74.0979,40.8652],[-74.0965,40.8688],[-74.0938,40.8699],[-74.0986,40.873],[-74.0946,40.8783],[-74.0919,40.8866]]]},"properties":{"name":"Garfield City School District"}},{"type":"Feature","geometry":{"type":"Polygon","coordinates":[[[-74.1001,40.9551],[-74.1058,40.9586],[-74.1064,40.9643],[-74.1099,40.9674],[-74.114,40.9673],[-74.1154,40.9705],[-74.1189,40.9701],[-74.1174,40.9717],[-74.136,40.9727],[-74.1411,40.9663],[-74.1464,40.9484],[-74.1363,40.9518],[-74.1372,40.9504],[-74.107,40.9508],[-74.1001,40.9551]]]},"properties":{"name":"Glen Rock Borough School District"}},{"type":"Feature","geometry":{"type":"Polygon","coordinates":[[[-74.0583,40.8707],[-74.0596,40.869],[-74.0603,40.8715],[-74.0683,40.8761],[-74.0717,40.8697],[-74.0736,40.8708],[-74.0758,40.8686],[-74.0811,40.8717],[-74.0822,40.8706],[-74.0796,40.8691],[-74.0875,40.8614],[-74.0862,40.8606],[-74.0895,40.857],[-74.0722,40.8471],[-74.0692,40.8508],[-74.0594,40.8451],[-74.0488,40.8632],[-74.049,40.8659],[-74.0519,40.8686],[-74.0583,40.8707]]]},"properties":{"name":"Hasbrouck Heights Borough School District"}},{"type":"Feature","geometry":{"type":"Polygon","coordinates":[[[-73.9758,40.8691],[-73.9859,40.8753],[-73.9941,40.8765],[-73.9938,40.8729],[-74.0021,40.8643],[-74.0064,40.8569],[-73.9984,40.855],[-73.9974,40.8562],[-73.9882,40.851],[-73.9794,40.8608],[-73.9781,40.8605],[-73.9758,40.8691]]]},"properties":{"name":"Leonia Borough School District"}},{"type":"Feature","geometry":{"type":"Polygon","coordinates":[[[-74.0788,40.8951],[-74.0816,40.889],[-74.0919,40.8866],[-74.0946,40.8783],[-74.0986,40.873],[-74.0938,40.8699],[-74.0972,40.8673],[-74.0875,40.8614],[-74.0796,40.8691],[-74.0822,40.8706],[-74.0811,40.8717],[-74.0758,40.8686],[-74.0736,40.8708],[-74.0717,40.8697],[-74.0655,40.8826],[-74.0646,40.8871],[-74.0788,40.8951]]]},"properties":{"name":"Lodi Borough School District"}},{"type":"Feature","geometry":{"type":"Polygon","coordinates":[[[-73.9882,40.851],[-73.9974,40.8562],[-73.9984,40.855],[-74.0064,40.8569],[-74.0109,40.8468],[-73.9914,40.8359],[-73.9806,40.8468],[-73.9882,40.851]]]},"properties":{"name":"Palisades Park Borough School District"}},{"type":"Feature","geometry":{"type":"Polygon","coordinates":[[[-74.0978,40.8615],[-74.1016,40.8638],[-74.1028,40.8615],[-74.1033,40.8629],[-74.1075,40.8632],[-74.1072,40.8575],[-74.1099,40.8552],[-74.1122,40.8559],[-74.1126,40.8586],[-74.1148,40.86],[-74.1197,40.859],[-74.1213,40.857],[-74.1193,40.8533],[-74.1028,40.8415],[-74.0965,40.8563],[-74.0978,40.8615]]]},"properties":{"name":"Wallington Borough School District"}},{"type":"Feature","geometry":{"type":"Polygon","coordinates":[[[-74.0875,40.8614],[-74.0939,40.8651],[-74.0978,40.8615],[-74.0963,40.8575],[-74.099,40.8503],[-74.0915,40.846],[-74.093,40.8444],[-74.0891,40.842],[-74.0843,40.8419],[-74.0763,40.8371],[-74.0752,40.8403],[-74.0788,40.8424],[-74.0749,40.8486],[-74.0895,40.857],[-74.0862,40.8606],[-74.0875,40.8614]]]},"properties":{"name":"Wood-Ridge Borough School District"}},{"type":"Feature","geometry":{"type":"Polygon","coordinates":[[[-73.9349,40.8996],[-73.9465,40.9061],[-73.959,40.8849],[-73.9558,40.8831],[-73.9681,40.8692],[-73.9539,40.8614],[-73.9349,40.8996]]]},"properties":{"name":"Englewood Cliffs Borough School District"}},{"type":"Feature","geometry":{"type":"Polygon","coordinates":[[[-73.9961,40.8244],[-73.9975,40.8223],[-74.0053,40.827],[-74.0101,40.8232],[-74.0138,40.8231],[-74.0113,40.8207],[-74.0124,40.816],[-73.9983,40.8085],[-73.9937,40.814],[-73.9952,40.8148],[-73.9908,40.8214],[-73.9961,40.8244]]]},"properties":{"name":"Fairview Borough School District"}},{"type":"Feature","geometry":{"type":"Polygon","coordinates":[[[-73.9026,40.9973],[-73.9218,41.0059],[-73.929,40.9818],[-73.9332,40.9823],[-73.9351,40.9724],[-73.9394,40.9638],[-73.9447,40.9576],[-73.9363,40.9508],[-73.9428,40.9426],[-73.9358,40.9388],[-73.9422,40.9261],[-73.9272,40.9174],[-73.9225,40.937],[-73.9176,40.9451],[-73.9164,40.9549],[-73.9103,40.9668],[-73.9027,40.9929],[-73.9026,40.9973]]]},"properties":{"name":"Alpine Borough School District"}},{"type":"Feature","geometry":{"type":"Polygon","coordinates":[[[-74.0895,40.9199],[-74.0912,40.9253],[-74.0903,40.927],[-74.0937,40.9299],[-74.0917,40.9336],[-74.0946,40.9369],[-74.0929,40.9414],[-74.0947,40.9445],[-74.1013,40.9478],[-74.1001,40.9551],[-74.107,40.9508],[-74.1372,40.9504],[-74.1363,40.9518],[-74.1464,40.9484],[-74.1481,40.9417],[-74.1441,40.9409],[-74.1405,40.936],[-74.1396,40.9331],[-74.1424,40.9279],[-74.1389,40.9232],[-74.1323,40.9224],[-74.1235,40.9247],[-74.1216,40.9201],[-74.115,40.9219],[-74.1134,40.9177],[-74.0999,40.9212],[-74.0895,40.9199]]]},"properties":{"name":"Fair Lawn Borough School District"}},{"type":"Feature","geometry":{"type":"Polygon","coordinates":[[[-74.083,40.7862],[-74.0915,40.788],[-74.0901,40.7924],[-74.0965,40.7962],[-74.0927,40.8014],[-74.0948,40.8032],[-74.0943,40.805],[-74.124,40.8225],[-74.137,40.8173],[-74.1396,40.8053],[-74.1275,40.7986],[-74.1175,40.7972],[-74.1083,40.7935],[-74.1094,40.7918],[-74.1085,40.79],[-74.1143,40.7886],[-74.1138,40.7866],[-74.1166,40.7822],[-74.1106,40.7771],[-74.1009,40.776],[-74.101,40.7738],[-74.0976,40.7707],[-74.0988,40.7676],[-74.0949,40.7624],[-74.0925,40.7634],[-74.0903,40.7616],[-74.088,40.7644],[-74.09,40.778],[-74.083,40.7862]]]},"properties":{"name":"Lyndhurst Township School District"}},{"type":"Feature","geometry":{"type":"Polygon","coordinates":[[[-74.1309,41.0065],[-74.1376,41.0078],[-74.146,41.0019],[-74.156,41.0015],[-74.1574,40.9991],[-74.1533,40.9968],[-74.1513,40.993],[-74.1541,40.99],[-74.1502,40.9872],[-74.1439,40.9873],[-74.1412,40.9821],[-74.1368,40.9818],[-74.1327,40.9858],[-74.1279,40.9945],[-74.1329,40.9955],[-74.1309,41.0065]]]},"properties":{"name":"Midland Park Borough School District"}},{"type":"Feature","geometry":{"type":"Polygon","coordinates":[[[-74.0383,40.8589],[-74.0439,40.8591],[-74.0447,40.8538],[-74.0517,40.8576],[-74.0539,40.854],[-74.0519,40.8481],[-74.0459,40.8462],[-74.0457,40.8433],[-74.0432,40.8434],[-74.0433,40.8377],[-74.0419,40.8341],[-74.0398,40.8342],[-74.0407,40.8324],[-74.039,40.8322],[-74.0401,40.8303],[-74.0354,40.8286],[-74.0297,40.8333],[-74.0306,40.8474],[-74.0285,40.8542],[-74.0324,40.8586],[-74.0383,40.8589]]]},"properties":{"name":"Little Ferry Borough School District"}},{"type":"Feature","geometry":{"type":"Polygon","coordinates":[[[-74.1575,40.7522],[-74.1648,40.7547],[-74.1661,40.7472],[-74.1629,40.7482],[-74.1626,40.7498],[-74.1581,40.7491],[-74.1575,40.7522]]]},"properties":{"name":"East Newark Borough School District"}},{"type":"Feature","geometry":{"type":"MultiPolygon","coordinates":[[[[-74.0433,40.6897],[-74.0441,40.6903],[-74.0435,40.6895],[-74.0433,40.6897]]],[[[-74.0444,40.6885],[-74.0472,40.6904],[-74.0464,40.6893],[-74.0444,40.6885]]],[[[-74.0472,40.6904],[-74.047,40.6905],[-74.0471,40.6907],[-74.0472,40.6904]]],[[[-74.0459,40.6912],[-74.0469,40.6911],[-74.0447,40.6906],[-74.0459,40.6912]]],[[[-74.0394,40.7013],[-74.0438,40.698],[-74.0416,40.6963],[-74.0397,40.6977],[-74.0416,40.6991],[-74.0398,40.6989],[-74.0407,40.7002],[-74.0377,40.6985],[-74.0394,40.7013]]],[[[-74.0537,40.7637],[-74.057,40.769],[-74.06,40.7657],[-74.06,40.7626],[-74.0649,40.7638],[-74.0748,40.7582],[-74.0749,40.7557],[-74.0765,40.7548],[-74.0752,40.7528],[-74.0787,40.7506],[-74.0752,40.7474],[-74.077,40.7433],[-74.0821,40.7405],[-74.0811,40.7395],[-74.0879,40.7379],[-74.0936,40.7341],[-74.0964,40.73],[-74.0979,40.7208],[-74.0957,40.7208],[-74.0953,40.7189],[-74.0972,40.7174],[-74.1016,40.7182],[-74.1066,40.7141],[-74.1035,40.7121],[-74.1073,40.7118],[-74.1079,40.7096],[-74.1064,40.7092],[-74.1062,40.7037],[-74.1008,40.7055],[-74.1072,40.6975],[-74.1029,40.6954],[-74.1012,40.6926],[-74.102,40.6902],[-74.0981,40.6807],[-74.0658,40.6671],[-74.0639,40.6699],[-74.0768,40.6759],[-74.0761,40.6769],[-74.0729,40.6755],[-74.075,40.678],[-74.0687,40.6753],[-74.074,40.6781],[-74.0737,40.6803],[-74.0834,40.6874],[-74.0735,40.6806],[-74.0712,40.6815],[-74.08,40.6889],[-74.0762,40.6885],[-74.0699,40.6842],[-74.0699,40.6918],[-74.0653,40.6942],[-74.0673,40.6954],[-74.0707,40.6937],[-74.0682,40.697],[-74.0661,40.6979],[-74.0556,40.6909],[-74.0544,40.692],[-74.0592,40.6946],[-74.0579,40.6958],[-74.0547,40.6946],[-74.0492,40.698],[-74.046,40.6966],[-74.0507,40.6993],[-74.0494,40.7009],[-74.0436,40.7006],[-74.0455,40.702],[-74.0427,40.7013],[-74.0445,40.703],[-74.042,40.7019],[-74.044,40.7036],[-74.0413,40.7025],[-74.0434,40.7042],[-74.0402,40.7027],[-74.0437,40.7062],[-74.0346,40.7055],[-74.033,40.7091],[-74.0511,40.711],[-74.0538,40.7127],[-74.0422,40.7113],[-74.0429,40.7137],[-74.0411,40.7113],[-74.0327,40.711],[-74.0382,40.712],[-74.0337,40.7117],[-74.0331,40.7143],[-74.0307,40.7145],[-74.033,40.7148],[-74.03,40.7171],[-74.0328,40.7174],[-74.0325,40.7192],[-74.0294,40.7193],[-74.0325,40.7197],[-74.0292,40.72],[-74.0314,40.7204],[-74.0296,40.7213],[-74.0342,40.7226],[-74.0293,40.7226],[-74.0342,40.7233],[-74.028,40.7236],[-74.0345,40.7262],[-74.0276,40.7265],[-74.0301,40.7277],[-74.0274,40.7276],[-74.031,40.728],[-74.0312,40.7296],[-74.0298,40.7297],[-74.0313,40.7307],[-74.0269,40.7294],[-74.0276,40.7309],[-74.0264,40.7309],[-74.0307,40.7318],[-74.0262,40.7316],[-74.0374,40.734],[-74.0293,40.7337],[-74.0386,40.7363],[-74.0428,40.736],[-74.0438,40.7399],[-74.0378,40.7503],[-74.0424,40.7524],[-74.0437,40.7566],[-74.0492,40.7586],[-74.0537,40.7637]]]]},"properties":{"name":"Jersey City School District"}},{"type":"Feature","geometry":{"type":"Polygon","coordinates":[[[-74.1106,40.7771],[-74.114,40.7763],[-74.1179,40.7719],[-74.1272,40.7714],[-74.1297,40.7737],[-74.1305,40.7776],[-74.1475,40.7865],[-74.149,40.778],[-74.1558,40.7708],[-74.1577,40.7661],[-74.1634,40.7594],[-74.1648,40.7547],[-74.1558,40.7516],[-74.1542,40.7543],[-74.1456,40.7519],[-74.1459,40.748],[-74.1409,40.7429],[-74.1397,40.7438],[-74.1373,40.7418],[-74.1223,40.7427],[-74.1166,40.74],[-74.1159,40.7368],[-74.1196,40.7224],[-74.116,40.717],[-74.1058,40.7198],[-74.1087,40.7211],[-74.105,40.7202],[-74.1015,40.7247],[-74.1013,40.7261],[-74.1034,40.7272],[-74.1011,40.7268],[-74.0978,40.7347],[-74.0947,40.7379],[-74.0837,40.7413],[-74.0816,40.7407],[-74.077,40.7433],[-74.0752,40.7474],[-74.0787,40.7506],[-74.0906,40.7488],[-74.0936,40.7509],[-74.0955,40.7534],[-74.0908,40.762],[-74.0925,40.7634],[-74.0959,40.763],[-74.0988,40.7676],[-74.0976,40.7707],[-74.101,40.7738],[-74.1009,40.776],[-74.1106,40.7771]]]},"properties":{"name":"Kearny Town School District"}},{"type":"Feature","geometry":{"type":"Polygon","coordinates":[[[-74.0138,40.8231],[-74.0179,40.8233],[-74.0205,40.8207],[-74.0203,40.8187],[-74.023,40.8185],[-74.0232,40.8167],[-74.025,40.8163],[-74.024,40.8148],[-74.0277,40.816],[-74.0287,40.813],[-74.0317,40.8133],[-74.0356,40.8082],[-74.0449,40.8076],[-74.0337,40.8033],[-74.0412,40.7956],[-74.0337,40.7924],[-74.0423,40.7801],[-74.0501,40.7824],[-74.0539,40.781],[-74.0563,40.7769],[-74.0553,40.7739],[-74.057,40.769],[-74.0492,40.7586],[-74.0458,40.7574],[-74.0421,40.7626],[-74.0409,40.7685],[-74.0318,40.7751],[-74.0315,40.779],[-74.0283,40.7776],[-74.0231,40.783],[-74.0234,40.79],[-74.015,40.7985],[-73.9983,40.7908],[-73.9965,40.7943],[-73.9935,40.7949],[-73.9946,40.796],[-73.9921,40.7952],[-73.9953,40.7975],[-73.9924,40.7998],[-73.9932,40.8058],[-74.0124,40.816],[-74.0113,40.8207],[-74.0138,40.8231]]]},"properties":{"name":"North Bergen Township School District"}},{"type":"Feature","geometry":{"type":"Polygon","coordinates":[[[-74.057,40.769],[-74.0553,40.7739],[-74.0564,40.7766],[-74.0539,40.781],[-74.0501,40.7824],[-74.0423,40.7801],[-74.0405,40.7819],[-74.0337,40.7924],[-74.0412,40.7956],[-74.0337,40.8033],[-74.0424,40.8073],[-74.0592,40.8062],[-74.0647,40.8035],[-74.069,40.7984],[-74.0768,40.7956],[-74.0803,40.7891],[-74.09,40.7782],[-74.0878,40.7649],[-74.0944,40.7572],[-74.0955,40.7534],[-74.0906,40.7488],[-74.0787,40.7506],[-74.0752,40.7528],[-74.0765,40.7548],[-74.0749,40.7557],[-74.0747,40.7582],[-74.0649,40.7638],[-74.06,40.7626],[-74.06,40.7657],[-74.057,40.769]]]},"properties":{"name":"Secaucus Town School District"}},{"type":"Feature","geometry":{"type":"Polygon","coordinates":[[[-74.0658,40.6671],[-74.0981,40.6807],[-74.102,40.6902],[-74.1012,40.6926],[-74.1029,40.6954],[-74.1072,40.6975],[-74.1093,40.6944],[-74.1107,40.6946],[-74.107,40.6923],[-74.1104,40.6928],[-74.1128,40.6873],[-74.1111,40.6866],[-74.1135,40.6865],[-74.119,40.68],[-74.1167,40.6787],[-74.1172,40.6775],[-74.1244,40.6715],[-74.1255,40.672],[-74.1263,40.669],[-74.1279,40.6689],[-74.1267,40.6669],[-74.1285,40.6649],[-74.1309,40.6661],[-74.1332,40.6631],[-74.1323,40.6605],[-74.1347,40.658],[-74.1368,40.6586],[-74.1356,40.6569],[-74.1391,40.6572],[-74.1372,40.6572],[-74.1393,40.6569],[-74.1385,40.6555],[-74.1406,40.6558],[-74.1395,40.6538],[-74.1428,40.6502],[-74.1461,40.6502],[-74.1447,40.6491],[-74.1469,40.649],[-74.1449,40.648],[-74.1458,40.6445],[-74.1437,40.6435],[-74.1204,40.6458],[-74.115,40.6493],[-74.1164,40.6524],[-74.1137,40.6492],[-74.1158,40.6526],[-74.1132,40.6493],[-74.1142,40.6515],[-74.1119,40.6499],[-74.1104,40.6507],[-74.1104,40.6491],[-74.11,40.6506],[-74.1076,40.6493],[-74.1073,40.6532],[-74.1085,40.6541],[-74.1069,40.6533],[-74.1069,40.6492],[-74.1064,40.6508],[-74.1063,40.6492],[-74.1037,40.6505],[-74.101,40.6488],[-74.092,40.6496],[-74.0926,40.6506],[-74.0905,40.6505],[-74.0913,40.6514],[-74.089,40.6515],[-74.0895,40.6525],[-74.0859,40.6529],[-74.0878,40.6535],[-74.0852,40.6533],[-74.0873,40.654],[-74.0846,40.6552],[-74.0882,40.6557],[-74.0919,40.6625],[-74.0989,40.6662],[-74.1076,40.665],[-74.1026,40.6668],[-74.1078,40.6659],[-74.107,40.6699],[-74.0892,40.6675],[-74.0706,40.6608],[-74.0685,40.6638],[-74.0915,40.6732],[-74.0973,40.6746],[-74.0972,40.6732],[-74.102,40.6726],[-74.103,40.6744],[-74.0985,40.6769],[-74.0857,40.6749],[-74.0668,40.666],[-74.0658,40.6671]]]},"properties":{"name":"Bayonne City School District"}},{"type":"Feature","geometry":{"type":"Polygon","coordinates":[[[-74.1373,40.7418],[-74.1397,40.7438],[-74.1409,40.7429],[-74.1459,40.748],[-74.1456,40.7519],[-74.1542,40.7543],[-74.1558,40.7516],[-74.1575,40.7523],[-74.1581,40.7491],[-74.1626,40.7498],[-74.1629,40.7482],[-74.1661,40.7472],[-74.162,40.736],[-74.1553,40.7341],[-74.1471,40.735],[-74.144,40.7392],[-74.1373,40.7418]]]},"properties":{"name":"Harrison Town School District"}},{"type":"Feature","geometry":{"type":"Polygon","coordinates":[[[-73.9983,40.7908],[-74.015,40.7985],[-74.0155,40.7957],[-74.0123,40.7942],[-73.9972,40.7882],[-73.9983,40.7908]]]},"properties":{"name":"Guttenberg Town School District"}},{"type":"Feature","geometry":{"type":"MultiPolygon","coordinates":[[[[-74.0253,40.7329],[-74.0301,40.7334],[-74.0262,40.7324],[-74.0253,40.7329]]],[[[-74.0236,40.7578],[-74.0209,40.7564],[-74.021,40.7574],[-74.0236,40.7578]]],[[[-74.0293,40.7582],[-74.0318,40.759],[-74.0338,40.7572],[-74.0418,40.7441],[-74.0438,40.7399],[-74.0428,40.736],[-74.0251,40.7333],[-74.0291,40.7338],[-74.0256,40.7338],[-74.0276,40.7342],[-74.0258,40.7341],[-74.0277,40.7364],[-74.0251,40.737],[-74.0273,40.7373],[-74.0269,40.7387],[-74.0236,40.7384],[-74.0268,40.7389],[-74.0242,40.7394],[-74.0264,40.7408],[-74.023,40.7412],[-74.0252,40.7417],[-74.0228,40.742],[-74.0246,40.7431],[-74.0226,40.7429],[-74.024,40.7435],[-74.022,40.7449],[-74.0237,40.7492],[-74.0217,40.7501],[-74.0237,40.7506],[-74.0235,40.7528],[-74.0212,40.7525],[-74.0237,40.7535],[-74.0204,40.7542],[-74.023,40.7555],[-74.0201,40.7552],[-74.0263,40.7555],[-74.0258,40.7575],[-74.0293,40.7582]]]]},"properties":{"name":"Hoboken City School District"}},{"type":"Feature","geometry":{"type":"Polygon","coordinates":[[[-74.0231,40.7829],[-74.0283,40.7776],[-74.0315,40.779],[-74.0318,40.7751],[-74.0416,40.7675],[-74.0421,40.7626],[-74.0458,40.7574],[-74.0437,40.7566],[-74.0421,40.7523],[-74.0378,40.7503],[-74.0326,40.7593],[-74.0275,40.7617],[-74.0317,40.7637],[-74.0279,40.7697],[-74.0254,40.7676],[-74.0187,40.777],[-74.0149,40.7796],[-74.0231,40.7829]]]},"properties":{"name":"Union City School District"}},{"type":"Feature","geometry":{"type":"Polygon","coordinates":[[[-74.0058,40.7769],[-74.0139,40.7807],[-74.0187,40.777],[-74.0254,40.7676],[-74.0276,40.7701],[-74.0317,40.7637],[-74.0275,40.7617],[-74.0329,40.759],[-74.0277,40.7571],[-74.021,40.7574],[-74.0223,40.7589],[-74.0196,40.758],[-74.0215,40.76],[-74.0187,40.76],[-74.0206,40.7612],[-74.0181,40.7606],[-74.0198,40.7621],[-74.0175,40.7612],[-74.0206,40.7638],[-74.0184,40.7637],[-74.0196,40.7641],[-74.0175,40.7649],[-74.0186,40.7656],[-74.0173,40.7653],[-74.0153,40.7695],[-74.0121,40.7681],[-74.0148,40.77],[-74.0078,40.7744],[-74.0114,40.776],[-74.007,40.7754],[-74.0102,40.7776],[-74.0066,40.7758],[-74.0083,40.7781],[-74.0058,40.7769]]]},"properties":{"name":"Weehawken Township School District"}},{"type":"Feature","geometry":{"type":"Polygon","coordinates":[[[-73.9972,40.7882],[-74.0157,40.7966],[-74.0233,40.7901],[-74.0231,40.7829],[-74.0058,40.7769],[-74.0079,40.7787],[-74.0052,40.7778],[-74.0075,40.779],[-74.0047,40.7785],[-74.0064,40.7806],[-74.003,40.7805],[-74.0047,40.7814],[-74.0024,40.7814],[-74.0037,40.7825],[-74.0001,40.784],[-74.0007,40.7853],[-73.9972,40.7882]]]},"properties":{"name":"West New York Town School District"}},{"type":"Feature","geometry":{"type":"Polygon","coordinates":[[[-74.3226,40.9087],[-74.3278,40.9078],[-74.3255,40.9076],[-74.325,40.9059],[-74.3279,40.9053],[-74.3303,40.9087],[-74.3309,40.9067],[-74.3342,40.9056],[-74.3376,40.8986],[-74.334,40.8967],[-74.3385,40.8956],[-74.339,40.894],[-74.3357,40.893],[-74.3387,40.8923],[-74.3399,40.8895],[-74.3382,40.8875],[-74.3404,40.8797],[-74.3352,40.8775],[-74.3379,40.8752],[-74.3344,40.8732],[-74.3376,40.8722],[-74.336,40.8706],[-74.3382,40.87],[-74.3366,40.8693],[-74.3372,40.8669],[-74.3328,40.8692],[-74.3321,40.8672],[-74.3249,40.8647],[-74.3212,40.8641],[-74.3192,40.8661],[-74.3173,40.8648],[-74.3209,40.862],[-74.3192,40.8583],[-74.324,40.8583],[-74.326,40.8567],[-74.3252,40.8541],[-74.3304,40.8487],[-74.329,40.8457],[-74.2932,40.8698],[-74.2774,40.8615],[-74.2701,40.8598],[-74.2685,40.8527],[-74.26,40.8465],[-74.2621,40.8424],[-74.2659,40.8404],[-74.2631,40.8388],[-74.2632,40.8358],[-74.2651,40.8353],[-74.2672,40.8324],[-74.2662,40.8313],[-74.2689,40.8297],[-74.2749,40.8325],[-74.2769,40.8312],[-74.2825,40.8352],[-74.2852,40.8336],[-74.2995,40.8332],[-74.2997,40.8304],[-74.2984,40.8296],[-74.3016,40.8268],[-74.3121,40.8331],[-74.329,40.8385],[-74.329,40.8313],[-74.3349,40.8278],[-74.3322,40.8217],[-74.3344,40.8182],[-74.3271,40.8155],[-74.326,40.8123],[-74.3222,40.8124],[-74.3221,40.8108],[-74.3173,40.8099],[-74.3168,40.8115],[-74.3138,40.811],[-74.3133,40.8132],[-74.3108,40.8131],[-74.3097,40.8114],[-74.2993,40.8081],[-74.2968,40.8105],[-74.2946,40.8104],[-74.2869,40.8069],[-74.2838,40.8081],[-74.2806,40.8067],[-74.269,40.8268],[-74.2648,40.8251],[-74.2484,40.8548],[-74.2486,40.8565],[-74.2431,40.8625],[-74.2415,40.8746],[-74.2499,40.8773],[-74.2468,40.881],[-74.2583,40.8831],[-74.2643,40.8869],[-74.2663,40.894],[-74.2702,40.8968],[-74.28,40.898],[-74.2843,40.8948],[-74.2839,40.898],[-74.2873,40.8985],[-74.2818,40.9008],[-74.291,40.8996],[-74.2925,40.901],[-74.2914,40.902],[-74.2924,40.9058],[-74.303,40.9043],[-74.3032,40.9072],[-74.3054,40.9054],[-74.3121,40.9055],[-74.3185,40.9032],[-74.3188,40.9079],[-74.3229,40.9068],[-74.3226,40.9087]]]},"properties":{"name":"West Essex Regional School District"}},{"type":"Feature","geometry":{"type":"Polygon","coordinates":[[[-74.3228,40.9089],[-74.3278,40.9078],[-74.3255,40.9076],[-74.325,40.9059],[-74.3279,40.9053],[-74.3303,40.9087],[-74.3309,40.9067],[-74.3342,40.9056],[-74.3376,40.8986],[-74.334,40.8967],[-74.3385,40.8956],[-74.339,40.894],[-74.3357,40.893],[-74.3387,40.8923],[-74.3399,40.8895],[-74.3382,40.8875],[-74.3404,40.8797],[-74.3352,40.8775],[-74.3379,40.8752],[-74.3344,40.8732],[-74.3376,40.8722],[-74.336,40.8706],[-74.3382,40.87],[-74.3366,40.8693],[-74.3372,40.8669],[-74.3328,40.8692],[-74.3321,40.8672],[-74.3249,40.8647],[-74.3212,40.8641],[-74.3192,40.8661],[-74.3173,40.8648],[-74.3209,40.862],[-74.3192,40.8583],[-74.324,40.8583],[-74.326,40.8567],[-74.3252,40.8541],[-74.3304,40.8487],[-74.329,40.8457],[-74.2932,40.8698],[-74.2774,40.8615],[-74.2701,40.8598],[-74.2736,40.8715],[-74.2705,40.8748],[-74.2548,40.8831],[-74.2583,40.8831],[-74.2643,40.8869],[-74.2663,40.894],[-74.2702,40.8968],[-74.28,40.898],[-74.2845,40.8949],[-74.2839,40.898],[-74.2873,40.8985],[-74.2818,40.9008],[-74.291,40.8996],[-74.2925,40.901],[-74.2914,40.902],[-74.2924,40.9058],[-74.303,40.9043],[-74.3032,40.9072],[-74.3054,40.9054],[-74.3121,40.9055],[-74.3185,40.9032],[-74.3188,40.9079],[-74.3229,40.9068],[-74.3228,40.9089]]]},"properties":{"name":"Fairfield Township School District"}},{"type":"Feature","geometry":{"type":"Polygon","coordinates":[[[-74.2468,40.881],[-74.2532,40.8816],[-74.2548,40.8831],[-74.2705,40.8748],[-74.2736,40.8715],[-74.2685,40.8527],[-74.26,40.8465],[-74.2621,40.8424],[-74.2659,40.8404],[-74.2631,40.8388],[-74.2636,40.8352],[-74.2598,40.8349],[-74.2577,40.8372],[-74.2486,40.8565],[-74.2431,40.8625],[-74.2415,40.8746],[-74.2499,40.8773],[-74.2468,40.881]]]},"properties":{"name":"North Caldwell Borough School District"}},{"type":"Feature","geometry":{"type":"Polygon","coordinates":[[[-74.2987,40.8314],[-74.2997,40.8304],[-74.2984,40.8296],[-74.3016,40.8268],[-74.3121,40.8331],[-74.329,40.8385],[-74.329,40.8313],[-74.3349,40.8278],[-74.3322,40.8217],[-74.3344,40.8182],[-74.3271,40.8155],[-74.326,40.8123],[-74.3222,40.8124],[-74.3221,40.8108],[-74.3173,40.8099],[-74.3168,40.8115],[-74.3138,40.811],[-74.3133,40.8132],[-74.3108,40.8131],[-74.3097,40.8114],[-74.2993,40.8081],[-74.2968,40.8105],[-74.2946,40.8104],[-74.2869,40.8069],[-74.2838,40.8081],[-74.2806,40.8067],[-74.2764,40.8146],[-74.2802,40.8181],[-74.285,40.8179],[-74.2849,40.8192],[-74.2915,40.8239],[-74.2904,40.825],[-74.2987,40.8314]]]},"properties":{"name":"Roseland Borough School District"}},{"type":"Feature","geometry":{"type":"Polygon","coordinates":[[[-74.2636,40.8352],[-74.2651,40.8353],[-74.2672,40.8324],[-74.2662,40.8313],[-74.2689,40.8297],[-74.2749,40.8325],[-74.2769,40.8312],[-74.2825,40.8352],[-74.2852,40.8336],[-74.2879,40.8344],[-74.3002,40.8325],[-74.2904,40.825],[-74.2915,40.8239],[-74.2849,40.8192],[-74.285,40.8179],[-74.2802,40.8181],[-74.2764,40.8146],[-74.269,40.8268],[-74.2648,40.8251],[-74.2593,40.8348],[-74.2636,40.8352]]]},"properties":{"name":"Essex Fells Borough School District"}},{"type":"Feature","geometry":{"type":"Polygon","coordinates":[[[-74.197,40.8595],[-74.2017,40.8604],[-74.202,40.8594],[-74.2052,40.861],[-74.2072,40.8588],[-74.2072,40.8535],[-74.2098,40.8521],[-74.2156,40.8438],[-74.2162,40.8394],[-74.2213,40.8318],[-74.2288,40.8257],[-74.2291,40.82],[-74.2373,40.8056],[-74.2377,40.8035],[-74.2185,40.7882],[-74.1827,40.8488],[-74.1983,40.8573],[-74.197,40.8595]]]},"properties":{"name":"Montclair Town School District"}},{"type":"Feature","geometry":{"type":"Polygon","coordinates":[[[-74.13,40.8199],[-74.1627,40.8378],[-74.184,40.8123],[-74.1754,40.8095],[-74.1396,40.8054],[-74.137,40.8173],[-74.13,40.8199]]]},"properties":{"name":"Nutley Town School District"}},{"type":"Feature","geometry":{"type":"Polygon","coordinates":[[[-74.2119,40.7857],[-74.2041,40.7944],[-74.1999,40.7965],[-74.2013,40.7985],[-74.197,40.8046],[-74.1955,40.8126],[-74.1973,40.8136],[-74.1914,40.8289],[-74.1944,40.8289],[-74.2185,40.7882],[-74.2119,40.7857]]]},"properties":{"name":"Glen Ridge Borough School District"}},{"type":"Feature","geometry":{"type":"Polygon","coordinates":[[[-74.2286,40.7085],[-74.2267,40.7106],[-74.2277,40.7113],[-74.2174,40.7221],[-74.2093,40.7429],[-74.2266,40.738],[-74.2317,40.7349],[-74.2345,40.7357],[-74.2441,40.7307],[-74.2503,40.7227],[-74.2527,40.7153],[-74.256,40.7134],[-74.2286,40.7085]]]},"properties":{"name":"Irvington Township School District"}},{"type":"Feature","geometry":{"type":"Polygon","coordinates":[[[-74.2806,40.8067],[-74.2838,40.8081],[-74.2869,40.8069],[-74.2946,40.8104],[-74.2968,40.8105],[-74.2993,40.8081],[-74.3097,40.8114],[-74.3108,40.8131],[-74.3133,40.8132],[-74.3138,40.811],[-74.3168,40.8115],[-74.3173,40.8099],[-74.3221,40.8108],[-74.3222,40.8124],[-74.326,40.8123],[-74.3271,40.8155],[-74.3344,40.8182],[-74.3389,40.8128],[-74.3489,40.8128],[-74.3509,40.8069],[-74.3597,40.7999],[-74.3642,40.7991],[-74.3671,40.7933],[-74.3668,40.7805],[-74.373,40.7756],[-74.3705,40.7745],[-74.3696,40.7714],[-74.372,40.7677],[-74.37,40.7669],[-74.3706,40.7643],[-74.3774,40.7613],[-74.3741,40.758],[-74.3671,40.7611],[-74.3496,40.7591],[-74.3228,40.7592],[-74.3152,40.7572],[-74.3047,40.7579],[-74.2806,40.8067]]]},"properties":{"name":"Livingston Township School District"}},{"type":"Feature","geometry":{"type":"MultiPolygon","coordinates":[[[[-74.1571,40.686],[-74.1575,40.6863],[-74.1589,40.6863],[-74.1571,40.686]]],[[[-74.162,40.736],[-74.162,40.736],[-74.1619,40.736],[-74.162,40.736]]],[[[-74.1694,40.7869],[-74.1716,40.7883],[-74.174,40.7869],[-74.1776,40.7821],[-74.1766,40.7797],[-74.1778,40.7774],[-74.1806,40.7779],[-74.1868,40.7746],[-74.1947,40.7592],[-74.2039,40.7488],[-74.2201,40.7488],[-74.2217,40.7451],[-74.2289,40.7465],[-74.2264,40.7512],[-74.2332,40.7515],[-74.2406,40.7406],[-74.2439,40.7417],[-74.2512,40.737],[-74.2495,40.7348],[-74.2444,40.7333],[-74.2428,40.7306],[-74.2345,40.7357],[-74.2317,40.7349],[-74.2266,40.738],[-74.2093,40.7429],[-74.2174,40.7221],[-74.2277,40.7113],[-74.2267,40.7106],[-74.2286,40.7086],[-74.222,40.7073],[-74.213,40.7009],[-74.2092,40.6907],[-74.2015,40.6867],[-74.1699,40.6886],[-74.1651,40.6902],[-74.16,40.6875],[-74.159,40.6891],[-74.1427,40.6819],[-74.1364,40.6892],[-74.1412,40.6942],[-74.1545,40.6987],[-74.1534,40.7003],[-74.1393,40.6954],[-74.1338,40.6898],[-74.1351,40.6914],[-74.13,40.6971],[-74.1245,40.6976],[-74.1226,40.7013],[-74.1257,40.7029],[-74.1219,40.7023],[-74.1207,40.7051],[-74.1241,40.7133],[-74.1185,40.7389],[-74.123,40.7412],[-74.1306,40.7412],[-74.1392,40.7404],[-74.1478,40.7334],[-74.1557,40.7332],[-74.1623,40.7354],[-74.166,40.7452],[-74.1645,40.7564],[-74.1483,40.7799],[-74.1694,40.7869]]]]},"properties":{"name":"Newark City School District"}},{"type":"Feature","geometry":{"type":"Polygon","coordinates":[[[-74.2185,40.7882],[-74.2206,40.7898],[-74.2369,40.7785],[-74.2447,40.7675],[-74.2485,40.7681],[-74.2498,40.7669],[-74.2553,40.7581],[-74.2382,40.7523],[-74.2205,40.768],[-74.22,40.7701],[-74.2235,40.7743],[-74.2185,40.7882]]]},"properties":{"name":"Orange City Township School District"}},{"type":"Feature","geometry":{"type":"Polygon","coordinates":[[[-74.1396,40.8054],[-74.1754,40.8095],[-74.1866,40.7752],[-74.1845,40.7748],[-74.1806,40.7779],[-74.1778,40.7774],[-74.177,40.7834],[-74.1716,40.7883],[-74.1483,40.7799],[-74.1476,40.7864],[-74.1382,40.7985],[-74.1396,40.8054]]]},"properties":{"name":"Belleville Town School District"}},{"type":"Feature","geometry":{"type":"Polygon","coordinates":[[[-74.1627,40.8378],[-74.1827,40.8488],[-74.1944,40.8289],[-74.1914,40.8289],[-74.1973,40.8136],[-74.1955,40.8126],[-74.197,40.8046],[-74.2013,40.7985],[-74.1999,40.7965],[-74.2041,40.7944],[-74.2119,40.7857],[-74.2015,40.7818],[-74.1895,40.7683],[-74.1823,40.786],[-74.1754,40.8095],[-74.184,40.8123],[-74.1627,40.8378]]]},"properties":{"name":"Bloomfield Township School District"}},{"type":"Feature","geometry":{"type":"Polygon","coordinates":[[[-74.2553,40.7581],[-74.2678,40.7623],[-74.2921,40.7563],[-74.2931,40.7522],[-74.2852,40.7222],[-74.256,40.7134],[-74.2527,40.7153],[-74.2503,40.7227],[-74.2431,40.732],[-74.2497,40.7348],[-74.2514,40.7375],[-74.2439,40.7417],[-74.2406,40.7406],[-74.2347,40.7506],[-74.2553,40.7581]]]},"properties":{"name":"South Orange-Maplewood School District"}},{"type":"Feature","geometry":{"type":"Polygon","coordinates":[[[-74.2648,40.8251],[-74.269,40.8268],[-74.2753,40.8167],[-74.3047,40.7579],[-74.2902,40.7575],[-74.2678,40.7623],[-74.2553,40.7581],[-74.2485,40.7681],[-74.2455,40.7668],[-74.2369,40.7785],[-74.2206,40.7898],[-74.2377,40.8035],[-74.2323,40.8143],[-74.251,40.8244],[-74.2648,40.8251]]]},"properties":{"name":"West Orange Town School District"}},{"type":"Feature","geometry":{"type":"Polygon","coordinates":[[[-74.2701,40.8598],[-74.2774,40.8615],[-74.2932,40.8698],[-74.329,40.8457],[-74.3255,40.8435],[-74.3274,40.8414],[-74.3294,40.8417],[-74.329,40.8385],[-74.3121,40.8331],[-74.3016,40.8268],[-74.2984,40.8296],[-74.2997,40.8304],[-74.2995,40.8332],[-74.2852,40.8336],[-74.2825,40.8352],[-74.2769,40.8312],[-74.2749,40.8325],[-74.2689,40.8297],[-74.2662,40.8313],[-74.2672,40.8324],[-74.2651,40.8353],[-74.2632,40.8358],[-74.2631,40.8388],[-74.2659,40.8404],[-74.2621,40.8424],[-74.26,40.8465],[-74.2685,40.8527],[-74.2701,40.8598]]]},"properties":{"name":"Caldwell-West Caldwell School District"}},{"type":"Feature","geometry":{"type":"Polygon","coordinates":[[[-74.2052,40.861],[-74.2403,40.8804],[-74.2468,40.881],[-74.2499,40.8773],[-74.2415,40.8746],[-74.2431,40.8625],[-74.2486,40.8565],[-74.2516,40.8496],[-74.2334,40.8444],[-74.2368,40.836],[-74.2274,40.8333],[-74.2271,40.8362],[-74.2204,40.8342],[-74.2162,40.8394],[-74.2156,40.8438],[-74.2098,40.8521],[-74.2076,40.8528],[-74.2072,40.8588],[-74.2052,40.861]]]},"properties":{"name":"Cedar Grove Township School District"}},{"type":"Feature","geometry":{"type":"Polygon","coordinates":[[[-74.2119,40.7857],[-74.2185,40.7882],[-74.2235,40.7743],[-74.22,40.7701],[-74.2205,40.768],[-74.2383,40.7521],[-74.2347,40.7506],[-74.2264,40.7512],[-74.2289,40.7465],[-74.2217,40.7451],[-74.2201,40.7488],[-74.2039,40.7488],[-74.1947,40.7592],[-74.1898,40.7686],[-74.2015,40.7818],[-74.2119,40.7857]]]},"properties":{"name":"East Orange City School District"}},{"type":"Feature","geometry":{"type":"Polygon","coordinates":[[[-74.3047,40.7579],[-74.3152,40.7572],[-74.3228,40.7592],[-74.3496,40.7591],[-74.3675,40.761],[-74.3678,40.7581],[-74.3612,40.7557],[-74.3581,40.7561],[-74.3575,40.7546],[-74.3596,40.751],[-74.3676,40.7491],[-74.3648,40.746],[-74.3687,40.7428],[-74.3718,40.7439],[-74.3724,40.7405],[-74.3563,40.735],[-74.3414,40.7244],[-74.3256,40.7171],[-74.3206,40.7193],[-74.3163,40.7193],[-74.3093,40.7144],[-74.3013,40.7135],[-74.2972,40.7152],[-74.2925,40.7209],[-74.2852,40.7222],[-74.2931,40.7522],[-74.2922,40.7562],[-74.2902,40.7575],[-74.3047,40.7579]]]},"properties":{"name":"Millburn Township School District"}},{"type":"Feature","geometry":{"type":"Polygon","coordinates":[[[-74.2204,40.8342],[-74.2271,40.8362],[-74.2274,40.8333],[-74.2368,40.836],[-74.2334,40.8444],[-74.2516,40.8496],[-74.2648,40.8251],[-74.251,40.8244],[-74.2323,40.8143],[-74.2291,40.82],[-74.2288,40.8257],[-74.2233,40.8296],[-74.2204,40.8342]]]},"properties":{"name":"Verona Borough School District"}},{"type":"Feature","geometry":{"type":"Polygon","coordinates":[[[-74.2854,40.6653],[-74.2862,40.6687],[-74.292,40.6717],[-74.291,40.6733],[-74.3067,40.6721],[-74.3078,40.6744],[-74.3141,40.6737],[-74.3118,40.6742],[-74.3124,40.6761],[-74.3104,40.6785],[-74.3225,40.6769],[-74.3274,40.6625],[-74.326,40.6562],[-74.3194,40.6581],[-74.3125,40.6542],[-74.3207,40.6475],[-74.3166,40.6453],[-74.3197,40.6423],[-74.3049,40.6335],[-74.2967,40.6382],[-74.2879,40.6396],[-74.2813,40.6436],[-74.2828,40.6543],[-74.2852,40.655],[-74.2831,40.6573],[-74.2854,40.6653]]]},"properties":{"name":"Cranford Township School District"}},{"type":"Feature","geometry":{"type":"Polygon","coordinates":[[[-74.2286,40.7085],[-74.2444,40.7113],[-74.2491,40.7002],[-74.2461,40.697],[-74.24,40.6958],[-74.2379,40.6927],[-74.2373,40.6865],[-74.2319,40.6868],[-74.2256,40.6795],[-74.2264,40.6772],[-74.2224,40.6751],[-74.2147,40.6866],[-74.2149,40.6889],[-74.2092,40.6907],[-74.213,40.7009],[-74.222,40.7073],[-74.2286,40.7085]]]},"properties":{"name":"Hillside Township School District"}},{"type":"Feature","geometry":{"type":"Polygon","coordinates":[[[-74.2713,40.6709],[-74.2742,40.6733],[-74.2692,40.6781],[-74.2724,40.6794],[-74.2712,40.6803],[-74.2772,40.686],[-74.274,40.6873],[-74.2763,40.6879],[-74.2742,40.6907],[-74.2782,40.6904],[-74.2798,40.6866],[-74.2845,40.686],[-74.2854,40.688],[-74.2918,40.6858],[-74.2927,40.6902],[-74.2951,40.69],[-74.2947,40.688],[-74.2987,40.6875],[-74.2984,40.6848],[-74.3052,40.6844],[-74.3052,40.6814],[-74.3102,40.6798],[-74.3124,40.6761],[-74.3118,40.6742],[-74.3141,40.6738],[-74.3078,40.6744],[-74.3067,40.6721],[-74.291,40.6733],[-74.292,40.6717],[-74.2862,40.6687],[-74.2854,40.6653],[-74.2753,40.6678],[-74.2761,40.6702],[-74.2713,40.6709]]]},"properties":{"name":"Kenilworth Borough School District"}},{"type":"Feature","geometry":{"type":"Polygon","coordinates":[[[-74.3914,40.7181],[-74.4023,40.718],[-74.4075,40.7133],[-74.4086,40.71],[-74.4128,40.7101],[-74.4147,40.7062],[-74.4268,40.7019],[-74.4286,40.6991],[-74.4248,40.6948],[-74.4205,40.6931],[-74.4209,40.6892],[-74.4157,40.6848],[-74.4129,40.6795],[-74.4116,40.6803],[-74.4106,40.6792],[-74.4009,40.6851],[-74.3961,40.6862],[-74.396,40.6898],[-74.3834,40.6962],[-74.3837,40.6978],[-74.3814,40.6998],[-74.3846,40.7108],[-74.3914,40.7162],[-74.3914,40.7181]]]},"properties":{"name":"New Providence Borough School District"}},{"type":"Feature","geometry":{"type":"Polygon","coordinates":[[[-74.2576,40.6026],[-74.2555,40.6077],[-74.2768,40.6274],[-74.3033,40.6121],[-74.303,40.6073],[-74.3048,40.6067],[-74.3031,40.6057],[-74.3053,40.6006],[-74.291,40.5919],[-74.2596,40.5973],[-74.2578,40.6019],[-74.2632,40.6033],[-74.2667,40.5995],[-74.2711,40.5994],[-74.2738,40.6005],[-74.2721,40.6045],[-74.2725,40.6005],[-74.271,40.5997],[-74.2678,40.5994],[-74.2634,40.6036],[-74.2576,40.6026]]]},"properties":{"name":"Rahway City School District"}},{"type":"Feature","geometry":{"type":"Polygon","coordinates":[[[-74.3834,40.6962],[-74.396,40.6898],[-74.3961,40.6862],[-74.4009,40.6851],[-74.4106,40.6792],[-74.4116,40.6803],[-74.4129,40.6795],[-74.4157,40.6848],[-74.4209,40.6892],[-74.4205,40.6931],[-74.4248,40.6948],[-74.4286,40.6991],[-74.4309,40.6933],[-74.4347,40.6935],[-74.4379,40.6919],[-74.4381,40.6902],[-74.4453,40.688],[-74.4477,40.6857],[-74.4517,40.6856],[-74.4531,40.6825],[-74.4516,40.6793],[-74.454,40.6742],[-74.461,40.6735],[-74.4508,40.6542],[-74.4415,40.6584],[-74.4362,40.6634],[-74.4299,40.665],[-74.4199,40.6577],[-74.4085,40.6664],[-74.4051,40.6678],[-74.4035,40.6667],[-74.3979,40.6743],[-74.3939,40.6751],[-74.3826,40.682],[-74.3795,40.6853],[-74.3834,40.6962]]]},"properties":{"name":"Berkeley Heights Township School District"}},{"type":"Feature","geometry":{"type":"Polygon","coordinates":[[[-74.16,40.6875],[-74.1618,40.6894],[-74.1665,40.6902],[-74.1699,40.6886],[-74.2015,40.6867],[-74.2092,40.6907],[-74.2123,40.6907],[-74.2149,40.6889],[-74.2147,40.6866],[-74.2222,40.675],[-74.2261,40.6758],[-74.2256,40.6749],[-74.2299,40.6738],[-74.231,40.6717],[-74.2357,40.6755],[-74.2356,40.677],[-74.2393,40.6726],[-74.2462,40.6732],[-74.2542,40.6702],[-74.2483,40.667],[-74.2467,40.6632],[-74.2447,40.6635],[-74.2334,40.6544],[-74.2006,40.6341],[-74.1851,40.6474],[-74.1793,40.6483],[-74.1786,40.6502],[-74.1737,40.6504],[-74.1675,40.6551],[-74.1638,40.6556],[-74.1674,40.6576],[-74.161,40.6634],[-74.1503,40.6588],[-74.14,40.6739],[-74.16,40.6875]]]},"properties":{"name":"Elizabeth City School District"}},{"type":"Feature","geometry":{"type":"MultiPolygon","coordinates":[[[[-74.2297,40.5988],[-74.228,40.5996],[-74.2307,40.5988],[-74.2297,40.5988]]],[[[-74.2422,40.5995],[-74.2391,40.6008],[-74.2372,40.6025],[-74.2422,40.5995]]],[[[-74.2218,40.6],[-74.218,40.6011],[-74.2158,40.6039],[-74.2185,40.6009],[-74.2218,40.6]]],[[[-74.2162,40.6437],[-74.2325,40.6549],[-74.2513,40.6453],[-74.259,40.6432],[-74.2643,40.6373],[-74.2816,40.6502],[-74.2813,40.6436],[-74.2877,40.6397],[-74.2838,40.6359],[-74.2853,40.6347],[-74.2555,40.6077],[-74.2576,40.6026],[-74.2438,40.6003],[-74.2375,40.6034],[-74.231,40.5994],[-74.2213,40.6018],[-74.2163,40.6051],[-74.2125,40.6036],[-74.211,40.5983],[-74.2046,40.5944],[-74.2018,40.5977],[-74.2016,40.6009],[-74.2064,40.6049],[-74.2049,40.6163],[-74.2068,40.6235],[-74.2018,40.6342],[-74.2162,40.6437]]]]},"properties":{"name":"Linden City School District"}},{"type":"Feature","geometry":{"type":"Polygon","coordinates":[[[-74.2877,40.6397],[-74.2896,40.64],[-74.2914,40.6349],[-74.2972,40.6289],[-74.2838,40.6359],[-74.2877,40.6397]]]},"properties":{"name":"Winfield Township School District"}},{"type":"Feature","geometry":{"type":"Polygon","coordinates":[[[-74.2853,40.6347],[-74.2967,40.6286],[-74.2956,40.6318],[-74.2913,40.6351],[-74.2896,40.64],[-74.2967,40.6382],[-74.3049,40.6335],[-74.3129,40.6383],[-74.3285,40.6205],[-74.331,40.6195],[-74.3298,40.6185],[-74.3359,40.6165],[-74.3402,40.6172],[-74.3392,40.6145],[-74.3434,40.6123],[-74.3523,40.6117],[-74.3587,40.6041],[-74.3029,40.6087],[-74.3033,40.6121],[-74.2768,40.6274],[-74.2853,40.6347]]]},"properties":{"name":"Clark Township School District"}},{"type":"Feature","geometry":{"type":"Polygon","coordinates":[[[-74.3225,40.6769],[-74.3313,40.6823],[-74.3313,40.6784],[-74.3483,40.6725],[-74.3459,40.6713],[-74.3459,40.6685],[-74.3497,40.6658],[-74.3532,40.6676],[-74.3571,40.6647],[-74.3596,40.6662],[-74.3575,40.6681],[-74.3602,40.6697],[-74.3683,40.6685],[-74.3714,40.6658],[-74.3751,40.6686],[-74.3789,40.6677],[-74.3698,40.6553],[-74.3611,40.6394],[-74.3513,40.6348],[-74.3512,40.6329],[-74.3374,40.6243],[-74.3343,40.6272],[-74.3251,40.6252],[-74.3129,40.6383],[-74.328,40.6473],[-74.334,40.6492],[-74.3289,40.6571],[-74.3263,40.6575],[-74.3274,40.6625],[-74.3225,40.6769]]]},"properties":{"name":"Westfield Town School District"}},{"type":"Feature","geometry":{"type":"Polygon","coordinates":[[[-74.3947,40.601],[-74.3972,40.6081],[-74.3893,40.6235],[-74.3827,40.6295],[-74.4085,40.6444],[-74.4085,40.6427],[-74.4144,40.6407],[-74.4162,40.6293],[-74.4226,40.6253],[-74.4232,40.6212],[-74.4272,40.6171],[-74.4314,40.6157],[-74.438,40.6098],[-74.4457,40.609],[-74.4514,40.6035],[-74.454,40.604],[-74.4556,40.602],[-74.4633,40.5992],[-74.4585,40.5948],[-74.3947,40.601]]]},"properties":{"name":"Plainfield City School District"}},{"type":"Feature","geometry":{"type":"Polygon","coordinates":[[[-74.3324,40.7203],[-74.3427,40.7252],[-74.3563,40.735],[-74.3717,40.7396],[-74.3711,40.7346],[-74.3797,40.734],[-74.3775,40.73],[-74.3843,40.7245],[-74.3878,40.7262],[-74.3906,40.7256],[-74.3914,40.7162],[-74.3846,40.7108],[-74.3814,40.6998],[-74.3837,40.6978],[-74.3795,40.6853],[-74.3732,40.6918],[-74.3619,40.6991],[-74.3505,40.702],[-74.3347,40.7157],[-74.3305,40.7158],[-74.3324,40.7203]]]},"properties":{"name":"Summit City School District"}},{"type":"Feature","geometry":{"type":"Polygon","coordinates":[[[-74.3313,40.6823],[-74.3596,40.6995],[-74.3732,40.6918],[-74.3871,40.6787],[-74.3789,40.6677],[-74.3751,40.6686],[-74.3714,40.6658],[-74.3683,40.6685],[-74.3602,40.6697],[-74.3575,40.6681],[-74.3596,40.6662],[-74.3571,40.6647],[-74.3532,40.6676],[-74.3497,40.6658],[-74.3459,40.6685],[-74.3459,40.6713],[-74.3483,40.6725],[-74.3313,40.6784],[-74.3313,40.6823]]]},"properties":{"name":"Mountainside Borough School District"}},{"type":"Feature","geometry":{"type":"Polygon","coordinates":[[[-74.3197,40.6423],[-74.3166,40.6453],[-74.3207,40.6475],[-74.3125,40.6542],[-74.3194,40.6581],[-74.326,40.6562],[-74.3263,40.6575],[-74.3288,40.6572],[-74.334,40.6492],[-74.3197,40.6423]]]},"properties":{"name":"Garwood Borough School District"}},{"type":"Feature","geometry":{"type":"Polygon","coordinates":[[[-74.3789,40.6677],[-74.3871,40.6787],[-74.3979,40.6743],[-74.4034,40.6673],[-74.4018,40.6643],[-74.4025,40.657],[-74.4034,40.6538],[-74.407,40.6508],[-74.4064,40.6476],[-74.4085,40.6444],[-74.3827,40.6295],[-74.3893,40.6235],[-74.3972,40.6081],[-74.3947,40.601],[-74.3587,40.6041],[-74.3523,40.6117],[-74.3434,40.6123],[-74.3392,40.6145],[-74.3402,40.6172],[-74.3359,40.6165],[-74.3298,40.6185],[-74.331,40.6195],[-74.3286,40.6204],[-74.3251,40.6252],[-74.3343,40.6272],[-74.3374,40.6243],[-74.3512,40.6329],[-74.3513,40.6348],[-74.3611,40.6394],[-74.3698,40.6553],[-74.3789,40.6677]]]},"properties":{"name":"Scotch Plains-Fanwood Regional School District"}},{"type":"Feature","geometry":{"type":"Polygon","coordinates":[[[-74.2852,40.7222],[-74.294,40.7198],[-74.2944,40.7177],[-74.2973,40.7159],[-74.296,40.7124],[-74.297,40.7103],[-74.3021,40.7077],[-74.3011,40.7046],[-74.3111,40.7012],[-74.307,40.6987],[-74.3079,40.6963],[-74.3067,40.6932],[-74.3123,40.6896],[-74.3111,40.6843],[-74.3068,40.682],[-74.3083,40.6807],[-74.3053,40.6813],[-74.3045,40.6848],[-74.2984,40.6848],[-74.2987,40.6875],[-74.2947,40.688],[-74.2951,40.69],[-74.2927,40.6902],[-74.2918,40.6858],[-74.2854,40.688],[-74.2845,40.686],[-74.2798,40.6866],[-74.2782,40.6904],[-74.2742,40.6907],[-74.2763,40.6879],[-74.274,40.6873],[-74.2772,40.686],[-74.2712,40.6803],[-74.2724,40.6794],[-74.2692,40.6781],[-74.2742,40.6733],[-74.2713,40.6709],[-74.259,40.6726],[-74.2542,40.6702],[-74.2462,40.6732],[-74.2393,40.6726],[-74.2356,40.677],[-74.2357,40.6755],[-74.231,40.6717],[-74.2299,40.6738],[-74.2256,40.6749],[-74.2261,40.6758],[-74.2222,40.675],[-74.2264,40.6772],[-74.2256,40.6795],[-74.2319,40.6868],[-74.2373,40.6865],[-74.2379,40.6927],[-74.24,40.6958],[-74.2461,40.697],[-74.2491,40.7001],[-74.2444,40.7113],[-74.2852,40.7222]]]},"properties":{"name":"Union Township School District"}},{"type":"Feature","geometry":{"type":"Polygon","coordinates":[[[-74.2334,40.6544],[-74.2447,40.6635],[-74.2834,40.6582],[-74.2832,40.6564],[-74.2852,40.655],[-74.2828,40.6543],[-74.2816,40.6502],[-74.2643,40.6373],[-74.259,40.6432],[-74.2516,40.6452],[-74.2334,40.6544]]]},"properties":{"name":"Roselle Borough School District"}},{"type":"Feature","geometry":{"type":"Polygon","coordinates":[[[-74.2542,40.6702],[-74.259,40.6726],[-74.2761,40.6702],[-74.2753,40.6678],[-74.2851,40.6659],[-74.2837,40.6582],[-74.2467,40.6632],[-74.2483,40.667],[-74.2542,40.6702]]]},"properties":{"name":"Roselle Park Borough School District"}},{"type":"Feature","geometry":{"type":"Polygon","coordinates":[[[-74.2972,40.7152],[-74.3035,40.7132],[-74.3093,40.7144],[-74.3163,40.7193],[-74.3206,40.7193],[-74.3256,40.7171],[-74.3324,40.7203],[-74.3305,40.7158],[-74.3347,40.7157],[-74.3505,40.702],[-74.3596,40.6995],[-74.3225,40.6769],[-74.3104,40.6785],[-74.3102,40.6798],[-74.307,40.6803],[-74.3084,40.6808],[-74.3068,40.682],[-74.3111,40.6843],[-74.3123,40.6897],[-74.3086,40.691],[-74.3065,40.694],[-74.3079,40.6963],[-74.307,40.6988],[-74.3111,40.7011],[-74.3011,40.7046],[-74.302,40.7078],[-74.2972,40.71],[-74.296,40.7124],[-74.2972,40.7152]]]},"properties":{"name":"Springfield Township School District"}},{"type":"Feature","geometry":{"type":"Polygon","coordinates":[[[-74.1698,40.9711],[-74.1711,40.9771],[-74.2119,40.9802],[-74.198,40.9699],[-74.1958,40.9355],[-74.2001,40.9316],[-74.2037,40.925],[-74.2024,40.9236],[-74.1989,40.9248],[-74.1922,40.9317],[-74.1844,40.9265],[-74.1768,40.9335],[-74.1726,40.93],[-74.1692,40.9325],[-74.1668,40.9314],[-74.1715,40.942],[-74.1689,40.947],[-74.1678,40.9565],[-74.1698,40.9711]]]},"properties":{"name":"Passaic County Manchester Regional School District"}},{"type":"Feature","geometry":{"type":"Polygon","coordinates":[[[-74.2016,40.9233],[-74.2037,40.925],[-74.234,40.9108],[-74.2436,40.9099],[-74.2466,40.908],[-74.2499,40.9045],[-74.2498,40.9017],[-74.2399,40.8972],[-74.2396,40.8945],[-74.2346,40.8909],[-74.2342,40.8855],[-74.2312,40.8831],[-74.235,40.8844],[-74.236,40.8867],[-74.2397,40.8887],[-74.2394,40.8919],[-74.2409,40.8926],[-74.2548,40.8831],[-74.2532,40.8816],[-74.2403,40.8804],[-74.202,40.8594],[-74.2017,40.8604],[-74.197,40.8595],[-74.1939,40.8683],[-74.1805,40.8849],[-74.179,40.8916],[-74.1741,40.9014],[-74.1958,40.9077],[-74.2061,40.917],[-74.1986,40.9249],[-74.2016,40.9233]]]},"properties":{"name":"Passaic Valley Regional School District"}},{"type":"Feature","geometry":{"type":"Polygon","coordinates":[[[-74.2796,41.163],[-74.2821,41.1621],[-74.2801,41.1604],[-74.2858,41.152],[-74.2881,41.1521],[-74.292,41.148],[-74.2994,41.144],[-74.3464,41.061],[-74.3251,41.0686],[-74.3177,41.0687],[-74.3168,41.0634],[-74.3136,41.0605],[-74.3162,41.058],[-74.3162,41.0557],[-74.3199,41.0556],[-74.3198,41.0487],[-74.3245,41.0413],[-74.3179,41.0413],[-74.3187,41.0395],[-74.3228,41.0395],[-74.322,41.0372],[-74.3194,41.0376],[-74.3142,41.0292],[-74.3091,41.0296],[-74.3083,41.0215],[-74.3031,41.0121],[-74.287,41.0165],[-74.2812,41.0236],[-74.2819,41.0244],[-74.2707,41.021],[-74.2112,41.1337],[-74.2796,41.163]]]},"properties":{"name":"Lakeland Regional School District"}},{"type":"Feature","geometry":{"type":"Polygon","coordinates":[[[-74.1918,40.9786],[-74.2119,40.9802],[-74.198,40.9699],[-74.1964,40.9465],[-74.1817,40.9447],[-74.1745,40.947],[-74.1691,40.9466],[-74.1678,40.9623],[-74.1711,40.9771],[-74.1918,40.9786]]]},"properties":{"name":"North Haledon Borough School District"}},{"type":"Feature","geometry":{"type":"Polygon","coordinates":[[[-74.2312,40.8831],[-74.235,40.8844],[-74.236,40.8867],[-74.2397,40.8887],[-74.2394,40.8919],[-74.2409,40.8926],[-74.2548,40.8831],[-74.2532,40.8816],[-74.2403,40.8804],[-74.202,40.8594],[-74.2017,40.8604],[-74.197,40.8595],[-74.1939,40.8683],[-74.1908,40.8725],[-74.2016,40.8759],[-74.2074,40.8821],[-74.2193,40.8908],[-74.227,40.8828],[-74.2312,40.8831]]]},"properties":{"name":"Little Falls Township School District"}},{"type":"Feature","geometry":{"type":"Polygon","coordinates":[[[-74.1745,40.8995],[-74.1741,40.9014],[-74.1957,40.9076],[-74.2004,40.9041],[-74.2018,40.8946],[-74.2116,40.8966],[-74.2193,40.8908],[-74.2074,40.8821],[-74.2016,40.8759],[-74.1908,40.8725],[-74.1805,40.8849],[-74.179,40.8916],[-74.1745,40.8995]]]},"properties":{"name":"Woodland Park Borough School District"}},{"type":"Feature","geometry":{"type":"Polygon","coordinates":[[[-74.1989,40.9248],[-74.2015,40.9233],[-74.2037,40.925],[-74.2349,40.9105],[-74.2436,40.9099],[-74.2499,40.9045],[-74.2498,40.9017],[-74.2399,40.8972],[-74.2396,40.8945],[-74.2346,40.8909],[-74.2342,40.8855],[-74.2276,40.8826],[-74.2124,40.8964],[-74.2018,40.8946],[-74.2004,40.9041],[-74.1957,40.9076],[-74.2061,40.917],[-74.1989,40.9248]]]},"properties":{"name":"Totowa Borough School District"}},{"type":"Feature","geometry":{"type":"Polygon","coordinates":[[[-74.174,40.946],[-74.1745,40.947],[-74.1817,40.9447],[-74.1964,40.9465],[-74.1958,40.9355],[-74.2001,40.9316],[-74.2033,40.9244],[-74.1998,40.9241],[-74.1922,40.9317],[-74.1844,40.9265],[-74.1768,40.9335],[-74.1811,40.9371],[-74.1773,40.9412],[-74.1787,40.943],[-74.174,40.946]]]},"properties":{"name":"Haledon Borough School District"}},{"type":"Feature","geometry":{"type":"Polygon","coordinates":[[[-74.2505,41.0608],[-74.2629,41.0636],[-74.2665,41.061],[-74.2695,41.0624],[-74.2767,41.0623],[-74.2766,41.064],[-74.2839,41.0653],[-74.282,41.0714],[-74.2858,41.0716],[-74.2871,41.0705],[-74.2861,41.0682],[-74.289,41.0659],[-74.287,41.0653],[-74.2875,41.0635],[-74.2901,41.0577],[-74.2916,41.0583],[-74.2931,41.0518],[-74.2976,41.0527],[-74.2978,41.0514],[-74.3024,41.053],[-74.3002,41.0564],[-74.3043,41.0568],[-74.2998,41.0628],[-74.2964,41.0645],[-74.2957,41.0673],[-74.2981,41.0713],[-74.3032,41.0727],[-74.3165,41.0721],[-74.3182,41.0704],[-74.3168,41.0634],[-74.3136,41.0605],[-74.3162,41.058],[-74.3162,41.0557],[-74.3199,41.0556],[-74.3198,41.0487],[-74.3245,41.0413],[-74.3179,41.0413],[-74.3187,41.0395],[-74.3228,41.0395],[-74.322,41.0372],[-74.3194,41.0376],[-74.3142,41.0292],[-74.3091,41.0296],[-74.3083,41.0215],[-74.3031,41.0121],[-74.2965,41.0131],[-74.287,41.0165],[-74.2812,41.0236],[-74.2819,41.0244],[-74.2707,41.021],[-74.2505,41.0608]]]},"properties":{"name":"Wanaque Borough School District"}},{"type":"Feature","geometry":{"type":"Polygon","coordinates":[[[-74.2344,41.1431],[-74.2797,41.1631],[-74.2819,41.1623],[-74.2801,41.1604],[-74.2858,41.152],[-74.2881,41.1521],[-74.292,41.148],[-74.2994,41.144],[-74.3464,41.061],[-74.3251,41.0686],[-74.3177,41.0687],[-74.3168,41.072],[-74.3131,41.0715],[-74.3119,41.0729],[-74.2981,41.0713],[-74.2957,41.0673],[-74.2964,41.0645],[-74.2998,41.0628],[-74.3043,41.0568],[-74.3002,41.0564],[-74.3024,41.053],[-74.2978,41.0514],[-74.2976,41.0527],[-74.2931,41.0518],[-74.2916,41.0583],[-74.2901,41.0577],[-74.2875,41.0635],[-74.287,41.0653],[-74.289,41.0659],[-74.2861,41.0682],[-74.2871,41.0705],[-74.2858,41.0716],[-74.282,41.0714],[-74.2839,41.0653],[-74.2766,41.064],[-74.2767,41.0623],[-74.2695,41.0624],[-74.2665,41.061],[-74.2629,41.0636],[-74.2505,41.0608],[-74.2112,41.1337],[-74.2344,41.1431]]]},"properties":{"name":"Ringwood Borough School District"}},{"type":"Feature","geometry":{"type":"Polygon","coordinates":[[[-74.1669,40.934],[-74.1715,40.942],[-74.1691,40.9466],[-74.1743,40.9459],[-74.1787,40.943],[-74.1773,40.9412],[-74.1811,40.9371],[-74.1726,40.93],[-74.1692,40.9325],[-74.1668,40.9314],[-74.1669,40.934]]]},"properties":{"name":"Prospect Park Borough School District"}},{"type":"Feature","geometry":{"type":"Polygon","coordinates":[[[-74.2707,41.021],[-74.2819,41.0244],[-74.2812,41.0236],[-74.287,41.0165],[-74.3031,41.0121],[-74.3,41.0031],[-74.2976,41.0012],[-74.2982,40.9978],[-74.2956,40.9947],[-74.2959,40.9914],[-74.2928,40.988],[-74.2975,40.9835],[-74.2973,40.9795],[-74.2869,40.9799],[-74.2848,40.9787],[-74.2817,40.98],[-74.2814,40.9836],[-74.2794,40.9856],[-74.281,40.9914],[-74.2766,40.9941],[-74.2758,40.9967],[-74.2775,41.0029],[-74.2669,41.0139],[-74.2722,41.0179],[-74.2707,41.021]]]},"properties":{"name":"Pompton Lakes Borough School District"}},{"type":"Feature","geometry":{"type":"Polygon","coordinates":[[[-74.1285,40.8941],[-74.1597,40.8887],[-74.1608,40.8914],[-74.1745,40.8995],[-74.179,40.8916],[-74.1805,40.8849],[-74.1939,40.8683],[-74.1941,40.8648],[-74.1983,40.8573],[-74.13,40.8199],[-74.1264,40.8208],[-74.1225,40.8255],[-74.121,40.8305],[-74.1217,40.8341],[-74.143,40.8449],[-74.1422,40.8458],[-74.1467,40.849],[-74.1402,40.8695],[-74.1181,40.8768],[-74.1215,40.881],[-74.1302,40.8853],[-74.1285,40.8941]]]},"properties":{"name":"Clifton City School District"}},{"type":"Feature","geometry":{"type":"Polygon","coordinates":[[[-74.1323,40.9224],[-74.1384,40.923],[-74.1408,40.9247],[-74.1425,40.929],[-74.1397,40.9329],[-74.14,40.935],[-74.1441,40.9409],[-74.1475,40.9418],[-74.1552,40.9375],[-74.1615,40.9375],[-74.1656,40.9358],[-74.1676,40.9326],[-74.1668,40.9314],[-74.1692,40.9325],[-74.1726,40.93],[-74.1768,40.9335],[-74.1844,40.9265],[-74.1922,40.9317],[-74.2061,40.917],[-74.1958,40.9077],[-74.1741,40.9014],[-74.1747,40.8996],[-74.1608,40.8914],[-74.1597,40.8887],[-74.1285,40.8941],[-74.1336,40.899],[-74.1316,40.9057],[-74.1335,40.9129],[-74.1294,40.92],[-74.1323,40.9224]]]},"properties":{"name":"Paterson City School District"}},{"type":"Feature","geometry":{"type":"Polygon","coordinates":[[[-74.3341,41.187],[-74.3675,41.2032],[-74.4213,41.1605],[-74.4842,41.1035],[-74.5032,41.0859],[-74.5005,41.086],[-74.4918,41.0782],[-74.4868,41.0765],[-74.4891,41.0718],[-74.4874,41.0659],[-74.4951,41.0613],[-74.5017,41.0421],[-74.502,41.039],[-74.4998,41.038],[-74.4992,41.0352],[-74.4974,41.0341],[-74.4941,41.0372],[-74.4884,41.0384],[-74.4849,41.0429],[-74.482,41.0431],[-74.4813,41.0455],[-74.476,41.0479],[-74.4701,41.0478],[-74.4613,41.052],[-74.4469,41.0544],[-74.4419,41.0504],[-74.4403,41.0436],[-74.4377,41.043],[-74.4326,41.0379],[-74.4269,41.036],[-74.4277,41.0319],[-74.4331,41.0254],[-74.435,41.02],[-74.4282,41.0207],[-74.4237,41.0276],[-74.4189,41.0287],[-74.4062,41.0242],[-74.3999,41.0174],[-74.3912,41.016],[-74.3891,41.0122],[-74.3861,41.0118],[-74.3796,41.0143],[-74.3721,41.0114],[-74.3638,41.0111],[-74.3464,41.061],[-74.327,41.0955],[-74.2994,41.144],[-74.292,41.148],[-74.2881,41.1521],[-74.2858,41.152],[-74.2801,41.1604],[-74.2823,41.1615],[-74.2797,41.1631],[-74.3341,41.187]]]},"properties":{"name":"West Milford Township School District"}},{"type":"Feature","geometry":{"type":"Polygon","coordinates":[[[-74.2485,40.9921],[-74.2669,41.0139],[-74.2775,41.0029],[-74.2758,40.9967],[-74.2766,40.9941],[-74.281,40.9914],[-74.2794,40.9856],[-74.2814,40.9836],[-74.282,40.9778],[-74.2775,40.9736],[-74.2781,40.9716],[-74.2807,40.9723],[-74.2824,40.9699],[-74.2793,40.9651],[-74.2806,40.9578],[-74.2772,40.9548],[-74.2777,40.9512],[-74.2829,40.935],[-74.2893,40.9283],[-74.2885,40.9247],[-74.2836,40.9205],[-74.2842,40.9172],[-74.2789,40.9183],[-74.2777,40.917],[-74.2789,40.9159],[-74.2716,40.9154],[-74.267,40.9104],[-74.267,40.9076],[-74.2719,40.9097],[-74.2718,40.9073],[-74.2735,40.9063],[-74.271,40.9022],[-74.2729,40.8991],[-74.2666,40.8945],[-74.2643,40.8869],[-74.2583,40.8831],[-74.2545,40.8831],[-74.2409,40.8926],[-74.2394,40.8919],[-74.2397,40.8887],[-74.236,40.8867],[-74.235,40.8844],[-74.2312,40.8831],[-74.2342,40.8855],[-74.2346,40.8909],[-74.2396,40.8945],[-74.2399,40.8972],[-74.2498,40.9017],[-74.2499,40.9045],[-74.2436,40.9099],[-74.234,40.9108],[-74.202,40.9265],[-74.2001,40.9316],[-74.1958,40.9355],[-74.198,40.9699],[-74.2119,40.9802],[-74.2245,40.9813],[-74.2485,40.9921]]]},"properties":{"name":"Wayne Township School District"}},{"type":"Feature","geometry":{"type":"Polygon","coordinates":[[[-74.1491,40.9711],[-74.1703,40.9839],[-74.1711,40.9771],[-74.1678,40.9565],[-74.1689,40.947],[-74.1715,40.942],[-74.1669,40.934],[-74.1629,40.9371],[-74.1552,40.9375],[-74.1481,40.9417],[-74.141,40.9664],[-74.1491,40.9711]]]},"properties":{"name":"Hawthorne Borough School District"}},{"type":"Feature","geometry":{"type":"Polygon","coordinates":[[[-74.1075,40.8632],[-74.111,40.8652],[-74.1155,40.8748],[-74.1181,40.8768],[-74.1402,40.8695],[-74.1467,40.849],[-74.1422,40.8458],[-74.143,40.8449],[-74.1217,40.8341],[-74.124,40.839],[-74.1193,40.8517],[-74.1212,40.8578],[-74.1145,40.8599],[-74.1122,40.8559],[-74.1093,40.8554],[-74.1068,40.8593],[-74.1075,40.8632]]]},"properties":{"name":"Passaic City School District"}},{"type":"Feature","geometry":{"type":"Polygon","coordinates":[[[-74.3031,41.0121],[-74.3083,41.0215],[-74.3091,41.0296],[-74.3142,41.0292],[-74.3194,41.0376],[-74.322,41.0372],[-74.3228,41.0395],[-74.3187,41.0395],[-74.3179,41.0413],[-74.3245,41.0413],[-74.3198,41.0487],[-74.3199,41.0556],[-74.3162,41.0557],[-74.3162,41.058],[-74.3136,41.0605],[-74.3168,41.0634],[-74.3177,41.0687],[-74.3251,41.0686],[-74.3464,41.061],[-74.363,41.0132],[-74.3541,41.0131],[-74.3511,41.0105],[-74.3525,41.0058],[-74.3502,41.004],[-74.3367,41.0076],[-74.3347,41.0036],[-74.3282,41.0012],[-74.3155,41.0024],[-74.3092,40.9984],[-74.3013,40.9995],[-74.3015,41.0021],[-74.3,41.0031],[-74.3031,41.0121]]]},"properties":{"name":"Bloomingdale Borough School District"}},{"type":"Feature","geometry":{"type":"Polygon","coordinates":[[[-74.4846,40.3387],[-74.5013,40.3398],[-74.5061,40.3284],[-74.5265,40.333],[-74.538,40.3373],[-74.5485,40.3364],[-74.5456,40.3299],[-74.5511,40.3249],[-74.5582,40.3217],[-74.561,40.3246],[-74.565,40.3242],[-74.5678,40.3],[-74.5648,40.297],[-74.5589,40.2958],[-74.5567,40.2917],[-74.5512,40.2905],[-74.5446,40.2924],[-74.5422,40.2918],[-74.5399,40.2883],[-74.5366,40.2895],[-74.534,40.293],[-74.5281,40.2943],[-74.5216,40.29],[-74.5229,40.2856],[-74.5149,40.2872],[-74.5067,40.2804],[-74.5016,40.2795],[-74.4978,40.2807],[-74.4959,40.2788],[-74.489,40.2771],[-74.4892,40.2911],[-74.4904,40.2917],[-74.4913,40.3025],[-74.4798,40.3156],[-74.4762,40.3368],[-74.4846,40.3387]]]},"properties":{"name":"Cranbury Township School District"}},{"type":"Feature","geometry":{"type":"Polygon","coordinates":[[[-74.2278,40.5621],[-74.2208,40.5592],[-74.2144,40.5686],[-74.2153,40.5721],[-74.2134,40.5713],[-74.2122,40.5826],[-74.21,40.5906],[-74.2076,40.5932],[-74.2134,40.5986],[-74.2157,40.6039],[-74.2196,40.6004],[-74.2319,40.5985],[-74.2372,40.6025],[-74.2411,40.5997],[-74.252,40.5972],[-74.2526,40.5957],[-74.2527,40.5876],[-74.2548,40.5802],[-74.2457,40.5801],[-74.2288,40.571],[-74.2279,40.5671],[-74.2293,40.5651],[-74.2274,40.5643],[-74.2278,40.5621]]]},"properties":{"name":"Carteret Borough School District"}},{"type":"Feature","geometry":{"type":"Polygon","coordinates":[[[-74.4551,40.596],[-74.4585,40.5948],[-74.4633,40.5992],[-74.4662,40.5991],[-74.4661,40.5978],[-74.4737,40.5971],[-74.4785,40.5929],[-74.4756,40.5893],[-74.4766,40.5884],[-74.4732,40.5859],[-74.4696,40.5856],[-74.4689,40.5807],[-74.4597,40.5816],[-74.4602,40.5844],[-74.4568,40.585],[-74.4524,40.5893],[-74.4578,40.5942],[-74.4551,40.596]]]},"properties":{"name":"Dunellen Borough School District"}},{"type":"Feature","geometry":{"type":"Polygon","coordinates":[[[-74.4326,40.46],[-74.4361,40.4587],[-74.4451,40.4632],[-74.4497,40.4589],[-74.4477,40.449],[-74.4393,40.4473],[-74.4399,40.4454],[-74.4332,40.4345],[-74.4232,40.4407],[-74.4251,40.4585],[-74.4326,40.46]]]},"properties":{"name":"Milltown Borough School District"}},{"type":"Feature","geometry":{"type":"Polygon","coordinates":[[[-74.4446,40.3566],[-74.4462,40.3611],[-74.4539,40.3597],[-74.4475,40.3584],[-74.4451,40.3553],[-74.4478,40.3528],[-74.4504,40.3463],[-74.4501,40.3423],[-74.4397,40.3432],[-74.4351,40.3472],[-74.4297,40.3427],[-74.4247,40.3431],[-74.4235,40.3447],[-74.4274,40.3476],[-74.4255,40.3513],[-74.4329,40.3491],[-74.4371,40.3527],[-74.4359,40.3566],[-74.4446,40.3566]]]},"properties":{"name":"Jamesburg Borough School District"}},{"type":"Feature","geometry":{"type":"MultiPolygon","coordinates":[[[[-74.3301,40.4876],[-74.3283,40.4887],[-74.3285,40.4906],[-74.3334,40.487],[-74.3472,40.4832],[-74.339,40.4829],[-74.3301,40.4876]]],[[[-74.3299,40.5567],[-74.3309,40.5658],[-74.335,40.5684],[-74.3361,40.5729],[-74.3385,40.6057],[-74.3947,40.601],[-74.3933,40.5926],[-74.3863,40.5772],[-74.4086,40.5438],[-74.4139,40.5301],[-74.4248,40.526],[-74.4401,40.5151],[-74.4254,40.5054],[-74.4119,40.5065],[-74.4109,40.5011],[-74.4134,40.5013],[-74.4157,40.4928],[-74.4116,40.4938],[-74.3985,40.4919],[-74.3923,40.486],[-74.3904,40.4884],[-74.3845,40.4879],[-74.3824,40.4853],[-74.3824,40.4812],[-74.3787,40.4787],[-74.3733,40.4818],[-74.3685,40.4824],[-74.3653,40.4795],[-74.3662,40.4718],[-74.361,40.4724],[-74.3576,40.4752],[-74.3584,40.4803],[-74.355,40.4845],[-74.3383,40.4866],[-74.3288,40.4928],[-74.331,40.513],[-74.3266,40.5196],[-74.3263,40.5244],[-74.3198,40.525],[-74.3161,40.529],[-74.3289,40.547],[-74.3299,40.5567]],[[-74.3699,40.5293],[-74.3772,40.5334],[-74.3826,40.5522],[-74.346,40.5554],[-74.3446,40.5529],[-74.3478,40.5468],[-74.3452,40.5401],[-74.3558,40.5277],[-74.3699,40.5293]]]]},"properties":{"name":"Edison Township School District"}},{"type":"Feature","geometry":{"type":"Polygon","coordinates":[[[-74.225,40.4526],[-74.23,40.4529],[-74.2367,40.4578],[-74.2445,40.4582],[-74.2575,40.4643],[-74.2605,40.4612],[-74.265,40.46],[-74.2697,40.4551],[-74.2682,40.4524],[-74.2731,40.4499],[-74.2718,40.4467],[-74.274,40.443],[-74.3064,40.4586],[-74.3245,40.4391],[-74.3615,40.4166],[-74.3578,40.4163],[-74.3573,40.4141],[-74.3675,40.4127],[-74.3652,40.4093],[-74.3659,40.4062],[-74.3691,40.4065],[-74.3697,40.4017],[-74.3746,40.4015],[-74.3772,40.3988],[-74.3767,40.3975],[-74.3813,40.3957],[-74.3828,40.3909],[-74.3803,40.3872],[-74.3822,40.3865],[-74.383,40.3836],[-74.3795,40.3814],[-74.379,40.3794],[-74.3773,40.3795],[-74.3786,40.3778],[-74.3753,40.3772],[-74.3757,40.3728],[-74.3713,40.3733],[-74.3708,40.3684],[-74.3671,40.3666],[-74.3668,40.3647],[-74.3687,40.3629],[-74.3664,40.3611],[-74.3678,40.3582],[-74.3663,40.3548],[-74.3695,40.3539],[-74.3686,40.3517],[-74.3717,40.3508],[-74.3708,40.3494],[-74.3739,40.3445],[-74.3716,40.3422],[-74.3735,40.3385],[-74.3719,40.3362],[-74.3729,40.3354],[-74.3698,40.3325],[-74.3707,40.3312],[-74.3612,40.3313],[-74.357,40.328],[-74.3578,40.3262],[-74.3528,40.3262],[-74.3525,40.325],[-74.2479,40.4066],[-74.2495,40.4102],[-74.248,40.4122],[-74.2478,40.4312],[-74.2364,40.4435],[-74.2335,40.4431],[-74.2308,40.4457],[-74.2262,40.4449],[-74.2227,40.4511],[-74.225,40.4526]]]},"properties":{"name":"Old Bridge Township School District"}},{"type":"Feature","geometry":{"type":"Polygon","coordinates":[[[-74.4697,40.5856],[-74.4732,40.5859],[-74.4766,40.5884],[-74.4756,40.5893],[-74.4785,40.5929],[-74.4905,40.5865],[-74.4928,40.5875],[-74.4981,40.5858],[-74.4995,40.5869],[-74.5024,40.584],[-74.5059,40.5861],[-74.5134,40.5812],[-74.5162,40.5813],[-74.5159,40.5785],[-74.5227,40.5734],[-74.5236,40.5688],[-74.5259,40.5684],[-74.5244,40.5623],[-74.5267,40.5595],[-74.5198,40.5556],[-74.5008,40.5639],[-74.4986,40.5629],[-74.4865,40.5714],[-74.4795,40.5738],[-74.4813,40.5781],[-74.4697,40.5856]]]},"properties":{"name":"Middlesex Borough School District"}},{"type":"Feature","geometry":{"type":"Polygon","coordinates":[[[-74.4326,40.46],[-74.4313,40.4639],[-74.4265,40.4671],[-74.4181,40.4688],[-74.4197,40.4732],[-74.4148,40.4786],[-74.4479,40.4762],[-74.4507,40.4779],[-74.4565,40.4767],[-74.4604,40.4776],[-74.4678,40.4712],[-74.4712,40.4732],[-74.4773,40.4673],[-74.4895,40.4745],[-74.5315,40.4414],[-74.5161,40.4317],[-74.5186,40.4291],[-74.5083,40.4269],[-74.5079,40.4246],[-74.5149,40.4143],[-74.5133,40.4127],[-74.5075,40.4159],[-74.5019,40.4161],[-74.496,40.4197],[-74.492,40.4199],[-74.4915,40.4178],[-74.4788,40.4235],[-74.4777,40.4292],[-74.4694,40.4346],[-74.4669,40.4402],[-74.4606,40.4399],[-74.4529,40.4443],[-74.4533,40.4496],[-74.4477,40.449],[-74.4497,40.4589],[-74.4451,40.4632],[-74.4361,40.4587],[-74.4326,40.46]]]},"properties":{"name":"North Brunswick Township School District"}},{"type":"Feature","geometry":{"type":"MultiPolygon","coordinates":[[[[-74.3282,40.4888],[-74.3264,40.4901],[-74.3278,40.4912],[-74.3282,40.4888]]],[[[-74.325,40.4912],[-74.3225,40.4971],[-74.3271,40.491],[-74.325,40.4912]]],[[[-74.2579,40.5372],[-74.258,40.5389],[-74.2585,40.5372],[-74.2579,40.5372]]],[[[-74.258,40.5396],[-74.2577,40.5399],[-74.2581,40.5399],[-74.258,40.5396]]],[[[-74.249,40.6005],[-74.2503,40.6007],[-74.2492,40.6005],[-74.249,40.6005]]],[[[-74.2539,40.6013],[-74.2546,40.6018],[-74.2552,40.6021],[-74.2539,40.6013]]],[[[-74.291,40.592],[-74.3053,40.6006],[-74.3031,40.6057],[-74.3048,40.6067],[-74.3029,40.6087],[-74.3385,40.6057],[-74.3361,40.5729],[-74.335,40.5684],[-74.3309,40.5658],[-74.3289,40.547],[-74.3161,40.529],[-74.3198,40.525],[-74.3263,40.5244],[-74.3266,40.5196],[-74.331,40.513],[-74.3288,40.4928],[-74.3234,40.5005],[-74.3125,40.5089],[-74.301,40.5117],[-74.2914,40.5104],[-74.2895,40.5252],[-74.2909,40.5301],[-74.2899,40.5357],[-74.2846,40.5388],[-74.2657,40.543],[-74.2663,40.5447],[-74.2699,40.5457],[-74.2687,40.547],[-74.272,40.5506],[-74.2712,40.5519],[-74.2684,40.5506],[-74.268,40.5552],[-74.2669,40.5537],[-74.2683,40.5501],[-74.2715,40.5507],[-74.2681,40.5476],[-74.2692,40.5455],[-74.266,40.5451],[-74.2625,40.5395],[-74.2587,40.5377],[-74.2582,40.5405],[-74.2552,40.5402],[-74.2542,40.5456],[-74.2566,40.5553],[-74.2487,40.5595],[-74.2511,40.562],[-74.2424,40.5638],[-74.2469,40.5634],[-74.2477,40.5622],[-74.2446,40.5617],[-74.2457,40.5612],[-74.2502,40.5621],[-74.2512,40.5612],[-74.2484,40.5603],[-74.2489,40.5586],[-74.256,40.556],[-74.2546,40.5488],[-74.2525,40.5537],[-74.2493,40.5555],[-74.2359,40.5605],[-74.2324,40.5634],[-74.2275,40.5625],[-74.2274,40.5643],[-74.2293,40.5651],[-74.2279,40.5671],[-74.2288,40.571],[-74.2457,40.5801],[-74.2548,40.5802],[-74.252,40.5972],[-74.2464,40.5995],[-74.2578,40.6019],[-74.2596,40.5973],[-74.291,40.592]]]]},"properties":{"name":"Woodbridge Township School District"}},{"type":"Feature","geometry":{"type":"Polygon","coordinates":[[[-74.4157,40.4928],[-74.4134,40.5013],[-74.4109,40.5011],[-74.4119,40.5065],[-74.4254,40.5054],[-74.4401,40.5151],[-74.4463,40.5057],[-74.4393,40.5008],[-74.4344,40.4908],[-74.4317,40.489],[-74.4228,40.4883],[-74.4157,40.4928]]]},"properties":{"name":"Highland Park Borough School District"}},{"type":"Feature","geometry":{"type":"Polygon","coordinates":[[[-74.3554,40.528],[-74.3452,40.5401],[-74.3478,40.5468],[-74.3446,40.5529],[-74.346,40.5554],[-74.3826,40.5522],[-74.3772,40.5334],[-74.3699,40.5293],[-74.3554,40.528]]]},"properties":{"name":"Metuchen Borough School District"}},{"type":"Feature","geometry":{"type":"MultiPolygon","coordinates":[[[[-74.2627,40.5397],[-74.2634,40.5409],[-74.2625,40.5395],[-74.2627,40.5397]]],[[[-74.2647,40.5425],[-74.2646,40.5429],[-74.265,40.543],[-74.2647,40.5425]]],[[[-74.2661,40.543],[-74.2846,40.5388],[-74.2899,40.5357],[-74.2909,40.5301],[-74.2895,40.5252],[-74.2914,40.5104],[-74.288,40.509],[-74.283,40.5035],[-74.2846,40.5008],[-74.2837,40.5002],[-74.2666,40.4998],[-74.2631,40.5037],[-74.2603,40.5131],[-74.2549,40.5182],[-74.2571,40.5191],[-74.2537,40.5184],[-74.2519,40.5202],[-74.2547,40.5212],[-74.2509,40.5222],[-74.2503,40.5238],[-74.2536,40.5315],[-74.2523,40.5318],[-74.2536,40.5319],[-74.253,40.5345],[-74.2544,40.535],[-74.2548,40.5374],[-74.2537,40.5375],[-74.2565,40.54],[-74.258,40.5396],[-74.2579,40.5372],[-74.2595,40.5374],[-74.2661,40.543]]]]},"properties":{"name":"Perth Amboy City School District"}},{"type":"Feature","geometry":{"type":"MultiPolygon","coordinates":[[[[-74.3614,40.4167],[-74.3629,40.4186],[-74.362,40.4212],[-74.3634,40.4189],[-74.3614,40.4167]]],[[[-74.356,40.4233],[-74.356,40.4234],[-74.3562,40.4231],[-74.356,40.4233]],[[-74.3571,40.4287],[-74.3569,40.429],[-74.3574,40.4282],[-74.3571,40.4287]]],[[[-74.3538,40.4315],[-74.3539,40.4316],[-74.3547,40.431],[-74.3538,40.4315]]],[[[-74.3755,40.452],[-74.3764,40.4553],[-74.3782,40.4528],[-74.3755,40.452]]],[[[-74.3793,40.4627],[-74.3792,40.4629],[-74.3806,40.4623],[-74.3793,40.4627]]],[[[-74.3833,40.4633],[-74.3848,40.4628],[-74.3861,40.4595],[-74.3833,40.4633]]],[[[-74.3789,40.4635],[-74.379,40.4636],[-74.3791,40.4631],[-74.3789,40.4635]]],[[[-74.3783,40.4698],[-74.3783,40.4698],[-74.3784,40.4697],[-74.3783,40.4698]],[[-74.3789,40.4735],[-74.376,40.4742],[-74.3793,40.4732],[-74.3789,40.4735]]],[[[-74.3751,40.4619],[-74.3677,40.4712],[-74.3688,40.4745],[-74.3666,40.4788],[-74.3677,40.4802],[-74.3703,40.481],[-74.3746,40.479],[-74.3759,40.4774],[-74.3752,40.4745],[-74.3788,40.4728],[-74.3776,40.4695],[-74.3818,40.4684],[-74.3783,40.4634],[-74.3797,40.462],[-74.3836,40.4625],[-74.3855,40.4598],[-74.3808,40.458],[-74.3785,40.4611],[-74.3751,40.4619]]],[[[-74.342,40.4819],[-74.3458,40.482],[-74.3434,40.4815],[-74.342,40.4819]]],[[[-74.3479,40.4812],[-74.3506,40.4828],[-74.3542,40.482],[-74.3479,40.4812]]],[[[-74.2993,40.5064],[-74.3077,40.5042],[-74.3111,40.5017],[-74.3201,40.4884],[-74.3286,40.484],[-74.3391,40.4804],[-74.3533,40.4802],[-74.3547,40.4813],[-74.3552,40.4761],[-74.3576,40.4729],[-74.3612,40.4709],[-74.3679,40.4705],[-74.3753,40.4606],[-74.3766,40.4566],[-74.3714,40.4565],[-74.3687,40.4484],[-74.3597,40.4444],[-74.3596,40.4401],[-74.3556,40.4384],[-74.3571,40.4344],[-74.3524,40.4313],[-74.3565,40.428],[-74.3547,40.4232],[-74.3614,40.4206],[-74.3623,40.4187],[-74.361,40.4169],[-74.3245,40.4391],[-74.3064,40.4586],[-74.2731,40.4431],[-74.2718,40.4467],[-74.2731,40.4499],[-74.2682,40.4524],[-74.2697,40.4551],[-74.265,40.46],[-74.258,40.4635],[-74.2578,40.465],[-74.2619,40.4647],[-74.2656,40.4701],[-74.2724,40.4747],[-74.2661,40.4773],[-74.2676,40.4805],[-74.2816,40.4741],[-74.2802,40.4723],[-74.287,40.4702],[-74.2979,40.4816],[-74.2917,40.4951],[-74.294,40.4992],[-74.2913,40.504],[-74.2934,40.5057],[-74.2993,40.5064]]]]},"properties":{"name":"Sayreville Borough School District"}},{"type":"Feature","geometry":{"type":"Polygon","coordinates":[[[-74.4086,40.5438],[-74.3863,40.5772],[-74.3933,40.5926],[-74.3947,40.601],[-74.4371,40.5975],[-74.4409,40.5941],[-74.4402,40.5813],[-74.4356,40.5618],[-74.4397,40.5594],[-74.4341,40.5552],[-74.4274,40.5465],[-74.4086,40.5438]]]},"properties":{"name":"South Plainfield Borough School District"}},{"type":"Feature","geometry":{"type":"MultiPolygon","coordinates":[[[[-74.3805,40.4582],[-74.3808,40.458],[-74.3807,40.458],[-74.3805,40.4582]]],[[[-74.3761,40.4611],[-74.3785,40.4611],[-74.38,40.4585],[-74.3761,40.4611]]],[[[-74.3846,40.4583],[-74.3862,40.4604],[-74.3844,40.4632],[-74.3863,40.4647],[-74.4035,40.4628],[-74.3959,40.4594],[-74.3941,40.4572],[-74.3945,40.4459],[-74.3793,40.429],[-74.376,40.4323],[-74.3683,40.4331],[-74.3653,40.4334],[-74.366,40.429],[-74.3564,40.4296],[-74.3539,40.4316],[-74.3584,40.4346],[-74.3569,40.4377],[-74.3605,40.4396],[-74.3606,40.4435],[-74.3698,40.448],[-74.3716,40.4509],[-74.3716,40.4552],[-74.3756,40.455],[-74.374,40.4528],[-74.3755,40.451],[-74.3792,40.4528],[-74.3765,40.4603],[-74.3808,40.4575],[-74.3846,40.4583]]]]},"properties":{"name":"South River Borough School District"}},{"type":"Feature","geometry":{"type":"Polygon","coordinates":[[[-74.376,40.4743],[-74.3775,40.4772],[-74.3824,40.4786],[-74.3858,40.4867],[-74.4021,40.4796],[-74.4076,40.4805],[-74.4116,40.484],[-74.4157,40.4763],[-74.4197,40.4732],[-74.4181,40.4688],[-74.4265,40.4671],[-74.4324,40.4623],[-74.4313,40.4593],[-74.4251,40.4585],[-74.4232,40.4407],[-74.4332,40.4345],[-74.4399,40.4454],[-74.4393,40.4473],[-74.4533,40.4496],[-74.4529,40.4443],[-74.4606,40.4399],[-74.4669,40.4402],[-74.4694,40.4346],[-74.4777,40.4292],[-74.4778,40.4244],[-74.4856,40.4209],[-74.4835,40.4173],[-74.4782,40.4177],[-74.4708,40.4153],[-74.466,40.4102],[-74.4561,40.4056],[-74.4528,40.4048],[-74.4464,40.4068],[-74.4369,40.3922],[-74.4519,40.3776],[-74.4387,40.3713],[-74.4239,40.3865],[-74.4201,40.3836],[-74.4123,40.3855],[-74.4134,40.3874],[-74.3989,40.3923],[-74.4057,40.396],[-74.4094,40.4009],[-74.3811,40.4091],[-74.3759,40.4057],[-74.373,40.408],[-74.3695,40.4029],[-74.3696,40.406],[-74.3659,40.4062],[-74.3652,40.4092],[-74.3675,40.4127],[-74.3573,40.4141],[-74.3573,40.416],[-74.3612,40.4163],[-74.3634,40.4189],[-74.362,40.4213],[-74.356,40.4234],[-74.358,40.425],[-74.3564,40.4298],[-74.366,40.429],[-74.3653,40.4334],[-74.376,40.4323],[-74.3793,40.429],[-74.3945,40.4459],[-74.3941,40.4572],[-74.3959,40.4594],[-74.4035,40.4628],[-74.3863,40.4647],[-74.3804,40.4623],[-74.379,40.4636],[-74.3827,40.4687],[-74.3787,40.4694],[-74.3795,40.473],[-74.376,40.4743]]]},"properties":{"name":"East Brunswick Township School District"}},{"type":"Feature","geometry":{"type":"Polygon","coordinates":[[[-74.3815,40.3832],[-74.3936,40.382],[-74.3931,40.3851],[-74.3984,40.3855],[-74.4033,40.3809],[-74.4062,40.3817],[-74.4109,40.3791],[-74.4138,40.3747],[-74.421,40.376],[-74.4266,40.3745],[-74.4289,40.3719],[-74.4284,40.3667],[-74.4519,40.3776],[-74.4846,40.3387],[-74.4762,40.3368],[-74.4798,40.3156],[-74.4913,40.3025],[-74.4904,40.2917],[-74.4892,40.2911],[-74.489,40.2771],[-74.4819,40.2738],[-74.485,40.2533],[-74.461,40.2511],[-74.3937,40.2794],[-74.3927,40.2814],[-74.3949,40.2859],[-74.3942,40.2884],[-74.3775,40.3054],[-74.3525,40.325],[-74.3528,40.3262],[-74.3578,40.3262],[-74.357,40.328],[-74.3612,40.3313],[-74.3706,40.3311],[-74.3698,40.3325],[-74.3729,40.3354],[-74.3731,40.3412],[-74.3716,40.3421],[-74.3739,40.3445],[-74.3735,40.3466],[-74.3708,40.3494],[-74.3717,40.3508],[-74.3686,40.3517],[-74.3695,40.3539],[-74.3663,40.3548],[-74.3678,40.3582],[-74.3664,40.3611],[-74.3687,40.3629],[-74.3667,40.3647],[-74.3671,40.3666],[-74.3708,40.3684],[-74.3713,40.3733],[-74.3757,40.3728],[-74.3753,40.3772],[-74.3786,40.3778],[-74.3773,40.3795],[-74.3791,40.3795],[-74.3815,40.3832]],[[-74.4446,40.3566],[-74.4359,40.3566],[-74.4371,40.3527],[-74.4329,40.3491],[-74.4255,40.3513],[-74.4274,40.3476],[-74.4235,40.3447],[-74.4247,40.3431],[-74.4297,40.3427],[-74.4351,40.3472],[-74.4397,40.3432],[-74.4501,40.3423],[-74.4504,40.3463],[-74.4478,40.3528],[-74.4451,40.3553],[-74.4475,40.3584],[-74.4539,40.3597],[-74.4462,40.3611],[-74.4446,40.3566]]]},"properties":{"name":"Monroe Township School District"}},{"type":"Feature","geometry":{"type":"MultiPolygon","coordinates":[[[[-74.393,40.4865],[-74.3935,40.4868],[-74.3923,40.486],[-74.393,40.4865]]],[[[-74.4444,40.5044],[-74.4371,40.4973],[-74.4345,40.4904],[-74.4298,40.4878],[-74.4198,40.4884],[-74.418,40.4913],[-74.4118,40.4933],[-74.3991,40.4909],[-74.3947,40.4879],[-74.3985,40.4919],[-74.4116,40.4938],[-74.4228,40.4883],[-74.4307,40.4886],[-74.4344,40.4908],[-74.4393,40.5008],[-74.4444,40.5044]]],[[[-74.4429,40.5011],[-74.452,40.5063],[-74.4671,40.5082],[-74.467,40.5029],[-74.4592,40.4966],[-74.4599,40.4911],[-74.4785,40.4839],[-74.4895,40.4745],[-74.4773,40.4673],[-74.4712,40.4732],[-74.4678,40.4712],[-74.4604,40.4776],[-74.4565,40.4767],[-74.4507,40.4779],[-74.4479,40.4762],[-74.4148,40.4786],[-74.4116,40.484],[-74.4076,40.4805],[-74.4021,40.4796],[-74.393,40.4845],[-74.3987,40.4889],[-74.4132,40.4915],[-74.4217,40.4868],[-74.4335,40.4877],[-74.4375,40.4903],[-74.4391,40.497],[-74.4429,40.5011]]],[[[-74.4572,40.5088],[-74.4445,40.5045],[-74.4497,40.5075],[-74.4572,40.5088]]],[[[-74.4619,40.5092],[-74.4646,40.5091],[-74.4579,40.5088],[-74.4619,40.5092]]]]},"properties":{"name":"New Brunswick City School District"}},{"type":"Feature","geometry":{"type":"Polygon","coordinates":[[[-74.4086,40.5438],[-74.4274,40.5465],[-74.4341,40.5552],[-74.4397,40.5594],[-74.4356,40.5618],[-74.4402,40.5813],[-74.4409,40.5941],[-74.4371,40.5975],[-74.4551,40.596],[-74.4578,40.5942],[-74.4524,40.5893],[-74.4568,40.585],[-74.4602,40.5844],[-74.4597,40.5816],[-74.4689,40.5807],[-74.4697,40.5856],[-74.4813,40.5781],[-74.4795,40.5739],[-74.4813,40.5728],[-74.4865,40.5714],[-74.4986,40.5629],[-74.5008,40.5639],[-74.5198,40.5556],[-74.5141,40.542],[-74.4952,40.5291],[-74.4819,40.512],[-74.4544,40.5086],[-74.4463,40.5057],[-74.4395,40.516],[-74.4383,40.5156],[-74.4248,40.526],[-74.4139,40.5301],[-74.4086,40.5438]]]},"properties":{"name":"Piscataway Township School District"}},{"type":"Feature","geometry":{"type":"Polygon","coordinates":[[[-74.2676,40.4805],[-74.2697,40.4841],[-74.2741,40.4837],[-74.2758,40.4856],[-74.2756,40.4873],[-74.2727,40.4884],[-74.2752,40.4885],[-74.272,40.4894],[-74.2729,40.4902],[-74.2767,40.4894],[-74.2762,40.4912],[-74.2887,40.4933],[-74.2913,40.4964],[-74.2979,40.4816],[-74.287,40.4702],[-74.2802,40.4723],[-74.2816,40.4741],[-74.2676,40.4805]]]},"properties":{"name":"South Amboy City School District"}},{"type":"Feature","geometry":{"type":"Polygon","coordinates":[[[-74.4856,40.4209],[-74.4915,40.4178],[-74.492,40.4199],[-74.496,40.4197],[-74.5019,40.4161],[-74.5075,40.4159],[-74.5138,40.4127],[-74.5149,40.4143],[-74.5079,40.4246],[-74.5083,40.4269],[-74.5186,40.4291],[-74.5161,40.4317],[-74.5315,40.4414],[-74.5502,40.432],[-74.585,40.4182],[-74.5858,40.4024],[-74.5883,40.3935],[-74.5918,40.392],[-74.5958,40.3857],[-74.6025,40.3808],[-74.6202,40.3738],[-74.6244,40.3652],[-74.5892,40.3581],[-74.5805,40.3578],[-74.5733,40.3634],[-74.5656,40.3618],[-74.5604,40.3587],[-74.5514,40.3577],[-74.5534,40.3523],[-74.5567,40.3527],[-74.5571,40.3468],[-74.553,40.3435],[-74.5486,40.3441],[-74.5493,40.3364],[-74.538,40.3373],[-74.5265,40.333],[-74.5061,40.3284],[-74.5013,40.3398],[-74.4846,40.3387],[-74.4581,40.3716],[-74.4369,40.3922],[-74.4464,40.4068],[-74.4528,40.4048],[-74.4561,40.4056],[-74.466,40.4102],[-74.4708,40.4153],[-74.4782,40.4177],[-74.4835,40.4173],[-74.4856,40.4209]]]},"properties":{"name":"South Brunswick Township School District"}},{"type":"Feature","geometry":{"type":"Polygon","coordinates":[[[-74.3695,40.4029],[-74.373,40.408],[-74.3759,40.4057],[-74.3811,40.4091],[-74.4094,40.4009],[-74.4057,40.396],[-74.3989,40.3923],[-74.4134,40.3874],[-74.4123,40.3855],[-74.4201,40.3836],[-74.4239,40.3865],[-74.4387,40.3713],[-74.4284,40.3667],[-74.4289,40.3719],[-74.4266,40.3745],[-74.421,40.376],[-74.4138,40.3747],[-74.4109,40.3791],[-74.4062,40.3817],[-74.4033,40.3809],[-74.3984,40.3855],[-74.3931,40.3851],[-74.3936,40.382],[-74.3815,40.3832],[-74.383,40.3836],[-74.3822,40.3865],[-74.3803,40.3871],[-74.3828,40.3908],[-74.3813,40.3957],[-74.3767,40.3975],[-74.3772,40.3988],[-74.3746,40.4015],[-74.3702,40.4015],[-74.3695,40.4029]]]},"properties":{"name":"Spotswood Borough School District"}},{"type":"Feature","geometry":{"type":"Polygon","coordinates":[[[-73.5069,41.6658],[-73.5181,41.6667],[-73.521,41.6198],[-73.5307,41.52],[-73.4504,41.5347],[-73.4978,41.6382],[-73.4941,41.6445],[-73.4847,41.6474],[-73.4903,41.6533],[-73.4936,41.6609],[-73.4983,41.6589],[-73.5063,41.6633],[-73.5069,41.6658]]]},"properties":{"name":"Sherman School District"}},{"type":"Feature","geometry":{"type":"Polygon","coordinates":[[[-73.3786,41.42],[-73.3801,41.4229],[-73.406,41.4282],[-73.406,41.4155],[-73.4009,41.4032],[-73.405,41.4026],[-73.4073,41.3958],[-73.4239,41.3824],[-73.4326,41.3785],[-73.435,41.3724],[-73.4243,41.3353],[-73.3471,41.3504],[-73.3786,41.42]]]},"properties":{"name":"Bethel School District"}},{"type":"Feature","geometry":{"type":"Polygon","coordinates":[[[-73.3317,41.4727],[-73.3367,41.4757],[-73.3477,41.4781],[-73.3753,41.4892],[-73.3768,41.499],[-73.379,41.5019],[-73.3886,41.5065],[-73.385,41.511],[-73.387,41.5148],[-73.4308,41.498],[-73.4415,41.4913],[-73.437,41.4836],[-73.4427,41.4854],[-73.443,41.4791],[-73.4444,41.4776],[-73.4433,41.4724],[-73.4374,41.4655],[-73.4348,41.4689],[-73.4383,41.4741],[-73.4332,41.472],[-73.4313,41.4688],[-73.4297,41.4697],[-73.4249,41.4596],[-73.4158,41.4303],[-73.3801,41.4229],[-73.3787,41.4199],[-73.3643,41.4379],[-73.3317,41.4727]]]},"properties":{"name":"Brookfield School District"}},{"type":"Feature","geometry":{"type":"Polygon","coordinates":[[[-73.406,41.4282],[-73.4158,41.4303],[-73.4269,41.4638],[-73.5363,41.4405],[-73.5415,41.4044],[-73.5436,41.3751],[-73.5064,41.3774],[-73.5016,41.362],[-73.4854,41.3566],[-73.4701,41.3264],[-73.4242,41.3349],[-73.435,41.3724],[-73.4326,41.3785],[-73.4239,41.3824],[-73.4073,41.3958],[-73.405,41.4026],[-73.4009,41.4032],[-73.406,41.4155],[-73.406,41.4282]]]},"properties":{"name":"Danbury School District"}},{"type":"Feature","geometry":{"type":"MultiPolygon","coordinates":[[[[-73.4566,41.0482],[-73.4575,41.0483],[-73.4577,41.0478],[-73.4566,41.0482]]],[[[-73.4608,41.0494],[-73.4612,41.0503],[-73.4617,41.0493],[-73.4608,41.0494]]],[[[-73.458,41.0505],[-73.4594,41.0503],[-73.4588,41.0493],[-73.458,41.0505]]],[[[-73.4623,41.0534],[-73.4622,41.054],[-73.4633,41.053],[-73.4623,41.0534]]],[[[-73.4586,41.0561],[-73.4586,41.0565],[-73.459,41.056],[-73.4586,41.0561]]],[[[-73.4643,41.0567],[-73.4648,41.0569],[-73.4648,41.0563],[-73.4643,41.0567]]],[[[-73.4674,41.0577],[-73.4679,41.0579],[-73.4677,41.0576],[-73.4674,41.0577]]],[[[-73.444,41.0684],[-73.4441,41.0684],[-73.4441,41.0683],[-73.444,41.0684]]],[[[-73.474,41.114],[-73.5008,41.1144],[-73.5065,41.1096],[-73.5101,41.1093],[-73.5116,41.106],[-73.5094,41.1038],[-73.5149,41.0944],[-73.5146,41.0877],[-73.5182,41.0803],[-73.5154,41.0744],[-73.5101,41.0708],[-73.5101,41.0672],[-73.5057,41.0586],[-73.5005,41.0561],[-73.4964,41.0563],[-73.495,41.054],[-73.4903,41.0538],[-73.4913,41.0531],[-73.4889,41.0516],[-73.4913,41.0493],[-73.4929,41.0518],[-73.4961,41.0488],[-73.4936,41.049],[-73.4905,41.0451],[-73.491,41.0423],[-73.489,41.0421],[-73.4895,41.0401],[-73.4863,41.042],[-73.4895,41.0436],[-73.4841,41.0465],[-73.484,41.0504],[-73.4832,41.0495],[-73.4822,41.0513],[-73.484,41.0511],[-73.485,41.0529],[-73.4806,41.0564],[-73.4788,41.0559],[-73.478,41.0589],[-73.4792,41.0617],[-73.477,41.0618],[-73.4738,41.066],[-73.4774,41.0607],[-73.4771,41.0577],[-73.4815,41.0533],[-73.4813,41.0499],[-73.4838,41.045],[-73.4783,41.0359],[-73.47,41.048],[-73.4723,41.0485],[-73.4753,41.0444],[-73.4769,41.0488],[-73.4738,41.0478],[-73.4744,41.051],[-73.4689,41.0502],[-73.4671,41.0516],[-73.4667,41.0546],[-73.4755,41.0539],[-73.4754,41.0562],[-73.4753,41.0542],[-73.4712,41.0549],[-73.4701,41.0567],[-73.4719,41.056],[-73.4712,41.0569],[-73.4685,41.0577],[-73.466,41.0615],[-73.4634,41.0592],[-73.465,41.0575],[-73.4629,41.0579],[-73.4621,41.061],[-73.4602,41.0584],[-73.4561,41.06],[-73.4526,41.0643],[-73.4525,41.0617],[-73.4573,41.0593],[-73.4582,41.0572],[-73.4559,41.0579],[-73.4613,41.0542],[-73.4616,41.0522],[-73.4534,41.0545],[-73.4535,41.0564],[-73.4469,41.0574],[-73.447,41.0607],[-73.4523,41.0588],[-73.4502,41.061],[-73.4494,41.0598],[-73.4477,41.0607],[-73.4447,41.0688],[-73.4478,41.0709],[-73.4459,41.0765],[-73.4475,41.085],[-73.4513,41.0886],[-73.4538,41.0875],[-73.4536,41.0919],[-73.474,41.114]]]]},"properties":{"name":"Darien School District"}},{"type":"Feature","geometry":{"type":"Polygon","coordinates":[[[-73.387,41.5148],[-73.3998,41.5201],[-73.4045,41.5312],[-73.4035,41.5406],[-73.3995,41.544],[-73.3921,41.5448],[-73.389,41.5469],[-73.391,41.5501],[-73.3912,41.556],[-73.372,41.5651],[-73.3431,41.5659],[-73.3591,41.6465],[-73.3704,41.6553],[-73.3779,41.659],[-73.3821,41.6833],[-73.5041,41.6691],[-73.5069,41.6658],[-73.5067,41.6638],[-73.4983,41.6589],[-73.494,41.6611],[-73.4903,41.6533],[-73.4847,41.6474],[-73.4941,41.6445],[-73.4978,41.6382],[-73.4459,41.5253],[-73.4428,41.5141],[-73.4453,41.5095],[-73.4415,41.4913],[-73.4308,41.498],[-73.387,41.5148]]]},"properties":{"name":"New Milford School District"}},{"type":"Feature","geometry":{"type":"Polygon","coordinates":[[[-73.3105,41.4688],[-73.3129,41.4674],[-73.3268,41.4695],[-73.3317,41.4727],[-73.3643,41.4379],[-73.3786,41.42],[-73.3333,41.3184],[-73.2291,41.3703],[-73.2281,41.3687],[-73.2294,41.3665],[-73.2281,41.3652],[-73.2212,41.364],[-73.2048,41.3705],[-73.2013,41.3739],[-73.2036,41.3792],[-73.1978,41.3828],[-73.1956,41.3879],[-73.1876,41.3889],[-73.1833,41.3917],[-73.1882,41.3982],[-73.1854,41.4022],[-73.1849,41.4063],[-73.1866,41.4086],[-73.1982,41.4119],[-73.2182,41.4291],[-73.2265,41.4303],[-73.2384,41.4263],[-73.2423,41.4298],[-73.2423,41.4361],[-73.2453,41.4399],[-73.2577,41.4336],[-73.2637,41.4345],[-73.2658,41.4368],[-73.2675,41.4436],[-73.2737,41.4517],[-73.2807,41.4523],[-73.2939,41.4474],[-73.2978,41.4483],[-73.3008,41.4559],[-73.2983,41.4648],[-73.2992,41.4695],[-73.3028,41.4714],[-73.3105,41.4688]]]},"properties":{"name":"Newtown School District"}},{"type":"Feature","geometry":{"type":"MultiPolygon","coordinates":[[[[-73.6225,40.9843],[-73.6285,40.9816],[-73.6292,40.9799],[-73.6242,40.9836],[-73.6242,40.9815],[-73.6217,40.9828],[-73.6225,40.9843]]],[[[-73.6095,40.9888],[-73.6101,40.9894],[-73.6109,40.9883],[-73.6095,40.9888]]],[[[-73.6579,40.9902],[-73.6578,40.9902],[-73.6579,40.9902],[-73.6579,40.9902]]],[[[-73.6076,40.9904],[-73.6082,40.9906],[-73.6079,40.9902],[-73.6076,40.9904]]],[[[-73.6375,40.9912],[-73.6375,40.993],[-73.6406,40.9937],[-73.6415,40.9907],[-73.6399,40.9884],[-73.6375,40.9912]]],[[[-73.6594,40.994],[-73.6596,40.9945],[-73.6593,40.9937],[-73.6594,40.994]]],[[[-73.6428,40.9954],[-73.6426,40.9969],[-73.6445,40.9952],[-73.6428,40.9954]]],[[[-73.6429,40.999],[-73.6438,40.9996],[-73.6444,40.9991],[-73.6429,40.999]]],[[[-73.5835,41.009],[-73.5838,41.0091],[-73.5836,41.0087],[-73.5835,41.009]]],[[[-73.6145,41.0085],[-73.6151,41.0094],[-73.6165,41.0088],[-73.6145,41.0085]]],[[[-73.5981,41.011],[-73.5987,41.011],[-73.5977,41.0107],[-73.5981,41.011]]],[[[-73.5765,41.0122],[-73.5764,41.0128],[-73.5771,41.0117],[-73.5765,41.0122]]],[[[-73.5989,41.0136],[-73.5989,41.0134],[-73.5986,41.0133],[-73.5989,41.0136]]],[[[-73.6031,41.0139],[-73.6033,41.015],[-73.6043,41.0143],[-73.6031,41.0139]]],[[[-73.5984,41.017],[-73.5992,41.0169],[-73.5983,41.0165],[-73.5984,41.017]]],[[[-73.5918,41.0218],[-73.5924,41.0203],[-73.5918,41.0203],[-73.5918,41.0218]]],[[[-73.599,41.0232],[-73.6,41.024],[-73.6004,41.0234],[-73.599,41.0232]]],[[[-73.5531,41.0235],[-73.5543,41.0242],[-73.5533,41.0233],[-73.5531,41.0235]]],[[[-73.5992,41.0267],[-73.6,41.0266],[-73.5993,41.0262],[-73.5992,41.0267]]],[[[-73.6133,41.117],[-73.6339,41.144],[-73.7278,41.1007],[-73.6553,41.0123],[-73.6591,41.0027],[-73.6579,41.0029],[-73.6545,41.0113],[-73.6591,40.9994],[-73.6561,40.9899],[-73.6583,40.9878],[-73.6577,40.9866],[-73.6457,41.0006],[-73.6431,41.0],[-73.6432,41.0013],[-73.6453,41.0014],[-73.6446,41.0037],[-73.6396,41.0109],[-73.6412,41.0068],[-73.6396,41.0063],[-73.6388,41.0025],[-73.6346,41.0006],[-73.6306,41.0034],[-73.6276,41.0002],[-73.6233,41.0067],[-73.6244,41.0084],[-73.6233,41.0103],[-73.629,41.0134],[-73.628,41.0138],[-73.6293,41.0147],[-73.6272,41.0158],[-73.6278,41.0138],[-73.624,41.0132],[-73.6239,41.0152],[-73.6274,41.0177],[-73.6246,41.0185],[-73.625,41.0173],[-73.6232,41.0172],[-73.6227,41.0186],[-73.621,41.011],[-73.6201,41.0183],[-73.618,41.0102],[-73.6167,41.0109],[-73.6151,41.0177],[-73.6123,41.0187],[-73.6156,41.0228],[-73.6118,41.0345],[-73.6141,41.0212],[-73.6113,41.0172],[-73.6082,41.02],[-73.6127,41.0154],[-73.6127,41.0119],[-73.6155,41.011],[-73.6131,41.0088],[-73.6068,41.0122],[-73.6058,41.0148],[-73.6025,41.0159],[-73.602,41.0148],[-73.6028,41.0181],[-73.5989,41.0181],[-73.6014,41.0207],[-73.6016,41.0278],[-73.6001,41.0286],[-73.5979,41.0271],[-73.5948,41.0303],[-73.5969,41.0336],[-73.5942,41.0332],[-73.5937,41.0364],[-73.5892,41.0418],[-73.589,41.0456],[-73.5861,41.0485],[-73.5861,41.0515],[-73.582,41.0569],[-73.5847,41.0524],[-73.5843,41.0489],[-73.589,41.0421],[-73.5887,41.0384],[-73.593,41.0309],[-73.5931,41.0216],[-73.5893,41.0226],[-73.5892,41.0212],[-73.5894,41.0176],[-73.5951,41.0172],[-73.5922,41.0145],[-73.5947,41.0146],[-73.5933,41.0144],[-73.594,41.012],[-73.5924,41.0122],[-73.5924,41.011],[-73.589,41.0128],[-73.5866,41.0109],[-73.5862,41.0134],[-73.5884,41.013],[-73.5863,41.0151],[-73.5852,41.0145],[-73.5859,41.0155],[-73.5835,41.0134],[-73.5792,41.0202],[-73.5792,41.0162],[-73.5779,41.019],[-73.5768,41.0187],[-73.5785,41.0207],[-73.5748,41.0207],[-73.5752,41.0271],[-73.5738,41.0264],[-73.5743,41.0247],[-73.5716,41.0256],[-73.5736,41.0225],[-73.5708,41.0214],[-73.5695,41.0229],[-73.5684,41.0207],[-73.5703,41.0192],[-73.5679,41.0174],[-73.5661,41.018],[-73.567,41.0165],[-73.5656,41.0164],[-73.5681,41.0149],[-73.5688,41.0164],[-73.569,41.0143],[-73.5712,41.0134],[-73.5683,41.0137],[-73.5686,41.0111],[-73.5751,41.0037],[-73.5818,41.0074],[-73.5844,41.005],[-73.584,41.0009],[-73.5701,41.0016],[-73.5677,41.0109],[-73.5644,41.0146],[-73.5633,41.0137],[-73.5639,41.0151],[-73.562,41.0168],[-73.56,41.0167],[-73.5601,41.0155],[-73.5595,41.0169],[-73.5573,41.0166],[-73.5544,41.0224],[-73.5559,41.0233],[-73.5556,41.0284],[-73.5632,41.0402],[-73.5683,41.0597],[-73.6133,41.117]]]]},"properties":{"name":"Greenwich School District"}},{"type":"Feature","geometry":{"type":"Polygon","coordinates":[[[-73.4489,41.1538],[-73.4498,41.1572],[-73.4525,41.1596],[-73.464,41.1613],[-73.4665,41.1646],[-73.4653,41.176],[-73.4735,41.1819],[-73.4701,41.1896],[-73.4729,41.1914],[-73.472,41.1944],[-73.4789,41.2064],[-73.4803,41.2079],[-73.4837,41.208],[-73.4849,41.2118],[-73.5548,41.1799],[-73.5523,41.1761],[-73.5531,41.1742],[-73.5437,41.1637],[-73.5323,41.1546],[-73.5341,41.1498],[-73.5225,41.1189],[-73.5223,41.1146],[-73.4746,41.1147],[-73.4578,41.1364],[-73.4495,41.1501],[-73.4489,41.1538]]]},"properties":{"name":"New Canaan School District"}},{"type":"Feature","geometry":{"type":"Polygon","coordinates":[[[-73.4415,41.4913],[-73.4453,41.5095],[-73.4428,41.5141],[-73.4504,41.5347],[-73.5307,41.52],[-73.5371,41.4397],[-73.4269,41.4638],[-73.4297,41.4697],[-73.4313,41.4688],[-73.4332,41.472],[-73.4383,41.4741],[-73.4348,41.4689],[-73.4371,41.4654],[-73.4433,41.4724],[-73.4444,41.4776],[-73.443,41.4791],[-73.4429,41.4852],[-73.437,41.4836],[-73.4415,41.4913]]]},"properties":{"name":"New Fairfield School District"}},{"type":"Feature","geometry":{"type":"MultiPolygon","coordinates":[[[[-73.4052,41.055],[-73.406,41.0552],[-73.4055,41.0547],[-73.4052,41.055]]],[[[-73.4085,41.0552],[-73.4094,41.0553],[-73.4099,41.0549],[-73.4085,41.0552]]],[[[-73.4055,41.0572],[-73.4066,41.0566],[-73.406,41.0562],[-73.4055,41.0572]]],[[[-73.4102,41.0586],[-73.4106,41.0585],[-73.4106,41.0583],[-73.4102,41.0586]]],[[[-73.4051,41.0587],[-73.4059,41.0589],[-73.4058,41.0585],[-73.4051,41.0587]]],[[[-73.3904,41.0605],[-73.392,41.0613],[-73.3867,41.0587],[-73.3868,41.0599],[-73.3904,41.0605]]],[[[-73.4226,41.06],[-73.4218,41.0615],[-73.4235,41.0602],[-73.4226,41.06]]],[[[-73.4004,41.0624],[-73.4057,41.0619],[-73.4078,41.0589],[-73.4069,41.0582],[-73.4058,41.0604],[-73.4023,41.0585],[-73.4033,41.0539],[-73.4136,41.0529],[-73.4147,41.0536],[-73.4135,41.0547],[-73.4178,41.0542],[-73.4212,41.0483],[-73.4237,41.0472],[-73.4133,41.0527],[-73.4034,41.0533],[-73.4004,41.0624]]],[[[-73.4203,41.0633],[-73.4203,41.0634],[-73.4208,41.0631],[-73.4203,41.0633]]],[[[-73.3919,41.0638],[-73.3873,41.0663],[-73.3873,41.068],[-73.3906,41.0688],[-73.3946,41.0672],[-73.3949,41.0644],[-73.3919,41.0638]]],[[[-73.4187,41.07],[-73.4191,41.0695],[-73.4185,41.0695],[-73.4187,41.07]]],[[[-73.418,41.0704],[-73.418,41.0702],[-73.4176,41.0701],[-73.418,41.0704]]],[[[-73.3843,41.0697],[-73.3837,41.0716],[-73.3861,41.07],[-73.3843,41.0697]]],[[[-73.3889,41.0722],[-73.3872,41.0724],[-73.3886,41.073],[-73.3926,41.0706],[-73.3889,41.0722]]],[[[-73.4037,41.0733],[-73.4045,41.0729],[-73.4038,41.0729],[-73.4037,41.0733]]],[[[-73.4149,41.0742],[-73.4155,41.0748],[-73.4152,41.0739],[-73.4149,41.0742]]],[[[-73.4196,41.0742],[-73.4197,41.0754],[-73.4203,41.073],[-73.4196,41.0742]]],[[[-73.384,41.0826],[-73.3851,41.0827],[-73.3845,41.0821],[-73.384,41.0826]]],[[[-73.4056,41.0836],[-73.4065,41.0825],[-73.4058,41.0825],[-73.4056,41.0836]]],[[[-73.3848,41.0939],[-73.3833,41.0952],[-73.3833,41.0988],[-73.3849,41.0927],[-73.3848,41.0939]]],[[[-73.3813,41.1185],[-73.3801,41.1219],[-73.3827,41.1423],[-73.3888,41.149],[-73.3868,41.1698],[-73.3948,41.1718],[-73.4186,41.1609],[-73.4489,41.1538],[-73.4495,41.1501],[-73.4578,41.1364],[-73.4746,41.1147],[-73.4536,41.0919],[-73.4538,41.0875],[-73.4513,41.0886],[-73.4475,41.085],[-73.4459,41.0765],[-73.4475,41.0726],[-73.4437,41.071],[-73.4456,41.0583],[-73.4392,41.0555],[-73.4378,41.0569],[-73.4337,41.056],[-73.4342,41.0587],[-73.4329,41.0601],[-73.4368,41.0602],[-73.4358,41.0575],[-73.4381,41.0609],[-73.4412,41.0602],[-73.4409,41.0646],[-73.4401,41.0608],[-73.4358,41.0617],[-73.4342,41.0627],[-73.4321,41.0695],[-73.4301,41.0704],[-73.4297,41.0635],[-73.4247,41.0663],[-73.4246,41.072],[-73.421,41.0764],[-73.4235,41.0777],[-73.4221,41.078],[-73.4219,41.0814],[-73.4211,41.0778],[-73.4188,41.0761],[-73.4178,41.0784],[-73.416,41.0786],[-73.4172,41.0753],[-73.4147,41.0763],[-73.4134,41.0753],[-73.4124,41.0712],[-73.4086,41.0719],[-73.4083,41.0743],[-73.4075,41.0721],[-73.4084,41.0845],[-73.4115,41.0833],[-73.4114,41.0809],[-73.4159,41.0811],[-73.4107,41.0857],[-73.4122,41.0877],[-73.4103,41.0915],[-73.4127,41.0931],[-73.4167,41.1039],[-73.411,41.1074],[-73.4131,41.1093],[-73.4101,41.1148],[-73.4123,41.1184],[-73.4088,41.1132],[-73.4109,41.11],[-73.4095,41.1068],[-73.4145,41.1032],[-73.4147,41.1006],[-73.4103,41.096],[-73.4076,41.0965],[-73.4066,41.099],[-73.4038,41.0962],[-73.4043,41.0929],[-73.4021,41.0924],[-73.4004,41.094],[-73.4024,41.0868],[-73.3991,41.0868],[-73.397,41.093],[-73.3977,41.0885],[-73.3963,41.0869],[-73.3995,41.085],[-73.3987,41.083],[-73.396,41.0823],[-73.3933,41.0836],[-73.3922,41.0877],[-73.3869,41.0925],[-73.3868,41.0935],[-73.389,41.092],[-73.3873,41.0934],[-73.3896,41.0936],[-73.3915,41.0925],[-73.3899,41.098],[-73.3878,41.0986],[-73.3885,41.0954],[-73.3898,41.0957],[-73.3875,41.0946],[-73.3852,41.0982],[-73.3861,41.1004],[-73.3852,41.0993],[-73.3836,41.1004],[-73.3843,41.1073],[-73.3813,41.1185]]]]},"properties":{"name":"Norwalk School District"}},{"type":"Feature","geometry":{"type":"Polygon","coordinates":[[[-73.4701,41.3264],[-73.4854,41.3566],[-73.5016,41.362],[-73.5064,41.3774],[-73.5436,41.3751],[-73.551,41.2954],[-73.5025,41.2372],[-73.4692,41.252],[-73.4639,41.2528],[-73.461,41.2556],[-73.4382,41.2652],[-73.4471,41.2785],[-73.4512,41.306],[-73.4661,41.3122],[-73.4701,41.3264]]]},"properties":{"name":"Ridgefield School District"}},{"type":"Feature","geometry":{"type":"MultiPolygon","coordinates":[[[[-73.5394,41.0254],[-73.5393,41.0274],[-73.5406,41.0261],[-73.5394,41.0254]]],[[[-73.5354,41.0301],[-73.5359,41.0305],[-73.5361,41.0301],[-73.5354,41.0301]]],[[[-73.5047,41.0338],[-73.5052,41.0342],[-73.5053,41.0337],[-73.5047,41.0338]]],[[[-73.5089,41.0349],[-73.5104,41.0352],[-73.5095,41.0343],[-73.5089,41.0349]]],[[[-73.5055,41.0364],[-73.5072,41.0369],[-73.5045,41.0354],[-73.5055,41.0364]]],[[[-73.4959,41.0486],[-73.4961,41.0488],[-73.4964,41.0485],[-73.4959,41.0486]]],[[[-73.5447,41.1652],[-73.5531,41.1742],[-73.5523,41.1761],[-73.5548,41.1799],[-73.6339,41.144],[-73.5683,41.0597],[-73.5632,41.0402],[-73.5543,41.0242],[-73.5531,41.0235],[-73.5507,41.0255],[-73.5495,41.0309],[-73.5477,41.0279],[-73.5501,41.0268],[-73.549,41.0254],[-73.5501,41.025],[-73.5471,41.0224],[-73.5474,41.0262],[-73.5448,41.0252],[-73.5425,41.0292],[-73.5462,41.042],[-73.5446,41.0422],[-73.5433,41.0398],[-73.541,41.0323],[-73.5399,41.0358],[-73.5375,41.0314],[-73.5369,41.0356],[-73.5307,41.0402],[-73.5315,41.0454],[-73.5337,41.0479],[-73.5299,41.0456],[-73.5285,41.0391],[-73.5306,41.0392],[-73.5315,41.038],[-73.5299,41.0362],[-73.5319,41.0377],[-73.5335,41.0333],[-73.5342,41.035],[-73.5357,41.0328],[-73.5324,41.0327],[-73.5315,41.034],[-73.5326,41.0316],[-73.5302,41.0288],[-73.5312,41.0219],[-73.5289,41.0164],[-73.5273,41.0186],[-73.5227,41.0193],[-73.5168,41.0295],[-73.5221,41.0325],[-73.5222,41.0421],[-73.5187,41.0398],[-73.5207,41.0401],[-73.5204,41.0378],[-73.5108,41.0383],[-73.51,41.0395],[-73.5077,41.0374],[-73.5035,41.0429],[-73.503,41.0468],[-73.5017,41.0411],[-73.502,41.0429],[-73.4998,41.0428],[-73.4998,41.0457],[-73.496,41.0475],[-73.5026,41.0501],[-73.5022,41.0535],[-73.5081,41.0621],[-73.5101,41.0708],[-73.5154,41.0744],[-73.5182,41.0803],[-73.5146,41.0877],[-73.5149,41.0944],[-73.5094,41.1038],[-73.5114,41.1076],[-73.5093,41.1097],[-73.5065,41.1096],[-73.5008,41.1144],[-73.5223,41.1146],[-73.5225,41.1189],[-73.5341,41.1498],[-73.5323,41.1546],[-73.5447,41.1652]]]]},"properties":{"name":"Stamford School District"}},{"type":"Feature","geometry":{"type":"Polygon","coordinates":[[[-73.329,41.2134],[-73.3257,41.2162],[-73.3255,41.2201],[-73.3236,41.2219],[-73.3267,41.2259],[-73.3259,41.2275],[-73.3688,41.275],[-73.4301,41.2543],[-73.3716,41.1747],[-73.3336,41.1987],[-73.3325,41.205],[-73.3289,41.21],[-73.3304,41.211],[-73.329,41.2134]]]},"properties":{"name":"Weston School District"}},{"type":"Feature","geometry":{"type":"MultiPolygon","coordinates":[[[[-73.3836,41.0703],[-73.3821,41.071],[-73.3829,41.0722],[-73.3836,41.0703]]],[[[-73.372,41.0719],[-73.3728,41.0724],[-73.3731,41.0709],[-73.372,41.0719]]],[[[-73.3551,41.0874],[-73.3597,41.0857],[-73.3553,41.0872],[-73.3582,41.0854],[-73.3562,41.0845],[-73.357,41.0834],[-73.3624,41.083],[-73.3585,41.0821],[-73.3557,41.0836],[-73.3551,41.0874]]],[[[-73.381,41.0893],[-73.3801,41.0904],[-73.3829,41.0897],[-73.381,41.0893]]],[[[-73.3819,41.0972],[-73.3832,41.0987],[-73.3833,41.0952],[-73.3795,41.0952],[-73.3823,41.096],[-73.3805,41.0966],[-73.3819,41.0972]]],[[[-73.3681,41.107],[-73.3687,41.1072],[-73.3686,41.1066],[-73.3681,41.107]]],[[[-73.3608,41.1086],[-73.3605,41.1091],[-73.3612,41.1084],[-73.3608,41.1086]]],[[[-73.3597,41.1093],[-73.3601,41.1094],[-73.36,41.1091],[-73.3597,41.1093]]],[[[-73.3445,41.1142],[-73.3446,41.1137],[-73.3438,41.1142],[-73.3445,41.1142]]],[[[-73.3731,41.1154],[-73.3732,41.1147],[-73.3728,41.1147],[-73.3731,41.1154]]],[[[-73.3429,41.1153],[-73.3442,41.1155],[-73.3451,41.1151],[-73.3429,41.1153]]],[[[-73.3409,41.1172],[-73.3413,41.1177],[-73.3415,41.1168],[-73.3409,41.1172]]],[[[-73.3627,41.1438],[-73.3637,41.1455],[-73.3638,41.143],[-73.3627,41.1438]]],[[[-73.3634,41.1463],[-73.3637,41.1458],[-73.3633,41.1457],[-73.3634,41.1463]]],[[[-73.3635,41.1466],[-73.3639,41.1468],[-73.3638,41.1465],[-73.3635,41.1466]]],[[[-73.3445,41.1142],[-73.346,41.1145],[-73.3461,41.1169],[-73.3431,41.1166],[-73.3422,41.1205],[-73.34,41.1208],[-73.3405,41.1224],[-73.339,41.1223],[-73.3391,41.1195],[-73.3348,41.1214],[-73.3332,41.1201],[-73.3374,41.1183],[-73.3373,41.113],[-73.3392,41.1169],[-73.3401,41.1127],[-73.3402,41.1159],[-73.3413,41.1152],[-73.3417,41.1165],[-73.3444,41.1135],[-73.3392,41.1117],[-73.3307,41.11],[-73.32,41.1154],[-73.3119,41.1163],[-73.3095,41.1146],[-73.2991,41.1199],[-73.299,41.1252],[-73.2971,41.1264],[-73.2961,41.1337],[-73.299,41.1407],[-73.2988,41.1448],[-73.3034,41.1459],[-73.3043,41.149],[-73.306,41.1495],[-73.3048,41.1524],[-73.3074,41.1523],[-73.3385,41.1945],[-73.3716,41.1747],[-73.3796,41.1858],[-73.3871,41.1705],[-73.3884,41.158],[-73.3888,41.149],[-73.3827,41.1423],[-73.3801,41.1219],[-73.3844,41.1029],[-73.3836,41.1004],[-73.3813,41.1024],[-73.3773,41.099],[-73.3829,41.0992],[-73.3814,41.0974],[-73.3716,41.0953],[-73.368,41.0955],[-73.3661,41.0977],[-73.3686,41.1006],[-73.3677,41.0986],[-73.369,41.0983],[-73.3788,41.1044],[-73.3826,41.1039],[-73.3832,41.1059],[-73.3817,41.1043],[-73.3781,41.1054],[-73.3798,41.1063],[-73.3738,41.1152],[-73.3747,41.1166],[-73.3738,41.1177],[-73.3722,41.1131],[-73.3691,41.1187],[-73.3711,41.1239],[-73.3633,41.138],[-73.3654,41.1454],[-73.3644,41.1455],[-73.3666,41.1493],[-73.3633,41.1467],[-73.362,41.1379],[-73.3609,41.1391],[-73.3599,41.1374],[-73.3618,41.1368],[-73.3612,41.1337],[-73.3642,41.1317],[-73.3663,41.1324],[-73.3678,41.1303],[-73.3691,41.1239],[-73.3663,41.1222],[-73.3712,41.1083],[-73.3674,41.1078],[-73.3662,41.109],[-73.3654,41.1073],[-73.3636,41.1074],[-73.3606,41.1105],[-73.3576,41.1098],[-73.3576,41.1112],[-73.3567,41.11],[-73.3566,41.1118],[-73.3573,41.1074],[-73.359,41.1077],[-73.357,41.1086],[-73.3582,41.1094],[-73.3601,41.1084],[-73.3596,41.1073],[-73.3621,41.108],[-73.3646,41.1062],[-73.3545,41.1063],[-73.3576,41.1048],[-73.353,41.1014],[-73.352,41.1053],[-73.3457,41.1091],[-73.3464,41.1128],[-73.3445,41.1142]]]]},"properties":{"name":"Westport School District"}},{"type":"Feature","geometry":{"type":"Polygon","coordinates":[[[-73.4301,41.2543],[-73.4382,41.2652],[-73.461,41.2556],[-73.4639,41.2528],[-73.4692,41.252],[-73.5025,41.2372],[-73.4827,41.2128],[-73.4849,41.2118],[-73.4844,41.209],[-73.4789,41.2064],[-73.472,41.1944],[-73.4729,41.1914],[-73.4701,41.1896],[-73.4735,41.1819],[-73.4653,41.176],[-73.4665,41.1646],[-73.464,41.1613],[-73.4525,41.1596],[-73.4498,41.1572],[-73.4489,41.1538],[-73.4186,41.1609],[-73.3948,41.1718],[-73.3871,41.1705],[-73.3796,41.1858],[-73.4301,41.2543]]]},"properties":{"name":"Wilton School District"}},{"type":"Feature","geometry":{"type":"Polygon","coordinates":[[[-73.334,41.3199],[-73.3471,41.3504],[-73.3602,41.3468],[-73.4701,41.3264],[-73.4661,41.3122],[-73.4512,41.306],[-73.4471,41.2785],[-73.4301,41.2543],[-73.3688,41.275],[-73.3259,41.2275],[-73.3267,41.2259],[-73.3236,41.2219],[-73.3255,41.2201],[-73.3257,41.2162],[-73.329,41.2134],[-73.3019,41.2127],[-73.2908,41.2201],[-73.2883,41.2239],[-73.2843,41.2253],[-73.2795,41.2316],[-73.2633,41.2125],[-73.2621,41.2129],[-73.2566,41.2193],[-73.2514,41.2305],[-73.2361,41.2384],[-73.2745,41.2839],[-73.2743,41.2937],[-73.2782,41.2984],[-73.2761,41.3017],[-73.272,41.3039],[-73.2706,41.3072],[-73.2726,41.3182],[-73.306,41.3324],[-73.3333,41.3184],[-73.334,41.3199]]]},"properties":{"name":"Regional School District 09"}},{"type":"Feature","geometry":{"type":"Polygon","coordinates":[[[-73.2744,41.2938],[-73.2782,41.2984],[-73.2761,41.3017],[-73.272,41.3039],[-73.2706,41.3072],[-73.2727,41.3183],[-73.306,41.3324],[-73.3253,41.3225],[-73.316,41.3109],[-73.3157,41.3086],[-73.3048,41.2978],[-73.3688,41.275],[-73.3259,41.2275],[-73.3267,41.2259],[-73.3236,41.2219],[-73.3255,41.2201],[-73.3257,41.2162],[-73.329,41.2134],[-73.3019,41.2127],[-73.2908,41.2201],[-73.2883,41.2239],[-73.2843,41.2253],[-73.2795,41.2316],[-73.2633,41.2125],[-73.2566,41.2193],[-73.2514,41.2305],[-73.2361,41.2384],[-73.2745,41.2839],[-73.2744,41.2938]]]},"properties":{"name":"Easton School District"}},{"type":"Feature","geometry":{"type":"Polygon","coordinates":[[[-73.3253,41.3225],[-73.3333,41.3184],[-73.3471,41.3504],[-73.3602,41.3468],[-73.4701,41.3264],[-73.4661,41.3122],[-73.4512,41.306],[-73.4471,41.2785],[-73.4301,41.2543],[-73.3048,41.2978],[-73.3157,41.3086],[-73.316,41.3109],[-73.3253,41.3225]]]},"properties":{"name":"Redding School District"}},{"type":"Feature","geometry":{"type":"MultiPolygon","coordinates":[[[[-73.1627,41.1628],[-73.1623,41.1643],[-73.1641,41.1633],[-73.1627,41.1628]]],[[[-73.1644,41.1581],[-73.1634,41.1609],[-73.1672,41.1645],[-73.1717,41.1593],[-73.1644,41.1581]]],[[[-73.1966,41.2278],[-73.2011,41.2283],[-73.2015,41.2296],[-73.2073,41.2278],[-73.2442,41.2266],[-73.2191,41.1978],[-73.2204,41.188],[-73.2178,41.1828],[-73.2196,41.1816],[-73.2193,41.179],[-73.2257,41.1737],[-73.2277,41.1702],[-73.2277,41.169],[-73.225,41.1708],[-73.2246,41.1696],[-73.2236,41.1711],[-73.2223,41.1689],[-73.2236,41.1669],[-73.2372,41.1551],[-73.2361,41.1524],[-73.2337,41.1521],[-73.2331,41.1495],[-73.2348,41.1439],[-73.2277,41.1425],[-73.2227,41.1481],[-73.2238,41.1505],[-73.218,41.1535],[-73.217,41.1557],[-73.22,41.1555],[-73.2176,41.1584],[-73.2119,41.1587],[-73.2095,41.1603],[-73.2101,41.1622],[-73.2078,41.162],[-73.2049,41.166],[-73.2012,41.1663],[-73.2048,41.1643],[-73.208,41.1592],[-73.2168,41.1533],[-73.2159,41.1446],[-73.2179,41.1421],[-73.2169,41.1413],[-73.2155,41.1425],[-73.216,41.1483],[-73.2111,41.1534],[-73.1973,41.1598],[-73.19,41.1604],[-73.1893,41.1593],[-73.1853,41.1607],[-73.1845,41.1652],[-73.1794,41.1669],[-73.1851,41.1727],[-73.1865,41.1827],[-73.1894,41.1843],[-73.189,41.186],[-73.1855,41.1829],[-73.1845,41.1757],[-73.1812,41.1741],[-73.1782,41.1759],[-73.1715,41.1852],[-73.1784,41.1724],[-73.1729,41.1685],[-73.1651,41.1661],[-73.1651,41.1727],[-73.1645,41.1706],[-73.1614,41.1739],[-73.1595,41.1736],[-73.1638,41.1686],[-73.1622,41.166],[-73.1593,41.1738],[-73.1554,41.178],[-73.1542,41.1831],[-73.1552,41.1903],[-73.1538,41.1927],[-73.1628,41.2202],[-73.1576,41.2284],[-73.1695,41.2228],[-73.1863,41.2205],[-73.1907,41.2242],[-73.1832,41.2237],[-73.1845,41.2259],[-73.1814,41.2271],[-73.1883,41.2275],[-73.1909,41.225],[-73.1966,41.2278]]]]},"properties":{"name":"Bridgeport School District"}},{"type":"Feature","geometry":{"type":"Polygon","coordinates":[[[-73.2486,41.232],[-73.2514,41.2305],[-73.2566,41.2193],[-73.2621,41.2129],[-73.2633,41.2125],[-73.2796,41.2316],[-73.2843,41.2253],[-73.2883,41.2239],[-73.2908,41.2201],[-73.3019,41.2127],[-73.329,41.2134],[-73.3304,41.211],[-73.3289,41.21],[-73.3325,41.205],[-73.3335,41.1988],[-73.3377,41.1968],[-73.3385,41.1945],[-73.309,41.1545],[-73.3074,41.1523],[-73.3048,41.1524],[-73.306,41.1495],[-73.3043,41.149],[-73.3035,41.146],[-73.2981,41.1437],[-73.299,41.1407],[-73.2961,41.1337],[-73.2971,41.1264],[-73.2986,41.1247],[-73.2868,41.1279],[-73.2846,41.1318],[-73.2773,41.1357],[-73.2744,41.1396],[-73.2771,41.1333],[-73.2829,41.1316],[-73.2861,41.1274],[-73.2785,41.1252],[-73.2767,41.1216],[-73.2738,41.12],[-73.2624,41.1175],[-73.2525,41.1249],[-73.2424,41.1278],[-73.2406,41.135],[-73.2329,41.1476],[-73.2337,41.1521],[-73.2361,41.1524],[-73.2372,41.1551],[-73.2289,41.1615],[-73.2223,41.1689],[-73.2238,41.1712],[-73.2246,41.1696],[-73.225,41.1708],[-73.2278,41.1692],[-73.2257,41.1737],[-73.2193,41.179],[-73.2196,41.1816],[-73.2178,41.1828],[-73.2204,41.188],[-73.2191,41.1978],[-73.2486,41.232]]]},"properties":{"name":"Fairfield School District"}},{"type":"Feature","geometry":{"type":"MultiPolygon","coordinates":[[[[-73.1676,41.3835],[-73.1682,41.3836],[-73.1678,41.3835],[-73.1676,41.3835]]],[[[-73.1605,41.3837],[-73.1613,41.3839],[-73.1619,41.3838],[-73.1605,41.3837]]],[[[-73.1812,41.3896],[-73.1833,41.3917],[-73.1892,41.3884],[-73.1949,41.3885],[-73.1978,41.3828],[-73.2036,41.3792],[-73.2013,41.374],[-73.2022,41.3722],[-73.2103,41.3679],[-73.2224,41.364],[-73.2281,41.3652],[-73.2294,41.3665],[-73.2281,41.3687],[-73.2291,41.3703],[-73.306,41.3324],[-73.2727,41.3183],[-73.2706,41.3072],[-73.272,41.3039],[-73.2761,41.3017],[-73.2782,41.2984],[-73.2744,41.2938],[-73.2048,41.2994],[-73.1768,41.3376],[-73.1707,41.3579],[-73.1575,41.3765],[-73.1594,41.3786],[-73.1586,41.3827],[-73.1734,41.3836],[-73.1812,41.3896]]]]},"properties":{"name":"Monroe School District"}},{"type":"Feature","geometry":{"type":"MultiPolygon","coordinates":[[[[-73.1434,41.1531],[-73.1454,41.1535],[-73.1429,41.1524],[-73.1434,41.1531]]],[[[-73.116,41.195],[-73.1175,41.1938],[-73.117,41.1935],[-73.116,41.195]]],[[[-73.1093,41.2172],[-73.1114,41.2227],[-73.1104,41.2161],[-73.1093,41.2172]]],[[[-73.1066,41.2638],[-73.1059,41.2668],[-73.1083,41.2686],[-73.1469,41.2554],[-73.1454,41.2541],[-73.1432,41.2412],[-73.1407,41.238],[-73.1467,41.2368],[-73.1506,41.2323],[-73.1575,41.2286],[-73.1628,41.2202],[-73.1538,41.1927],[-73.1552,41.1903],[-73.1542,41.1831],[-73.1554,41.178],[-73.1593,41.1738],[-73.1614,41.1666],[-73.1599,41.1661],[-73.1628,41.1627],[-73.1584,41.162],[-73.1588,41.1607],[-73.1541,41.1567],[-73.1494,41.1559],[-73.148,41.1594],[-73.1469,41.1584],[-73.1487,41.1558],[-73.1476,41.1554],[-73.1439,41.1578],[-73.1437,41.1608],[-73.1426,41.1587],[-73.1401,41.1602],[-73.1401,41.1574],[-73.1427,41.1557],[-73.1346,41.1559],[-73.1369,41.1544],[-73.136,41.1528],[-73.1373,41.1537],[-73.1411,41.1522],[-73.1399,41.1501],[-73.1477,41.1545],[-73.1487,41.1536],[-73.1586,41.157],[-73.1634,41.1609],[-73.1644,41.158],[-73.1449,41.1518],[-73.1401,41.1489],[-73.1303,41.1468],[-73.1179,41.1512],[-73.103,41.1514],[-73.1013,41.1538],[-73.11,41.157],[-73.1087,41.164],[-73.1104,41.1662],[-73.109,41.1669],[-73.1146,41.1714],[-73.1208,41.1717],[-73.1194,41.1736],[-73.1222,41.172],[-73.1263,41.1732],[-73.1242,41.1769],[-73.121,41.1754],[-73.1248,41.1777],[-73.1244,41.181],[-73.1255,41.1813],[-73.1242,41.1815],[-73.1229,41.1877],[-73.1115,41.2005],[-73.111,41.205],[-73.1127,41.208],[-73.1115,41.2129],[-73.1139,41.2213],[-73.1143,41.2159],[-73.1157,41.2178],[-73.1139,41.2253],[-73.1053,41.2393],[-73.0925,41.2464],[-73.0887,41.2526],[-73.0915,41.2568],[-73.0947,41.2562],[-73.0972,41.2589],[-73.103,41.2595],[-73.1041,41.2632],[-73.1066,41.2638]]]]},"properties":{"name":"Stratford School District"}},{"type":"Feature","geometry":{"type":"Polygon","coordinates":[[[-73.1469,41.2554],[-73.1553,41.2691],[-73.1739,41.2686],[-73.2048,41.2994],[-73.2724,41.2941],[-73.2744,41.2938],[-73.2752,41.2918],[-73.2745,41.2839],[-73.2712,41.2793],[-73.2361,41.2384],[-73.2486,41.232],[-73.2442,41.2266],[-73.2073,41.2278],[-73.2015,41.2296],[-73.2011,41.2283],[-73.1909,41.225],[-73.1883,41.2275],[-73.1814,41.2271],[-73.1845,41.2259],[-73.1832,41.2237],[-73.1907,41.2242],[-73.1873,41.2205],[-73.1695,41.2228],[-73.1539,41.23],[-73.1467,41.2368],[-73.1407,41.238],[-73.1432,41.2412],[-73.1454,41.2541],[-73.1469,41.2554]]]},"properties":{"name":"Trumbull School District"}}]}
