{"type":"FeatureCollection", "features": [
{"type":"Feature","geometry":{"type":"MultiPolygon","coordinates":[[[[-73.92134,40.80085],[-73.92263,40.80187],[-73.92528,40.802],[-73.92651,40.80066],[-73.92748,40.79812],[-73.92689,40.79625],[-73.92735,40.79446],[-73.92827,40.79321],[-73.92827,40.79233],[-73.92714,40.79193],[-73.92787,40.79095],[-73.92972,40.79137],[-73.93148,40.79048],[-73.93313,40.78871],[-73.93571,40.78568],[-73.93607,40.78422],[-73.93502,40.78301],[-73.93064,40.78226],[-73.92849,40.78101],[-73.92732,40.78109],[-73.92572,40.78218],[-73.92448,40.78232],[-73.92285,40.78356],[-73.92189,40.7857],[-73.91851,40.78943],[-73.91812,40.79004],[-73.91711,40.79047],[-73.91514,40.79201],[-73.91378,40.79384],[-73.9138,40.79451],[-73.91545,40.79706],[-73.91663,40.79786],[-73.92031,40.79938],[-73.92134,40.80085]]],[[[-73.93443,40.80146],[-73.93837,40.80307],[-73.93919,40.80342],[-73.93925,40.80344],[-73.93985,40.8037],[-73.93998,40.80375],[-73.94044,40.80312],[-73.9409,40.80249],[-73.94337,40.79937],[-73.94595,40.80045],[-73.94697,40.79996],[-73.94771,40.79895],[-73.94782,40.79881],[-73.94785,40.79877],[-73.94923,40.79687],[-73.94942,40.79661],[-73.95016,40.79559],[-73.95111,40.79429],[-73.95252,40.79235],[-73.9531,40.79155],[-73.95389,40.79047],[-73.95482,40.7892],[-73.95173,40.78791],[-73.95161,40.78786],[-73.95068,40.78911],[-73.95056,40.78906],[-73.94746,40.78775],[-73.94826,40.78665],[-73.9484,40.78646],[-73.94841,40.78607],[-73.94862,40.78616],[-73.94839,40.7857],[-73.94712,40.78516],[-73.94709,40.78424],[-73.94644,40.78397],[-73.94472,40.78325],[-73.94465,40.78322],[-73.94395,40.78292],[-73.94389,40.78289],[-73.94247,40.7839],[-73.93983,40.78526],[-73.93812,40.78718],[-73.93706,40.78941],[-73.93583,40.79109],[-73.93348,40.79277],[-73.9302,40.79459],[-73.92928,40.79585],[-73.92904,40.79676],[-73.9289,40.79986],[-73.92902,40.80083],[-73.92964,40.80105],[-73.92988,40.80115],[-73.93022,40.80128],[-73.93045,40.80145],[-73.9312,40.80175],[-73.93331,40.80264],[-73.93406,40.80201],[-73.93443,40.80146]]]]},"properties":{"schooldist":"4"}},
{"type":"Feature","geometry":{"type":"Polygon","coordinates":[[[-73.9581,40.78471],[-73.95578,40.78791],[-73.95482,40.7892],[-73.95389,40.79047],[-73.9531,40.79155],[-73.95252,40.79235],[-73.95111,40.79429],[-73.95016,40.79559],[-73.94942,40.79661],[-73.94923,40.79687],[-73.94785,40.79877],[-73.94782,40.79881],[-73.94771,40.79895],[-73.94697,40.79996],[-73.94646,40.80067],[-73.94505,40.8026],[-73.9446,40.80323],[-73.9462,40.80391],[-73.94527,40.80517],[-73.95543,40.80943],[-73.95827,40.81063],[-73.95907,40.81096],[-73.95998,40.81135],[-73.96121,40.81188],[-73.96255,40.81243],[-73.96535,40.81394],[-73.9674,40.81102],[-73.96885,40.80875],[-73.97161,40.8051],[-73.97779,40.79628],[-73.98054,40.79246],[-73.98796,40.78177],[-73.98892,40.78023],[-73.98887,40.77969],[-73.9904,40.77759],[-73.99093,40.77757],[-73.99394,40.77318],[-73.9937,40.77303],[-73.99341,40.77288],[-73.99176,40.77217],[-73.99052,40.77164],[-73.99039,40.77159],[-73.98499,40.76932],[-73.98234,40.76822],[-73.98192,40.76803],[-73.97908,40.76688],[-73.97419,40.76481],[-73.97301,40.76428],[-73.97255,40.7649],[-73.97165,40.76614],[-73.96982,40.76865],[-73.9689,40.7699],[-73.96704,40.77246],[-73.96469,40.77568],[-73.96373,40.77701],[-73.96323,40.77768],[-73.96184,40.77958],[-73.96137,40.78023],[-73.96041,40.78152],[-73.95901,40.78346],[-73.9581,40.78471]]]},"properties":{"schooldist":"3"}},
{"type":"Feature","geometry":{"type":"Polygon","coordinates":[[[-73.93555,40.83513],[-73.93573,40.83516],[-73.9373,40.83398],[-73.93858,40.8329],[-73.93919,40.832],[-73.93931,40.83168],[-73.94014,40.83037],[-73.93963,40.83016],[-73.93864,40.82974],[-73.93896,40.82899],[-73.94059,40.82641],[-73.94154,40.82682],[-73.94278,40.82734],[-73.94306,40.82664],[-73.94476,40.82403],[-73.94672,40.81989],[-73.94801,40.81712],[-73.94937,40.81775],[-73.95088,40.81839],[-73.95508,40.8201],[-73.95841,40.8215],[-73.95846,40.82152],[-73.95872,40.82163],[-73.96,40.82038],[-73.9634,40.81668],[-73.96535,40.81394],[-73.96255,40.81243],[-73.96121,40.81188],[-73.95998,40.81135],[-73.95907,40.81096],[-73.95827,40.81063],[-73.95543,40.80943],[-73.94527,40.80517],[-73.9462,40.80391],[-73.9446,40.80323],[-73.94505,40.8026],[-73.94646,40.80067],[-73.94595,40.80045],[-73.94337,40.79937],[-73.9409,40.80249],[-73.93998,40.80375],[-73.93985,40.8037],[-73.93925,40.80344],[-73.93919,40.80342],[-73.93837,40.80307],[-73.93443,40.80146],[-73.93406,40.80201],[-73.93331,40.80264],[-73.9312,40.80175],[-73.93045,40.80145],[-73.93022,40.80128],[-73.92988,40.80115],[-73.92964,40.80105],[-73.92902,40.80083],[-73.92997,40.8032],[-73.93116,40.80497],[-73.93356,40.8076],[-73.93434,40.80956],[-73.93398,40.81281],[-73.93379,40.81715],[-73.93442,40.82704],[-73.93517,40.83287],[-73.93496,40.83468],[-73.93549,40.83476],[-73.9355,40.83509],[-73.93555,40.83513]]]},"properties":{"schooldist":"5"}},
{"type":"Feature","geometry":{"type":"Polygon","coordinates":[[[-73.72463,40.72434],[-73.71693,40.72639],[-73.7105,40.72723],[-73.70766,40.72783],[-73.70206,40.73644],[-73.70081,40.73844],[-73.70002,40.73924],[-73.70058,40.74318],[-73.70089,40.74706],[-73.70163,40.75249],[-73.70273,40.75325],[-73.70783,40.75622],[-73.71245,40.75924],[-73.71658,40.76178],[-73.72098,40.76476],[-73.72153,40.76482],[-73.73206,40.7713],[-73.73389,40.77253],[-73.7377,40.77479],[-73.73938,40.77601],[-73.74008,40.77621],[-73.74404,40.77859],[-73.74462,40.77792],[-73.74541,40.77898],[-73.74611,40.77846],[-73.74687,40.77888],[-73.74806,40.78028],[-73.75021,40.7824],[-73.75184,40.78234],[-73.753,40.78129],[-73.75391,40.77978],[-73.75514,40.77641],[-73.75424,40.77527],[-73.75337,40.77321],[-73.75438,40.77204],[-73.75557,40.77153],[-73.7547,40.76971],[-73.75489,40.76718],[-73.75347,40.76545],[-73.7541,40.76535],[-73.75547,40.76637],[-73.75864,40.76736],[-73.75881,40.76818],[-73.7596,40.76872],[-73.76126,40.7704],[-73.76418,40.77283],[-73.76573,40.7746],[-73.767,40.7767],[-73.76816,40.7794],[-73.77061,40.78208],[-73.77087,40.78194],[-73.771,40.78187],[-73.77235,40.78113],[-73.77327,40.78061],[-73.7756,40.77932],[-73.77584,40.77861],[-73.77678,40.77841],[-73.7828,40.77667],[-73.78408,40.77629],[-73.78441,40.77619],[-73.78448,40.77617],[-73.78455,40.77763],[-73.78464,40.77902],[-73.78474,40.77908],[-73.78489,40.77904],[-73.7908,40.77726],[-73.79077,40.7772],[-73.7904,40.77704],[-73.79022,40.77695],[-73.79004,40.77685],[-73.78973,40.77618],[-73.78943,40.7755],[-73.78914,40.77485],[-73.78984,40.77469],[-73.79227,40.77399],[-73.79255,40.77297],[-73.79217,40.77303],[-73.79179,40.77055],[-73.79223,40.77038],[-73.79189,40.77005],[-73.79238,40.76948],[-73.79235,40.76945],[-73.7915,40.76845],[-73.7906,40.76742],[-73.7885,40.76457],[-73.78714,40.76371],[-73.78542,40.76251],[-73.7853,40.76198],[-73.78533,40.76184],[-73.79081,40.76138],[-73.79337,40.76119],[-73.79322,40.75915],[-73.79303,40.75776],[-73.79122,40.7578],[-73.7885,40.75787],[-73.78823,40.75765],[-73.78805,40.75604],[-73.78733,40.75583],[-73.78521,40.75588],[-73.78538,40.75521],[-73.78502,40.75509],[-73.7854,40.75379],[-73.78598,40.75371],[-73.78632,40.75266],[-73.78621,40.75252],[-73.78653,40.75246],[-73.78668,40.75241],[-73.78683,40.75235],[-73.78786,40.75185],[-73.78888,40.75185],[-73.78996,40.75104],[-73.79042,40.75091],[-73.79134,40.75066],[-73.79207,40.75046],[-73.79211,40.75046],[-73.79219,40.75024],[-73.79227,40.74904],[-73.79234,40.74789],[-73.79242,40.74677],[-73.79468,40.74721],[-73.79448,40.74567],[-73.79445,40.7452],[-73.79446,40.74497],[-73.79449,40.74474],[-73.79454,40.74451],[-73.79465,40.74425],[-73.79501,40.74374],[-73.79543,40.74326],[-73.79614,40.74257],[-73.79639,40.74235],[-73.79695,40.74193],[-73.79727,40.74056],[-73.79728,40.74045],[-73.79726,40.74021],[-73.79722,40.7401],[-73.79629,40.73855],[-73.79672,40.73842],[-73.79641,40.73833],[-73.79685,40.73824],[-73.79911,40.73821],[-73.80132,40.73828],[-73.80466,40.73835],[-73.80474,40.73677],[-73.8048,40.73494],[-73.80294,40.73486],[-73.80316,40.7316],[-73.80324,40.73048],[-73.80233,40.73051],[-73.80107,40.7302],[-73.80095,40.72847],[-73.80119,40.72845],[-73.80107,40.72809],[-73.80077,40.72746],[-73.80018,40.72436],[-73.80019,40.72294],[-73.79332,40.72529],[-73.78964,40.72642],[-73.78831,40.72596],[-73.7861,40.72393],[-73.78438,40.72154],[-73.78502,40.71983],[-73.7849,40.71781],[-73.78404,40.71757],[-73.78209,40.71762],[-73.78054,40.71794],[-73.77987,40.7187],[-73.77666,40.71852],[-73.77428,40.71929],[-73.77457,40.7202],[-73.77447,40.72029],[-73.77391,40.72099],[-73.77085,40.71997],[-73.76996,40.72078],[-73.7685,40.72129],[-73.76791,40.72224],[-73.76862,40.72443],[-73.76953,40.72561],[-73.76629,40.72632],[-73.76476,40.7264],[-73.76103,40.72589],[-73.75923,40.72581],[-73.7567,40.72623],[-73.75477,40.72524],[-73.75323,40.72619],[-73.74984,40.72781],[-73.75081,40.729],[-73.74672,40.73248],[-73.7463,40.73118],[-73.74556,40.73064],[-73.73871,40.72909],[-73.73816,40.72896],[-73.73714,40.72897],[-73.73648,40.73066],[-73.73572,40.73085],[-73.72919,40.73077],[-73.72585,40.73027],[-73.72428,40.73019],[-73.72354,40.72972],[-73.72363,40.72906],[-73.72463,40.72434]]]},"properties":{"schooldist":"26"}},
{"type":"Feature","geometry":{"type":"Polygon","coordinates":[[[-73.73816,40.72896],[-73.73871,40.72909],[-73.74556,40.73064],[-73.7463,40.73118],[-73.74672,40.73248],[-73.75081,40.729],[-73.74984,40.72781],[-73.75323,40.72619],[-73.75477,40.72524],[-73.7567,40.72623],[-73.75923,40.72581],[-73.76103,40.72589],[-73.76476,40.7264],[-73.76629,40.72632],[-73.76953,40.72561],[-73.76862,40.72443],[-73.76791,40.72224],[-73.7685,40.72129],[-73.76996,40.72078],[-73.77085,40.71997],[-73.77391,40.72099],[-73.77447,40.72029],[-73.77457,40.7202],[-73.77428,40.71929],[-73.77666,40.71852],[-73.77987,40.7187],[-73.78054,40.71794],[-73.78209,40.71762],[-73.78404,40.71757],[-73.7849,40.71781],[-73.78502,40.71983],[-73.78438,40.72154],[-73.7861,40.72393],[-73.78831,40.72596],[-73.78964,40.72642],[-73.79332,40.72529],[-73.80019,40.72294],[-73.80364,40.72175],[-73.80269,40.71951],[-73.80397,40.71929],[-73.80314,40.71621],[-73.7996,40.7169],[-73.79801,40.71729],[-73.79732,40.71533],[-73.79714,40.71488],[-73.79562,40.71176],[-73.79395,40.70862],[-73.79299,40.70715],[-73.79123,40.70422],[-73.79247,40.70393],[-73.79076,40.70198],[-73.79047,40.70176],[-73.79026,40.70156],[-73.78903,40.70033],[-73.7869,40.69839],[-73.78487,40.69752],[-73.78416,40.69708],[-73.78211,40.69524],[-73.78092,40.69384],[-73.7792,40.69165],[-73.77662,40.68836],[-73.77448,40.68673],[-73.77315,40.68581],[-73.7724,40.68528],[-73.76974,40.68379],[-73.76968,40.68432],[-73.76907,40.68477],[-73.76782,40.68478],[-73.76787,40.68516],[-73.76611,40.68521],[-73.76553,40.68568],[-73.76519,40.68583],[-73.76407,40.68595],[-73.76348,40.68587],[-73.76292,40.68603],[-73.76246,40.68536],[-73.76205,40.68477],[-73.76134,40.68378],[-73.76061,40.68278],[-73.76113,40.68302],[-73.76191,40.68224],[-73.76198,40.68154],[-73.76284,40.68044],[-73.76326,40.68056],[-73.76389,40.68081],[-73.76391,40.6805],[-73.76641,40.67985],[-73.76937,40.67935],[-73.77104,40.67938],[-73.77143,40.67914],[-73.77034,40.67843],[-73.76563,40.6755],[-73.76372,40.67432],[-73.76435,40.67185],[-73.76355,40.67077],[-73.76388,40.66938],[-73.76461,40.66736],[-73.76544,40.66679],[-73.76621,40.66688],[-73.77017,40.66732],[-73.77109,40.66739],[-73.77365,40.6707],[-73.77432,40.67082],[-73.7745,40.67033],[-73.77587,40.67001],[-73.77612,40.66961],[-73.78108,40.66803],[-73.78063,40.66752],[-73.78037,40.66725],[-73.78014,40.66698],[-73.78331,40.66676],[-73.78588,40.6665],[-73.78572,40.66455],[-73.78491,40.6637],[-73.78481,40.6635],[-73.78076,40.66241],[-73.77671,40.66071],[-73.77485,40.66015],[-73.77435,40.65993],[-73.76475,40.65475],[-73.76278,40.65362],[-73.75745,40.65058],[-73.74857,40.64555],[-73.74832,40.6454],[-73.74813,40.64527],[-73.74795,40.64514],[-73.74778,40.645],[-73.74762,40.64486],[-73.74746,40.64472],[-73.74338,40.64065],[-73.74392,40.63946],[-73.74102,40.63792],[-73.74081,40.63741],[-73.74211,40.63606],[-73.74198,40.63498],[-73.74,40.63531],[-73.73947,40.63571],[-73.74126,40.6389],[-73.74227,40.64012],[-73.74142,40.6405],[-73.74205,40.64147],[-73.74166,40.6422],[-73.74144,40.64689],[-73.73904,40.6482],[-73.73514,40.64973],[-73.73029,40.65037],[-73.72523,40.652],[-73.72498,40.65425],[-73.7255,40.65552],[-73.72557,40.65673],[-73.72644,40.65916],[-73.72793,40.66175],[-73.72786,40.66507],[-73.72827,40.66643],[-73.72756,40.67416],[-73.72624,40.67722],[-73.72563,40.67959],[-73.72591,40.68266],[-73.7258,40.68435],[-73.72616,40.68845],[-73.72665,40.70111],[-73.72705,40.7095],[-73.72697,40.71071],[-73.72918,40.71917],[-73.73033,40.72216],[-73.72947,40.72262],[-73.72463,40.72434],[-73.72363,40.72906],[-73.72354,40.72972],[-73.72428,40.73019],[-73.72585,40.73027],[-73.72919,40.73077],[-73.73572,40.73085],[-73.73648,40.73066],[-73.73714,40.72897],[-73.73816,40.72896]]]},"properties":{"schooldist":"29"}},
{"type":"Feature","geometry":{"type":"Polygon","coordinates":[[[-73.96983,40.70025],[-73.97284,40.70273],[-73.97332,40.70241],[-73.97081,40.7001],[-73.97114,40.69992],[-73.97319,40.70167],[-73.97432,40.70119],[-73.97536,40.69958],[-73.9758,40.69975],[-73.97455,40.70159],[-73.97601,40.70195],[-73.97693,40.7028],[-73.97596,40.70472],[-73.97721,40.70421],[-73.97802,40.70429],[-73.97868,40.70545],[-73.97928,40.70579],[-73.98091,40.70591],[-73.98093,40.70537],[-73.98344,40.70564],[-73.98829,40.70507],[-73.9883,40.70454],[-73.99009,40.70494],[-73.99095,40.70403],[-73.99213,40.70469],[-73.99457,40.70438],[-73.99545,40.70328],[-73.99619,40.70338],[-73.99814,40.70152],[-73.9967,40.70088],[-73.9975,40.69964],[-73.99947,40.70032],[-74.00002,40.69947],[-73.99802,40.69876],[-73.99838,40.69806],[-74.00049,40.69876],[-74.00105,40.69791],[-73.99876,40.69712],[-74.00027,40.69497],[-74.0024,40.69571],[-74.00301,40.69478],[-74.00096,40.69407],[-74.00127,40.6933],[-74.00345,40.69405],[-74.00401,40.69321],[-74.00174,40.69241],[-74.00179,40.69218],[-74.00062,40.69204],[-74.00019,40.6919],[-73.99951,40.69165],[-73.99929,40.69159],[-73.99777,40.69119],[-73.99623,40.69076],[-73.99591,40.69142],[-73.99508,40.69315],[-73.9931,40.69285],[-73.98947,40.69229],[-73.98821,40.69181],[-73.98646,40.6911],[-73.9851,40.69056],[-73.98296,40.6897],[-73.98155,40.68915],[-73.98093,40.6889],[-73.98057,40.68876],[-73.97835,40.68789],[-73.9775,40.68754],[-73.97655,40.687],[-73.97561,40.68679],[-73.97552,40.68676],[-73.97444,40.68631],[-73.97428,40.68551],[-73.97378,40.68313],[-73.97376,40.68305],[-73.97595,40.68351],[-73.97632,40.68251],[-73.97702,40.68149],[-73.97962,40.68249],[-73.98004,40.68185],[-73.98242,40.68278],[-73.9829,40.68207],[-73.98326,40.68152],[-73.985,40.67898],[-73.98586,40.67771],[-73.98353,40.6768],[-73.98341,40.67675],[-73.97839,40.6748],[-73.97796,40.67544],[-73.97547,40.67447],[-73.97101,40.67275],[-73.97088,40.67271],[-73.97041,40.67265],[-73.97,40.67263],[-73.96966,40.67264],[-73.9692,40.6728],[-73.96877,40.67294],[-73.96805,40.67305],[-73.96605,40.67266],[-73.96373,40.672],[-73.96259,40.67175],[-73.96261,40.67185],[-73.96279,40.67277],[-73.96314,40.67457],[-73.96328,40.67527],[-73.96286,40.67641],[-73.96223,40.67817],[-73.96154,40.68009],[-73.96135,40.68046],[-73.95829,40.67983],[-73.95529,40.6792],[-73.95299,40.67872],[-73.9487,40.67842],[-73.94862,40.67841],[-73.94692,40.67832],[-73.94415,40.67816],[-73.94183,40.67803],[-73.94138,40.67801],[-73.93984,40.67792],[-73.93862,40.67786],[-73.93844,40.67979],[-73.9374,40.67973],[-73.93764,40.68096],[-73.93779,40.68169],[-73.9375,40.68173],[-73.93486,40.68203],[-73.93515,40.6835],[-73.93808,40.68316],[-73.93822,40.68389],[-73.93852,40.68535],[-73.93866,40.68609],[-73.93895,40.68756],[-73.93939,40.68787],[-73.94235,40.68759],[-73.94428,40.68739],[-73.94462,40.6869],[-73.94471,40.68737],[-73.94477,40.68764],[-73.94491,40.68837],[-73.94506,40.6891],[-73.94535,40.69057],[-73.94564,40.69203],[-73.9457,40.69233],[-73.94593,40.6935],[-73.94877,40.69317],[-73.94906,40.69464],[-73.95234,40.69426],[-73.95292,40.6972],[-73.95658,40.69678],[-73.95583,40.69299],[-73.95677,40.69288],[-73.95899,40.69263],[-73.95858,40.69055],[-73.96029,40.69035],[-73.96074,40.69242],[-73.9619,40.6923],[-73.96233,40.69386],[-73.96404,40.69356],[-73.96561,40.69349],[-73.96688,40.69334],[-73.96735,40.6957],[-73.96738,40.69585],[-73.96773,40.69772],[-73.96874,40.69776],[-73.96973,40.6978],[-73.9697,40.69912],[-73.96983,40.70025]]]},"properties":{"schooldist":"13"}},
{"type":"Feature","geometry":{"type":"Polygon","coordinates":[[[-73.9129,40.70236],[-73.91181,40.70343],[-73.91329,40.70431],[-73.91403,40.70475],[-73.91551,40.70563],[-73.91848,40.70738],[-73.91956,40.70802],[-73.9207,40.70869],[-73.92189,40.7094],[-73.92741,40.70854],[-73.93207,40.70779],[-73.93392,40.70749],[-73.93281,40.70358],[-73.93732,40.70271],[-73.9367,40.70253],[-73.93674,40.70239],[-73.93759,40.70206],[-73.93608,40.70148],[-73.93582,40.70048],[-73.93593,40.70002],[-73.9337,40.6981],[-73.9341,40.6976],[-73.9348,40.69674],[-73.93193,40.69511],[-73.93147,40.69486],[-73.9297,40.69386],[-73.92883,40.69335],[-73.92778,40.69276],[-73.92632,40.69193],[-73.92535,40.69137],[-73.92281,40.68992],[-73.92131,40.68907],[-73.91878,40.68763],[-73.91755,40.68693],[-73.9168,40.6865],[-73.91605,40.68607],[-73.91529,40.68565],[-73.91454,40.68523],[-73.91304,40.68437],[-73.91077,40.68309],[-73.90938,40.68451],[-73.90788,40.68366],[-73.90775,40.68305],[-73.90838,40.68238],[-73.90923,40.68224],[-73.90906,40.68211],[-73.90702,40.68095],[-73.90628,40.68051],[-73.90627,40.68051],[-73.90592,40.68074],[-73.90547,40.68134],[-73.90488,40.68195],[-73.90474,40.68201],[-73.90369,40.68263],[-73.9039,40.68295],[-73.90576,40.684],[-73.90449,40.6863],[-73.90497,40.6866],[-73.90508,40.68741],[-73.9033,40.68963],[-73.90189,40.69108],[-73.9014,40.69159],[-73.90155,40.69168],[-73.90207,40.692],[-73.90354,40.69285],[-73.9058,40.69413],[-73.90426,40.6957],[-73.9054,40.69635],[-73.90727,40.6974],[-73.90757,40.69757],[-73.91107,40.69956],[-73.91181,40.69995],[-73.91068,40.70105],[-73.91216,40.70192],[-73.9129,40.70236]]]},"properties":{"schooldist":"32"}},
{"type":"Feature","geometry":{"type":"Polygon","coordinates":[[[-73.92026,40.85367],[-73.92174,40.85422],[-73.92395,40.85122],[-73.92465,40.84979],[-73.92767,40.84603],[-73.92862,40.84468],[-73.92919,40.84282],[-73.93037,40.84062],[-73.93052,40.83993],[-73.933,40.83568],[-73.93361,40.83279],[-73.93323,40.8312],[-73.93287,40.83117],[-73.93268,40.83115],[-73.93263,40.83113],[-73.93237,40.83106],[-73.9321,40.831],[-73.93071,40.83057],[-73.92941,40.82957],[-73.92868,40.82914],[-73.92727,40.82827],[-73.92698,40.82813],[-73.92494,40.82751],[-73.92271,40.82685],[-73.92194,40.82663],[-73.92169,40.82656],[-73.92115,40.8264],[-73.91846,40.82558],[-73.91657,40.82498],[-73.91384,40.82419],[-73.91317,40.82546],[-73.91192,40.82505],[-73.91059,40.82463],[-73.90992,40.82585],[-73.90821,40.82531],[-73.90793,40.826],[-73.90774,40.82649],[-73.90765,40.8267],[-73.90703,40.82828],[-73.90652,40.8286],[-73.90624,40.82814],[-73.90491,40.82728],[-73.90508,40.82711],[-73.90429,40.82692],[-73.90352,40.8267],[-73.90328,40.82664],[-73.90275,40.82652],[-73.90206,40.8282],[-73.90094,40.82793],[-73.90019,40.82973],[-73.89973,40.83081],[-73.89927,40.83046],[-73.89941,40.83011],[-73.89948,40.82994],[-73.89879,40.8301],[-73.89908,40.83196],[-73.89645,40.83358],[-73.89679,40.83413],[-73.89761,40.83536],[-73.89775,40.83626],[-73.89711,40.83798],[-73.8941,40.84219],[-73.89485,40.84263],[-73.8951,40.84277],[-73.89528,40.84288],[-73.89538,40.84294],[-73.8929,40.84627],[-73.89337,40.8464],[-73.89385,40.84647],[-73.89536,40.84652],[-73.89618,40.84666],[-73.89573,40.84779],[-73.8965,40.84804],[-73.89851,40.8487],[-73.89879,40.84878],[-73.89881,40.84879],[-73.9001,40.84921],[-73.89837,40.85191],[-73.90001,40.85252],[-73.9017,40.85314],[-73.90277,40.85221],[-73.90275,40.85191],[-73.9032,40.85212],[-73.90364,40.85238],[-73.90645,40.85347],[-73.90733,40.85382],[-73.91058,40.85018],[-73.91197,40.84823],[-73.91286,40.84839],[-73.91494,40.8488],[-73.91443,40.85004],[-73.91497,40.85024],[-73.91522,40.85036],[-73.91543,40.85048],[-73.91559,40.85059],[-73.91572,40.8507],[-73.91582,40.85082],[-73.91591,40.85095],[-73.91596,40.8514],[-73.91606,40.85174],[-73.91741,40.85215],[-73.91833,40.85298],[-73.91881,40.85292],[-73.91911,40.85308],[-73.91983,40.85345],[-73.91988,40.85347],[-73.92026,40.85367]]]},"properties":{"schooldist":"9"}},
{"type":"Feature","geometry":{"type":"MultiPolygon","coordinates":[[[[-73.92137,40.66549],[-73.92188,40.66557],[-73.92216,40.66526],[-73.92137,40.66549]]],[[[-73.92044,40.66563],[-73.92061,40.6658],[-73.92095,40.66575],[-73.92137,40.66549],[-73.92118,40.6654],[-73.92044,40.66563]]],[[[-73.92044,40.66563],[-73.92029,40.66501],[-73.92011,40.66434],[-73.92005,40.66409],[-73.92084,40.66415],[-73.92122,40.66405],[-73.92163,40.66384],[-73.91978,40.66329],[-73.91976,40.66318],[-73.91975,40.66314],[-73.91973,40.66308],[-73.91973,40.66304],[-73.9196,40.66215],[-73.91959,40.662],[-73.91974,40.66077],[-73.91568,40.65713],[-73.91254,40.6543],[-73.91233,40.65413],[-73.91093,40.65417],[-73.91071,40.65418],[-73.90877,40.65446],[-73.90784,40.65459],[-73.90692,40.65474],[-73.90556,40.65494],[-73.90507,40.65501],[-73.90446,40.6551],[-73.90318,40.65531],[-73.90272,40.65553],[-73.9023,40.65578],[-73.90065,40.65704],[-73.90029,40.65721],[-73.89989,40.65727],[-73.89904,40.65737],[-73.89922,40.65911],[-73.90003,40.66228],[-73.90085,40.66535],[-73.90132,40.66687],[-73.90172,40.66681],[-73.90254,40.66935],[-73.90271,40.66987],[-73.9036,40.67206],[-73.90452,40.67193],[-73.90524,40.67472],[-73.90347,40.67551],[-73.90293,40.67668],[-73.90335,40.67711],[-73.90349,40.6789],[-73.90291,40.67954],[-73.90281,40.68234],[-73.9039,40.68295],[-73.90369,40.68263],[-73.90474,40.68201],[-73.90488,40.68195],[-73.90547,40.68134],[-73.90592,40.68074],[-73.90627,40.68051],[-73.90628,40.68051],[-73.90702,40.68095],[-73.90906,40.68211],[-73.90923,40.68224],[-73.90838,40.68238],[-73.90775,40.68305],[-73.90788,40.68366],[-73.90938,40.68451],[-73.91077,40.68309],[-73.91304,40.68437],[-73.91454,40.68523],[-73.91529,40.68565],[-73.91605,40.68607],[-73.9168,40.6865],[-73.91801,40.68582],[-73.91788,40.68509],[-73.91741,40.68403],[-73.91754,40.68366],[-73.91728,40.68218],[-73.91698,40.68183],[-73.91717,40.68163],[-73.91708,40.6812],[-73.91676,40.68076],[-73.9163,40.67858],[-73.91635,40.67782],[-73.91646,40.67665],[-73.91669,40.67428],[-73.91721,40.67386],[-73.91908,40.67398],[-73.92159,40.67406],[-73.92213,40.67368],[-73.92172,40.67352],[-73.92178,40.67305],[-73.92221,40.67279],[-73.92176,40.67249],[-73.92023,40.67239],[-73.9199,40.67187],[-73.92002,40.67164],[-73.92005,40.67124],[-73.91979,40.67087],[-73.91988,40.66998],[-73.92002,40.66952],[-73.92004,40.66914],[-73.92005,40.66828],[-73.92015,40.66823],[-73.92098,40.66769],[-73.92095,40.66759],[-73.92094,40.66754],[-73.92091,40.66743],[-73.92058,40.66615],[-73.92044,40.66563]]]]},"properties":{"schooldist":"23"}},
{"type":"Feature","geometry":{"type":"MultiPolygon","coordinates":[[[[-74.20313,40.5796],[-74.20475,40.57938],[-74.20592,40.57862],[-74.20704,40.57641],[-74.20728,40.57525],[-74.207,40.57365],[-74.20494,40.57378],[-74.20232,40.57366],[-74.20097,40.57456],[-74.20054,40.57576],[-74.20095,40.57703],[-74.20057,40.57893],[-74.20261,40.57905],[-74.20313,40.5796]]],[[[-74.05314,40.5777],[-74.05293,40.5799],[-74.05369,40.58055],[-74.05469,40.57969],[-74.0549,40.57778],[-74.05406,40.57712],[-74.05314,40.5777]]],[[[-74.19867,40.61412],[-74.20055,40.6136],[-74.20155,40.61395],[-74.20244,40.61328],[-74.2023,40.61188],[-74.20282,40.60827],[-74.20222,40.60597],[-74.20139,40.60464],[-74.20015,40.60368],[-74.19876,40.60171],[-74.1981,40.60269],[-74.19831,40.60342],[-74.20033,40.60629],[-74.20074,40.60779],[-74.20032,40.60971],[-74.1984,40.61267],[-74.19867,40.61412]]],[[[-74.15946,40.64145],[-74.15756,40.64324],[-74.1581,40.64376],[-74.16153,40.64416],[-74.16111,40.64184],[-74.15946,40.64145]]],[[[-74.08221,40.64828],[-74.08484,40.64889],[-74.08571,40.64888],[-74.08767,40.64824],[-74.0894,40.64731],[-74.09469,40.64556],[-74.09605,40.64537],[-74.0985,40.64537],[-74.10013,40.64506],[-74.10307,40.64564],[-74.10886,40.64558],[-74.11116,40.6451],[-74.11333,40.64372],[-74.1177,40.64154],[-74.11953,40.64147],[-74.12071,40.64105],[-74.12145,40.6415],[-74.12278,40.64134],[-74.12286,40.64082],[-74.12416,40.64013],[-74.12635,40.64038],[-74.12753,40.64016],[-74.12931,40.64034],[-74.13108,40.64103],[-74.13126,40.6416],[-74.13283,40.64142],[-74.13435,40.64189],[-74.13918,40.64085],[-74.1423,40.64031],[-74.14336,40.63971],[-74.14395,40.63888],[-74.14484,40.63935],[-74.1475,40.63891],[-74.14878,40.63888],[-74.14979,40.63789],[-74.15056,40.63856],[-74.1512,40.63773],[-74.1527,40.63764],[-74.15425,40.63717],[-74.15478,40.63772],[-74.15789,40.63797],[-74.15893,40.63826],[-74.16228,40.63877],[-74.16168,40.64061],[-74.16325,40.64096],[-74.16345,40.63986],[-74.16519,40.64064],[-74.16563,40.64121],[-74.16906,40.64213],[-74.17149,40.64177],[-74.17249,40.64284],[-74.17297,40.64424],[-74.17415,40.64508],[-74.1753,40.64508],[-74.17571,40.64457],[-74.17548,40.64346],[-74.17667,40.64339],[-74.17879,40.6425],[-74.17935,40.64322],[-74.17933,40.6444],[-74.18298,40.64479],[-74.18652,40.64339],[-74.19372,40.63757],[-74.19462,40.63739],[-74.19449,40.63645],[-74.19734,40.633],[-74.19851,40.63278],[-74.20014,40.63148],[-74.20048,40.62966],[-74.20099,40.62934],[-74.20142,40.62607],[-74.20098,40.62536],[-74.20108,40.62408],[-74.20158,40.6235],[-74.20131,40.62166],[-74.20077,40.62057],[-74.20104,40.6201],[-74.20035,40.61829],[-74.20083,40.61709],[-74.19806,40.61656],[-74.19609,40.61544],[-74.19564,40.61298],[-74.19581,40.61191],[-74.19697,40.61024],[-74.19787,40.60941],[-74.19834,40.60835],[-74.19836,40.60693],[-74.19682,40.60541],[-74.19602,40.60359],[-74.19604,40.60225],[-74.19719,40.60021],[-74.19702,40.59904],[-74.19744,40.59846],[-74.19751,40.5968],[-74.19856,40.59555],[-74.19994,40.59337],[-74.20093,40.59287],[-74.202,40.59178],[-74.20247,40.59084],[-74.20465,40.58929],[-74.2042,40.58641],[-74.20463,40.58435],[-74.2044,40.58371],[-74.20507,40.58166],[-74.20598,40.58042],[-74.20568,40.57983],[-74.20347,40.58043],[-74.20029,40.57988],[-74.19831,40.58],[-74.19571,40.5799],[-74.19334,40.57878],[-74.19192,40.57757],[-74.18975,40.57771],[-74.18885,40.57822],[-74.18673,40.57852],[-74.18577,40.578],[-74.18192,40.57803],[-74.18081,40.57851],[-74.18001,40.5797],[-74.18027,40.58096],[-74.18168,40.58243],[-74.18303,40.58462],[-74.1828,40.58624],[-74.18132,40.58764],[-74.18041,40.58817],[-74.18032,40.58914],[-74.18117,40.59033],[-74.18153,40.59161],[-74.18081,40.5934],[-74.17954,40.59429],[-74.17726,40.5945],[-74.17648,40.59382],[-74.1786,40.59371],[-74.17988,40.59291],[-74.18018,40.59188],[-74.18003,40.59067],[-74.17902,40.58948],[-74.17731,40.58971],[-74.1758,40.591],[-74.17328,40.59097],[-74.17338,40.59014],[-74.17478,40.59036],[-74.17681,40.58868],[-74.17861,40.58818],[-74.17981,40.58716],[-74.179,40.58652],[-74.18114,40.58584],[-74.18134,40.58509],[-74.18071,40.58419],[-74.17932,40.5832],[-74.17867,40.5823],[-74.17798,40.58063],[-74.17832,40.57948],[-74.18031,40.57727],[-74.18252,40.57667],[-74.18504,40.57676],[-74.1835,40.57455],[-74.18283,40.57393],[-74.18013,40.57321],[-74.17774,40.57183],[-74.17592,40.57001],[-74.17527,40.56794],[-74.17403,40.56694],[-74.17233,40.56734],[-74.17032,40.56724],[-74.16895,40.56691],[-74.16641,40.56754],[-74.16521,40.56873],[-74.16249,40.56967],[-74.15994,40.56957],[-74.15774,40.56992],[-74.15924,40.56883],[-74.16174,40.56912],[-74.16364,40.56869],[-74.16461,40.56824],[-74.1659,40.56681],[-74.16892,40.56603],[-74.1709,40.5663],[-74.17278,40.56579],[-74.17319,40.56512],[-74.1745,40.56543],[-74.17617,40.56728],[-74.17755,40.57019],[-74.17857,40.5711],[-74.1802,40.57206],[-74.18305,40.57297],[-74.18456,40.57392],[-74.18617,40.57618],[-74.18767,40.57668],[-74.19055,40.5763],[-74.19162,40.57588],[-74.19295,40.5766],[-74.19624,40.57786],[-74.19841,40.57807],[-74.19891,40.57471],[-74.19969,40.57337],[-74.2014,40.57246],[-74.20506,40.57202],[-74.20691,40.57153],[-74.20893,40.56962],[-74.20887,40.56891],[-74.21074,40.56523],[-74.21138,40.56349],[-74.21111,40.56225],[-74.21123,40.56036],[-74.21188,40.5596],[-74.21201,40.55836],[-74.21379,40.5564],[-74.21474,40.55624],[-74.21604,40.55554],[-74.21974,40.55461],[-74.22087,40.55594],[-74.22143,40.55538],[-74.22319,40.5558],[-74.22607,40.55621],[-74.22744,40.55604],[-74.22872,40.5563],[-74.23018,40.55539],[-74.23061,40.55558],[-74.23193,40.55415],[-74.2327,40.55293],[-74.23354,40.55247],[-74.2349,40.55301],[-74.23635,40.55237],[-74.23617,40.55145],[-74.2365,40.55043],[-74.23752,40.55019],[-74.23815,40.54939],[-74.24046,40.54763],[-74.2418,40.547],[-74.24294,40.54711],[-74.24364,40.54767],[-74.24614,40.5457],[-74.24762,40.54351],[-74.24768,40.54313],[-74.24647,40.54219],[-74.24548,40.54063],[-74.24539,40.53953],[-74.24443,40.53802],[-74.24496,40.53724],[-74.2442,40.53692],[-74.24373,40.53611],[-74.24221,40.5346],[-74.24155,40.53087],[-74.24225,40.52982],[-74.24334,40.52585],[-74.24341,40.52485],[-74.2428,40.52401],[-74.2426,40.52206],[-74.24293,40.52123],[-74.24133,40.52089],[-74.24003,40.52031],[-74.24232,40.51833],[-74.24432,40.51851],[-74.24567,40.51779],[-74.24521,40.51729],[-74.24675,40.5165],[-74.24752,40.51574],[-74.24851,40.51623],[-74.24984,40.51552],[-74.25055,40.51472],[-74.25213,40.51371],[-74.25217,40.51278],[-74.25308,40.51214],[-74.25332,40.50986],[-74.25545,40.50803],[-74.25523,40.50393],[-74.25391,40.50174],[-74.2533,40.50031],[-74.2526,40.49964],[-74.2511,40.49893],[-74.25085,40.49801],[-74.24972,40.49689],[-74.24837,40.49633],[-74.24676,40.49613],[-74.24466,40.49745],[-74.24397,40.49758],[-74.23967,40.4977],[-74.23851,40.4989],[-74.23694,40.49991],[-74.23526,40.50061],[-74.2336,40.50091],[-74.23124,40.50183],[-74.22844,40.50226],[-74.22662,40.50222],[-74.225,40.50177],[-74.22283,40.50252],[-74.2196,40.50279],[-74.21762,40.50333],[-74.21579,40.5055],[-74.21434,40.50652],[-74.21353,40.5066],[-74.2111,40.50906],[-74.20999,40.51055],[-74.20757,40.51186],[-74.20083,40.51303],[-74.20008,40.51244],[-74.19965,40.51141],[-74.19798,40.51087],[-74.19681,40.51007],[-74.19521,40.50998],[-74.1941,40.51064],[-74.19357,40.51142],[-74.18971,40.51532],[-74.18657,40.51812],[-74.18483,40.51934],[-74.18243,40.52032],[-74.18117,40.52066],[-74.17981,40.52055],[-74.17924,40.51998],[-74.17827,40.51992],[-74.17762,40.51933],[-74.17601,40.52088],[-74.17343,40.52257],[-74.17136,40.52345],[-74.17,40.52305],[-74.1669,40.52483],[-74.16554,40.52542],[-74.16223,40.5272],[-74.16146,40.52706],[-74.16034,40.52755],[-74.1597,40.5273],[-74.15702,40.52898],[-74.15643,40.529],[-74.15246,40.53207],[-74.14972,40.53349],[-74.14978,40.53389],[-74.14794,40.53492],[-74.14543,40.53582],[-74.14474,40.5358],[-74.14383,40.53714],[-74.14305,40.53724],[-74.14177,40.53854],[-74.14179,40.5401],[-74.14247,40.54137],[-74.14219,40.54198],[-74.14013,40.54351],[-74.13874,40.54491],[-74.13641,40.54625],[-74.13476,40.54672],[-74.13275,40.54679],[-74.13041,40.54613],[-74.12955,40.54558],[-74.12767,40.54338],[-74.12743,40.54188],[-74.12799,40.54071],[-74.13341,40.5359],[-74.1341,40.53549],[-74.13577,40.53523],[-74.13865,40.53524],[-74.13999,40.53549],[-74.14061,40.53413],[-74.1392,40.53164],[-74.13883,40.52989],[-74.13619,40.52962],[-74.13356,40.53151],[-74.13071,40.53454],[-74.12638,40.54052],[-74.12424,40.54311],[-74.1225,40.54486],[-74.12134,40.54532],[-74.1197,40.54552],[-74.11804,40.54731],[-74.11655,40.54787],[-74.11546,40.54752],[-74.11474,40.548],[-74.11279,40.54788],[-74.11028,40.5515],[-74.10769,40.55398],[-74.10643,40.55385],[-74.10509,40.55313],[-74.10466,40.55412],[-74.1031,40.5559],[-74.10185,40.55622],[-74.1008,40.55832],[-74.09987,40.55909],[-74.09829,40.55933],[-74.09742,40.56088],[-74.09612,40.56259],[-74.09511,40.56317],[-74.09405,40.56298],[-74.09124,40.56651],[-74.08998,40.56738],[-74.0892,40.56717],[-74.0883,40.56833],[-74.08655,40.56963],[-74.08469,40.57148],[-74.08301,40.57279],[-74.08091,40.57469],[-74.07877,40.57601],[-74.07737,40.57728],[-74.0758,40.57831],[-74.07508,40.57916],[-74.07178,40.58188],[-74.07096,40.58318],[-74.06722,40.58673],[-74.06478,40.58849],[-74.06503,40.58899],[-74.06215,40.59203],[-74.05985,40.59378],[-74.05719,40.5964],[-74.05447,40.59876],[-74.05291,40.59985],[-74.05342,40.60052],[-74.0531,40.60121],[-74.05354,40.60363],[-74.05402,40.60493],[-74.05381,40.60591],[-74.05506,40.60627],[-74.0565,40.60725],[-74.05716,40.60874],[-74.05909,40.61063],[-74.05943,40.61165],[-74.06034,40.6119],[-74.06144,40.61438],[-74.06356,40.61644],[-74.0651,40.61751],[-74.0662,40.61872],[-74.06998,40.62142],[-74.07226,40.62461],[-74.07271,40.62687],[-74.0723,40.62714],[-74.07291,40.63],[-74.06813,40.62854],[-74.06802,40.62879],[-74.07298,40.63031],[-74.07333,40.63206],[-74.07291,40.63363],[-74.07353,40.63764],[-74.07257,40.63787],[-74.07309,40.63862],[-74.07324,40.64218],[-74.07148,40.64281],[-74.07202,40.64441],[-74.07445,40.64507],[-74.07651,40.64697],[-74.079,40.64814],[-74.08142,40.6485],[-74.08221,40.64828]]]]},"properties":{"schooldist":"31"}},
{"type":"Feature","geometry":{"type":"Polygon","coordinates":[[[-73.8448,40.73554],[-73.84489,40.73591],[-73.84503,40.73689],[-73.84515,40.73817],[-73.84522,40.73862],[-73.84537,40.73942],[-73.84548,40.7399],[-73.84578,40.73983],[-73.84751,40.73901],[-73.84956,40.73811],[-73.85088,40.73765],[-73.8513,40.73751],[-73.85244,40.7372],[-73.85505,40.73672],[-73.85872,40.73571],[-73.85904,40.73638],[-73.85939,40.73704],[-73.86076,40.73672],[-73.86089,40.73669],[-73.86247,40.73623],[-73.86341,40.73592],[-73.86412,40.73569],[-73.86446,40.73457],[-73.86447,40.73401],[-73.86793,40.73287],[-73.86836,40.73274],[-73.86879,40.73293],[-73.87037,40.7335],[-73.87156,40.73128],[-73.87162,40.73098],[-73.87156,40.73007],[-73.87146,40.72933],[-73.87113,40.72837],[-73.87063,40.72706],[-73.86971,40.72515],[-73.86877,40.72382],[-73.86766,40.72266],[-73.86469,40.71943],[-73.86357,40.71828],[-73.85993,40.71476],[-73.85975,40.71439],[-73.85969,40.7142],[-73.85964,40.71349],[-73.85978,40.71143],[-73.85954,40.70969],[-73.85929,40.70768],[-73.85924,40.70727],[-73.85908,40.70671],[-73.85883,40.70624],[-73.8586,40.70595],[-73.85828,40.70564],[-73.85539,40.70656],[-73.85472,40.70677],[-73.85275,40.7074],[-73.8511,40.7079],[-73.84915,40.70842],[-73.84877,40.70844],[-73.84714,40.70831],[-73.84666,40.70832],[-73.84529,40.70848],[-73.84491,40.70856],[-73.84417,40.70878],[-73.84349,40.70906],[-73.84221,40.70908],[-73.84145,40.70896],[-73.84091,40.70888],[-73.83976,40.70869],[-73.83828,40.70841],[-73.83715,40.70796],[-73.83619,40.70757],[-73.83498,40.7071],[-73.82921,40.70542],[-73.82812,40.70267],[-73.82747,40.70064],[-73.82631,40.69826],[-73.82753,40.69792],[-73.8268,40.69771],[-73.82556,40.69527],[-73.82588,40.69453],[-73.82801,40.69405],[-73.82719,40.69237],[-73.82501,40.68795],[-73.82189,40.68884],[-73.82079,40.68755],[-73.81695,40.67976],[-73.81162,40.68127],[-73.81247,40.68302],[-73.80889,40.68404],[-73.80661,40.68468],[-73.80606,40.68355],[-73.80577,40.68293],[-73.80169,40.68409],[-73.80101,40.68271],[-73.80009,40.68296],[-73.80077,40.68435],[-73.7981,40.68511],[-73.79725,40.68336],[-73.79727,40.68365],[-73.79581,40.68404],[-73.79373,40.68436],[-73.7928,40.68484],[-73.79356,40.68585],[-73.79391,40.6863],[-73.79346,40.68648],[-73.79317,40.6866],[-73.79211,40.68705],[-73.79038,40.68775],[-73.79003,40.68727],[-73.78959,40.68698],[-73.78492,40.68413],[-73.78487,40.68289],[-73.78434,40.67933],[-73.78083,40.68053],[-73.78009,40.67926],[-73.77714,40.67531],[-73.77365,40.6707],[-73.77109,40.66739],[-73.77017,40.66732],[-73.76621,40.66688],[-73.76544,40.66679],[-73.76461,40.66736],[-73.76388,40.66938],[-73.76355,40.67077],[-73.76435,40.67185],[-73.76372,40.67432],[-73.76563,40.6755],[-73.77034,40.67843],[-73.77143,40.67914],[-73.77104,40.67938],[-73.76937,40.67935],[-73.76641,40.67985],[-73.76391,40.6805],[-73.76389,40.68081],[-73.76326,40.68056],[-73.76284,40.68044],[-73.76198,40.68154],[-73.76191,40.68224],[-73.76113,40.68302],[-73.76061,40.68278],[-73.76134,40.68378],[-73.76205,40.68477],[-73.76246,40.68536],[-73.76292,40.68603],[-73.76348,40.68587],[-73.76407,40.68595],[-73.76519,40.68583],[-73.76553,40.68568],[-73.76611,40.68521],[-73.76787,40.68516],[-73.76782,40.68478],[-73.76907,40.68477],[-73.76968,40.68432],[-73.76974,40.68379],[-73.7724,40.68528],[-73.77315,40.68581],[-73.77448,40.68673],[-73.77662,40.68836],[-73.7792,40.69165],[-73.78092,40.69384],[-73.78211,40.69524],[-73.78416,40.69708],[-73.78487,40.69752],[-73.7869,40.69839],[-73.78903,40.70033],[-73.79026,40.70156],[-73.79047,40.70176],[-73.79076,40.70198],[-73.79247,40.70393],[-73.79123,40.70422],[-73.79299,40.70715],[-73.79395,40.70862],[-73.79562,40.71176],[-73.79714,40.71488],[-73.79732,40.71533],[-73.79801,40.71729],[-73.7996,40.7169],[-73.80314,40.71621],[-73.80397,40.71929],[-73.80861,40.71845],[-73.80904,40.71991],[-73.81057,40.71948],[-73.81145,40.71925],[-73.81285,40.71886],[-73.81514,40.71823],[-73.81712,40.71768],[-73.81726,40.71764],[-73.81887,40.71726],[-73.8193,40.71714],[-73.81998,40.71658],[-73.82064,40.7167],[-73.8234,40.71655],[-73.82536,40.71624],[-73.82642,40.71615],[-73.82698,40.71623],[-73.8275,40.71645],[-73.82968,40.71694],[-73.83102,40.71733],[-73.83138,40.71755],[-73.83185,40.71791],[-73.83232,40.71833],[-73.83376,40.71984],[-73.83583,40.72234],[-73.83698,40.72407],[-73.83749,40.72513],[-73.83789,40.7257],[-73.83813,40.7262],[-73.8386,40.72703],[-73.83894,40.72762],[-73.83925,40.72815],[-73.84055,40.72984],[-73.84148,40.73074],[-73.84273,40.73195],[-73.84372,40.73323],[-73.84429,40.7342],[-73.84443,40.7345],[-73.84459,40.73488],[-73.8447,40.73521],[-73.8448,40.73554]]]},"properties":{"schooldist":"28"}},
{"type":"Feature","geometry":{"type":"MultiPolygon","coordinates":[[[[-74.04388,40.69019],[-74.04599,40.6911],[-74.047,40.69105],[-74.0472,40.69042],[-74.04628,40.68933],[-74.04478,40.6886],[-74.04364,40.68877],[-74.04388,40.69019]]],[[[-74.01675,40.69334],[-74.01977,40.69308],[-74.02021,40.69203],[-74.02617,40.68643],[-74.02658,40.68524],[-74.02547,40.68415],[-74.02395,40.68395],[-74.02302,40.68417],[-74.01605,40.68734],[-74.01488,40.68725],[-74.01317,40.68815],[-74.01231,40.68928],[-74.01218,40.69114],[-74.01422,40.69282],[-74.01675,40.69334]]],[[[-74.04037,40.70012],[-74.04041,40.69937],[-74.03922,40.69857],[-74.03836,40.6987],[-74.03897,40.69968],[-74.04037,40.70012]]],[[[-73.9418,40.76905],[-73.94112,40.76941],[-73.9402,40.77113],[-73.94089,40.77237],[-73.94213,40.77203],[-73.94472,40.76973],[-73.94909,40.76426],[-73.94997,40.76365],[-73.95163,40.76168],[-73.95209,40.76086],[-73.95366,40.75948],[-73.95846,40.75395],[-73.9595,40.75296],[-73.96001,40.75183],[-73.96069,40.7512],[-73.96098,40.74976],[-73.95791,40.75211],[-73.95254,40.7571],[-73.95209,40.75799],[-73.95033,40.75986],[-73.94943,40.76055],[-73.94484,40.76582],[-73.94286,40.7683],[-73.9418,40.76905]]],[[[-73.95173,40.78791],[-73.95482,40.7892],[-73.95578,40.78791],[-73.9581,40.78471],[-73.95901,40.78346],[-73.96041,40.78152],[-73.96137,40.78023],[-73.96184,40.77958],[-73.96323,40.77768],[-73.96373,40.77701],[-73.96469,40.77568],[-73.96704,40.77246],[-73.9689,40.7699],[-73.96982,40.76865],[-73.97165,40.76614],[-73.97255,40.7649],[-73.97301,40.76428],[-73.97364,40.76457],[-73.97419,40.76481],[-73.97908,40.76688],[-73.98192,40.76803],[-73.98234,40.76822],[-73.98499,40.76932],[-73.99039,40.77159],[-73.99052,40.77164],[-73.99176,40.77217],[-73.99341,40.77288],[-73.9937,40.77303],[-73.99429,40.77316],[-73.99477,40.77193],[-73.99687,40.77282],[-73.99707,40.77254],[-73.99498,40.77166],[-73.99631,40.7698],[-73.99876,40.77083],[-73.99903,40.77046],[-73.99657,40.76942],[-73.99707,40.76873],[-73.99947,40.76976],[-73.99973,40.76947],[-73.99646,40.7681],[-73.99716,40.76713],[-74.00039,40.7685],[-74.00063,40.7682],[-73.99738,40.76682],[-73.99807,40.76587],[-74.00129,40.76724],[-74.00154,40.76694],[-73.99828,40.76557],[-73.99888,40.76457],[-74.00202,40.76589],[-74.00227,40.76553],[-73.99915,40.76421],[-73.99993,40.76341],[-74.00295,40.76462],[-74.00315,40.76433],[-74.00097,40.76342],[-74.00234,40.76154],[-74.00313,40.76108],[-74.0045,40.75908],[-74.00653,40.75987],[-74.00696,40.75916],[-74.00503,40.75836],[-74.00542,40.75732],[-74.00762,40.75428],[-74.0091,40.75037],[-74.00995,40.74893],[-74.00895,40.74841],[-74.00906,40.74779],[-74.01127,40.74801],[-74.01136,40.74759],[-74.00914,40.74736],[-74.00924,40.74676],[-74.01144,40.74699],[-74.01153,40.74657],[-74.00936,40.74634],[-74.00946,40.74575],[-74.01163,40.74598],[-74.01174,40.74552],[-74.00956,40.74529],[-74.00873,40.74488],[-74.0089,40.74392],[-74.00951,40.74368],[-74.01202,40.74394],[-74.01212,40.74352],[-74.00958,40.74326],[-74.00909,40.74289],[-74.0095,40.74073],[-74.01137,40.74072],[-74.01159,40.73927],[-74.01039,40.73917],[-74.0109,40.7333],[-74.014,40.73333],[-74.014,40.73307],[-74.01094,40.73301],[-74.01116,40.73045],[-74.01402,40.73068],[-74.01439,40.72846],[-74.01138,40.72823],[-74.01154,40.72645],[-74.01512,40.72679],[-74.01516,40.72632],[-74.01165,40.72587],[-74.01254,40.7215],[-74.01316,40.72125],[-74.01562,40.72154],[-74.01569,40.72121],[-74.0129,40.72087],[-74.013,40.72033],[-74.01631,40.72073],[-74.01638,40.72038],[-74.01341,40.72002],[-74.01291,40.71973],[-74.01321,40.71832],[-74.01671,40.71862],[-74.01758,40.7136],[-74.01632,40.71341],[-74.01662,40.71216],[-74.0178,40.71235],[-74.01868,40.70849],[-74.01812,40.70784],[-74.0185,40.70687],[-74.01931,40.70608],[-74.01845,40.70416],[-74.01757,40.70418],[-74.01758,40.70331],[-74.01614,40.70165],[-74.01514,40.70084],[-74.01349,40.70048],[-74.01111,40.7009],[-74.01106,40.70145],[-74.00929,40.70193],[-74.00602,40.70387],[-74.00332,40.70563],[-74.00145,40.70487],[-74.00059,40.70541],[-74.00141,40.70618],[-74.00119,40.70686],[-73.99853,40.70833],[-73.99728,40.70873],[-73.99191,40.70953],[-73.99194,40.70959],[-73.99201,40.7097],[-73.99219,40.71004],[-73.99248,40.71082],[-73.99209,40.7109],[-73.99151,40.71098],[-73.98973,40.71124],[-73.98982,40.71176],[-73.98987,40.71204],[-73.98837,40.71173],[-73.98689,40.71261],[-73.98702,40.71359],[-73.98718,40.71424],[-73.98711,40.71506],[-73.98672,40.71595],[-73.9862,40.7169],[-73.98577,40.71772],[-73.98699,40.71815],[-73.98977,40.71903],[-73.99048,40.71924],[-73.99398,40.7203],[-73.9938,40.72094],[-73.99336,40.72208],[-73.99309,40.72282],[-73.99258,40.7242],[-73.99222,40.72523],[-73.99179,40.72639],[-73.99157,40.72703],[-73.99139,40.7275],[-73.99123,40.72773],[-73.99078,40.72975],[-73.99051,40.73056],[-73.99021,40.732],[-73.98984,40.73398],[-73.98884,40.73399],[-73.98878,40.73397],[-73.98718,40.73329],[-73.98347,40.73173],[-73.98296,40.73152],[-73.98191,40.7311],[-73.97803,40.72943],[-73.9769,40.72896],[-73.97581,40.72852],[-73.97567,40.72846],[-73.97198,40.72683],[-73.97191,40.72679],[-73.97163,40.72663],[-73.97148,40.72925],[-73.97209,40.73012],[-73.97341,40.73128],[-73.97444,40.73532],[-73.97441,40.73641],[-73.97249,40.7358],[-73.97266,40.73922],[-73.97189,40.74272],[-73.97079,40.74441],[-73.96837,40.74743],[-73.96532,40.75105],[-73.96163,40.75515],[-73.96066,40.75592],[-73.95878,40.75827],[-73.95442,40.76218],[-73.95007,40.76703],[-73.94866,40.76886],[-73.9464,40.77127],[-73.94488,40.77257],[-73.94293,40.77468],[-73.942,40.77619],[-73.94344,40.77976],[-73.94388,40.78153],[-73.94389,40.78289],[-73.94395,40.78292],[-73.94465,40.78322],[-73.94472,40.78325],[-73.94644,40.78397],[-73.94709,40.78424],[-73.94712,40.78516],[-73.94839,40.7857],[-73.94862,40.78616],[-73.94841,40.78607],[-73.9484,40.78646],[-73.94826,40.78665],[-73.94746,40.78775],[-73.95056,40.78906],[-73.95068,40.78911],[-73.95161,40.78786],[-73.95173,40.78791]]]]},"properties":{"schooldist":"2"}},
{"type":"Feature","geometry":{"type":"MultiPolygon","coordinates":[[[[-73.84674,40.60485],[-73.84647,40.60408],[-73.84492,40.60368],[-73.84488,40.60454],[-73.84674,40.60485]]],[[[-73.85371,40.60783],[-73.85246,40.60824],[-73.85158,40.60906],[-73.84943,40.60986],[-73.84979,40.61089],[-73.84957,40.61153],[-73.85055,40.61234],[-73.85174,40.61157],[-73.85322,40.61014],[-73.85523,40.61013],[-73.85371,40.60783]]],[[[-73.84473,40.61397],[-73.8457,40.61293],[-73.84508,40.61233],[-73.84575,40.61127],[-73.84562,40.60989],[-73.84595,40.60803],[-73.84685,40.60788],[-73.84755,40.60698],[-73.84883,40.60633],[-73.84727,40.60582],[-73.84741,40.60508],[-73.84614,40.60478],[-73.84461,40.60504],[-73.84362,40.6044],[-73.84113,40.60469],[-73.84141,40.60644],[-73.83947,40.60781],[-73.83877,40.60807],[-73.83864,40.60896],[-73.83623,40.61219],[-73.83798,40.6131],[-73.8398,40.61236],[-73.84071,40.61163],[-73.84264,40.61317],[-73.84473,40.61397]]],[[[-73.8337,40.62098],[-73.83493,40.62047],[-73.83571,40.61973],[-73.83496,40.61778],[-73.83575,40.61672],[-73.8373,40.61577],[-73.83586,40.61521],[-73.83496,40.61447],[-73.83402,40.61438],[-73.8337,40.62098]]],[[[-73.85455,40.61989],[-73.85347,40.6202],[-73.85083,40.62033],[-73.84964,40.62137],[-73.84902,40.62148],[-73.84848,40.62242],[-73.84979,40.62305],[-73.85133,40.62347],[-73.85231,40.62287],[-73.85132,40.62191],[-73.8518,40.6206],[-73.85359,40.62046],[-73.85457,40.62083],[-73.85517,40.62196],[-73.85618,40.62157],[-73.85455,40.61989]]],[[[-73.84589,40.62497],[-73.84521,40.62435],[-73.8452,40.62298],[-73.84309,40.62336],[-73.84475,40.6248],[-73.84589,40.62497]]],[[[-73.84048,40.6275],[-73.84154,40.62626],[-73.84058,40.62613],[-73.83973,40.62749],[-73.84048,40.6275]]],[[[-73.853,40.63202],[-73.8523,40.63328],[-73.85252,40.63374],[-73.85477,40.63357],[-73.85532,40.63283],[-73.85725,40.63281],[-73.85816,40.63197],[-73.85856,40.63046],[-73.85776,40.62994],[-73.85546,40.63],[-73.8535,40.63086],[-73.85257,40.63038],[-73.85176,40.63061],[-73.853,40.63202]]],[[[-73.84638,40.63529],[-73.84492,40.63575],[-73.84427,40.63669],[-73.84553,40.63745],[-73.84616,40.63856],[-73.84774,40.6382],[-73.84844,40.63712],[-73.84896,40.63525],[-73.84988,40.6341],[-73.85009,40.63227],[-73.84944,40.63206],[-73.84811,40.6326],[-73.84687,40.63416],[-73.84638,40.63529]]],[[[-73.88829,40.64672],[-73.88864,40.64708],[-73.88854,40.64697],[-73.88847,40.6469],[-73.88829,40.64672]]],[[[-73.8665,40.68447],[-73.86702,40.68683],[-73.86753,40.68872],[-73.86859,40.69388],[-73.86841,40.69473],[-73.86892,40.69515],[-73.87004,40.69494],[-73.87402,40.69419],[-73.87939,40.69121],[-73.87956,40.6911],[-73.88227,40.68904],[-73.88378,40.68786],[-73.88452,40.68668],[-73.88808,40.68529],[-73.88963,40.68424],[-73.89015,40.685],[-73.89166,40.68404],[-73.89274,40.68367],[-73.89399,40.68507],[-73.89505,40.68436],[-73.89561,40.68371],[-73.89578,40.6835],[-73.8962,40.68289],[-73.89636,40.68262],[-73.89637,40.6826],[-73.89653,40.6824],[-73.90116,40.68788],[-73.90042,40.68818],[-73.90189,40.69108],[-73.9033,40.68963],[-73.90508,40.68741],[-73.90497,40.6866],[-73.90449,40.6863],[-73.90576,40.684],[-73.9039,40.68295],[-73.90281,40.68234],[-73.90291,40.67954],[-73.90349,40.6789],[-73.90335,40.67711],[-73.90293,40.67668],[-73.90347,40.67551],[-73.90524,40.67472],[-73.90452,40.67193],[-73.9036,40.67206],[-73.90271,40.66987],[-73.90254,40.66935],[-73.90172,40.66681],[-73.90132,40.66687],[-73.90085,40.66535],[-73.90003,40.66228],[-73.89922,40.65911],[-73.89904,40.65737],[-73.89902,40.65731],[-73.899,40.65724],[-73.8986,40.65583],[-73.89941,40.65568],[-73.90084,40.65427],[-73.8986,40.65213],[-73.89757,40.65076],[-73.89554,40.64955],[-73.89353,40.65084],[-73.89217,40.65045],[-73.89204,40.6505],[-73.89057,40.64921],[-73.88996,40.64926],[-73.88864,40.64802],[-73.88764,40.6478],[-73.88764,40.64633],[-73.8872,40.6456],[-73.88558,40.64404],[-73.88481,40.64395],[-73.88342,40.64452],[-73.88215,40.64374],[-73.88139,40.64235],[-73.88007,40.642],[-73.88048,40.64112],[-73.87835,40.63887],[-73.87711,40.63864],[-73.87547,40.63727],[-73.87348,40.63629],[-73.86956,40.63795],[-73.86921,40.63747],[-73.868,40.63812],[-73.86952,40.63865],[-73.87009,40.63984],[-73.87195,40.64239],[-73.87327,40.6439],[-73.87319,40.64545],[-73.87911,40.65371],[-73.87922,40.65459],[-73.87257,40.64558],[-73.87119,40.64531],[-73.87002,40.64407],[-73.86991,40.64328],[-73.86867,40.64093],[-73.86732,40.63987],[-73.86531,40.64075],[-73.86331,40.6423],[-73.86201,40.64289],[-73.85947,40.64314],[-73.85717,40.64368],[-73.85838,40.64727],[-73.85783,40.6483],[-73.85722,40.65028],[-73.86099,40.65521],[-73.86264,40.65567],[-73.86328,40.65694],[-73.8627,40.65762],[-73.86317,40.65828],[-73.86119,40.65925],[-73.8603,40.65963],[-73.85762,40.66012],[-73.85812,40.66204],[-73.85843,40.66345],[-73.85612,40.66381],[-73.85568,40.66387],[-73.85612,40.66551],[-73.85646,40.66704],[-73.85728,40.67032],[-73.85763,40.67166],[-73.85947,40.67138],[-73.86039,40.67125],[-73.86235,40.67916],[-73.86328,40.67908],[-73.8641,40.68237],[-73.86602,40.68192],[-73.86629,40.68312],[-73.8665,40.68447]]]]},"properties":{"schooldist":"19"}},
{"type":"Feature","geometry":{"type":"Polygon","coordinates":[[[-74.02446,40.65094],[-74.02553,40.65148],[-74.02554,40.64978],[-74.02415,40.64762],[-74.02507,40.64673],[-74.02572,40.64662],[-74.02939,40.6488],[-74.02974,40.64849],[-74.02605,40.64626],[-74.02821,40.64402],[-74.03052,40.64527],[-74.0319,40.64389],[-74.03288,40.64358],[-74.03407,40.64431],[-74.0367,40.64169],[-74.03571,40.64064],[-74.03672,40.63914],[-74.04109,40.6301],[-74.04188,40.62452],[-74.04162,40.62056],[-74.04138,40.61999],[-74.04048,40.61563],[-74.03903,40.61316],[-74.03728,40.61162],[-74.03604,40.6093],[-74.03496,40.60866],[-74.03427,40.60772],[-74.03271,40.60633],[-74.03102,40.60525],[-74.02931,40.6046],[-74.02086,40.60352],[-74.01914,40.60261],[-74.01473,40.60207],[-74.01237,40.60135],[-74.00922,40.59984],[-74.00557,40.59757],[-74.003,40.59535],[-74.00168,40.59344],[-73.99973,40.59548],[-73.99803,40.59672],[-73.99482,40.59976],[-73.99305,40.60148],[-73.99825,40.60461],[-73.99472,40.608],[-73.99029,40.60533],[-73.98842,40.60712],[-73.98725,40.60724],[-73.98738,40.60813],[-73.98496,40.61045],[-73.9844,40.60756],[-73.98162,40.60787],[-73.98211,40.61042],[-73.98018,40.61063],[-73.98071,40.6134],[-73.98144,40.61384],[-73.98022,40.615],[-73.98245,40.61635],[-73.98187,40.61691],[-73.98407,40.61824],[-73.98035,40.62182],[-73.98273,40.62297],[-73.98496,40.62432],[-73.98308,40.62622],[-73.9827,40.6266],[-73.98213,40.62717],[-73.97982,40.62577],[-73.97923,40.62634],[-73.97725,40.6257],[-73.97623,40.62598],[-73.97609,40.62694],[-73.97442,40.62764],[-73.97444,40.62772],[-73.97451,40.62803],[-73.97483,40.62841],[-73.97403,40.62881],[-73.97499,40.62998],[-73.9755,40.63059],[-73.97605,40.63128],[-73.97432,40.63209],[-73.97285,40.63279],[-73.97241,40.63299],[-73.97301,40.6361],[-73.97029,40.63641],[-73.97074,40.63879],[-73.9696,40.63926],[-73.97002,40.64176],[-73.97037,40.64343],[-73.97072,40.64368],[-73.97381,40.64334],[-73.97427,40.64329],[-73.9764,40.64305],[-73.97902,40.64297],[-73.97944,40.6428],[-73.97907,40.64042],[-73.97918,40.64037],[-73.97983,40.64049],[-73.97968,40.63846],[-73.98072,40.63909],[-73.98292,40.64042],[-73.98318,40.64017],[-73.98409,40.6393],[-73.98629,40.64062],[-73.98746,40.6395],[-73.98804,40.63895],[-73.98862,40.63838],[-73.99096,40.63615],[-73.99154,40.63558],[-73.99212,40.63503],[-73.99432,40.63635],[-73.99315,40.63748],[-73.99535,40.63881],[-73.99623,40.63933],[-74.00196,40.6428],[-74.00254,40.64224],[-74.00429,40.64056],[-74.00546,40.63944],[-74.00662,40.63831],[-74.00983,40.64025],[-74.01323,40.64231],[-74.01265,40.64287],[-74.01491,40.64423],[-74.01432,40.64479],[-74.01641,40.64604],[-74.01649,40.64608],[-74.02436,40.65085],[-74.02446,40.65094]]]},"properties":{"schooldist":"20"}},
{"type":"Feature","geometry":{"type":"Polygon","coordinates":[[[-73.96185,40.62757],[-73.96212,40.62904],[-73.96591,40.62865],[-73.97121,40.62809],[-73.97149,40.62805],[-73.97442,40.62764],[-73.97609,40.62694],[-73.97623,40.62598],[-73.97725,40.6257],[-73.97923,40.62634],[-73.97982,40.62577],[-73.98213,40.62717],[-73.9827,40.6266],[-73.98308,40.62622],[-73.98496,40.62432],[-73.98273,40.62297],[-73.98035,40.62182],[-73.98407,40.61824],[-73.98187,40.61691],[-73.98245,40.61635],[-73.98022,40.615],[-73.98144,40.61384],[-73.98071,40.6134],[-73.98018,40.61063],[-73.98211,40.61042],[-73.98162,40.60787],[-73.9844,40.60756],[-73.98496,40.61045],[-73.98738,40.60813],[-73.98725,40.60724],[-73.98842,40.60712],[-73.99029,40.60533],[-73.99472,40.608],[-73.99825,40.60461],[-73.99305,40.60148],[-73.99482,40.59976],[-73.99803,40.59672],[-73.99973,40.59548],[-74.00168,40.59344],[-74.0011,40.59252],[-73.99948,40.59297],[-73.99903,40.59231],[-74.00023,40.59153],[-73.99917,40.59115],[-73.99755,40.59192],[-73.99711,40.59128],[-73.99844,40.59024],[-73.99867,40.5892],[-73.99788,40.58834],[-73.99535,40.58933],[-73.99408,40.58869],[-73.99815,40.58653],[-73.99936,40.58638],[-73.99934,40.58486],[-74.00036,40.58419],[-74.00018,40.58307],[-73.99606,40.58213],[-73.9937,40.58298],[-73.99267,40.58359],[-73.99034,40.58422],[-73.9917,40.58186],[-73.99163,40.58108],[-73.98996,40.58066],[-73.98853,40.5798],[-73.98757,40.58003],[-73.98684,40.58123],[-73.98393,40.58291],[-73.98702,40.58002],[-73.98739,40.57909],[-73.98899,40.57884],[-73.99036,40.57942],[-73.99215,40.57932],[-73.99772,40.58071],[-73.99818,40.58173],[-73.99964,40.58132],[-74.00294,40.58143],[-74.00605,40.58198],[-74.00828,40.58156],[-74.01054,40.58061],[-74.01235,40.57922],[-74.01303,40.57785],[-74.01246,40.57661],[-74.01202,40.57489],[-74.01116,40.57417],[-74.01007,40.57383],[-74.00669,40.5734],[-74.0048,40.57288],[-74.00249,40.57174],[-74.00201,40.57021],[-74.00037,40.57051],[-73.99736,40.57028],[-73.99316,40.57038],[-73.98727,40.57108],[-73.97859,40.5719],[-73.97766,40.57173],[-73.97547,40.57197],[-73.9725,40.57258],[-73.96856,40.57313],[-73.95843,40.57409],[-73.9544,40.57437],[-73.9524,40.57425],[-73.95304,40.57768],[-73.95334,40.57927],[-73.95381,40.58175],[-73.95407,40.5827],[-73.95412,40.58298],[-73.95344,40.58317],[-73.95039,40.58345],[-73.95107,40.58463],[-73.95197,40.58474],[-73.9537,40.585],[-73.9546,40.58508],[-73.95463,40.58508],[-73.95475,40.58509],[-73.95481,40.58515],[-73.95523,40.58769],[-73.95526,40.58786],[-73.95608,40.5921],[-73.95656,40.59465],[-73.95565,40.59485],[-73.9564,40.59883],[-73.95548,40.59894],[-73.9559,40.60119],[-73.95629,40.60115],[-73.95776,40.60099],[-73.95868,40.60088],[-73.95841,40.60128],[-73.95871,40.60294],[-73.95896,40.6029],[-73.95885,40.60376],[-73.9591,40.60535],[-73.96009,40.60586],[-73.96044,40.60756],[-73.9601,40.60777],[-73.95916,40.60838],[-73.9578,40.60896],[-73.95741,40.60913],[-73.95815,40.61306],[-73.95623,40.61327],[-73.95673,40.61593],[-73.95579,40.61604],[-73.95459,40.61617],[-73.95504,40.61856],[-73.95624,40.61843],[-73.95714,40.62321],[-73.95905,40.623],[-73.96001,40.6229],[-73.96047,40.62528],[-73.96084,40.62524],[-73.96139,40.62518],[-73.96185,40.62757]]]},"properties":{"schooldist":"21"}},
{"type":"Feature","geometry":{"type":"MultiPolygon","coordinates":[[[[-73.86327,40.58388],[-73.86167,40.58614],[-73.86125,40.58799],[-73.86327,40.59091],[-73.86431,40.59141],[-73.86635,40.59189],[-73.8685,40.59009],[-73.86981,40.58946],[-73.87116,40.58687],[-73.87061,40.58492],[-73.87051,40.58334],[-73.86895,40.58171],[-73.86773,40.58166],[-73.86449,40.58361],[-73.86327,40.58388]]],[[[-73.86953,40.59871],[-73.87021,40.59695],[-73.86967,40.59669],[-73.86953,40.59871]]],[[[-73.87019,40.599],[-73.87026,40.60168],[-73.87108,40.5989],[-73.87019,40.599]]],[[[-73.85243,40.59733],[-73.85153,40.59843],[-73.85077,40.59884],[-73.85277,40.60095],[-73.85483,40.60187],[-73.85906,40.60206],[-73.86113,40.60255],[-73.86187,40.60216],[-73.86336,40.60032],[-73.86275,40.59907],[-73.86055,40.59706],[-73.86044,40.59647],[-73.85716,40.59604],[-73.85493,40.5963],[-73.85243,40.59733]]],[[[-73.86702,40.60807],[-73.86778,40.60854],[-73.86868,40.60824],[-73.86874,40.60704],[-73.86702,40.60807]]],[[[-73.86966,40.60654],[-73.87076,40.60871],[-73.87104,40.60972],[-73.8718,40.61028],[-73.873,40.61056],[-73.87246,40.60819],[-73.87106,40.60629],[-73.87109,40.60469],[-73.86966,40.60654]]],[[[-73.85523,40.61013],[-73.85555,40.60898],[-73.85492,40.60876],[-73.85478,40.60749],[-73.85371,40.60783],[-73.85523,40.61013]]],[[[-73.85618,40.62157],[-73.85711,40.62097],[-73.85656,40.61972],[-73.85455,40.61989],[-73.85618,40.62157]]],[[[-73.86873,40.61736],[-73.86685,40.61781],[-73.86576,40.6185],[-73.86493,40.62111],[-73.8655,40.6223],[-73.86638,40.623],[-73.86651,40.62375],[-73.86498,40.62566],[-73.86473,40.62653],[-73.86519,40.62766],[-73.86645,40.62826],[-73.87481,40.62359],[-73.87637,40.6224],[-73.87779,40.62165],[-73.87938,40.61986],[-73.87974,40.61893],[-73.87952,40.61656],[-73.87862,40.61594],[-73.87671,40.61575],[-73.87395,40.61584],[-73.87216,40.6163],[-73.86956,40.61725],[-73.86873,40.61736]]],[[[-73.91568,40.65713],[-73.91974,40.66077],[-73.91959,40.662],[-73.92011,40.66246],[-73.92105,40.66331],[-73.92273,40.66223],[-73.92361,40.66166],[-73.92542,40.66329],[-73.92685,40.66237],[-73.92757,40.66191],[-73.92786,40.66172],[-73.92882,40.66075],[-73.93473,40.66039],[-73.93614,40.66029],[-73.9359,40.658],[-73.93633,40.65798],[-73.94163,40.65765],[-73.94509,40.65743],[-73.94508,40.65572],[-73.94716,40.65559],[-73.94703,40.65434],[-73.94687,40.6528],[-73.944,40.65297],[-73.9438,40.65111],[-73.94283,40.65111],[-73.94189,40.65117],[-73.9417,40.64939],[-73.94312,40.64931],[-73.943,40.64859],[-73.9428,40.64654],[-73.94269,40.64553],[-73.94261,40.64466],[-73.94214,40.64468],[-73.9412,40.64472],[-73.93933,40.64481],[-73.93923,40.64384],[-73.93898,40.64154],[-73.93704,40.64166],[-73.93514,40.64178],[-73.93489,40.63944],[-73.93392,40.6395],[-73.93201,40.63962],[-73.93153,40.63501],[-73.92745,40.63526],[-73.92667,40.63531],[-73.92283,40.63556],[-73.92231,40.63584],[-73.92219,40.63592],[-73.92191,40.63607],[-73.92172,40.63617],[-73.92132,40.63637],[-73.91917,40.63747],[-73.91913,40.63707],[-73.91906,40.63639],[-73.91901,40.63589],[-73.91889,40.63484],[-73.91886,40.63458],[-73.9186,40.63207],[-73.9172,40.63174],[-73.90848,40.62798],[-73.90425,40.62603],[-73.90178,40.62482],[-73.89685,40.6224],[-73.89663,40.62228],[-73.89626,40.6229],[-73.89519,40.6225],[-73.89301,40.62336],[-73.89149,40.62448],[-73.89042,40.62628],[-73.88828,40.62789],[-73.88653,40.62865],[-73.88513,40.62883],[-73.88369,40.62756],[-73.88263,40.62827],[-73.88405,40.62956],[-73.88364,40.63094],[-73.88301,40.63163],[-73.88127,40.63237],[-73.87999,40.63351],[-73.87821,40.63457],[-73.87714,40.63598],[-73.87842,40.63746],[-73.87954,40.63822],[-73.88079,40.63976],[-73.88374,40.64245],[-73.88603,40.64366],[-73.88809,40.64621],[-73.88854,40.64697],[-73.88864,40.64708],[-73.88945,40.64717],[-73.89108,40.64879],[-73.89057,40.64921],[-73.89204,40.6505],[-73.89217,40.65045],[-73.89353,40.65084],[-73.89554,40.64955],[-73.89757,40.65076],[-73.8986,40.65213],[-73.90084,40.65427],[-73.89941,40.65568],[-73.8986,40.65583],[-73.89889,40.65671],[-73.899,40.65724],[-73.89902,40.65731],[-73.89989,40.65727],[-73.90029,40.65721],[-73.90065,40.65704],[-73.9023,40.65578],[-73.90272,40.65553],[-73.90318,40.65531],[-73.90446,40.6551],[-73.90507,40.65501],[-73.90556,40.65494],[-73.90692,40.65474],[-73.90784,40.65459],[-73.90877,40.65446],[-73.91071,40.65418],[-73.91093,40.65417],[-73.91233,40.65413],[-73.91254,40.6543],[-73.91568,40.65713]]]]},"properties":{"schooldist":"18"}},
{"type":"Feature","geometry":{"type":"Polygon","coordinates":[[[-73.85593,40.75901],[-73.85501,40.75888],[-73.85466,40.75872],[-73.85443,40.75922],[-73.85496,40.75949],[-73.85664,40.76015],[-73.8553,40.76065],[-73.85712,40.76119],[-73.85941,40.76248],[-73.86269,40.76688],[-73.86017,40.76694],[-73.85877,40.76735],[-73.85768,40.76828],[-73.85505,40.7722],[-73.85774,40.77338],[-73.86471,40.77673],[-73.86615,40.77759],[-73.86826,40.77851],[-73.87256,40.78082],[-73.87146,40.78213],[-73.87048,40.78231],[-73.86942,40.78359],[-73.86978,40.78534],[-73.87125,40.78604],[-73.87485,40.78168],[-73.87516,40.78151],[-73.87834,40.78303],[-73.87931,40.78185],[-73.87871,40.78059],[-73.88139,40.7806],[-73.88493,40.77994],[-73.88506,40.77841],[-73.88441,40.77555],[-73.88486,40.7751],[-73.88432,40.77418],[-73.88945,40.77353],[-73.88989,40.77402],[-73.88947,40.77554],[-73.89009,40.77778],[-73.89177,40.77659],[-73.89252,40.7774],[-73.8912,40.77856],[-73.89167,40.77949],[-73.89253,40.77977],[-73.89168,40.78087],[-73.89382,40.78238],[-73.89477,40.78225],[-73.89606,40.78316],[-73.89865,40.782],[-73.89948,40.78217],[-73.90217,40.78179],[-73.90115,40.78271],[-73.89886,40.7828],[-73.89583,40.78522],[-73.89694,40.78662],[-73.90033,40.78901],[-73.90647,40.79018],[-73.90986,40.79095],[-73.91022,40.79047],[-73.91223,40.78918],[-73.9126,40.78938],[-73.91424,40.78786],[-73.91683,40.78519],[-73.91717,40.78419],[-73.91909,40.78337],[-73.9221,40.78085],[-73.92296,40.78044],[-73.92487,40.77863],[-73.92632,40.77824],[-73.92861,40.77659],[-73.92988,40.77622],[-73.93063,40.77659],[-73.93179,40.77787],[-73.93381,40.7781],[-73.93508,40.77794],[-73.93638,40.77692],[-73.93765,40.77509],[-73.93786,40.77409],[-73.93747,40.77253],[-73.93481,40.77173],[-73.93524,40.76968],[-73.93681,40.7689],[-73.9382,40.7687],[-73.93896,40.76796],[-73.93984,40.76799],[-73.94131,40.76692],[-73.9435,40.7645],[-73.94596,40.76129],[-73.95131,40.75458],[-73.9545,40.75123],[-73.95507,40.74963],[-73.95704,40.74892],[-73.95845,40.7471],[-73.95931,40.74536],[-73.95876,40.74495],[-73.95971,40.74386],[-73.96065,40.74339],[-73.96155,40.74199],[-73.96262,40.73903],[-73.96216,40.73827],[-73.96073,40.73808],[-73.95747,40.73954],[-73.9538,40.73982],[-73.95192,40.73949],[-73.94715,40.7379],[-73.94548,40.73821],[-73.9429,40.739],[-73.94119,40.74029],[-73.93965,40.74273],[-73.93911,40.74262],[-73.94036,40.74034],[-73.94146,40.73925],[-73.94593,40.7375],[-73.9418,40.73596],[-73.94086,40.73507],[-73.94007,40.73376],[-73.93952,40.73461],[-73.93851,40.73517],[-73.93927,40.73609],[-73.93862,40.7384],[-73.93726,40.74518],[-73.93541,40.74496],[-73.93448,40.74484],[-73.93359,40.74473],[-73.93335,40.74491],[-73.93321,40.74496],[-73.93261,40.74478],[-73.91016,40.74217],[-73.9083,40.74196],[-73.90751,40.74186],[-73.90832,40.73863],[-73.90926,40.7364],[-73.90673,40.73691],[-73.90598,40.73722],[-73.90463,40.73782],[-73.90453,40.73993],[-73.90326,40.73988],[-73.90373,40.74123],[-73.90314,40.74135],[-73.90257,40.74128],[-73.90214,40.74232],[-73.90224,40.74372],[-73.90185,40.74475],[-73.9027,40.74568],[-73.90005,40.74594],[-73.89722,40.74624],[-73.89445,40.74654],[-73.89359,40.74662],[-73.88672,40.74734],[-73.883,40.74773],[-73.8828,40.74816],[-73.88271,40.74955],[-73.88297,40.75189],[-73.88096,40.75218],[-73.88059,40.75014],[-73.87224,40.75106],[-73.86908,40.75203],[-73.86975,40.75347],[-73.8698,40.75375],[-73.86514,40.75473],[-73.86534,40.7558],[-73.8643,40.75592],[-73.86462,40.75769],[-73.86567,40.75763],[-73.86657,40.75754],[-73.86691,40.75938],[-73.86601,40.75948],[-73.86496,40.75959],[-73.86407,40.75968],[-73.86318,40.75978],[-73.86338,40.76089],[-73.86339,40.76098],[-73.86139,40.7605],[-73.85943,40.76005],[-73.85716,40.75967],[-73.85593,40.75901]],[[-73.90696,40.73854],[-73.90735,40.73996],[-73.90642,40.73987],[-73.90696,40.73854]]]},"properties":{"schooldist":"30"}},
{"type":"Feature","geometry":{"type":"MultiPolygon","coordinates":[[[[-73.9199,40.5996],[-73.92083,40.59954],[-73.92225,40.59848],[-73.92168,40.59727],[-73.92086,40.59656],[-73.91786,40.59471],[-73.91643,40.5931],[-73.91596,40.59211],[-73.91482,40.59152],[-73.91326,40.59221],[-73.91309,40.59417],[-73.91441,40.59603],[-73.91609,40.59761],[-73.91626,40.59816],[-73.91866,40.59947],[-73.9199,40.5996]]],[[[-73.95642,40.64277],[-73.95764,40.64269],[-73.95792,40.64414],[-73.95802,40.64507],[-73.95811,40.64652],[-73.95814,40.6475],[-73.95826,40.64853],[-73.95845,40.64932],[-73.95871,40.65039],[-73.96101,40.65008],[-73.96307,40.64944],[-73.96261,40.64701],[-73.96393,40.64685],[-73.96433,40.64682],[-73.96454,40.6468],[-73.96547,40.64671],[-73.96733,40.64649],[-73.97068,40.64612],[-73.97032,40.64454],[-73.97009,40.64375],[-73.97072,40.64368],[-73.97037,40.64343],[-73.97002,40.64176],[-73.9696,40.63926],[-73.97074,40.63879],[-73.97029,40.63641],[-73.97301,40.6361],[-73.97241,40.63299],[-73.97285,40.63279],[-73.97432,40.63209],[-73.97605,40.63128],[-73.9755,40.63059],[-73.97499,40.62998],[-73.97403,40.62881],[-73.97483,40.62841],[-73.97444,40.62772],[-73.97442,40.62764],[-73.97149,40.62805],[-73.97121,40.62809],[-73.96591,40.62865],[-73.96212,40.62904],[-73.96185,40.62757],[-73.96139,40.62518],[-73.96084,40.62524],[-73.96047,40.62528],[-73.96001,40.6229],[-73.95905,40.623],[-73.95714,40.62321],[-73.95624,40.61843],[-73.95504,40.61856],[-73.95459,40.61617],[-73.95579,40.61604],[-73.95673,40.61593],[-73.95623,40.61327],[-73.95815,40.61306],[-73.95741,40.60913],[-73.9578,40.60896],[-73.95916,40.60838],[-73.9601,40.60777],[-73.96044,40.60756],[-73.96009,40.60586],[-73.9591,40.60535],[-73.95885,40.60376],[-73.95896,40.6029],[-73.95871,40.60294],[-73.95841,40.60128],[-73.95868,40.60088],[-73.95776,40.60099],[-73.95629,40.60115],[-73.9559,40.60119],[-73.95548,40.59894],[-73.9564,40.59883],[-73.95565,40.59485],[-73.95656,40.59465],[-73.95608,40.5921],[-73.95526,40.58786],[-73.95523,40.58769],[-73.95481,40.58515],[-73.95475,40.58509],[-73.95463,40.58508],[-73.9546,40.58508],[-73.9537,40.585],[-73.95197,40.58474],[-73.95107,40.58463],[-73.95039,40.58345],[-73.95344,40.58317],[-73.95412,40.58298],[-73.95407,40.5827],[-73.95381,40.58175],[-73.95334,40.57927],[-73.95304,40.57768],[-73.9524,40.57425],[-73.94896,40.57478],[-73.94592,40.57512],[-73.94554,40.57557],[-73.94405,40.57581],[-73.94251,40.57537],[-73.93685,40.57556],[-73.93647,40.57586],[-73.93508,40.57551],[-73.9315,40.57566],[-73.93106,40.57627],[-73.9325,40.58115],[-73.94274,40.581],[-73.9497,40.58232],[-73.9533,40.582],[-73.95349,40.58299],[-73.94837,40.58349],[-73.94629,40.58357],[-73.94144,40.58334],[-73.93611,40.58331],[-73.93421,40.58298],[-73.93074,40.58276],[-73.92963,40.5834],[-73.92713,40.58358],[-73.92321,40.58344],[-73.91989,40.58268],[-73.91814,40.58214],[-73.91501,40.58154],[-73.91148,40.58184],[-73.91179,40.58291],[-73.91336,40.58295],[-73.91436,40.5824],[-73.91499,40.58315],[-73.91286,40.58307],[-73.91251,40.58471],[-73.91259,40.58557],[-73.91364,40.58611],[-73.91521,40.58628],[-73.9188,40.58522],[-73.92001,40.58466],[-73.92348,40.58482],[-73.92529,40.58464],[-73.92744,40.58602],[-73.92857,40.58706],[-73.93118,40.5868],[-73.93135,40.58733],[-73.9297,40.58761],[-73.93109,40.58933],[-73.93156,40.59255],[-73.93283,40.5948],[-73.93102,40.59462],[-73.93002,40.59409],[-73.92971,40.59312],[-73.93031,40.59219],[-73.93054,40.59026],[-73.93018,40.58968],[-73.92816,40.58883],[-73.9242,40.59136],[-73.92395,40.59114],[-73.92776,40.58866],[-73.92684,40.58729],[-73.9252,40.58581],[-73.92235,40.58602],[-73.92104,40.58574],[-73.9182,40.58639],[-73.91767,40.58716],[-73.91455,40.58885],[-73.9149,40.59033],[-73.91633,40.59108],[-73.91783,40.59282],[-73.92084,40.59487],[-73.92178,40.59503],[-73.92252,40.59604],[-73.92505,40.59828],[-73.92785,40.60032],[-73.92923,40.60049],[-73.93149,40.60211],[-73.93196,40.60312],[-73.93117,40.60385],[-73.92993,40.60365],[-73.92935,40.60262],[-73.92746,40.60157],[-73.92627,40.60064],[-73.92407,40.59966],[-73.92325,40.60083],[-73.92209,40.60173],[-73.92098,40.60152],[-73.91958,40.60077],[-73.91872,40.6007],[-73.91689,40.59954],[-73.9158,40.59926],[-73.91507,40.598],[-73.91355,40.59672],[-73.91248,40.59536],[-73.91201,40.59431],[-73.91194,40.5925],[-73.91147,40.59126],[-73.91203,40.58885],[-73.91175,40.58731],[-73.91192,40.58643],[-73.91089,40.58595],[-73.90811,40.5868],[-73.90684,40.58699],[-73.90585,40.58749],[-73.90423,40.58692],[-73.9021,40.58736],[-73.90088,40.58805],[-73.89963,40.588],[-73.8988,40.58746],[-73.89797,40.58604],[-73.89802,40.58515],[-73.89727,40.58432],[-73.8966,40.58264],[-73.89676,40.58125],[-73.89651,40.57901],[-73.89552,40.57677],[-73.89242,40.57738],[-73.89104,40.57788],[-73.88904,40.57808],[-73.88614,40.57813],[-73.88391,40.57863],[-73.88174,40.57959],[-73.8797,40.58014],[-73.87672,40.58491],[-73.87862,40.58763],[-73.87914,40.58937],[-73.87897,40.58973],[-73.87971,40.5914],[-73.88076,40.59463],[-73.88081,40.59617],[-73.88168,40.59795],[-73.88169,40.59894],[-73.88268,40.60162],[-73.88339,40.60302],[-73.88272,40.60418],[-73.88396,40.60555],[-73.88473,40.60515],[-73.88773,40.60527],[-73.8891,40.60451],[-73.89098,40.60392],[-73.89158,40.60345],[-73.89371,40.60333],[-73.89558,40.60301],[-73.89833,40.60321],[-73.89933,40.60355],[-73.90193,40.60318],[-73.90332,40.60259],[-73.90567,40.6026],[-73.90784,40.60227],[-73.90914,40.60164],[-73.91032,40.60195],[-73.9133,40.60225],[-73.9156,40.60394],[-73.91924,40.60739],[-73.9195,40.60797],[-73.91802,40.60887],[-73.91805,40.61028],[-73.91573,40.61183],[-73.91663,40.61344],[-73.91493,40.61396],[-73.9145,40.61165],[-73.91616,40.61052],[-73.91678,40.60877],[-73.91632,40.60868],[-73.91674,40.60681],[-73.91353,40.60393],[-73.91092,40.60351],[-73.90833,40.60407],[-73.90886,40.60506],[-73.90978,40.60582],[-73.90934,40.60648],[-73.9081,40.60628],[-73.90597,40.60638],[-73.90521,40.60491],[-73.9019,40.60573],[-73.90168,40.60609],[-73.90221,40.61034],[-73.90429,40.61202],[-73.90778,40.61524],[-73.90901,40.61577],[-73.90964,40.61658],[-73.90884,40.61731],[-73.90724,40.61655],[-73.90697,40.61606],[-73.90271,40.61225],[-73.90055,40.61044],[-73.90078,40.60754],[-73.9011,40.60701],[-73.90014,40.6056],[-73.8985,40.6053],[-73.89673,40.60564],[-73.89489,40.60639],[-73.89335,40.60674],[-73.89275,40.6072],[-73.89225,40.60918],[-73.8903,40.61032],[-73.88979,40.61169],[-73.89055,40.61212],[-73.89355,40.611],[-73.89404,40.61143],[-73.89141,40.61213],[-73.89095,40.61283],[-73.8925,40.61379],[-73.89445,40.61393],[-73.89542,40.61441],[-73.89645,40.61612],[-73.89662,40.61713],[-73.89562,40.61975],[-73.89692,40.62166],[-73.89663,40.62228],[-73.89685,40.6224],[-73.90178,40.62482],[-73.90425,40.62603],[-73.90848,40.62798],[-73.9172,40.63174],[-73.9186,40.63207],[-73.91886,40.63458],[-73.91889,40.63484],[-73.91901,40.63589],[-73.91906,40.63639],[-73.91913,40.63707],[-73.91917,40.63747],[-73.92132,40.63637],[-73.92172,40.63617],[-73.92191,40.63607],[-73.92219,40.63592],[-73.92231,40.63584],[-73.92283,40.63556],[-73.92667,40.63531],[-73.92745,40.63526],[-73.93153,40.63501],[-73.93201,40.63962],[-73.93392,40.6395],[-73.93489,40.63944],[-73.93514,40.64178],[-73.93704,40.64166],[-73.93898,40.64154],[-73.93923,40.64384],[-73.94109,40.64372],[-73.943,40.6436],[-73.94396,40.64354],[-73.94779,40.64331],[-73.94973,40.64319],[-73.95452,40.64289],[-73.95642,40.64277]]]]},"properties":{"schooldist":"22"}},
{"type":"Feature","geometry":{"type":"Polygon","coordinates":[[[-73.9851,40.69056],[-73.98646,40.6911],[-73.98821,40.69181],[-73.98947,40.69229],[-73.9931,40.69285],[-73.99508,40.69315],[-73.99591,40.69142],[-73.99623,40.69076],[-73.99777,40.69119],[-73.99929,40.69159],[-73.99951,40.69165],[-74.00019,40.6919],[-74.00062,40.69204],[-74.00179,40.69218],[-74.00174,40.69241],[-74.00197,40.69184],[-74.00441,40.69253],[-74.00479,40.69176],[-74.0007,40.69061],[-74.00196,40.69014],[-74.00534,40.69109],[-74.00576,40.69024],[-74.00341,40.68961],[-74.00382,40.68893],[-74.00636,40.68967],[-74.00678,40.68883],[-74.00459,40.68822],[-74.005,40.68761],[-74.00742,40.68821],[-74.00783,40.68739],[-74.00563,40.68678],[-74.00588,40.6862],[-74.00702,40.68653],[-74.00816,40.68617],[-74.01093,40.68449],[-74.00967,40.68327],[-74.01302,40.68041],[-74.01387,40.68101],[-74.01411,40.68171],[-74.01213,40.68291],[-74.01282,40.68362],[-74.0152,40.68198],[-74.01928,40.67965],[-74.01858,40.67898],[-74.01843,40.67791],[-74.01977,40.67661],[-74.01798,40.67657],[-74.01818,40.67446],[-74.01727,40.67361],[-74.0188,40.67225],[-74.01817,40.67194],[-74.01496,40.67468],[-74.01458,40.67441],[-74.01632,40.67291],[-74.01512,40.67216],[-74.01336,40.67359],[-74.01298,40.67333],[-74.01423,40.67213],[-74.01427,40.67138],[-74.01163,40.67058],[-74.01087,40.66971],[-74.01088,40.6686],[-74.01228,40.66573],[-74.01669,40.66544],[-74.01751,40.67103],[-74.01888,40.6716],[-74.01858,40.67039],[-74.01789,40.66585],[-74.0169,40.66485],[-74.01575,40.66457],[-74.01154,40.66509],[-74.00985,40.66852],[-74.00662,40.66862],[-74.00544,40.67092],[-74.00475,40.67072],[-74.006,40.66789],[-74.0051,40.66798],[-74.00289,40.66735],[-74.00222,40.66858],[-74.00142,40.66836],[-74.0003,40.66872],[-73.99931,40.67077],[-73.99881,40.6696],[-73.99924,40.66831],[-73.99998,40.66745],[-74.00069,40.66755],[-74.00292,40.66646],[-73.99953,40.6644],[-74.00114,40.6629],[-74.00486,40.66506],[-74.00565,40.6639],[-74.00713,40.66492],[-74.00772,40.66472],[-74.00561,40.66346],[-74.00623,40.66279],[-74.00616,40.66185],[-74.00868,40.66337],[-74.00955,40.66327],[-74.01037,40.6624],[-74.00746,40.66056],[-74.0086,40.65952],[-74.01265,40.66198],[-74.01402,40.66153],[-74.01111,40.65971],[-74.01184,40.65891],[-74.01366,40.66003],[-74.014,40.65981],[-74.01554,40.66076],[-74.01746,40.65945],[-74.01442,40.65761],[-74.01585,40.65621],[-74.01861,40.65785],[-74.01911,40.65737],[-74.01639,40.65562],[-74.01787,40.65406],[-74.02005,40.65534],[-74.01962,40.65417],[-74.02115,40.65421],[-74.02163,40.65365],[-74.02119,40.65284],[-74.02196,40.65222],[-74.0209,40.65125],[-74.02154,40.65067],[-74.02272,40.6513],[-74.02446,40.65094],[-74.02436,40.65085],[-74.01649,40.64608],[-74.01641,40.64604],[-74.01432,40.64479],[-74.01491,40.64423],[-74.01265,40.64287],[-74.01323,40.64231],[-74.00983,40.64025],[-74.00662,40.63831],[-74.00546,40.63944],[-74.00429,40.64056],[-74.00254,40.64224],[-74.00196,40.6428],[-73.99623,40.63933],[-73.99535,40.63881],[-73.99315,40.63748],[-73.99432,40.63635],[-73.99212,40.63503],[-73.99154,40.63558],[-73.99096,40.63615],[-73.98862,40.63838],[-73.98804,40.63895],[-73.98746,40.6395],[-73.98629,40.64062],[-73.98409,40.6393],[-73.98318,40.64017],[-73.98292,40.64042],[-73.98072,40.63909],[-73.97968,40.63846],[-73.97983,40.64049],[-73.97918,40.64037],[-73.97907,40.64042],[-73.97944,40.6428],[-73.97902,40.64297],[-73.9764,40.64305],[-73.97427,40.64329],[-73.97381,40.64334],[-73.97072,40.64368],[-73.97009,40.64375],[-73.97032,40.64454],[-73.97077,40.64611],[-73.97156,40.64882],[-73.97204,40.65049],[-73.97243,40.65175],[-73.97305,40.65391],[-73.97412,40.65769],[-73.97448,40.65834],[-73.97958,40.66085],[-73.97965,40.66124],[-73.97182,40.67063],[-73.97041,40.67265],[-73.97088,40.67271],[-73.97101,40.67275],[-73.97547,40.67447],[-73.97796,40.67544],[-73.97839,40.6748],[-73.98341,40.67675],[-73.98353,40.6768],[-73.98586,40.67771],[-73.985,40.67898],[-73.98326,40.68152],[-73.9829,40.68207],[-73.98242,40.68278],[-73.98004,40.68185],[-73.97962,40.68249],[-73.97702,40.68149],[-73.97632,40.68251],[-73.97595,40.68351],[-73.97376,40.68305],[-73.97378,40.68313],[-73.97428,40.68551],[-73.97444,40.68631],[-73.97552,40.68676],[-73.97561,40.68679],[-73.97655,40.687],[-73.9775,40.68754],[-73.97835,40.68789],[-73.98057,40.68876],[-73.98093,40.6889],[-73.98155,40.68915],[-73.98296,40.6897],[-73.9851,40.69056]]]},"properties":{"schooldist":"15"}},
{"type":"Feature","geometry":{"type":"Polygon","coordinates":[[[-73.92044,40.66563],[-73.92058,40.66615],[-73.92091,40.66743],[-73.92094,40.66754],[-73.92095,40.66759],[-73.92098,40.66769],[-73.92015,40.66823],[-73.92005,40.66828],[-73.92004,40.66914],[-73.92002,40.66952],[-73.91988,40.66998],[-73.91979,40.67087],[-73.92005,40.67124],[-73.92002,40.67164],[-73.9199,40.67187],[-73.92023,40.67239],[-73.92176,40.67249],[-73.92172,40.67352],[-73.9231,40.67374],[-73.92508,40.67384],[-73.9255,40.67362],[-73.92744,40.67371],[-73.92784,40.674],[-73.92827,40.67223],[-73.92843,40.67223],[-73.92891,40.67226],[-73.93079,40.67236],[-73.93634,40.6727],[-73.93683,40.67272],[-73.93708,40.67273],[-73.93754,40.67332],[-73.93752,40.67423],[-73.93833,40.67459],[-73.93877,40.67627],[-73.93843,40.67694],[-73.93852,40.67742],[-73.93863,40.67777],[-73.93984,40.67792],[-73.94138,40.67801],[-73.94183,40.67803],[-73.94415,40.67816],[-73.94692,40.67832],[-73.94862,40.67841],[-73.9487,40.67842],[-73.95299,40.67872],[-73.95529,40.6792],[-73.95829,40.67983],[-73.96135,40.68046],[-73.96154,40.68009],[-73.96223,40.67817],[-73.96286,40.67641],[-73.96328,40.67527],[-73.96314,40.67457],[-73.96279,40.67277],[-73.96261,40.67185],[-73.96259,40.67175],[-73.96373,40.672],[-73.96605,40.67266],[-73.96805,40.67305],[-73.96877,40.67294],[-73.9692,40.6728],[-73.96966,40.67264],[-73.97,40.67263],[-73.97041,40.67265],[-73.97182,40.67063],[-73.97965,40.66124],[-73.97958,40.66085],[-73.97448,40.65834],[-73.97412,40.65769],[-73.97305,40.65391],[-73.97243,40.65175],[-73.97204,40.65049],[-73.97156,40.64882],[-73.97077,40.64611],[-73.97068,40.64612],[-73.96733,40.64649],[-73.96547,40.64671],[-73.96454,40.6468],[-73.96433,40.64682],[-73.96393,40.64685],[-73.96261,40.64701],[-73.96307,40.64944],[-73.96101,40.65008],[-73.95998,40.65021],[-73.95871,40.65039],[-73.95845,40.64932],[-73.95826,40.64853],[-73.95814,40.6475],[-73.95811,40.64652],[-73.95802,40.64507],[-73.95792,40.64414],[-73.95789,40.64402],[-73.95764,40.64269],[-73.95642,40.64277],[-73.95452,40.64289],[-73.94973,40.64319],[-73.94779,40.64331],[-73.94396,40.64354],[-73.943,40.6436],[-73.94109,40.64372],[-73.93923,40.64384],[-73.93933,40.64481],[-73.9412,40.64472],[-73.94261,40.64466],[-73.94269,40.64553],[-73.9428,40.64654],[-73.943,40.64859],[-73.94312,40.64931],[-73.9417,40.64939],[-73.94189,40.65117],[-73.94283,40.65111],[-73.9438,40.65111],[-73.944,40.65297],[-73.94687,40.6528],[-73.94703,40.65434],[-73.94716,40.65559],[-73.94508,40.65572],[-73.94509,40.65743],[-73.94163,40.65765],[-73.93633,40.65798],[-73.9359,40.658],[-73.93614,40.66029],[-73.93473,40.66039],[-73.92882,40.66075],[-73.92786,40.66172],[-73.92757,40.66191],[-73.92685,40.66237],[-73.92542,40.66329],[-73.92361,40.66166],[-73.92273,40.66223],[-73.92105,40.66331],[-73.92011,40.66246],[-73.91959,40.662],[-73.9196,40.66215],[-73.91973,40.66304],[-73.91973,40.66308],[-73.91975,40.66314],[-73.91976,40.66318],[-73.91978,40.66329],[-73.92163,40.66384],[-73.92122,40.66405],[-73.92084,40.66415],[-73.92037,40.66424],[-73.92005,40.66409],[-73.92044,40.66563],[-73.92118,40.6654],[-73.92137,40.66549],[-73.92143,40.66536],[-73.92216,40.66526],[-73.92188,40.66557],[-73.92137,40.66549],[-73.92061,40.6658],[-73.92044,40.66563]]]},"properties":{"schooldist":"17"}},
{"type":"Feature","geometry":{"type":"Polygon","coordinates":[[[-73.92406,40.71411],[-73.92483,40.71528],[-73.92431,40.71585],[-73.92306,40.71634],[-73.92364,40.71732],[-73.92458,40.71795],[-73.9281,40.71713],[-73.9289,40.71657],[-73.92844,40.71553],[-73.93085,40.7149],[-73.93042,40.71319],[-73.93185,40.71255],[-73.93025,40.70893],[-73.93093,40.70917],[-73.93265,40.713],[-73.93124,40.71372],[-73.9321,40.71504],[-73.92947,40.71572],[-73.92971,40.71704],[-73.92838,40.71758],[-73.92482,40.71849],[-73.92452,40.71961],[-73.92561,40.72006],[-73.9278,40.72493],[-73.92786,40.72583],[-73.92958,40.72761],[-73.932,40.72815],[-73.93493,40.72854],[-73.93693,40.72911],[-73.93809,40.72975],[-73.93975,40.73107],[-73.94115,40.73415],[-73.94239,40.73543],[-73.94557,40.73661],[-73.94644,40.73678],[-73.95039,40.73828],[-73.95323,40.73899],[-73.95476,40.73912],[-73.95693,40.73889],[-73.95982,40.73707],[-73.96157,40.73518],[-73.96229,40.73405],[-73.96226,40.73292],[-73.96143,40.73095],[-73.96102,40.7287],[-73.96162,40.72666],[-73.96162,40.72587],[-73.96029,40.72595],[-73.96012,40.72532],[-73.95843,40.7254],[-73.95833,40.72441],[-73.96116,40.72526],[-73.96154,40.72511],[-73.96297,40.72203],[-73.96354,40.72157],[-73.96512,40.71923],[-73.9666,40.71797],[-73.96885,40.71321],[-73.96887,40.71223],[-73.96994,40.7093],[-73.96985,40.708],[-73.96929,40.70709],[-73.9693,40.70509],[-73.96748,40.70395],[-73.96762,40.70335],[-73.97018,40.70493],[-73.97049,40.7054],[-73.97026,40.70689],[-73.97232,40.70908],[-73.97276,40.70883],[-73.97106,40.70695],[-73.97122,40.70579],[-73.97424,40.70802],[-73.97463,40.70768],[-73.97255,40.7062],[-73.97339,40.70573],[-73.97102,40.70382],[-73.97146,40.70351],[-73.96899,40.70175],[-73.96925,40.70136],[-73.97267,40.7035],[-73.97284,40.70335],[-73.96949,40.70052],[-73.96983,40.70025],[-73.9697,40.69912],[-73.96975,40.69828],[-73.96973,40.6978],[-73.96874,40.69776],[-73.96773,40.69772],[-73.96738,40.69585],[-73.96735,40.6957],[-73.96688,40.69334],[-73.96561,40.69349],[-73.96404,40.69356],[-73.96233,40.69386],[-73.9619,40.6923],[-73.96074,40.69242],[-73.96029,40.69035],[-73.95858,40.69055],[-73.95899,40.69263],[-73.95677,40.69288],[-73.95583,40.69299],[-73.95658,40.69678],[-73.95292,40.6972],[-73.95234,40.69426],[-73.94906,40.69464],[-73.94877,40.69317],[-73.94593,40.6935],[-73.94608,40.69423],[-73.94324,40.69456],[-73.94353,40.69603],[-73.94322,40.69607],[-73.94242,40.69616],[-73.94209,40.6962],[-73.94071,40.69635],[-73.93779,40.69669],[-73.93705,40.69553],[-73.93483,40.69575],[-73.9348,40.69674],[-73.9341,40.6976],[-73.9337,40.6981],[-73.93593,40.70002],[-73.93582,40.70048],[-73.93608,40.70148],[-73.93759,40.70206],[-73.93674,40.70239],[-73.9367,40.70253],[-73.93732,40.70271],[-73.93281,40.70358],[-73.93392,40.70749],[-73.93207,40.70779],[-73.92741,40.70854],[-73.92189,40.7094],[-73.92075,40.71053],[-73.92155,40.71104],[-73.92223,40.71286],[-73.92404,40.71401],[-73.92406,40.71411]]]},"properties":{"schooldist":"14"}},
{"type":"Feature","geometry":{"type":"Polygon","coordinates":[[[-73.93193,40.69511],[-73.9348,40.69674],[-73.93483,40.69575],[-73.93705,40.69553],[-73.93779,40.69669],[-73.94071,40.69635],[-73.94209,40.6962],[-73.94242,40.69616],[-73.94322,40.69607],[-73.94353,40.69603],[-73.94324,40.69456],[-73.94608,40.69423],[-73.94593,40.6935],[-73.9457,40.69233],[-73.94564,40.69203],[-73.94535,40.69057],[-73.94506,40.6891],[-73.94491,40.68837],[-73.94477,40.68764],[-73.94471,40.68737],[-73.94462,40.6869],[-73.94428,40.68739],[-73.94235,40.68759],[-73.93939,40.68787],[-73.93895,40.68756],[-73.93866,40.68609],[-73.93852,40.68535],[-73.93822,40.68389],[-73.93808,40.68316],[-73.93515,40.6835],[-73.93486,40.68203],[-73.9375,40.68173],[-73.93779,40.68169],[-73.9374,40.67973],[-73.93844,40.67979],[-73.93862,40.67786],[-73.93863,40.67777],[-73.93852,40.67742],[-73.93843,40.67694],[-73.93877,40.67627],[-73.93833,40.67459],[-73.93752,40.67423],[-73.93754,40.67332],[-73.93708,40.67273],[-73.93683,40.67272],[-73.93634,40.6727],[-73.93079,40.67236],[-73.92891,40.67226],[-73.92843,40.67223],[-73.92827,40.67223],[-73.92784,40.674],[-73.92744,40.67371],[-73.9255,40.67362],[-73.92508,40.67384],[-73.9231,40.67374],[-73.92213,40.67368],[-73.92159,40.67406],[-73.91908,40.67398],[-73.91721,40.67386],[-73.91669,40.67428],[-73.91646,40.67665],[-73.91635,40.67782],[-73.9163,40.67858],[-73.91676,40.68076],[-73.91708,40.6812],[-73.91717,40.68163],[-73.91698,40.68183],[-73.91728,40.68218],[-73.91754,40.68366],[-73.91741,40.68403],[-73.91788,40.68509],[-73.91801,40.68582],[-73.9168,40.6865],[-73.91755,40.68693],[-73.91878,40.68763],[-73.92131,40.68907],[-73.92281,40.68992],[-73.92535,40.69137],[-73.92632,40.69193],[-73.92778,40.69276],[-73.92883,40.69335],[-73.9297,40.69386],[-73.93147,40.69486],[-73.93193,40.69511]]]},"properties":{"schooldist":"16"}},
{"type":"Feature","geometry":{"type":"MultiPolygon","coordinates":[[[[-73.90642,40.73987],[-73.90735,40.73996],[-73.90696,40.73854],[-73.90642,40.73987]]],[[[-73.85593,40.75901],[-73.85716,40.75967],[-73.85943,40.76005],[-73.86139,40.7605],[-73.86339,40.76098],[-73.86338,40.76089],[-73.86318,40.75978],[-73.86407,40.75968],[-73.86496,40.75959],[-73.86601,40.75948],[-73.86691,40.75938],[-73.86657,40.75754],[-73.86462,40.75769],[-73.8643,40.75592],[-73.86534,40.7558],[-73.86514,40.75473],[-73.8698,40.75375],[-73.86975,40.75347],[-73.86908,40.75203],[-73.87224,40.75106],[-73.88059,40.75014],[-73.88096,40.75218],[-73.88297,40.75189],[-73.88271,40.74955],[-73.8828,40.74816],[-73.883,40.74773],[-73.88672,40.74734],[-73.89359,40.74662],[-73.89445,40.74654],[-73.89722,40.74624],[-73.90005,40.74594],[-73.9027,40.74568],[-73.90185,40.74475],[-73.90224,40.74372],[-73.90214,40.74232],[-73.90257,40.74128],[-73.90314,40.74135],[-73.90373,40.74123],[-73.90326,40.73988],[-73.90453,40.73993],[-73.90463,40.73782],[-73.90598,40.73722],[-73.90673,40.73691],[-73.90926,40.7364],[-73.90832,40.73863],[-73.90751,40.74186],[-73.9083,40.74196],[-73.91016,40.74217],[-73.93261,40.74478],[-73.93359,40.74473],[-73.93448,40.74484],[-73.93541,40.74496],[-73.93726,40.74518],[-73.93862,40.7384],[-73.93927,40.73609],[-73.93861,40.73611],[-73.93851,40.73517],[-73.93952,40.73461],[-73.93899,40.73384],[-73.9401,40.73336],[-73.93911,40.73138],[-73.93804,40.73051],[-73.93648,40.72969],[-73.93453,40.7291],[-73.9313,40.72873],[-73.92939,40.72831],[-73.92856,40.72784],[-73.92656,40.72567],[-73.9253,40.72473],[-73.92419,40.72428],[-73.92269,40.72424],[-73.92037,40.72368],[-73.92071,40.72332],[-73.92218,40.72371],[-73.92452,40.72355],[-73.92514,40.72227],[-73.92424,40.72143],[-73.92385,40.72021],[-73.92393,40.71903],[-73.92279,40.71753],[-73.92233,40.71608],[-73.92412,40.71514],[-73.92406,40.71411],[-73.92404,40.71401],[-73.92223,40.71286],[-73.92155,40.71104],[-73.92075,40.71053],[-73.92189,40.7094],[-73.92143,40.70913],[-73.9207,40.70869],[-73.91956,40.70802],[-73.91848,40.70738],[-73.91551,40.70563],[-73.91403,40.70475],[-73.91329,40.70431],[-73.91181,40.70343],[-73.9129,40.70236],[-73.91216,40.70192],[-73.91068,40.70105],[-73.91181,40.69995],[-73.91107,40.69956],[-73.90757,40.69757],[-73.90727,40.6974],[-73.9054,40.69635],[-73.90426,40.6957],[-73.9058,40.69413],[-73.90354,40.69285],[-73.90207,40.692],[-73.90155,40.69168],[-73.9014,40.69159],[-73.90189,40.69108],[-73.90042,40.68818],[-73.90116,40.68788],[-73.89653,40.6824],[-73.89637,40.6826],[-73.89636,40.68262],[-73.8962,40.68289],[-73.89578,40.6835],[-73.89561,40.68371],[-73.89505,40.68436],[-73.89399,40.68507],[-73.89274,40.68367],[-73.89166,40.68404],[-73.89015,40.685],[-73.88963,40.68424],[-73.88808,40.68529],[-73.88452,40.68668],[-73.88378,40.68786],[-73.88227,40.68904],[-73.87956,40.6911],[-73.87939,40.69121],[-73.87402,40.69419],[-73.87004,40.69494],[-73.86892,40.69515],[-73.86841,40.69473],[-73.86369,40.69569],[-73.85744,40.69691],[-73.85184,40.69768],[-73.84948,40.6982],[-73.84502,40.69936],[-73.84216,40.7009],[-73.84156,40.7011],[-73.83841,40.70338],[-73.83696,40.70421],[-73.83814,40.70626],[-73.83808,40.70656],[-73.83784,40.70695],[-73.83715,40.70796],[-73.83828,40.70841],[-73.83976,40.70869],[-73.84091,40.70888],[-73.84145,40.70896],[-73.84221,40.70908],[-73.84349,40.70906],[-73.84417,40.70878],[-73.84491,40.70856],[-73.84529,40.70848],[-73.84666,40.70832],[-73.84714,40.70831],[-73.84877,40.70844],[-73.84915,40.70842],[-73.8511,40.7079],[-73.85275,40.7074],[-73.85472,40.70677],[-73.85539,40.70656],[-73.85828,40.70564],[-73.8586,40.70595],[-73.85883,40.70624],[-73.85908,40.70671],[-73.85924,40.70727],[-73.85929,40.70768],[-73.85954,40.70969],[-73.85978,40.71143],[-73.85964,40.71349],[-73.85969,40.7142],[-73.85975,40.71439],[-73.85993,40.71476],[-73.86357,40.71828],[-73.86469,40.71943],[-73.86766,40.72266],[-73.86877,40.72382],[-73.86971,40.72515],[-73.87063,40.72706],[-73.87113,40.72837],[-73.87146,40.72933],[-73.87156,40.73007],[-73.87162,40.73098],[-73.87156,40.73128],[-73.87037,40.7335],[-73.86879,40.73293],[-73.86836,40.73274],[-73.86793,40.73287],[-73.86447,40.73401],[-73.86446,40.73457],[-73.86412,40.73569],[-73.86341,40.73592],[-73.86247,40.73623],[-73.86089,40.73669],[-73.86076,40.73672],[-73.85939,40.73704],[-73.85904,40.73638],[-73.85872,40.73571],[-73.85505,40.73672],[-73.85244,40.7372],[-73.8513,40.73751],[-73.85088,40.73765],[-73.84956,40.73811],[-73.84751,40.73901],[-73.84578,40.73983],[-73.8455,40.73997],[-73.84598,40.74175],[-73.84694,40.74409],[-73.84849,40.74691],[-73.84907,40.74751],[-73.85086,40.75],[-73.85262,40.75341],[-73.85354,40.75656],[-73.85414,40.75777],[-73.85501,40.75888],[-73.85593,40.75901]]]]},"properties":{"schooldist":"24"}},
{"type":"Feature","geometry":{"type":"Polygon","coordinates":[[[-73.77061,40.78208],[-73.77161,40.783],[-73.77408,40.78592],[-73.77379,40.78683],[-73.77174,40.78746],[-73.77063,40.78846],[-73.7721,40.79013],[-73.77236,40.79154],[-73.77363,40.79275],[-73.77402,40.79404],[-73.77618,40.7961],[-73.77827,40.79673],[-73.78154,40.79566],[-73.78181,40.7948],[-73.78101,40.79438],[-73.7807,40.79365],[-73.78108,40.79168],[-73.78252,40.79135],[-73.78384,40.79064],[-73.78568,40.79034],[-73.79028,40.79032],[-73.79269,40.78878],[-73.79378,40.78912],[-73.79496,40.7919],[-73.79433,40.79353],[-73.79477,40.79488],[-73.79617,40.79503],[-73.79859,40.7959],[-73.80066,40.79635],[-73.80239,40.79627],[-73.80346,40.79647],[-73.80461,40.79614],[-73.80636,40.79639],[-73.81182,40.79746],[-73.81287,40.79718],[-73.81604,40.79854],[-73.81913,40.80055],[-73.82079,40.80056],[-73.82254,40.79896],[-73.82523,40.7973],[-73.82612,40.79727],[-73.82866,40.79648],[-73.82879,40.79594],[-73.82801,40.79491],[-73.82779,40.7933],[-73.82911,40.7919],[-73.83061,40.79166],[-73.83174,40.79101],[-73.83215,40.79003],[-73.83212,40.78877],[-73.83378,40.78851],[-73.83409,40.78903],[-73.83555,40.78952],[-73.83715,40.78956],[-73.83751,40.79103],[-73.83662,40.79176],[-73.83663,40.79252],[-73.8384,40.79676],[-73.83904,40.79705],[-73.8406,40.79681],[-73.8419,40.79562],[-73.84343,40.79495],[-73.84451,40.79488],[-73.84624,40.79616],[-73.84871,40.79542],[-73.84934,40.79337],[-73.85277,40.79439],[-73.85353,40.79414],[-73.85374,40.79229],[-73.85266,40.79126],[-73.85445,40.79027],[-73.85479,40.78858],[-73.85323,40.78789],[-73.85597,40.78767],[-73.8567,40.7867],[-73.85816,40.78704],[-73.85912,40.78573],[-73.85799,40.78468],[-73.85808,40.78372],[-73.85728,40.78336],[-73.85545,40.78314],[-73.85539,40.78208],[-73.85315,40.78232],[-73.85024,40.78242],[-73.84926,40.78227],[-73.84991,40.78109],[-73.84949,40.78007],[-73.8498,40.77877],[-73.84896,40.77796],[-73.84921,40.77455],[-73.84896,40.77374],[-73.84995,40.77206],[-73.84859,40.77062],[-73.84846,40.76978],[-73.849,40.76915],[-73.84781,40.76677],[-73.84528,40.76567],[-73.84395,40.76549],[-73.84031,40.76629],[-73.83822,40.76567],[-73.83645,40.76308],[-73.83624,40.76125],[-73.83729,40.75876],[-73.8382,40.7574],[-73.83826,40.75626],[-73.83938,40.75442],[-73.84072,40.75377],[-73.84066,40.75521],[-73.83907,40.75665],[-73.83918,40.75727],[-73.83816,40.75983],[-73.83708,40.76118],[-73.83732,40.76287],[-73.83796,40.764],[-73.83947,40.7652],[-73.84053,40.76539],[-73.84298,40.76442],[-73.84307,40.76359],[-73.84412,40.76314],[-73.84869,40.76014],[-73.85159,40.75936],[-73.85372,40.76025],[-73.8553,40.76065],[-73.85664,40.76015],[-73.85496,40.75949],[-73.85443,40.75922],[-73.85501,40.75888],[-73.85414,40.75777],[-73.85354,40.75656],[-73.85262,40.75341],[-73.85086,40.75],[-73.84907,40.74751],[-73.84849,40.74691],[-73.84694,40.74409],[-73.84598,40.74175],[-73.8455,40.73997],[-73.84548,40.7399],[-73.84537,40.73942],[-73.84522,40.73862],[-73.84515,40.73817],[-73.84503,40.73689],[-73.84489,40.73591],[-73.8448,40.73554],[-73.8447,40.73521],[-73.84459,40.73488],[-73.84443,40.7345],[-73.84429,40.7342],[-73.84372,40.73323],[-73.84273,40.73195],[-73.84148,40.73074],[-73.84055,40.72984],[-73.83925,40.72815],[-73.83894,40.72762],[-73.8386,40.72703],[-73.83813,40.7262],[-73.83789,40.7257],[-73.83749,40.72513],[-73.83698,40.72407],[-73.83583,40.72234],[-73.83376,40.71984],[-73.83232,40.71833],[-73.83185,40.71791],[-73.83138,40.71755],[-73.83102,40.71733],[-73.82968,40.71694],[-73.8275,40.71645],[-73.82698,40.71623],[-73.82642,40.71615],[-73.82536,40.71624],[-73.8234,40.71655],[-73.82064,40.7167],[-73.81998,40.71658],[-73.8193,40.71714],[-73.81887,40.71726],[-73.81726,40.71764],[-73.81712,40.71768],[-73.81514,40.71823],[-73.81285,40.71886],[-73.81145,40.71925],[-73.81057,40.71948],[-73.80904,40.71991],[-73.80861,40.71845],[-73.80397,40.71929],[-73.80269,40.71951],[-73.80364,40.72175],[-73.80019,40.72294],[-73.80018,40.72436],[-73.80077,40.72746],[-73.80107,40.72809],[-73.80119,40.72845],[-73.80095,40.72847],[-73.80107,40.7302],[-73.80233,40.73051],[-73.80324,40.73048],[-73.80316,40.7316],[-73.80294,40.73486],[-73.8048,40.73494],[-73.80474,40.73677],[-73.80466,40.73835],[-73.80132,40.73828],[-73.79911,40.73821],[-73.79685,40.73824],[-73.79641,40.73833],[-73.79672,40.73842],[-73.79629,40.73855],[-73.79722,40.7401],[-73.79726,40.74021],[-73.79728,40.74045],[-73.79727,40.74056],[-73.79695,40.74193],[-73.79639,40.74235],[-73.79614,40.74257],[-73.79543,40.74326],[-73.79501,40.74374],[-73.79465,40.74425],[-73.79454,40.74451],[-73.79449,40.74474],[-73.79446,40.74497],[-73.79445,40.7452],[-73.79448,40.74567],[-73.79468,40.74721],[-73.79242,40.74677],[-73.79234,40.74789],[-73.79227,40.74904],[-73.79219,40.75024],[-73.79211,40.75046],[-73.79207,40.75046],[-73.79134,40.75066],[-73.79042,40.75091],[-73.78996,40.75104],[-73.78888,40.75185],[-73.78786,40.75185],[-73.78683,40.75235],[-73.78668,40.75241],[-73.78653,40.75246],[-73.78621,40.75252],[-73.78632,40.75266],[-73.78598,40.75371],[-73.7854,40.75379],[-73.78502,40.75509],[-73.78538,40.75521],[-73.78521,40.75588],[-73.78733,40.75583],[-73.78805,40.75604],[-73.78823,40.75765],[-73.7885,40.75787],[-73.79122,40.7578],[-73.79303,40.75776],[-73.79322,40.75915],[-73.79337,40.76119],[-73.79081,40.76138],[-73.78533,40.76184],[-73.7853,40.76198],[-73.78542,40.76251],[-73.78714,40.76371],[-73.7885,40.76457],[-73.7906,40.76742],[-73.7915,40.76845],[-73.79235,40.76945],[-73.79238,40.76948],[-73.79189,40.77005],[-73.79223,40.77038],[-73.79179,40.77055],[-73.79217,40.77303],[-73.79255,40.77297],[-73.79227,40.77399],[-73.78984,40.77469],[-73.78914,40.77485],[-73.78943,40.7755],[-73.78973,40.77618],[-73.79004,40.77685],[-73.79022,40.77695],[-73.7904,40.77704],[-73.79077,40.7772],[-73.7908,40.77726],[-73.78489,40.77904],[-73.78474,40.77908],[-73.78464,40.77902],[-73.78455,40.77763],[-73.78448,40.77617],[-73.7828,40.77667],[-73.77678,40.77841],[-73.77584,40.77861],[-73.7756,40.77932],[-73.77327,40.78061],[-73.77235,40.78113],[-73.771,40.78187],[-73.77087,40.78194],[-73.77061,40.78208]]]},"properties":{"schooldist":"25"}},
{"type":"Feature","geometry":{"type":"MultiPolygon","coordinates":[[[[-73.83193,40.59345],[-73.834,40.59362],[-73.8357,40.59481],[-73.83746,40.59686],[-73.84057,40.5973],[-73.8435,40.59508],[-73.84336,40.59347],[-73.84238,40.59248],[-73.8405,40.59121],[-73.83909,40.59071],[-73.83647,40.58947],[-73.83357,40.58904],[-73.83117,40.59149],[-73.83193,40.59345]]],[[[-73.80997,40.60007],[-73.81004,40.60265],[-73.81085,40.60322],[-73.81429,40.60446],[-73.81484,40.604],[-73.81498,40.60218],[-73.81305,40.5995],[-73.81158,40.59814],[-73.81029,40.59899],[-73.80997,40.60007]]],[[[-73.80631,40.60411],[-73.8067,40.60544],[-73.80757,40.60456],[-73.80631,40.60411]]],[[[-73.80032,40.60706],[-73.80173,40.60645],[-73.80307,40.60639],[-73.80394,40.60559],[-73.80316,40.60448],[-73.80242,40.60422],[-73.79965,40.60434],[-73.79732,40.60407],[-73.7966,40.60442],[-73.79635,40.60579],[-73.79805,40.60635],[-73.79806,40.60671],[-73.80032,40.60706]]],[[[-73.80728,40.60725],[-73.8076,40.60849],[-73.80951,40.6074],[-73.81054,40.60623],[-73.81013,40.60599],[-73.80728,40.60725]]],[[[-73.8273,40.60949],[-73.82726,40.60852],[-73.82777,40.60777],[-73.82926,40.60706],[-73.82909,40.60582],[-73.82681,40.60506],[-73.82453,40.60504],[-73.82544,40.60682],[-73.82602,40.60911],[-73.8273,40.60949]]],[[[-73.83213,40.60952],[-73.83437,40.60785],[-73.83446,40.60719],[-73.83574,40.60579],[-73.83438,40.60515],[-73.83113,40.60525],[-73.82999,40.60619],[-73.82978,40.60712],[-73.83021,40.60811],[-73.83213,40.60952]]],[[[-73.76669,40.61425],[-73.76915,40.614],[-73.77191,40.61392],[-73.77347,40.61363],[-73.77399,40.61245],[-73.77377,40.61126],[-73.77211,40.61144],[-73.77123,40.61038],[-73.77029,40.61025],[-73.76894,40.60918],[-73.77002,40.60719],[-73.77001,40.60534],[-73.77057,40.60476],[-73.77019,40.60275],[-73.77094,40.60115],[-73.77116,40.59948],[-73.76974,40.59866],[-73.77198,40.59792],[-73.77301,40.59788],[-73.77422,40.59901],[-73.77411,40.59959],[-73.77497,40.60174],[-73.77628,40.60108],[-73.77742,40.59881],[-73.77904,40.59765],[-73.78018,40.59721],[-73.78133,40.59775],[-73.78199,40.59898],[-73.7799,40.60075],[-73.77826,40.60036],[-73.77703,40.60167],[-73.77536,40.60417],[-73.7749,40.60522],[-73.77417,40.60865],[-73.77492,40.60952],[-73.77693,40.60984],[-73.77857,40.60964],[-73.7794,40.60923],[-73.78099,40.60791],[-73.78349,40.6055],[-73.78396,40.60487],[-73.78314,40.60359],[-73.78351,40.60256],[-73.78528,40.60158],[-73.78599,40.60029],[-73.78917,40.59788],[-73.78918,40.59519],[-73.79086,40.59501],[-73.79124,40.59663],[-73.79033,40.5992],[-73.78769,40.60133],[-73.7865,40.60325],[-73.78786,40.60311],[-73.79154,40.60036],[-73.79336,40.59996],[-73.79398,40.59956],[-73.80123,40.59912],[-73.80292,40.59887],[-73.80511,40.59715],[-73.80458,40.59623],[-73.8031,40.59456],[-73.80259,40.59438],[-73.80244,40.59264],[-73.80393,40.59311],[-73.80404,40.59416],[-73.80464,40.59491],[-73.80603,40.59555],[-73.80711,40.59528],[-73.80805,40.59365],[-73.80701,40.59305],[-73.80417,40.59185],[-73.80436,40.59131],[-73.80687,40.59226],[-73.80902,40.59335],[-73.8099,40.59227],[-73.81091,40.59206],[-73.81363,40.59079],[-73.81475,40.59059],[-73.81525,40.58999],[-73.81884,40.58825],[-73.82146,40.58677],[-73.82326,40.58747],[-73.82785,40.58614],[-73.82852,40.58485],[-73.83584,40.58288],[-73.83865,40.58272],[-73.83935,40.58186],[-73.84521,40.58158],[-73.84861,40.58219],[-73.85044,40.58213],[-73.85306,40.58126],[-73.86554,40.57464],[-73.87598,40.56952],[-73.8783,40.56869],[-73.88122,40.56878],[-73.88337,40.56833],[-73.88446,40.56789],[-73.8849,40.5685],[-73.88655,40.56847],[-73.88747,40.56813],[-73.88959,40.56794],[-73.89146,40.56842],[-73.89314,40.5684],[-73.89549,40.56687],[-73.89534,40.56633],[-73.89613,40.56536],[-73.89969,40.56338],[-73.90161,40.56275],[-73.90287,40.56351],[-73.90429,40.56292],[-73.90615,40.56269],[-73.90928,40.564],[-73.91008,40.56492],[-73.9122,40.56505],[-73.91519,40.56409],[-73.91766,40.56283],[-73.92108,40.56208],[-73.92329,40.56209],[-73.92616,40.56155],[-73.92879,40.55993],[-73.93178,40.5579],[-73.93298,40.5574],[-73.93509,40.55727],[-73.93684,40.55678],[-73.93866,40.55568],[-73.93962,40.55442],[-73.94021,40.55282],[-73.94008,40.55055],[-73.94013,40.54801],[-73.94047,40.54286],[-73.93928,40.54311],[-73.93579,40.54464],[-73.93055,40.54643],[-73.92642,40.54816],[-73.91948,40.55062],[-73.91626,40.55197],[-73.9088,40.55483],[-73.90756,40.55537],[-73.90444,40.55637],[-73.90257,40.55676],[-73.90054,40.55653],[-73.89823,40.55708],[-73.897,40.55689],[-73.89583,40.55735],[-73.89502,40.55726],[-73.89347,40.55795],[-73.89209,40.55805],[-73.89022,40.55881],[-73.88971,40.55877],[-73.88766,40.55954],[-73.88495,40.56016],[-73.88327,40.56085],[-73.88041,40.56147],[-73.87625,40.5631],[-73.87321,40.56406],[-73.87258,40.5641],[-73.86925,40.56538],[-73.86833,40.56553],[-73.86572,40.5665],[-73.86356,40.56703],[-73.86255,40.56681],[-73.86022,40.56792],[-73.8572,40.5691],[-73.8522,40.57075],[-73.84616,40.57303],[-73.83778,40.57592],[-73.83387,40.57765],[-73.83163,40.57837],[-73.82957,40.57878],[-73.82496,40.58014],[-73.82229,40.5811],[-73.81929,40.58177],[-73.81352,40.58347],[-73.80807,40.584],[-73.80372,40.58502],[-73.80061,40.58548],[-73.79665,40.58637],[-73.7915,40.5873],[-73.78923,40.58762],[-73.78453,40.58848],[-73.78057,40.58956],[-73.77913,40.58961],[-73.77735,40.59009],[-73.77083,40.59055],[-73.76886,40.59086],[-73.76813,40.59074],[-73.76276,40.59162],[-73.76134,40.59173],[-73.75789,40.59136],[-73.75592,40.59087],[-73.75341,40.59097],[-73.75169,40.59131],[-73.74913,40.59322],[-73.74666,40.5943],[-73.74291,40.59483],[-73.74137,40.59481],[-73.73996,40.5945],[-73.73799,40.59456],[-73.73841,40.59592],[-73.73823,40.60257],[-73.73921,40.60404],[-73.74029,40.6046],[-73.7434,40.60747],[-73.74311,40.60772],[-73.74576,40.61199],[-73.74686,40.61157],[-73.74722,40.61218],[-73.75009,40.61164],[-73.75346,40.61052],[-73.75648,40.61018],[-73.75944,40.61035],[-73.76172,40.61185],[-73.7623,40.61136],[-73.76508,40.61205],[-73.76516,40.61375],[-73.76669,40.61425]]],[[[-73.76672,40.615],[-73.76746,40.62051],[-73.76855,40.62056],[-73.77088,40.61586],[-73.76672,40.615]]],[[[-73.83362,40.6226],[-73.83251,40.62301],[-73.83178,40.62432],[-73.83338,40.62406],[-73.83301,40.62353],[-73.83362,40.6226]]],[[[-73.81223,40.6253],[-73.81226,40.62639],[-73.81437,40.62566],[-73.81304,40.62386],[-73.81223,40.6253]]],[[[-73.79882,40.62533],[-73.79759,40.6261],[-73.79885,40.62654],[-73.79956,40.62612],[-73.80163,40.6256],[-73.80595,40.62338],[-73.80641,40.62234],[-73.80641,40.62111],[-73.80493,40.61859],[-73.80454,40.61698],[-73.80362,40.61602],[-73.80347,40.6144],[-73.80187,40.61677],[-73.80132,40.61861],[-73.80152,40.61939],[-73.80023,40.61959],[-73.79975,40.62105],[-73.79868,40.62343],[-73.79995,40.62444],[-73.79882,40.62533]]],[[[-73.81429,40.62914],[-73.81467,40.62999],[-73.81597,40.63038],[-73.81645,40.62984],[-73.81617,40.6289],[-73.81532,40.62776],[-73.81467,40.6275],[-73.81429,40.62914]]],[[[-73.82338,40.63899],[-73.82414,40.63879],[-73.82443,40.63622],[-73.82607,40.63575],[-73.82809,40.63588],[-73.82867,40.63661],[-73.83222,40.63893],[-73.83341,40.6385],[-73.83194,40.63424],[-73.83114,40.63275],[-73.8319,40.63057],[-73.83196,40.62965],[-73.8329,40.6289],[-73.83247,40.62758],[-73.83077,40.62675],[-73.83068,40.62581],[-73.83134,40.62501],[-73.83097,40.62458],[-73.83274,40.62254],[-73.83255,40.62175],[-73.8337,40.62098],[-73.83402,40.61438],[-73.83148,40.61501],[-73.83055,40.61493],[-73.82846,40.61422],[-73.82704,40.6134],[-73.82556,40.61413],[-73.8241,40.61233],[-73.824,40.61163],[-73.82289,40.61034],[-73.8221,40.61016],[-73.82138,40.60855],[-73.82049,40.61022],[-73.82126,40.61131],[-73.82052,40.61195],[-73.81962,40.61048],[-73.82003,40.60892],[-73.82126,40.60714],[-73.8229,40.60585],[-73.82247,40.60552],[-73.82278,40.60453],[-73.82294,40.60258],[-73.82444,40.60034],[-73.82377,40.60004],[-73.82448,40.5982],[-73.82543,40.59843],[-73.82611,40.59943],[-73.82806,40.59768],[-73.82948,40.59813],[-73.83076,40.59745],[-73.83154,40.59795],[-73.83239,40.5978],[-73.8342,40.59666],[-73.83472,40.59506],[-73.83322,40.59422],[-73.83131,40.59448],[-73.82725,40.59477],[-73.82548,40.59508],[-73.82414,40.59463],[-73.8212,40.59471],[-73.82067,40.5952],[-73.82042,40.59649],[-73.81928,40.59753],[-73.81849,40.59939],[-73.81831,40.60134],[-73.81772,40.60222],[-73.81725,40.60394],[-73.81739,40.60516],[-73.81643,40.60522],[-73.81523,40.60705],[-73.81477,40.60885],[-73.8156,40.61067],[-73.81603,40.61237],[-73.81555,40.61431],[-73.81643,40.61428],[-73.81712,40.61528],[-73.81776,40.61731],[-73.81718,40.61927],[-73.81543,40.62012],[-73.81539,40.6215],[-73.81672,40.62157],[-73.81866,40.62288],[-73.81795,40.62409],[-73.81675,40.62395],[-73.81623,40.62469],[-73.81789,40.62591],[-73.81826,40.627],[-73.81994,40.62768],[-73.82108,40.62973],[-73.82185,40.63204],[-73.82204,40.63385],[-73.82277,40.63558],[-73.82338,40.63899]]],[[[-73.85722,40.65028],[-73.85732,40.65124],[-73.85898,40.65268],[-73.85941,40.65386],[-73.86087,40.65508],[-73.85722,40.65028]]],[[[-73.82719,40.69237],[-73.82801,40.69405],[-73.82588,40.69453],[-73.82556,40.69527],[-73.8268,40.69771],[-73.82631,40.69826],[-73.82747,40.70064],[-73.82812,40.70267],[-73.82921,40.70542],[-73.83498,40.7071],[-73.83715,40.70796],[-73.83784,40.70695],[-73.83808,40.70656],[-73.83814,40.70626],[-73.83696,40.70421],[-73.83841,40.70338],[-73.84156,40.7011],[-73.84216,40.7009],[-73.84502,40.69936],[-73.84948,40.6982],[-73.85184,40.69768],[-73.85744,40.69691],[-73.86369,40.69569],[-73.86681,40.69507],[-73.86841,40.69473],[-73.86859,40.69388],[-73.86753,40.68872],[-73.86702,40.68683],[-73.8665,40.68447],[-73.86629,40.68312],[-73.86602,40.68192],[-73.8641,40.68237],[-73.86328,40.67908],[-73.86235,40.67916],[-73.86039,40.67125],[-73.85947,40.67138],[-73.85763,40.67166],[-73.85728,40.67032],[-73.85646,40.66704],[-73.85612,40.66551],[-73.85568,40.66387],[-73.85612,40.66381],[-73.85843,40.66345],[-73.85812,40.66204],[-73.85762,40.66012],[-73.85851,40.6599],[-73.8603,40.65963],[-73.86119,40.65925],[-73.86317,40.65828],[-73.8627,40.65762],[-73.86173,40.65803],[-73.86161,40.657],[-73.85981,40.65732],[-73.86084,40.65617],[-73.85933,40.65494],[-73.85852,40.65331],[-73.85772,40.65273],[-73.85691,40.65295],[-73.85592,40.65131],[-73.85389,40.65064],[-73.85251,40.65055],[-73.85012,40.65167],[-73.84922,40.65117],[-73.85058,40.65035],[-73.85103,40.64909],[-73.85159,40.64907],[-73.85243,40.64727],[-73.85208,40.64618],[-73.84951,40.64413],[-73.84579,40.6441],[-73.83861,40.64535],[-73.83592,40.6455],[-73.83806,40.65424],[-73.83896,40.65757],[-73.83998,40.6619],[-73.83889,40.6614],[-73.83845,40.65936],[-73.83597,40.64935],[-73.83564,40.64851],[-73.83453,40.64803],[-73.83149,40.64789],[-73.8308,40.64898],[-73.83119,40.65075],[-73.83157,40.65117],[-73.83217,40.65335],[-73.83129,40.65348],[-73.83094,40.65163],[-73.83001,40.6509],[-73.83001,40.65033],[-73.82846,40.64912],[-73.82622,40.64836],[-73.82641,40.64929],[-73.82515,40.64947],[-73.82394,40.64918],[-73.82348,40.65048],[-73.82492,40.65567],[-73.82348,40.66006],[-73.82005,40.66159],[-73.8183,40.66197],[-73.81151,40.66077],[-73.8115,40.66023],[-73.81309,40.66019],[-73.81546,40.66066],[-73.8187,40.66111],[-73.82157,40.65996],[-73.82247,40.65916],[-73.82342,40.65603],[-73.82322,40.65412],[-73.82261,40.65279],[-73.82215,40.65014],[-73.82112,40.64886],[-73.81956,40.64755],[-73.81882,40.64659],[-73.81728,40.64595],[-73.81618,40.64579],[-73.81364,40.64469],[-73.81203,40.6443],[-73.81076,40.64349],[-73.80865,40.64281],[-73.8067,40.64178],[-73.80566,40.6416],[-73.80466,40.64091],[-73.80045,40.63914],[-73.79924,40.63842],[-73.79726,40.63801],[-73.79474,40.63663],[-73.79222,40.63589],[-73.79123,40.63486],[-73.79075,40.63385],[-73.78958,40.63415],[-73.78832,40.63343],[-73.78691,40.63226],[-73.7857,40.63209],[-73.78435,40.63137],[-73.78349,40.63017],[-73.78328,40.62895],[-73.78363,40.62814],[-73.78488,40.62663],[-73.78594,40.62585],[-73.78924,40.62295],[-73.79076,40.62233],[-73.79227,40.62234],[-73.79436,40.62264],[-73.79523,40.62161],[-73.79506,40.62122],[-73.79616,40.61967],[-73.79636,40.61845],[-73.7974,40.61716],[-73.7973,40.61664],[-73.79906,40.61549],[-73.7995,40.61457],[-73.79937,40.61331],[-73.79993,40.61314],[-73.80049,40.61164],[-73.79913,40.61161],[-73.79701,40.61115],[-73.79506,40.61049],[-73.79365,40.60899],[-73.79275,40.60865],[-73.79147,40.6087],[-73.79088,40.6077],[-73.78995,40.60898],[-73.78871,40.60999],[-73.78726,40.61032],[-73.78522,40.61142],[-73.78371,40.61187],[-73.78126,40.61332],[-73.78079,40.61459],[-73.78249,40.61557],[-73.78323,40.61558],[-73.78446,40.61703],[-73.78435,40.61771],[-73.78516,40.61865],[-73.78492,40.62048],[-73.78419,40.62089],[-73.78136,40.62484],[-73.77947,40.62732],[-73.77654,40.62765],[-73.77408,40.62578],[-73.77146,40.62329],[-73.77091,40.6224],[-73.77172,40.62096],[-73.77124,40.62004],[-73.77025,40.61982],[-73.76961,40.62115],[-73.76952,40.6221],[-73.76872,40.62262],[-73.76884,40.62392],[-73.76829,40.62531],[-73.7664,40.62835],[-73.76519,40.62899],[-73.76309,40.62966],[-73.76221,40.63025],[-73.76053,40.63066],[-73.75901,40.63149],[-73.7552,40.63274],[-73.75348,40.63351],[-73.75264,40.63361],[-73.75048,40.63471],[-73.74935,40.63495],[-73.74845,40.63564],[-73.74753,40.63936],[-73.74742,40.64141],[-73.74871,40.64334],[-73.75057,40.64473],[-73.75461,40.6472],[-73.7545,40.64794],[-73.75171,40.6465],[-73.7481,40.64403],[-73.74725,40.64313],[-73.74631,40.64139],[-73.74617,40.64039],[-73.74705,40.63696],[-73.74626,40.63644],[-73.74489,40.63717],[-73.74404,40.63799],[-73.74218,40.63841],[-73.74392,40.63946],[-73.74338,40.64065],[-73.74746,40.64472],[-73.74762,40.64486],[-73.74795,40.64514],[-73.74832,40.6454],[-73.74857,40.64555],[-73.75745,40.65058],[-73.76278,40.65362],[-73.76475,40.65475],[-73.77435,40.65993],[-73.77485,40.66015],[-73.77671,40.66071],[-73.78076,40.66241],[-73.78481,40.6635],[-73.78491,40.6637],[-73.78572,40.66455],[-73.78588,40.6665],[-73.78331,40.66676],[-73.78014,40.66698],[-73.78037,40.66725],[-73.78063,40.66752],[-73.78108,40.66803],[-73.77612,40.66961],[-73.77587,40.67001],[-73.7745,40.67033],[-73.77432,40.67082],[-73.77365,40.6707],[-73.77714,40.67531],[-73.78009,40.67926],[-73.78083,40.68053],[-73.78434,40.67933],[-73.78487,40.68289],[-73.78492,40.68413],[-73.78959,40.68698],[-73.79038,40.68775],[-73.79211,40.68705],[-73.79317,40.6866],[-73.79346,40.68648],[-73.79391,40.6863],[-73.79356,40.68585],[-73.7928,40.68484],[-73.79373,40.68436],[-73.79581,40.68404],[-73.79727,40.68365],[-73.79725,40.68336],[-73.7981,40.68511],[-73.80077,40.68435],[-73.80009,40.68296],[-73.80101,40.68271],[-73.80169,40.68409],[-73.80577,40.68293],[-73.80606,40.68355],[-73.80661,40.68468],[-73.80671,40.68465],[-73.80709,40.68454],[-73.80889,40.68404],[-73.81247,40.68302],[-73.81162,40.68127],[-73.81695,40.67976],[-73.82079,40.68755],[-73.82189,40.68884],[-73.82501,40.68795],[-73.82719,40.69237]]]]},"properties":{"schooldist":"27"}},
{"type":"Feature","geometry":{"type":"Polygon","coordinates":[[[-73.93496,40.83468],[-73.93492,40.83523],[-73.93081,40.84272],[-73.92972,40.84523],[-73.92361,40.85398],[-73.92228,40.85565],[-73.92238,40.85658],[-73.92114,40.85755],[-73.92124,40.85881],[-73.92065,40.85926],[-73.9195,40.85879],[-73.91709,40.86186],[-73.91535,40.86316],[-73.91533,40.86407],[-73.91392,40.86475],[-73.91255,40.86651],[-73.91103,40.86916],[-73.91065,40.8723],[-73.91229,40.87363],[-73.91522,40.87449],[-73.91751,40.87417],[-73.91893,40.87332],[-73.91888,40.87468],[-73.92081,40.87548],[-73.92118,40.87514],[-73.92,40.87385],[-73.92006,40.87325],[-73.92112,40.87303],[-73.92218,40.87368],[-73.92264,40.87452],[-73.92238,40.87676],[-73.92329,40.87726],[-73.92457,40.87743],[-73.92566,40.87708],[-73.9269,40.87722],[-73.92901,40.87574],[-73.93191,40.87113],[-73.93221,40.8701],[-73.93243,40.86757],[-73.93402,40.86504],[-73.93648,40.86193],[-73.93756,40.86008],[-73.93831,40.85938],[-73.93911,40.85804],[-73.94029,40.85664],[-73.94187,40.85387],[-73.94303,40.85263],[-73.94401,40.852],[-73.94652,40.85097],[-73.94705,40.85022],[-73.94662,40.84828],[-73.94679,40.847],[-73.94617,40.84539],[-73.94612,40.84389],[-73.94738,40.84194],[-73.94843,40.83986],[-73.94954,40.83688],[-73.95021,40.8343],[-73.95119,40.83264],[-73.95359,40.8291],[-73.95504,40.82741],[-73.95632,40.82794],[-73.95726,40.82712],[-73.95956,40.82369],[-73.95794,40.82277],[-73.95872,40.82163],[-73.95846,40.82152],[-73.95841,40.8215],[-73.95508,40.8201],[-73.95088,40.81839],[-73.94937,40.81775],[-73.94801,40.81712],[-73.94672,40.81989],[-73.94476,40.82403],[-73.94306,40.82664],[-73.94278,40.82734],[-73.94154,40.82682],[-73.94059,40.82641],[-73.93896,40.82899],[-73.93864,40.82974],[-73.93963,40.83016],[-73.94014,40.83037],[-73.93931,40.83168],[-73.93919,40.832],[-73.93858,40.8329],[-73.9373,40.83398],[-73.93573,40.83516],[-73.93555,40.83513],[-73.9355,40.83509],[-73.93549,40.83476],[-73.93496,40.83468]]]},"properties":{"schooldist":"6"}},
{"type":"Feature","geometry":{"type":"Polygon","coordinates":[[[-73.86796,40.90281],[-73.8679,40.90294],[-73.87295,40.90444],[-73.88303,40.90733],[-73.88606,40.90831],[-73.89247,40.91017],[-73.9006,40.91261],[-73.90246,40.91296],[-73.90851,40.915],[-73.91011,40.9154],[-73.91165,40.91342],[-73.91143,40.91282],[-73.91265,40.90807],[-73.91419,40.90414],[-73.91459,40.90412],[-73.91543,40.90181],[-73.91518,40.90158],[-73.91694,40.89664],[-73.918,40.89401],[-73.92059,40.88718],[-73.92381,40.88032],[-73.92454,40.87905],[-73.92359,40.87895],[-73.92207,40.87857],[-73.91978,40.87642],[-73.91776,40.87566],[-73.91579,40.87572],[-73.91485,40.87667],[-73.91206,40.87812],[-73.91149,40.87902],[-73.9095,40.87878],[-73.90765,40.87743],[-73.90704,40.8769],[-73.90682,40.87659],[-73.90665,40.87575],[-73.90746,40.87355],[-73.90774,40.87285],[-73.90893,40.87216],[-73.90894,40.87102],[-73.9095,40.86883],[-73.91038,40.86665],[-73.91268,40.86402],[-73.91462,40.8621],[-73.91581,40.86047],[-73.91721,40.85893],[-73.91776,40.85871],[-73.92099,40.8553],[-73.92174,40.85422],[-73.92026,40.85367],[-73.91988,40.85347],[-73.91983,40.85345],[-73.91911,40.85308],[-73.91881,40.85292],[-73.91833,40.85298],[-73.91741,40.85215],[-73.91606,40.85174],[-73.91596,40.8514],[-73.91591,40.85095],[-73.91582,40.85082],[-73.91572,40.8507],[-73.91559,40.85059],[-73.91543,40.85048],[-73.91522,40.85036],[-73.91497,40.85024],[-73.91443,40.85004],[-73.91494,40.8488],[-73.91286,40.84839],[-73.91197,40.84823],[-73.91058,40.85018],[-73.90733,40.85382],[-73.90645,40.85347],[-73.90364,40.85238],[-73.9032,40.85212],[-73.90275,40.85191],[-73.90277,40.85221],[-73.9017,40.85314],[-73.90001,40.85252],[-73.89837,40.85191],[-73.9001,40.84921],[-73.89881,40.84879],[-73.89879,40.84878],[-73.89851,40.8487],[-73.8965,40.84804],[-73.89573,40.84779],[-73.89558,40.84785],[-73.89618,40.84666],[-73.89536,40.84652],[-73.89385,40.84647],[-73.89337,40.8464],[-73.89242,40.848],[-73.89133,40.84747],[-73.88895,40.85144],[-73.88878,40.85134],[-73.88736,40.85087],[-73.88323,40.84835],[-73.88284,40.84782],[-73.87919,40.84532],[-73.87734,40.84399],[-73.87818,40.84262],[-73.87757,40.84248],[-73.87694,40.84234],[-73.8768,40.8423],[-73.87253,40.84075],[-73.87232,40.84169],[-73.87213,40.8425],[-73.87192,40.84345],[-73.87147,40.84541],[-73.87138,40.84614],[-73.87137,40.84629],[-73.87136,40.85087],[-73.8714,40.85146],[-73.87147,40.852],[-73.87167,40.8531],[-73.8717,40.85327],[-73.87184,40.85392],[-73.87244,40.85637],[-73.8725,40.8566],[-73.87258,40.857],[-73.87264,40.85773],[-73.87258,40.85851],[-73.87187,40.86305],[-73.87187,40.86422],[-73.87196,40.86527],[-73.87205,40.86598],[-73.87215,40.86671],[-73.87227,40.86804],[-73.87218,40.87061],[-73.87203,40.87151],[-73.87103,40.87539],[-73.87083,40.876],[-73.87076,40.87622],[-73.87072,40.87634],[-73.87006,40.87829],[-73.86943,40.88007],[-73.86931,40.88041],[-73.86787,40.88418],[-73.86649,40.88748],[-73.86463,40.8916],[-73.86427,40.8922],[-73.86322,40.89346],[-73.86256,40.89408],[-73.86264,40.89508],[-73.8633,40.89529],[-73.86402,40.89552],[-73.86492,40.89575],[-73.87007,40.89659],[-73.87049,40.89664],[-73.87481,40.89573],[-73.87712,40.89547],[-73.87683,40.89619],[-73.87644,40.89687],[-73.87582,40.89761],[-73.87489,40.89839],[-73.87337,40.8992],[-73.87206,40.89972],[-73.87114,40.90014],[-73.86901,40.90156],[-73.8682,40.90236],[-73.86815,40.90244],[-73.86804,40.90262],[-73.86796,40.90281]]]},"properties":{"schooldist":"10"}},
{"type":"Feature","geometry":{"type":"Polygon","coordinates":[[[-73.87919,40.84532],[-73.88284,40.84782],[-73.88323,40.84835],[-73.88736,40.85087],[-73.88878,40.85134],[-73.88895,40.85144],[-73.89133,40.84747],[-73.89242,40.848],[-73.89337,40.8464],[-73.8929,40.84627],[-73.89398,40.8447],[-73.89482,40.84368],[-73.89485,40.84365],[-73.89538,40.84294],[-73.89485,40.84263],[-73.8941,40.84219],[-73.89601,40.83935],[-73.89711,40.83798],[-73.89775,40.83626],[-73.89761,40.83536],[-73.89679,40.83413],[-73.89645,40.83358],[-73.89908,40.83196],[-73.89879,40.8301],[-73.89948,40.82994],[-73.89941,40.83011],[-73.89927,40.83046],[-73.89973,40.83081],[-73.90019,40.82973],[-73.90094,40.82793],[-73.90206,40.8282],[-73.90275,40.82652],[-73.90224,40.8264],[-73.90213,40.82582],[-73.90265,40.82595],[-73.90311,40.82485],[-73.90345,40.82416],[-73.90277,40.82361],[-73.90284,40.82345],[-73.90286,40.82339],[-73.90297,40.82313],[-73.90314,40.82272],[-73.90199,40.82244],[-73.8991,40.82177],[-73.89786,40.8216],[-73.89691,40.82213],[-73.89688,40.82212],[-73.89661,40.82252],[-73.89586,40.82264],[-73.89586,40.82263],[-73.89488,40.82313],[-73.8947,40.82123],[-73.89412,40.82125],[-73.89387,40.82098],[-73.89357,40.82138],[-73.8931,40.82137],[-73.89162,40.82101],[-73.89171,40.82172],[-73.89193,40.82466],[-73.89068,40.8253],[-73.88881,40.82626],[-73.8864,40.8275],[-73.88587,40.82778],[-73.88569,40.82788],[-73.88557,40.82794],[-73.88503,40.82819],[-73.88408,40.82826],[-73.88378,40.82827],[-73.88198,40.82836],[-73.88011,40.82851],[-73.87901,40.8285],[-73.87852,40.8265],[-73.87765,40.82615],[-73.87673,40.82628],[-73.8758,40.8264],[-73.87389,40.82666],[-73.8728,40.82681],[-73.87203,40.82691],[-73.87163,40.8266],[-73.87111,40.82611],[-73.87065,40.82569],[-73.87023,40.82529],[-73.86819,40.82553],[-73.86779,40.82519],[-73.86766,40.82502],[-73.86614,40.82522],[-73.8647,40.82545],[-73.86491,40.8256],[-73.86525,40.82708],[-73.86542,40.8278],[-73.86492,40.82787],[-73.86464,40.82791],[-73.86449,40.82793],[-73.86357,40.82805],[-73.86264,40.82817],[-73.86367,40.8327],[-73.86272,40.83292],[-73.86085,40.83361],[-73.86066,40.83595],[-73.8606,40.83654],[-73.86031,40.83716],[-73.86049,40.83749],[-73.85896,40.83915],[-73.86037,40.83938],[-73.86267,40.84117],[-73.86358,40.84128],[-73.86546,40.84086],[-73.86725,40.84034],[-73.86964,40.8394],[-73.87009,40.83925],[-73.87019,40.83943],[-73.87024,40.83955],[-73.87215,40.83876],[-73.87308,40.83835],[-73.87313,40.83834],[-73.87298,40.83895],[-73.87277,40.83975],[-73.87268,40.84014],[-73.87253,40.84075],[-73.8768,40.8423],[-73.87694,40.84234],[-73.87757,40.84248],[-73.87818,40.84262],[-73.87734,40.84399],[-73.87919,40.84532]]]},"properties":{"schooldist":"12"}},
{"type":"Feature","geometry":{"type":"MultiPolygon","coordinates":[[[[-73.90324,40.81071],[-73.90299,40.80936],[-73.90294,40.80906],[-73.90286,40.8086],[-73.90225,40.80507],[-73.90222,40.80495],[-73.90218,40.80495],[-73.90214,40.80485],[-73.90205,40.80478],[-73.90097,40.80488],[-73.89853,40.80543],[-73.89829,40.8061],[-73.8962,40.80624],[-73.8951,40.80686],[-73.89463,40.80623],[-73.89198,40.80638],[-73.8915,40.80593],[-73.88954,40.80581],[-73.88906,40.80502],[-73.88796,40.805],[-73.88727,40.80395],[-73.88505,40.80213],[-73.8837,40.80216],[-73.87921,40.8028],[-73.87817,40.80255],[-73.87814,40.80132],[-73.87593,40.80108],[-73.87586,40.80146],[-73.87355,40.80085],[-73.87175,40.80155],[-73.86846,40.80594],[-73.86811,40.80675],[-73.87166,40.81325],[-73.8725,40.81389],[-73.87446,40.81465],[-73.87842,40.81595],[-73.8794,40.81643],[-73.88237,40.81886],[-73.88247,40.81979],[-73.8786,40.81696],[-73.87652,40.81613],[-73.87172,40.81492],[-73.87078,40.81449],[-73.86977,40.81342],[-73.86766,40.81058],[-73.8644,40.81028],[-73.86034,40.8095],[-73.85908,40.80998],[-73.85839,40.80826],[-73.85867,40.80683],[-73.85813,40.80547],[-73.85613,40.80528],[-73.85585,40.80451],[-73.85015,40.80453],[-73.8487,40.80473],[-73.84749,40.80545],[-73.84838,40.80636],[-73.84842,40.80737],[-73.84997,40.80858],[-73.84981,40.81],[-73.84917,40.81092],[-73.84903,40.81212],[-73.84821,40.81246],[-73.84747,40.8109],[-73.84617,40.81068],[-73.84521,40.81189],[-73.84411,40.81451],[-73.84209,40.81806],[-73.84199,40.81877],[-73.84029,40.81963],[-73.83983,40.82157],[-73.84045,40.82335],[-73.8417,40.82577],[-73.84303,40.82893],[-73.84311,40.82979],[-73.84221,40.83155],[-73.83992,40.83332],[-73.83941,40.8346],[-73.8397,40.83558],[-73.83979,40.83562],[-73.84,40.83566],[-73.84218,40.83537],[-73.84323,40.83523],[-73.84423,40.83509],[-73.84849,40.83452],[-73.85281,40.83408],[-73.85465,40.83389],[-73.85906,40.83341],[-73.86038,40.83334],[-73.86085,40.83361],[-73.86272,40.83292],[-73.86367,40.8327],[-73.86264,40.82817],[-73.86357,40.82805],[-73.86449,40.82793],[-73.86464,40.82791],[-73.86492,40.82787],[-73.86542,40.8278],[-73.86525,40.82708],[-73.86491,40.8256],[-73.8647,40.82545],[-73.86614,40.82522],[-73.86766,40.82502],[-73.86779,40.82519],[-73.86819,40.82553],[-73.87023,40.82529],[-73.87065,40.82569],[-73.87111,40.82611],[-73.87163,40.8266],[-73.87203,40.82691],[-73.87276,40.82682],[-73.8728,40.82681],[-73.87389,40.82666],[-73.8758,40.8264],[-73.87765,40.82615],[-73.87852,40.8265],[-73.87901,40.8285],[-73.88011,40.82851],[-73.88198,40.82836],[-73.88378,40.82827],[-73.88408,40.82826],[-73.88503,40.82819],[-73.88557,40.82794],[-73.88569,40.82788],[-73.88587,40.82778],[-73.8864,40.8275],[-73.88881,40.82626],[-73.89068,40.8253],[-73.89193,40.82466],[-73.89171,40.82172],[-73.89162,40.82101],[-73.8931,40.82137],[-73.89357,40.82138],[-73.89387,40.82098],[-73.89412,40.82125],[-73.8947,40.82123],[-73.89467,40.82289],[-73.89467,40.823],[-73.89488,40.82313],[-73.89586,40.82263],[-73.89586,40.82264],[-73.89661,40.82252],[-73.89688,40.82212],[-73.89691,40.82213],[-73.89786,40.8216],[-73.8991,40.82177],[-73.90199,40.82244],[-73.90314,40.82272],[-73.90297,40.82313],[-73.90286,40.82339],[-73.90284,40.82345],[-73.90277,40.82361],[-73.90345,40.82416],[-73.90311,40.82485],[-73.90265,40.82595],[-73.90213,40.82582],[-73.90224,40.8264],[-73.90275,40.82652],[-73.90328,40.82664],[-73.90337,40.82666],[-73.90352,40.8267],[-73.90429,40.82692],[-73.90508,40.82711],[-73.90491,40.82728],[-73.90624,40.82814],[-73.90703,40.82828],[-73.90765,40.8267],[-73.90774,40.82649],[-73.90793,40.826],[-73.90821,40.82531],[-73.90992,40.82585],[-73.91059,40.82463],[-73.91049,40.82321],[-73.90991,40.82255],[-73.9049,40.82137],[-73.90129,40.82048],[-73.89986,40.82056],[-73.9031,40.8189],[-73.90529,40.81793],[-73.90598,40.81703],[-73.90509,40.81683],[-73.904,40.81651],[-73.90421,40.81591],[-73.90347,40.81508],[-73.90433,40.81228],[-73.90342,40.81151],[-73.90324,40.81071]]],[[[-73.82636,40.85329],[-73.82622,40.85426],[-73.82624,40.85485],[-73.82635,40.85591],[-73.8264,40.85622],[-73.82642,40.85636],[-73.82644,40.85651],[-73.82646,40.8566],[-73.82992,40.85618],[-73.83284,40.85604],[-73.83289,40.85599],[-73.83338,40.85561],[-73.83474,40.85425],[-73.8357,40.85264],[-73.83614,40.85104],[-73.83647,40.84715],[-73.83671,40.84606],[-73.83825,40.8413],[-73.83867,40.83792],[-73.83859,40.8359],[-73.83911,40.83592],[-73.83883,40.83381],[-73.839,40.83338],[-73.84189,40.83071],[-73.84223,40.82983],[-73.84222,40.82834],[-73.84111,40.82615],[-73.83961,40.82386],[-73.83905,40.82269],[-73.83893,40.819],[-73.84002,40.81798],[-73.84019,40.81719],[-73.83954,40.81582],[-73.83966,40.81392],[-73.84033,40.81314],[-73.84026,40.81144],[-73.83814,40.80793],[-73.83806,40.80704],[-73.83691,40.80593],[-73.83432,40.80516],[-73.83169,40.80495],[-73.83162,40.80665],[-73.83214,40.80741],[-73.83184,40.80926],[-73.83002,40.81093],[-73.82783,40.81146],[-73.82631,40.81128],[-73.82426,40.81211],[-73.82118,40.81295],[-73.81739,40.81357],[-73.81648,40.81385],[-73.81551,40.8135],[-73.814,40.81355],[-73.81083,40.81285],[-73.81027,40.813],[-73.8084,40.81203],[-73.80714,40.81066],[-73.80405,40.80875],[-73.80278,40.80912],[-73.80175,40.80904],[-73.79885,40.80718],[-73.79601,40.80592],[-73.79532,40.80584],[-73.79339,40.8042],[-73.79225,40.804],[-73.79104,40.80426],[-73.79006,40.80541],[-73.79086,40.80734],[-73.79229,40.80685],[-73.79854,40.80959],[-73.80011,40.80971],[-73.80147,40.81014],[-73.80235,40.81004],[-73.80391,40.81211],[-73.80496,40.81216],[-73.80544,40.81335],[-73.80568,40.81503],[-73.80663,40.81559],[-73.80661,40.81658],[-73.80511,40.81564],[-73.8032,40.81351],[-73.80364,40.81264],[-73.80253,40.81254],[-73.80146,40.81294],[-73.80092,40.81376],[-73.80011,40.81402],[-73.79903,40.81554],[-73.79741,40.81585],[-73.79759,40.81651],[-73.80033,40.81756],[-73.80059,40.81793],[-73.80247,40.81854],[-73.80337,40.81825],[-73.80452,40.81893],[-73.80573,40.82018],[-73.80586,40.8219],[-73.80666,40.82342],[-73.807,40.82532],[-73.80783,40.82577],[-73.80909,40.82587],[-73.80965,40.82528],[-73.81177,40.82434],[-73.81404,40.82448],[-73.81374,40.82526],[-73.81388,40.82676],[-73.81265,40.82756],[-73.81275,40.82825],[-73.81382,40.82997],[-73.81476,40.83082],[-73.81549,40.8323],[-73.81608,40.83459],[-73.81606,40.83603],[-73.81645,40.83777],[-73.81592,40.83861],[-73.81478,40.83908],[-73.81542,40.84239],[-73.81644,40.84367],[-73.81571,40.84443],[-73.815,40.8435],[-73.81346,40.84366],[-73.81419,40.84473],[-73.81381,40.84535],[-73.81421,40.84601],[-73.81617,40.84702],[-73.8159,40.84801],[-73.8163,40.84857],[-73.8182,40.84831],[-73.81915,40.84817],[-73.82014,40.84802],[-73.82048,40.8485],[-73.82549,40.84584],[-73.8257,40.84545],[-73.82579,40.84541],[-73.8272,40.84883],[-73.82726,40.85025],[-73.82636,40.85329]]]]},"properties":{"schooldist":"8"}},
{"type":"Feature","geometry":{"type":"MultiPolygon","coordinates":[[[[-73.89681,40.79581],[-73.89713,40.7968],[-73.89788,40.79712],[-73.89919,40.7965],[-73.89797,40.79564],[-73.89681,40.79581]]],[[[-73.88885,40.79871],[-73.88921,40.7978],[-73.89061,40.79777],[-73.89179,40.79678],[-73.89282,40.79282],[-73.89218,40.79039],[-73.89057,40.79011],[-73.89013,40.78964],[-73.8894,40.78779],[-73.88831,40.78701],[-73.88596,40.78675],[-73.87831,40.78536],[-73.87677,40.7858],[-73.87309,40.78585],[-73.87163,40.7868],[-73.87081,40.7879],[-73.8712,40.79],[-73.87288,40.79145],[-73.87492,40.7923],[-73.87584,40.79316],[-73.87789,40.79432],[-73.87976,40.79488],[-73.88166,40.79507],[-73.88392,40.7958],[-73.88531,40.79706],[-73.88719,40.7983],[-73.88823,40.79824],[-73.88885,40.79871]]],[[[-73.89833,40.80241],[-73.89939,40.80194],[-73.89979,40.79951],[-73.89864,40.7991],[-73.89647,40.80079],[-73.89833,40.80241]]],[[[-73.91384,40.82419],[-73.91657,40.82498],[-73.91846,40.82558],[-73.92115,40.8264],[-73.92169,40.82656],[-73.92194,40.82663],[-73.92271,40.82685],[-73.92494,40.82751],[-73.92698,40.82813],[-73.92727,40.82827],[-73.92868,40.82914],[-73.92941,40.82957],[-73.93071,40.83057],[-73.9321,40.831],[-73.93237,40.83106],[-73.93263,40.83113],[-73.93268,40.83115],[-73.93287,40.83117],[-73.93323,40.8312],[-73.93348,40.83122],[-73.93277,40.82561],[-73.93247,40.82158],[-73.93234,40.81763],[-73.93238,40.81465],[-73.93287,40.81041],[-73.93228,40.80836],[-73.93052,40.80659],[-73.92873,40.8041],[-73.92765,40.80399],[-73.92763,40.8027],[-73.92666,40.80241],[-73.92423,40.80255],[-73.92293,40.80237],[-73.92133,40.80128],[-73.92024,40.79961],[-73.9188,40.79888],[-73.91372,40.79679],[-73.91169,40.79662],[-73.9111,40.79689],[-73.9083,40.79896],[-73.90817,40.79946],[-73.90552,40.80202],[-73.90453,40.80317],[-73.90321,40.8039],[-73.90219,40.80482],[-73.90224,40.80493],[-73.90222,40.80495],[-73.90225,40.80507],[-73.90286,40.8086],[-73.90294,40.80906],[-73.90299,40.80936],[-73.90324,40.81071],[-73.90342,40.81151],[-73.90433,40.81228],[-73.90347,40.81508],[-73.90421,40.81591],[-73.904,40.81651],[-73.90509,40.81683],[-73.90598,40.81703],[-73.90529,40.81793],[-73.9031,40.8189],[-73.89986,40.82056],[-73.90129,40.82048],[-73.9049,40.82137],[-73.90991,40.82255],[-73.91049,40.82321],[-73.91059,40.82386],[-73.91131,40.82485],[-73.91192,40.82505],[-73.91317,40.82546],[-73.91384,40.82419]]]]},"properties":{"schooldist":"7"}},
{"type":"Feature","geometry":{"type":"MultiPolygon","coordinates":[[[[-73.78833,40.83467],[-73.78846,40.83531],[-73.78951,40.83536],[-73.78931,40.83446],[-73.78833,40.83467]]],[[[-73.80222,40.84163],[-73.80393,40.84259],[-73.80681,40.84249],[-73.80695,40.84146],[-73.80529,40.84113],[-73.80264,40.84108],[-73.80222,40.84163]]],[[[-73.78922,40.85874],[-73.78999,40.85852],[-73.79206,40.85651],[-73.79208,40.85565],[-73.79129,40.85458],[-73.79114,40.85206],[-73.79012,40.85119],[-73.78976,40.84953],[-73.79136,40.84823],[-73.79148,40.8468],[-73.7896,40.8445],[-73.78934,40.84368],[-73.78823,40.8422],[-73.7873,40.83967],[-73.78574,40.83923],[-73.78558,40.83793],[-73.7841,40.83673],[-73.78188,40.83765],[-73.78133,40.83929],[-73.78154,40.84078],[-73.78286,40.84248],[-73.78347,40.84365],[-73.78306,40.84437],[-73.78305,40.8455],[-73.78208,40.84713],[-73.78143,40.84746],[-73.78149,40.84858],[-73.78245,40.84934],[-73.78358,40.84927],[-73.78448,40.85107],[-73.78642,40.85214],[-73.78796,40.85347],[-73.78848,40.85445],[-73.78836,40.85563],[-73.78889,40.8566],[-73.78877,40.8584],[-73.78922,40.85874]]],[[[-73.76783,40.85444],[-73.76533,40.85504],[-73.76836,40.85766],[-73.76836,40.85836],[-73.76947,40.85933],[-73.77085,40.8601],[-73.77219,40.85999],[-73.77214,40.85441],[-73.77247,40.85171],[-73.77205,40.85162],[-73.77089,40.84975],[-73.77157,40.8475],[-73.77118,40.84694],[-73.76901,40.8451],[-73.76789,40.84529],[-73.7696,40.84759],[-73.76861,40.85079],[-73.76939,40.85254],[-73.76856,40.85324],[-73.76783,40.85444]]],[[[-73.78457,40.86053],[-73.78692,40.86027],[-73.7876,40.85887],[-73.78669,40.85869],[-73.78608,40.85927],[-73.78514,40.85879],[-73.78441,40.85973],[-73.78457,40.86053]]],[[[-73.8257,40.84545],[-73.82549,40.84584],[-73.82048,40.8485],[-73.82014,40.84802],[-73.8163,40.84857],[-73.81552,40.84923],[-73.81686,40.85096],[-73.81721,40.85183],[-73.81641,40.85408],[-73.81231,40.85416],[-73.81273,40.85888],[-73.81382,40.86055],[-73.81526,40.86112],[-73.81808,40.86108],[-73.81865,40.86059],[-73.81879,40.85939],[-73.82055,40.85906],[-73.82031,40.86103],[-73.81885,40.86238],[-73.82016,40.86325],[-73.81993,40.8643],[-73.82,40.86624],[-73.82028,40.86748],[-73.82123,40.86861],[-73.8224,40.86912],[-73.82355,40.87004],[-73.82372,40.87302],[-73.82353,40.87503],[-73.82274,40.8766],[-73.82119,40.88059],[-73.82042,40.88412],[-73.82068,40.88552],[-73.82161,40.88674],[-73.82079,40.88696],[-73.81991,40.88626],[-73.81934,40.88356],[-73.82024,40.88049],[-73.82021,40.87813],[-73.82072,40.87786],[-73.82112,40.8766],[-73.81998,40.8768],[-73.81981,40.87616],[-73.82036,40.87527],[-73.82016,40.87401],[-73.82115,40.87303],[-73.82196,40.87167],[-73.82196,40.87052],[-73.82,40.86899],[-73.81816,40.8693],[-73.81723,40.86901],[-73.81629,40.86967],[-73.81553,40.86924],[-73.81525,40.86819],[-73.81438,40.86794],[-73.81579,40.86576],[-73.81574,40.86494],[-73.81488,40.86392],[-73.81385,40.8639],[-73.81329,40.86324],[-73.81085,40.86233],[-73.80941,40.86055],[-73.8083,40.8597],[-73.80741,40.86011],[-73.80582,40.86003],[-73.80625,40.86143],[-73.80499,40.86169],[-73.80461,40.86122],[-73.80464,40.85997],[-73.80354,40.85565],[-73.80454,40.85474],[-73.80418,40.85334],[-73.80183,40.85013],[-73.80158,40.84896],[-73.80104,40.84837],[-73.8001,40.8483],[-73.79932,40.84991],[-73.79819,40.85059],[-73.79781,40.85195],[-73.79796,40.85299],[-73.79905,40.85405],[-73.79872,40.85491],[-73.79799,40.85485],[-73.79685,40.85626],[-73.79452,40.85645],[-73.79487,40.85808],[-73.7936,40.86052],[-73.79189,40.86107],[-73.79146,40.86227],[-73.79194,40.86323],[-73.79224,40.86485],[-73.7921,40.86607],[-73.79142,40.86746],[-73.79026,40.86849],[-73.78915,40.86906],[-73.78636,40.86938],[-73.78505,40.8693],[-73.78353,40.87036],[-73.78319,40.87093],[-73.78315,40.8723],[-73.78395,40.8729],[-73.78506,40.87201],[-73.78714,40.87276],[-73.78701,40.87379],[-73.78596,40.87514],[-73.78468,40.87606],[-73.78422,40.87828],[-73.78611,40.87906],[-73.78827,40.87887],[-73.78952,40.879],[-73.79006,40.87959],[-73.78912,40.88008],[-73.78906,40.88121],[-73.79076,40.88084],[-73.79095,40.88007],[-73.7926,40.87966],[-73.79385,40.87859],[-73.7944,40.87764],[-73.79317,40.87706],[-73.79397,40.87457],[-73.79479,40.8732],[-73.79767,40.8724],[-73.79839,40.87161],[-73.79935,40.86983],[-73.80175,40.86641],[-73.80205,40.86567],[-73.80301,40.86575],[-73.80315,40.8671],[-73.804,40.86713],[-73.80494,40.8683],[-73.80655,40.86863],[-73.80673,40.8695],[-73.808,40.8697],[-73.8083,40.87114],[-73.80711,40.87069],[-73.80424,40.86869],[-73.80298,40.86874],[-73.80267,40.87015],[-73.80154,40.87124],[-73.80081,40.87149],[-73.79988,40.87348],[-73.79981,40.87416],[-73.79855,40.8744],[-73.79744,40.87514],[-73.79713,40.87619],[-73.79625,40.87701],[-73.79503,40.87975],[-73.79492,40.88054],[-73.79379,40.88197],[-73.79301,40.88336],[-73.79386,40.88364],[-73.80291,40.88603],[-73.80756,40.88711],[-73.80872,40.88748],[-73.81828,40.88985],[-73.82285,40.89121],[-73.82367,40.8899],[-73.83804,40.89414],[-73.83839,40.89407],[-73.83965,40.89733],[-73.83925,40.8995],[-73.84065,40.9014],[-73.84139,40.90417],[-73.84489,40.90419],[-73.84482,40.90553],[-73.84708,40.90616],[-73.85017,40.90751],[-73.85092,40.90662],[-73.85348,40.90753],[-73.85107,40.91037],[-73.85227,40.90985],[-73.85296,40.91035],[-73.85459,40.90894],[-73.85471,40.90801],[-73.85374,40.90779],[-73.85424,40.90703],[-73.85692,40.90597],[-73.85601,40.90531],[-73.85699,40.90458],[-73.85711,40.90365],[-73.85886,40.90171],[-73.85947,40.90052],[-73.86202,40.90119],[-73.86566,40.90224],[-73.86652,40.90252],[-73.8679,40.90294],[-73.86796,40.90281],[-73.86804,40.90262],[-73.86815,40.90244],[-73.8682,40.90236],[-73.86901,40.90156],[-73.87114,40.90014],[-73.87206,40.89972],[-73.87337,40.8992],[-73.87489,40.89839],[-73.87582,40.89761],[-73.87644,40.89687],[-73.87683,40.89619],[-73.87712,40.89547],[-73.87481,40.89573],[-73.87049,40.89664],[-73.87007,40.89659],[-73.86492,40.89575],[-73.86402,40.89552],[-73.8633,40.89529],[-73.86264,40.89508],[-73.86256,40.89408],[-73.86322,40.89346],[-73.86427,40.8922],[-73.86463,40.8916],[-73.86649,40.88748],[-73.86787,40.88418],[-73.86931,40.88041],[-73.86943,40.88007],[-73.87006,40.87829],[-73.87072,40.87634],[-73.87076,40.87622],[-73.87083,40.876],[-73.87103,40.87539],[-73.87203,40.87151],[-73.87218,40.87061],[-73.87227,40.86804],[-73.87215,40.86671],[-73.87205,40.86598],[-73.87196,40.86527],[-73.87187,40.86422],[-73.87187,40.86305],[-73.87258,40.85851],[-73.87264,40.85773],[-73.87258,40.857],[-73.8725,40.8566],[-73.87244,40.85637],[-73.87184,40.85392],[-73.8717,40.85327],[-73.87167,40.8531],[-73.87147,40.852],[-73.8714,40.85146],[-73.87136,40.85087],[-73.87137,40.84629],[-73.87138,40.84614],[-73.87147,40.84541],[-73.87192,40.84345],[-73.87213,40.8425],[-73.87232,40.84169],[-73.87253,40.84075],[-73.87277,40.83975],[-73.87298,40.83895],[-73.87313,40.83834],[-73.87308,40.83835],[-73.87215,40.83876],[-73.8703,40.83952],[-73.87024,40.83955],[-73.86964,40.8394],[-73.86725,40.84034],[-73.86546,40.84086],[-73.86358,40.84128],[-73.86267,40.84117],[-73.86037,40.83938],[-73.85896,40.83915],[-73.86049,40.83749],[-73.86031,40.83716],[-73.8606,40.83654],[-73.86066,40.83595],[-73.86066,40.83356],[-73.85906,40.83341],[-73.85465,40.83389],[-73.85281,40.83408],[-73.84849,40.83452],[-73.84423,40.83509],[-73.84218,40.83537],[-73.84,40.83566],[-73.83995,40.83758],[-73.8403,40.83952],[-73.83972,40.83957],[-73.83929,40.83804],[-73.83911,40.83592],[-73.83859,40.8359],[-73.83867,40.83792],[-73.83825,40.8413],[-73.83671,40.84606],[-73.83647,40.84715],[-73.83614,40.85104],[-73.8357,40.85264],[-73.83474,40.85425],[-73.83338,40.85561],[-73.83289,40.85599],[-73.83284,40.85604],[-73.82992,40.85618],[-73.82685,40.85654],[-73.82669,40.85656],[-73.82655,40.85659],[-73.82646,40.8566],[-73.8264,40.85622],[-73.82635,40.85591],[-73.82624,40.85485],[-73.82622,40.85426],[-73.82636,40.85329],[-73.82726,40.85025],[-73.8272,40.84883],[-73.82579,40.84541],[-73.8257,40.84545]]]]},"properties":{"schooldist":"11"}},
{"type":"Feature","geometry":{"type":"Polygon","coordinates":[[[-73.99191,40.70953],[-73.98864,40.70991],[-73.98815,40.70916],[-73.98125,40.70983],[-73.98129,40.71022],[-73.97826,40.7105],[-73.97643,40.71191],[-73.97491,40.71511],[-73.9741,40.71709],[-73.97315,40.71999],[-73.97163,40.72663],[-73.97191,40.72679],[-73.97198,40.72683],[-73.97567,40.72846],[-73.97581,40.72852],[-73.9769,40.72896],[-73.97803,40.72943],[-73.98191,40.7311],[-73.98296,40.73152],[-73.98347,40.73173],[-73.98718,40.73329],[-73.98878,40.73397],[-73.98884,40.73399],[-73.98984,40.73398],[-73.99021,40.732],[-73.99051,40.73056],[-73.99078,40.72975],[-73.99123,40.72773],[-73.99139,40.7275],[-73.99157,40.72703],[-73.99179,40.72639],[-73.99222,40.72523],[-73.99258,40.7242],[-73.99309,40.72282],[-73.99336,40.72208],[-73.9938,40.72094],[-73.99398,40.7203],[-73.99048,40.71924],[-73.98977,40.71903],[-73.98699,40.71815],[-73.98577,40.71772],[-73.9862,40.7169],[-73.98672,40.71595],[-73.98711,40.71506],[-73.98718,40.71424],[-73.98702,40.71359],[-73.98689,40.71261],[-73.98837,40.71173],[-73.98987,40.71204],[-73.98982,40.71176],[-73.98973,40.71124],[-73.99151,40.71098],[-73.99209,40.7109],[-73.99248,40.71082],[-73.99219,40.71004],[-73.99201,40.7097],[-73.99194,40.70959],[-73.99191,40.70953]]]},"properties":{"schooldist":"1"}},
{"type":"Feature","geometry":{"type":"Polygon","coordinates":[[[-73.90765,40.87743],[-73.9095,40.87878],[-73.91149,40.87902],[-73.91206,40.87812],[-73.91485,40.87667],[-73.91579,40.87572],[-73.91167,40.87449],[-73.9096,40.87309],[-73.90893,40.87216],[-73.90774,40.87285],[-73.90746,40.87355],[-73.90665,40.87575],[-73.90682,40.87659],[-73.90704,40.8769],[-73.90765,40.87743]]]},"properties":{"schooldist":"10"}}
]}