{"type":"FeatureCollection","features":[{"type":"Feature","geometry":{"type":"Polygon","coordinates":[[[-73.85875,40.9953],[-73.85913,40.99476],[-73.85798,40.99431],[-73.85368,40.99189],[-73.85347,40.99177],[-73.84855,40.98898],[-73.84811,40.98885],[-73.84788,40.98876],[-73.84799,40.98873],[-73.84825,40.98868],[-73.84766,40.98828],[-73.84554,40.98684],[-73.84733,40.9855],[-73.84887,40.98643],[-73.84915,40.98662],[-73.84958,40.9869],[-73.84887,40.98725],[-73.84858,40.9875],[-73.84837,40.98772],[-73.8485,40.98855],[-73.84884,40.98849],[-73.85277,40.98761],[-73.85284,40.98613],[-73.85298,40.98604],[-73.85315,40.98593],[-73.85338,40.98578],[-73.85356,40.9856],[-73.85393,40.98426],[-73.8541,40.98363],[-73.85453,40.98358],[-73.85481,40.98204],[-73.85437,40.9821],[-73.85414,40.98211],[-73.85352,40.98212],[-73.84597,40.98341],[-73.84546,40.98352],[-73.84526,40.98357],[-73.84506,40.9836],[-73.84312,40.98359],[-73.84321,40.98558],[-73.84322,40.98575],[-73.84159,40.98733],[-73.84052,40.9881],[-73.84031,40.9886],[-73.83886,40.98964],[-73.83941,40.99065],[-73.83891,40.99145],[-73.8385,40.99217],[-73.83789,40.99311],[-73.83723,40.99405],[-73.83646,40.99502],[-73.83605,40.99548],[-73.8356,40.99597],[-73.83463,40.99693],[-73.83408,40.99744],[-73.83271,40.99868],[-73.83252,40.99884],[-73.83188,40.99948],[-73.83162,40.99936],[-73.83143,40.99927],[-73.83112,40.99937],[-73.83115,40.9998],[-73.83125,40.99989],[-73.83143,41.00004],[-73.8311,41.00057],[-73.83082,41.00105],[-73.83067,41.00135],[-73.83035,41.00204],[-73.83025,41.00232],[-73.82995,41.00326],[-73.82981,41.00373],[-73.82969,41.0042],[-73.82961,41.00465],[-73.82953,41.00464],[-73.82928,41.00618],[-73.8294,41.00619],[-73.82907,41.00693],[-73.82852,41.00818],[-73.82865,41.00819],[-73.82863,41.00832],[-73.82878,41.00838],[-73.82926,41.0091],[-73.82969,41.00974],[-73.82936,41.00987],[-73.82899,41.01001],[-73.82848,41.01022],[-73.82817,41.01035],[-73.82806,41.01039],[-73.82787,41.0105],[-73.82765,41.01061],[-73.82733,41.01072],[-73.82684,41.01103],[-73.82673,41.01114],[-73.82668,41.01118],[-73.82658,41.01128],[-73.82656,41.01142],[-73.82694,41.01201],[-73.82747,41.01283],[-73.82751,41.01288],[-73.82787,41.01346],[-73.82805,41.01348],[-73.82775,41.01405],[-73.82716,41.01418],[-73.825,41.01691],[-73.82506,41.01702],[-73.8251,41.01708],[-73.82523,41.01729],[-73.82529,41.01739],[-73.82522,41.01738],[-73.82514,41.01738],[-73.82505,41.01738],[-73.82497,41.01736],[-73.82484,41.01735],[-73.82466,41.01733],[-73.82452,41.0173],[-73.82415,41.01723],[-73.82225,41.01923],[-73.82233,41.01925],[-73.82226,41.01933],[-73.82296,41.01947],[-73.82328,41.01954],[-73.82364,41.01961],[-73.82352,41.01973],[-73.82347,41.01978],[-73.82343,41.01982],[-73.82336,41.01986],[-73.82325,41.01989],[-73.82322,41.0199],[-73.82312,41.02],[-73.82302,41.02014],[-73.82256,41.02087],[-73.82217,41.02142],[-73.82192,41.02179],[-73.8216,41.02195],[-73.82124,41.02257],[-73.82108,41.02294],[-73.82089,41.02351],[-73.82081,41.02385],[-73.82075,41.02426],[-73.82075,41.02478],[-73.82078,41.02569],[-73.82079,41.02574],[-73.82093,41.02573],[-73.82404,41.02541],[-73.82516,41.02534],[-73.82594,41.02519],[-73.82688,41.025],[-73.82636,41.02684],[-73.82669,41.02872],[-73.8268,41.02931],[-73.82722,41.02927],[-73.83176,41.02865],[-73.83161,41.02909],[-73.83152,41.02944],[-73.83131,41.0302],[-73.83127,41.03138],[-73.83452,41.03124],[-73.83453,41.03204],[-73.83518,41.03203],[-73.83498,41.03327],[-73.8349,41.03394],[-73.83509,41.03393],[-73.83523,41.03396],[-73.83583,41.03414],[-73.83691,41.03445],[-73.83704,41.03452],[-73.8392,41.03474],[-73.83949,41.03477],[-73.8397,41.0348],[-73.84013,41.03482],[-73.84029,41.03483],[-73.84051,41.03488],[-73.84071,41.0349],[-73.84091,41.03494],[-73.841,41.03496],[-73.84297,41.03537],[-73.84552,41.03591],[-73.84668,41.03173],[-73.84787,41.02966],[-73.84781,41.02832],[-73.84857,41.02753],[-73.84904,41.02702],[-73.85024,41.0248],[-73.85293,41.01893],[-73.85358,41.01726],[-73.85406,41.01552],[-73.85445,41.01476],[-73.85479,41.0143],[-73.85512,41.01399],[-73.85546,41.01325],[-73.85571,41.01282],[-73.85606,41.01198],[-73.85632,41.01123],[-73.85707,41.00997],[-73.85717,41.00938],[-73.85722,41.00931],[-73.85782,41.00922],[-73.85805,41.00907],[-73.85834,41.0089],[-73.85857,41.0078],[-73.859,41.00544],[-73.85821,41.00522],[-73.85823,41.00519],[-73.85825,41.00515],[-73.85832,41.00499],[-73.85856,41.00368],[-73.85875,41.00117],[-73.85753,41.00082],[-73.85785,41.00014],[-73.85874,40.99842],[-73.85886,40.9982],[-73.85897,40.998],[-73.85889,40.998],[-73.85865,40.998],[-73.85846,40.9979],[-73.8574,40.99755],[-73.85782,40.99702],[-73.85811,40.99656],[-73.85823,40.99636],[-73.85875,40.9953]]]},"properties":{"name":"CONCORD ROAD ELEMENTARY SCHOOL","schoolId":"360318000082"}},{"type":"Feature","geometry":{"type":"Polygon","coordinates":[[[-73.85885,41.12455],[-73.85887,41.1243],[-73.85837,41.12424],[-73.85734,41.12411],[-73.85587,41.12394],[-73.85127,41.12333],[-73.84777,41.12271],[-73.84534,41.12244],[-73.84521,41.12242],[-73.84477,41.12237],[-73.84083,41.12193],[-73.83965,41.12175],[-73.83829,41.12154],[-73.83763,41.12144],[-73.8366,41.12132],[-73.83444,41.12108],[-73.83415,41.12112],[-73.83384,41.12168],[-73.83375,41.12219],[-73.83354,41.12292],[-73.83343,41.12374],[-73.83329,41.1241],[-73.83316,41.12442],[-73.8325,41.12448],[-73.83158,41.12422],[-73.8306,41.12383],[-73.83049,41.12378],[-73.82958,41.12327],[-73.82909,41.12287],[-73.8289,41.12274],[-73.82835,41.12239],[-73.82799,41.12226],[-73.8275,41.12233],[-73.82656,41.12251],[-73.82624,41.12258],[-73.82216,41.12337],[-73.82212,41.12335],[-73.82208,41.12333],[-73.81797,41.12411],[-73.81765,41.12417],[-73.81733,41.12423],[-73.81596,41.12449],[-73.81149,41.12541],[-73.81136,41.12544],[-73.81114,41.12549],[-73.81101,41.12551],[-73.81066,41.12558],[-73.81082,41.12576],[-73.81102,41.12597],[-73.81219,41.12718],[-73.81262,41.12766],[-73.8129,41.12796],[-73.81458,41.12976],[-73.81477,41.13],[-73.81439,41.13],[-73.81356,41.12999],[-73.80966,41.12995],[-73.8088,41.12915],[-73.80521,41.12578],[-73.80503,41.12587],[-73.80472,41.12599],[-73.80447,41.12609],[-73.80401,41.12646],[-73.80394,41.12649],[-73.80353,41.12679],[-73.80336,41.12693],[-73.80278,41.12728],[-73.80209,41.12776],[-73.80225,41.12799],[-73.80236,41.1283],[-73.80237,41.12852],[-73.80227,41.12895],[-73.80207,41.12941],[-73.80201,41.12955],[-73.80189,41.12971],[-73.80176,41.12982],[-73.80169,41.12988],[-73.8014,41.13007],[-73.8012,41.13017],[-73.80114,41.13023],[-73.80105,41.13031],[-73.80095,41.13048],[-73.80094,41.1306],[-73.80094,41.13096],[-73.80095,41.13116],[-73.79952,41.13152],[-73.79942,41.13177],[-73.79935,41.13195],[-73.79931,41.13204],[-73.79922,41.13225],[-73.79946,41.1325],[-73.79974,41.13285],[-73.79977,41.1329],[-73.80006,41.13313],[-73.80028,41.13335],[-73.80046,41.13355],[-73.80065,41.13358],[-73.80121,41.13371],[-73.80166,41.13385],[-73.80224,41.13402],[-73.80235,41.13406],[-73.80241,41.13412],[-73.80237,41.13437],[-73.80232,41.13471],[-73.80219,41.13509],[-73.80208,41.13544],[-73.80164,41.13616],[-73.80123,41.13676],[-73.80096,41.1367],[-73.80049,41.13701],[-73.79957,41.13754],[-73.79892,41.13747],[-73.79818,41.13746],[-73.79763,41.13745],[-73.79656,41.13749],[-73.79644,41.13767],[-73.79633,41.13779],[-73.79617,41.138],[-73.79627,41.13838],[-73.79634,41.13871],[-73.79634,41.13876],[-73.79634,41.13887],[-73.79656,41.13895],[-73.79747,41.13923],[-73.79747,41.13973],[-73.79278,41.14344],[-73.79265,41.14354],[-73.79496,41.14564],[-73.80255,41.14756],[-73.80345,41.1495],[-73.80126,41.14912],[-73.80088,41.14905],[-73.79959,41.14927],[-73.79951,41.14988],[-73.80251,41.15267],[-73.80367,41.15378],[-73.80471,41.15484],[-73.80772,41.1578],[-73.80806,41.15813],[-73.8083,41.15837],[-73.81352,41.16348],[-73.81475,41.16469],[-73.81486,41.16479],[-73.81519,41.16508],[-73.81563,41.16548],[-73.81592,41.16577],[-73.81608,41.16592],[-73.81618,41.16603],[-73.81624,41.16591],[-73.81634,41.16577],[-73.81646,41.16564],[-73.81674,41.16524],[-73.81695,41.16496],[-73.81721,41.16465],[-73.81795,41.1639],[-73.81874,41.16323],[-73.81893,41.16312],[-73.81916,41.16302],[-73.81937,41.16295],[-73.81948,41.16287],[-73.81953,41.16281],[-73.81988,41.16237],[-73.82019,41.16204],[-73.82027,41.16195],[-73.82061,41.1616],[-73.82067,41.16151],[-73.82093,41.1615],[-73.82156,41.16149],[-73.8217,41.16053],[-73.82182,41.16059],[-73.82309,41.16121],[-73.82443,41.16185],[-73.82484,41.16205],[-73.82612,41.16263],[-73.82661,41.16284],[-73.82673,41.16288],[-73.82687,41.1629],[-73.82697,41.16289],[-73.82726,41.16281],[-73.82739,41.16275],[-73.82887,41.16179],[-73.82907,41.16166],[-73.82914,41.16161],[-73.83011,41.16109],[-73.83061,41.16087],[-73.83091,41.16074],[-73.83106,41.1607],[-73.83115,41.16068],[-73.83128,41.16068],[-73.83152,41.16071],[-73.83164,41.15937],[-73.83021,41.15931],[-73.82961,41.15929],[-73.82966,41.15696],[-73.82965,41.15665],[-73.82965,41.15655],[-73.8321,41.15649],[-73.83279,41.15648],[-73.83459,41.15642],[-73.83469,41.15642],[-73.83485,41.1564],[-73.83735,41.15627],[-73.84203,41.1561],[-73.84293,41.15607],[-73.84318,41.15558],[-73.84343,41.15497],[-73.84354,41.15456],[-73.84355,41.15425],[-73.84352,41.15398],[-73.84343,41.15355],[-73.8434,41.15342],[-73.84337,41.15325],[-73.84335,41.15302],[-73.84335,41.15283],[-73.84336,41.15265],[-73.84341,41.15248],[-73.84363,41.15197],[-73.84401,41.15126],[-73.84416,41.15099],[-73.84433,41.15071],[-73.8445,41.15045],[-73.84483,41.1501],[-73.84516,41.14982],[-73.84584,41.14922],[-73.84636,41.14851],[-73.84654,41.1483],[-73.84679,41.14804],[-73.84706,41.14785],[-73.84721,41.1479],[-73.84738,41.14795],[-73.84767,41.148],[-73.84808,41.14801],[-73.84838,41.14801],[-73.84994,41.14793],[-73.84995,41.14785],[-73.85042,41.14658],[-73.85055,41.14623],[-73.8509,41.14538],[-73.85118,41.14471],[-73.85136,41.14412],[-73.85147,41.1439],[-73.85154,41.14378],[-73.8517,41.14343],[-73.85175,41.14326],[-73.85181,41.14309],[-73.85184,41.14302],[-73.85223,41.14262],[-73.8527,41.14218],[-73.85301,41.14192],[-73.85319,41.14181],[-73.85338,41.14171],[-73.85345,41.14166],[-73.85381,41.14143],[-73.85405,41.14126],[-73.85429,41.14103],[-73.85445,41.14082],[-73.85471,41.14026],[-73.85477,41.14007],[-73.85485,41.13995],[-73.85498,41.13981],[-73.85523,41.13964],[-73.85614,41.13913],[-73.85634,41.139],[-73.85659,41.13882],[-73.8568,41.13864],[-73.85704,41.13839],[-73.85708,41.13833],[-73.85662,41.1372],[-73.8565,41.1369],[-73.85659,41.13671],[-73.85686,41.13614],[-73.85718,41.13607],[-73.85739,41.13602],[-73.85776,41.13593],[-73.85828,41.13581],[-73.85836,41.13563],[-73.85824,41.13564],[-73.85792,41.13562],[-73.85792,41.13516],[-73.85794,41.13453],[-73.85802,41.13291],[-73.85805,41.13194],[-73.85807,41.13134],[-73.85808,41.13096],[-73.85809,41.13045],[-73.85826,41.13013],[-73.85835,41.12967],[-73.85836,41.12891],[-73.85858,41.12863],[-73.85874,41.12569],[-73.85882,41.1249],[-73.85883,41.1248],[-73.85885,41.12455]]]},"properties":{"name":"TODD ELEMENTARY SCHOOL","schoolId":"360534000270"}},{"type":"Feature","geometry":{"type":"Polygon","coordinates":[[[-73.8386,40.94131],[-73.83863,40.94118],[-73.83858,40.94057],[-73.83844,40.94002],[-73.8384,40.93991],[-73.83835,40.93974],[-73.83849,40.93942],[-73.83851,40.93931],[-73.83851,40.93921],[-73.83849,40.93907],[-73.83841,40.93885],[-73.83821,40.93861],[-73.83806,40.93845],[-73.83722,40.93793],[-73.83715,40.93787],[-73.83708,40.93776],[-73.83621,40.93659],[-73.83613,40.93649],[-73.83597,40.93627],[-73.83584,40.93613],[-73.83574,40.93607],[-73.83566,40.93603],[-73.83562,40.93603],[-73.83519,40.93602],[-73.83501,40.93593],[-73.83483,40.9358],[-73.83467,40.93557],[-73.83463,40.93534],[-73.83277,40.93477],[-73.83091,40.93427],[-73.8307,40.93421],[-73.83045,40.93415],[-73.82962,40.93401],[-73.82811,40.9335],[-73.82699,40.9331],[-73.82553,40.93264],[-73.82532,40.93257],[-73.82413,40.93235],[-73.82253,40.93192],[-73.82086,40.93152],[-73.81979,40.93108],[-73.81906,40.93166],[-73.81883,40.93191],[-73.81875,40.93203],[-73.81865,40.9322],[-73.81859,40.93235],[-73.81855,40.93247],[-73.81852,40.93262],[-73.81622,40.93325],[-73.81514,40.93353],[-73.81407,40.93381],[-73.81417,40.93399],[-73.81436,40.93424],[-73.81445,40.93434],[-73.81479,40.93486],[-73.81499,40.9352],[-73.81503,40.93528],[-73.81516,40.93555],[-73.81538,40.93602],[-73.81534,40.93605],[-73.8153,40.93608],[-73.81526,40.93624],[-73.81524,40.93652],[-73.81528,40.93699],[-73.8153,40.93751],[-73.81528,40.93771],[-73.81528,40.93777],[-73.8152,40.93806],[-73.81511,40.93827],[-73.81506,40.93836],[-73.81564,40.93931],[-73.81578,40.93999],[-73.81583,40.94012],[-73.81652,40.94114],[-73.81666,40.94196],[-73.8169,40.94294],[-73.81707,40.94369],[-73.81761,40.9437],[-73.81781,40.9437],[-73.81837,40.94443],[-73.8189,40.94434],[-73.82028,40.94414],[-73.82077,40.94409],[-73.82074,40.94432],[-73.82073,40.94438],[-73.82136,40.94453],[-73.8229,40.94492],[-73.82356,40.94514],[-73.82447,40.94533],[-73.8253,40.94561],[-73.82614,40.94592],[-73.82744,40.94636],[-73.82839,40.94658],[-73.82912,40.94707],[-73.83018,40.94736],[-73.83144,40.94752],[-73.83207,40.94781],[-73.83324,40.94822],[-73.83351,40.94831],[-73.8335,40.9479],[-73.8336,40.94749],[-73.83369,40.94711],[-73.83392,40.94661],[-73.83437,40.94599],[-73.83488,40.94553],[-73.83521,40.94529],[-73.83545,40.9451],[-73.83638,40.94473],[-73.83674,40.94449],[-73.837,40.94424],[-73.83722,40.94412],[-73.83736,40.94388],[-73.83743,40.94349],[-73.83774,40.94309],[-73.83813,40.94234],[-73.83846,40.94167],[-73.8386,40.94131]]]},"properties":{"name":"BRONXVILLE ELEMENTARY SCHOOL","schoolId":"360564000290"}},{"type":"Feature","geometry":{"type":"Polygon","coordinates":[[[-73.76612,41.13185],[-73.76652,41.13152],[-73.76596,41.13022],[-73.76592,41.13012],[-73.7656,41.12939],[-73.76512,41.12841],[-73.76503,41.12821],[-73.76438,41.12682],[-73.76412,41.12626],[-73.76348,41.12439],[-73.76295,41.12285],[-73.76324,41.1214],[-73.76075,41.12172],[-73.75756,41.12184],[-73.75661,41.1218],[-73.75423,41.12168],[-73.75193,41.12162],[-73.75106,41.12106],[-73.75079,41.12081],[-73.74995,41.12001],[-73.74944,41.11944],[-73.74864,41.11851],[-73.74842,41.11836],[-73.75078,41.11525],[-73.75078,41.1152],[-73.75079,41.11399],[-73.75073,41.11262],[-73.75076,41.11255],[-73.75153,41.11092],[-73.75348,41.10721],[-73.75368,41.10346],[-73.75304,41.10344],[-73.75101,41.10338],[-73.75061,41.10339],[-73.74986,41.10336],[-73.74685,41.10324],[-73.74686,41.10316],[-73.74703,41.10223],[-73.74427,41.10152],[-73.74419,41.10168],[-73.74219,41.10116],[-73.74078,41.1008],[-73.74131,41.09928],[-73.74009,41.09931],[-73.73987,41.09917],[-73.73962,41.09904],[-73.73947,41.09895],[-73.73936,41.09883],[-73.73928,41.09868],[-73.73915,41.09852],[-73.73908,41.09842],[-73.73855,41.09803],[-73.73824,41.09784],[-73.738,41.09774],[-73.73784,41.09771],[-73.73772,41.09771],[-73.73757,41.09776],[-73.73746,41.09781],[-73.73728,41.09791],[-73.73665,41.09816],[-73.73653,41.09819],[-73.7363,41.09817],[-73.73692,41.09668],[-73.73673,41.09661],[-73.73668,41.09664],[-73.73652,41.09666],[-73.73648,41.09667],[-73.73643,41.0967],[-73.7364,41.09673],[-73.73638,41.09684],[-73.73632,41.09687],[-73.73627,41.09685],[-73.73615,41.09673],[-73.73605,41.09668],[-73.736,41.09668],[-73.73589,41.09671],[-73.73585,41.09673],[-73.73581,41.09678],[-73.73535,41.09629],[-73.73445,41.09628],[-73.73443,41.09543],[-73.73663,41.09536],[-73.73496,41.09244],[-73.73489,41.09229],[-73.73377,41.0893],[-73.73258,41.0893],[-73.73244,41.08667],[-73.73187,41.08668],[-73.73049,41.08668],[-73.73056,41.08657],[-73.73063,41.08641],[-73.73066,41.08628],[-73.73067,41.0861],[-73.73066,41.08599],[-73.73062,41.08592],[-73.7306,41.08584],[-73.73063,41.08563],[-73.73062,41.08553],[-73.7305,41.08503],[-73.73047,41.08493],[-73.73047,41.08486],[-73.73049,41.08472],[-73.73048,41.08464],[-73.73047,41.08435],[-73.73045,41.08416],[-73.7304,41.08402],[-73.73038,41.0839],[-73.73036,41.08345],[-73.73036,41.08313],[-73.73035,41.08303],[-73.73036,41.08297],[-73.73038,41.08291],[-73.73039,41.08277],[-73.73035,41.08254],[-73.73034,41.08235],[-73.73144,41.08235],[-73.73175,41.08235],[-73.73181,41.07847],[-73.73399,41.0772],[-73.73418,41.07615],[-73.73436,41.07466],[-73.73371,41.07466],[-73.73296,41.07492],[-73.73226,41.07497],[-73.73122,41.07466],[-73.73034,41.07448],[-73.7293,41.07446],[-73.72848,41.07462],[-73.72761,41.07497],[-73.72697,41.07546],[-73.72608,41.07617],[-73.72521,41.07678],[-73.72434,41.07726],[-73.72364,41.07775],[-73.72312,41.07802],[-73.72266,41.07824],[-73.72218,41.07832],[-73.72184,41.07832],[-73.72154,41.07815],[-73.72125,41.07797],[-73.72114,41.07775],[-73.72108,41.07184],[-73.7191,41.07201],[-73.71856,41.07203],[-73.71827,41.07204],[-73.71701,41.07212],[-73.71346,41.07231],[-73.71268,41.07232],[-73.7114,41.07241],[-73.71076,41.07244],[-73.7089,41.07255],[-73.70803,41.07263],[-73.70722,41.07268],[-73.70698,41.07268],[-73.70656,41.07292],[-73.70644,41.07338],[-73.70641,41.07363],[-73.70638,41.07388],[-73.70631,41.07408],[-73.71039,41.07931],[-73.71154,41.08077],[-73.71161,41.08087],[-73.71185,41.08117],[-73.71193,41.08127],[-73.7138,41.08364],[-73.71515,41.0854],[-73.71545,41.08578],[-73.71548,41.08582],[-73.71581,41.08624],[-73.71706,41.0878],[-73.71768,41.08872],[-73.71774,41.08881],[-73.71788,41.089],[-73.71797,41.08912],[-73.71868,41.09],[-73.71884,41.09016],[-73.71936,41.09063],[-73.7194,41.09067],[-73.72058,41.09176],[-73.72102,41.09217],[-73.72122,41.09237],[-73.72167,41.09279],[-73.72173,41.09285],[-73.72211,41.09321],[-73.72271,41.09378],[-73.72338,41.09445],[-73.72347,41.09457],[-73.72362,41.09478],[-73.72478,41.09647],[-73.72496,41.09674],[-73.72514,41.09701],[-73.72534,41.09729],[-73.72617,41.09851],[-73.72621,41.09857],[-73.72652,41.09898],[-73.72682,41.0994],[-73.72685,41.09943],[-73.72778,41.1007],[-73.71377,41.10725],[-73.71365,41.1073],[-73.71355,41.10734],[-73.7134,41.10741],[-73.71296,41.10762],[-73.71227,41.10791],[-73.71223,41.10793],[-73.70602,41.11084],[-73.7059,41.1109],[-73.70587,41.11091],[-73.70582,41.11094],[-73.70568,41.111],[-73.70554,41.11107],[-73.70362,41.1118],[-73.70354,41.11183],[-73.70345,41.11188],[-73.7033,41.11196],[-73.70315,41.11203],[-73.70284,41.11219],[-73.70273,41.11225],[-73.7007,41.11339],[-73.7,41.11367],[-73.69605,41.11526],[-73.69596,41.11531],[-73.69501,41.11578],[-73.68948,41.1185],[-73.68927,41.1186],[-73.68608,41.1201],[-73.67902,41.12343],[-73.67678,41.1245],[-73.67642,41.12468],[-73.66994,41.12765],[-73.66981,41.12771],[-73.66969,41.12777],[-73.66803,41.12853],[-73.66781,41.12864],[-73.66721,41.12892],[-73.66593,41.12953],[-73.66591,41.12955],[-73.66583,41.12959],[-73.66565,41.12968],[-73.66497,41.13],[-73.66177,41.13141],[-73.66161,41.13148],[-73.66112,41.13169],[-73.66096,41.13177],[-73.66087,41.1318],[-73.66057,41.132],[-73.65614,41.13398],[-73.65612,41.13398],[-73.65609,41.134],[-73.65607,41.134],[-73.65597,41.13404],[-73.65563,41.13415],[-73.65547,41.1342],[-73.65544,41.13422],[-73.65535,41.13427],[-73.65437,41.1348],[-73.65167,41.1361],[-73.65158,41.13615],[-73.64421,41.13945],[-73.64408,41.13951],[-73.63967,41.1415],[-73.63777,41.14232],[-73.63775,41.14233],[-73.63772,41.14235],[-73.63735,41.14264],[-73.63602,41.14324],[-73.63564,41.14329],[-73.6355,41.14336],[-73.63502,41.14356],[-73.63486,41.14362],[-73.63475,41.14366],[-73.63474,41.14369],[-73.63472,41.14369],[-73.63465,41.1437],[-73.63446,41.14377],[-73.63393,41.144],[-73.63386,41.14403],[-73.63383,41.14404],[-73.6337,41.14409],[-73.63353,41.14417],[-73.63233,41.14476],[-73.63021,41.1458],[-73.62949,41.14612],[-73.62928,41.14622],[-73.62906,41.14632],[-73.6288,41.14644],[-73.62904,41.14637],[-73.6291,41.14636],[-73.62914,41.14637],[-73.62916,41.14642],[-73.62904,41.14641],[-73.62897,41.14644],[-73.62888,41.14653],[-73.62884,41.1466],[-73.62882,41.14673],[-73.62884,41.14687],[-73.62887,41.14692],[-73.62889,41.14694],[-73.62903,41.14705],[-73.62923,41.1473],[-73.62927,41.14735],[-73.62934,41.1474],[-73.62975,41.14755],[-73.63019,41.14779],[-73.63022,41.14782],[-73.63026,41.14793],[-73.63035,41.14807],[-73.6304,41.14809],[-73.63047,41.14809],[-73.63063,41.14806],[-73.63078,41.14811],[-73.63094,41.14819],[-73.63113,41.14835],[-73.63123,41.14845],[-73.63126,41.14852],[-73.63125,41.14859],[-73.6312,41.14865],[-73.63109,41.14872],[-73.63106,41.14875],[-73.63105,41.14877],[-73.63106,41.14883],[-73.6311,41.14889],[-73.6318,41.14965],[-73.63226,41.15021],[-73.63231,41.15031],[-73.63235,41.15117],[-73.63241,41.15129],[-73.63267,41.15153],[-73.63378,41.15202],[-73.63419,41.15235],[-73.63432,41.15249],[-73.63451,41.15267],[-73.63461,41.15277],[-73.63474,41.15296],[-73.63481,41.15303],[-73.6349,41.15308],[-73.63517,41.15314],[-73.63568,41.15356],[-73.63568,41.15361],[-73.63564,41.15367],[-73.63536,41.15378],[-73.6353,41.15384],[-73.63529,41.15393],[-73.63531,41.15404],[-73.63535,41.15411],[-73.63557,41.15438],[-73.63562,41.15462],[-73.63594,41.15583],[-73.63606,41.15608],[-73.63621,41.15622],[-73.63628,41.15641],[-73.63628,41.15656],[-73.63619,41.15677],[-73.63597,41.15719],[-73.63588,41.15817],[-73.63573,41.15913],[-73.6356,41.16096],[-73.63549,41.16135],[-73.63538,41.16156],[-73.63575,41.16231],[-73.63661,41.16237],[-73.63725,41.16241],[-73.63796,41.16248],[-73.63738,41.16332],[-73.63633,41.1649],[-73.63695,41.16487],[-73.63994,41.16476],[-73.63987,41.16399],[-73.63969,41.16144],[-73.64072,41.16118],[-73.64145,41.16246],[-73.64219,41.16291],[-73.64232,41.16304],[-73.64322,41.16257],[-73.64384,41.16162],[-73.64389,41.16157],[-73.64502,41.16162],[-73.64505,41.16143],[-73.64549,41.16148],[-73.64764,41.16151],[-73.64775,41.16295],[-73.64755,41.16299],[-73.64721,41.16316],[-73.64687,41.16338],[-73.64653,41.16366],[-73.64633,41.16394],[-73.64627,41.16427],[-73.64626,41.16463],[-73.6449,41.16528],[-73.64492,41.1661],[-73.64527,41.1663],[-73.6457,41.16648],[-73.64726,41.16697],[-73.64777,41.1661],[-73.64842,41.16629],[-73.64837,41.16733],[-73.64843,41.16787],[-73.64862,41.16823],[-73.64876,41.16847],[-73.64896,41.16873],[-73.64921,41.16899],[-73.64939,41.16895],[-73.64952,41.16902],[-73.64946,41.16921],[-73.64929,41.16935],[-73.64907,41.16944],[-73.64781,41.16851],[-73.644,41.16884],[-73.64314,41.1701],[-73.64278,41.17061],[-73.64225,41.17183],[-73.64111,41.17254],[-73.64128,41.17431],[-73.6407,41.17467],[-73.64056,41.17485],[-73.64066,41.17498],[-73.64088,41.17489],[-73.64122,41.1748],[-73.64132,41.17479],[-73.64128,41.17549],[-73.64116,41.1757],[-73.64099,41.17592],[-73.64111,41.17617],[-73.64128,41.1763],[-73.64135,41.17691],[-73.64179,41.17699],[-73.64181,41.17886],[-73.64176,41.1796],[-73.64037,41.18051],[-73.63979,41.1817],[-73.63986,41.18195],[-73.6401,41.18233],[-73.64475,41.18117],[-73.6459,41.18089],[-73.64868,41.1802],[-73.65025,41.17981],[-73.65449,41.17876],[-73.65506,41.17862],[-73.65646,41.17828],[-73.66057,41.17726],[-73.66113,41.17712],[-73.66177,41.17695],[-73.66287,41.17668],[-73.66417,41.17633],[-73.66775,41.17538],[-73.68258,41.1717],[-73.67887,41.1728],[-73.68095,41.17342],[-73.68109,41.17614],[-73.68221,41.176],[-73.68233,41.17677],[-73.68271,41.17774],[-73.68082,41.17817],[-73.68097,41.17893],[-73.68059,41.17892],[-73.68007,41.17892],[-73.67984,41.17891],[-73.67951,41.17891],[-73.67925,41.17893],[-73.67421,41.17792],[-73.67354,41.17781],[-73.67354,41.17783],[-73.67363,41.17794],[-73.67373,41.17798],[-73.67338,41.17913],[-73.67374,41.17938],[-73.6802,41.18443],[-73.68098,41.18503],[-73.68582,41.18411],[-73.68653,41.18415],[-73.68684,41.18417],[-73.68924,41.18431],[-73.69445,41.18467],[-73.69443,41.18067],[-73.69447,41.17934],[-73.69447,41.17897],[-73.69448,41.17664],[-73.69062,41.17563],[-73.69064,41.17536],[-73.69059,41.17509],[-73.69058,41.17488],[-73.69058,41.17481],[-73.6906,41.16995],[-73.69061,41.16952],[-73.69369,41.1687],[-73.6972,41.16776],[-73.69899,41.16728],[-73.70343,41.1661],[-73.7037,41.16599],[-73.70501,41.16564],[-73.70625,41.16523],[-73.7073,41.16488],[-73.70796,41.16439],[-73.70932,41.16337],[-73.71105,41.16206],[-73.71143,41.1618],[-73.71435,41.15962],[-73.71701,41.15764],[-73.7193,41.15594],[-73.72394,41.15277],[-73.7242,41.15262],[-73.72718,41.15087],[-73.72919,41.14969],[-73.72975,41.14936],[-73.73231,41.14787],[-73.73277,41.14759],[-73.73344,41.1472],[-73.73476,41.14644],[-73.73762,41.14475],[-73.73777,41.14466],[-73.74025,41.14321],[-73.74045,41.14309],[-73.74138,41.14255],[-73.74197,41.1422],[-73.74275,41.14175],[-73.74382,41.14186],[-73.74465,41.14177],[-73.74473,41.14308],[-73.74484,41.14491],[-73.74487,41.14501],[-73.74595,41.1478],[-73.74609,41.14817],[-73.74671,41.14669],[-73.75275,41.14557],[-73.75261,41.14529],[-73.75244,41.14502],[-73.7523,41.14483],[-73.75185,41.14443],[-73.75166,41.14422],[-73.75148,41.14398],[-73.75138,41.14381],[-73.75283,41.14281],[-73.75342,41.14309],[-73.75374,41.14324],[-73.75472,41.14371],[-73.75597,41.14428],[-73.75637,41.14447],[-73.75775,41.14441],[-73.75936,41.14433],[-73.76082,41.14436],[-73.76121,41.14274],[-73.76185,41.14268],[-73.76442,41.14245],[-73.76501,41.1424],[-73.76649,41.14228],[-73.76595,41.14075],[-73.76484,41.1383],[-73.76412,41.13658],[-73.76354,41.13531],[-73.7635,41.13524],[-73.76346,41.13516],[-73.76338,41.13503],[-73.76333,41.13494],[-73.76327,41.13473],[-73.76325,41.13459],[-73.76324,41.13444],[-73.76325,41.13411],[-73.76612,41.13185]]]},"properties":{"name":"COMAN HILL SCHOOL","schoolId":"360606000390"}},{"type":"Feature","geometry":{"type":"Polygon","coordinates":[[[-73.76612,41.13185],[-73.76652,41.13152],[-73.76596,41.13022],[-73.76592,41.13012],[-73.7656,41.12939],[-73.76512,41.12841],[-73.76503,41.12821],[-73.76438,41.12682],[-73.76412,41.12626],[-73.76348,41.12439],[-73.76295,41.12285],[-73.76324,41.1214],[-73.76075,41.12172],[-73.75756,41.12184],[-73.75661,41.1218],[-73.75423,41.12168],[-73.75193,41.12162],[-73.75106,41.12106],[-73.75079,41.12081],[-73.74995,41.12001],[-73.74944,41.11944],[-73.74864,41.11851],[-73.74842,41.11836],[-73.75078,41.11525],[-73.75078,41.1152],[-73.75079,41.11399],[-73.75073,41.11262],[-73.75076,41.11255],[-73.75153,41.11092],[-73.75348,41.10721],[-73.75368,41.10346],[-73.75304,41.10344],[-73.75101,41.10338],[-73.75061,41.10339],[-73.74986,41.10336],[-73.74685,41.10324],[-73.74686,41.10316],[-73.74703,41.10223],[-73.74427,41.10152],[-73.74419,41.10168],[-73.74219,41.10116],[-73.74078,41.1008],[-73.74131,41.09928],[-73.74009,41.09931],[-73.73987,41.09917],[-73.73962,41.09904],[-73.73947,41.09895],[-73.73936,41.09883],[-73.73928,41.09868],[-73.73915,41.09852],[-73.73908,41.09842],[-73.73855,41.09803],[-73.73824,41.09784],[-73.738,41.09774],[-73.73784,41.09771],[-73.73772,41.09771],[-73.73757,41.09776],[-73.73746,41.09781],[-73.73728,41.09791],[-73.73665,41.09816],[-73.73653,41.09819],[-73.7363,41.09817],[-73.73692,41.09668],[-73.73673,41.09661],[-73.73668,41.09664],[-73.73652,41.09666],[-73.73648,41.09667],[-73.73643,41.0967],[-73.7364,41.09673],[-73.73638,41.09684],[-73.73632,41.09687],[-73.73627,41.09685],[-73.73615,41.09673],[-73.73605,41.09668],[-73.736,41.09668],[-73.73589,41.09671],[-73.73585,41.09673],[-73.73581,41.09678],[-73.73535,41.09629],[-73.73445,41.09628],[-73.73443,41.09543],[-73.73663,41.09536],[-73.73496,41.09244],[-73.73489,41.09229],[-73.73377,41.0893],[-73.73258,41.0893],[-73.73244,41.08667],[-73.73187,41.08668],[-73.73049,41.08668],[-73.73056,41.08657],[-73.73063,41.08641],[-73.73066,41.08628],[-73.73067,41.0861],[-73.73066,41.08599],[-73.73062,41.08592],[-73.7306,41.08584],[-73.73063,41.08563],[-73.73062,41.08553],[-73.7305,41.08503],[-73.73047,41.08493],[-73.73047,41.08486],[-73.73049,41.08472],[-73.73048,41.08464],[-73.73047,41.08435],[-73.73045,41.08416],[-73.7304,41.08402],[-73.73038,41.0839],[-73.73036,41.08345],[-73.73036,41.08313],[-73.73035,41.08303],[-73.73036,41.08297],[-73.73038,41.08291],[-73.73039,41.08277],[-73.73035,41.08254],[-73.73034,41.08235],[-73.73144,41.08235],[-73.73175,41.08235],[-73.73181,41.07847],[-73.73399,41.0772],[-73.73418,41.07615],[-73.73436,41.07466],[-73.73371,41.07466],[-73.73296,41.07492],[-73.73226,41.07497],[-73.73122,41.07466],[-73.73034,41.07448],[-73.7293,41.07446],[-73.72848,41.07462],[-73.72761,41.07497],[-73.72697,41.07546],[-73.72608,41.07617],[-73.72521,41.07678],[-73.72434,41.07726],[-73.72364,41.07775],[-73.72312,41.07802],[-73.72266,41.07824],[-73.72218,41.07832],[-73.72184,41.07832],[-73.72154,41.07815],[-73.72125,41.07797],[-73.72114,41.07775],[-73.72108,41.07184],[-73.7191,41.07201],[-73.71856,41.07203],[-73.71827,41.07204],[-73.71701,41.07212],[-73.71346,41.07231],[-73.71268,41.07232],[-73.7114,41.07241],[-73.71076,41.07244],[-73.7089,41.07255],[-73.70803,41.07263],[-73.70722,41.07268],[-73.70698,41.07268],[-73.70656,41.07292],[-73.70644,41.07338],[-73.70641,41.07363],[-73.70638,41.07388],[-73.70631,41.07408],[-73.71039,41.07931],[-73.71154,41.08077],[-73.71161,41.08087],[-73.71185,41.08117],[-73.71193,41.08127],[-73.7138,41.08364],[-73.71515,41.0854],[-73.71545,41.08578],[-73.71548,41.08582],[-73.71581,41.08624],[-73.71706,41.0878],[-73.71768,41.08872],[-73.71774,41.08881],[-73.71788,41.089],[-73.71797,41.08912],[-73.71868,41.09],[-73.71884,41.09016],[-73.71936,41.09063],[-73.7194,41.09067],[-73.72058,41.09176],[-73.72102,41.09217],[-73.72122,41.09237],[-73.72167,41.09279],[-73.72173,41.09285],[-73.72211,41.09321],[-73.72271,41.09378],[-73.72338,41.09445],[-73.72347,41.09457],[-73.72362,41.09478],[-73.72478,41.09647],[-73.72496,41.09674],[-73.72514,41.09701],[-73.72534,41.09729],[-73.72617,41.09851],[-73.72621,41.09857],[-73.72652,41.09898],[-73.72682,41.0994],[-73.72685,41.09943],[-73.72778,41.1007],[-73.71377,41.10725],[-73.71365,41.1073],[-73.71355,41.10734],[-73.7134,41.10741],[-73.71296,41.10762],[-73.71227,41.10791],[-73.71223,41.10793],[-73.70602,41.11084],[-73.7059,41.1109],[-73.70587,41.11091],[-73.70582,41.11094],[-73.70568,41.111],[-73.70554,41.11107],[-73.70362,41.1118],[-73.70354,41.11183],[-73.70345,41.11188],[-73.7033,41.11196],[-73.70315,41.11203],[-73.70284,41.11219],[-73.70273,41.11225],[-73.7007,41.11339],[-73.7,41.11367],[-73.69605,41.11526],[-73.69596,41.11531],[-73.69501,41.11578],[-73.68948,41.1185],[-73.68927,41.1186],[-73.68608,41.1201],[-73.67902,41.12343],[-73.67678,41.1245],[-73.67642,41.12468],[-73.66994,41.12765],[-73.66981,41.12771],[-73.66969,41.12777],[-73.66803,41.12853],[-73.66781,41.12864],[-73.66721,41.12892],[-73.66593,41.12953],[-73.66591,41.12955],[-73.66583,41.12959],[-73.66565,41.12968],[-73.66497,41.13],[-73.66177,41.13141],[-73.66161,41.13148],[-73.66112,41.13169],[-73.66096,41.13177],[-73.66087,41.1318],[-73.66057,41.132],[-73.65614,41.13398],[-73.65612,41.13398],[-73.65609,41.134],[-73.65607,41.134],[-73.65597,41.13404],[-73.65563,41.13415],[-73.65547,41.1342],[-73.65544,41.13422],[-73.65535,41.13427],[-73.65437,41.1348],[-73.65167,41.1361],[-73.65158,41.13615],[-73.64421,41.13945],[-73.64408,41.13951],[-73.63967,41.1415],[-73.63777,41.14232],[-73.63775,41.14233],[-73.63772,41.14235],[-73.63735,41.14264],[-73.63602,41.14324],[-73.63564,41.14329],[-73.6355,41.14336],[-73.63502,41.14356],[-73.63486,41.14362],[-73.63475,41.14366],[-73.63474,41.14369],[-73.63472,41.14369],[-73.63465,41.1437],[-73.63446,41.14377],[-73.63393,41.144],[-73.63386,41.14403],[-73.63383,41.14404],[-73.6337,41.14409],[-73.63353,41.14417],[-73.63233,41.14476],[-73.63021,41.1458],[-73.62949,41.14612],[-73.62928,41.14622],[-73.62906,41.14632],[-73.6288,41.14644],[-73.62904,41.14637],[-73.6291,41.14636],[-73.62914,41.14637],[-73.62916,41.14642],[-73.62904,41.14641],[-73.62897,41.14644],[-73.62888,41.14653],[-73.62884,41.1466],[-73.62882,41.14673],[-73.62884,41.14687],[-73.62887,41.14692],[-73.62889,41.14694],[-73.62903,41.14705],[-73.62923,41.1473],[-73.62927,41.14735],[-73.62934,41.1474],[-73.62975,41.14755],[-73.63019,41.14779],[-73.63022,41.14782],[-73.63026,41.14793],[-73.63035,41.14807],[-73.6304,41.14809],[-73.63047,41.14809],[-73.63063,41.14806],[-73.63078,41.14811],[-73.63094,41.14819],[-73.63113,41.14835],[-73.63123,41.14845],[-73.63126,41.14852],[-73.63125,41.14859],[-73.6312,41.14865],[-73.63109,41.14872],[-73.63106,41.14875],[-73.63105,41.14877],[-73.63106,41.14883],[-73.6311,41.14889],[-73.6318,41.14965],[-73.63226,41.15021],[-73.63231,41.15031],[-73.63235,41.15117],[-73.63241,41.15129],[-73.63267,41.15153],[-73.63378,41.15202],[-73.63419,41.15235],[-73.63432,41.15249],[-73.63451,41.15267],[-73.63461,41.15277],[-73.63474,41.15296],[-73.63481,41.15303],[-73.6349,41.15308],[-73.63517,41.15314],[-73.63568,41.15356],[-73.63568,41.15361],[-73.63564,41.15367],[-73.63536,41.15378],[-73.6353,41.15384],[-73.63529,41.15393],[-73.63531,41.15404],[-73.63535,41.15411],[-73.63557,41.15438],[-73.63562,41.15462],[-73.63594,41.15583],[-73.63606,41.15608],[-73.63621,41.15622],[-73.63628,41.15641],[-73.63628,41.15656],[-73.63619,41.15677],[-73.63597,41.15719],[-73.63588,41.15817],[-73.63573,41.15913],[-73.6356,41.16096],[-73.63549,41.16135],[-73.63538,41.16156],[-73.63575,41.16231],[-73.63661,41.16237],[-73.63725,41.16241],[-73.63796,41.16248],[-73.63738,41.16332],[-73.63633,41.1649],[-73.63695,41.16487],[-73.63994,41.16476],[-73.63987,41.16399],[-73.63969,41.16144],[-73.64072,41.16118],[-73.64145,41.16246],[-73.64219,41.16291],[-73.64232,41.16304],[-73.64322,41.16257],[-73.64384,41.16162],[-73.64389,41.16157],[-73.64502,41.16162],[-73.64505,41.16143],[-73.64549,41.16148],[-73.64764,41.16151],[-73.64775,41.16295],[-73.64755,41.16299],[-73.64721,41.16316],[-73.64687,41.16338],[-73.64653,41.16366],[-73.64633,41.16394],[-73.64627,41.16427],[-73.64626,41.16463],[-73.6449,41.16528],[-73.64492,41.1661],[-73.64527,41.1663],[-73.6457,41.16648],[-73.64726,41.16697],[-73.64777,41.1661],[-73.64842,41.16629],[-73.64837,41.16733],[-73.64843,41.16787],[-73.64862,41.16823],[-73.64876,41.16847],[-73.64896,41.16873],[-73.64921,41.16899],[-73.64939,41.16895],[-73.64952,41.16902],[-73.64946,41.16921],[-73.64929,41.16935],[-73.64907,41.16944],[-73.64781,41.16851],[-73.644,41.16884],[-73.64314,41.1701],[-73.64278,41.17061],[-73.64225,41.17183],[-73.64111,41.17254],[-73.64128,41.17431],[-73.6407,41.17467],[-73.64056,41.17485],[-73.64066,41.17498],[-73.64088,41.17489],[-73.64122,41.1748],[-73.64132,41.17479],[-73.64128,41.17549],[-73.64116,41.1757],[-73.64099,41.17592],[-73.64111,41.17617],[-73.64128,41.1763],[-73.64135,41.17691],[-73.64179,41.17699],[-73.64181,41.17886],[-73.64176,41.1796],[-73.64037,41.18051],[-73.63979,41.1817],[-73.63986,41.18195],[-73.6401,41.18233],[-73.64475,41.18117],[-73.6459,41.18089],[-73.64868,41.1802],[-73.65025,41.17981],[-73.65449,41.17876],[-73.65506,41.17862],[-73.65646,41.17828],[-73.66057,41.17726],[-73.66113,41.17712],[-73.66177,41.17695],[-73.66287,41.17668],[-73.66417,41.17633],[-73.66775,41.17538],[-73.68258,41.1717],[-73.67887,41.1728],[-73.68095,41.17342],[-73.68109,41.17614],[-73.68221,41.176],[-73.68233,41.17677],[-73.68271,41.17774],[-73.68082,41.17817],[-73.68097,41.17893],[-73.68059,41.17892],[-73.68007,41.17892],[-73.67984,41.17891],[-73.67951,41.17891],[-73.67925,41.17893],[-73.67421,41.17792],[-73.67354,41.17781],[-73.67354,41.17783],[-73.67363,41.17794],[-73.67373,41.17798],[-73.67338,41.17913],[-73.67374,41.17938],[-73.6802,41.18443],[-73.68098,41.18503],[-73.68582,41.18411],[-73.68653,41.18415],[-73.68684,41.18417],[-73.68924,41.18431],[-73.69445,41.18467],[-73.69443,41.18067],[-73.69447,41.17934],[-73.69447,41.17897],[-73.69448,41.17664],[-73.69062,41.17563],[-73.69064,41.17536],[-73.69059,41.17509],[-73.69058,41.17488],[-73.69058,41.17481],[-73.6906,41.16995],[-73.69061,41.16952],[-73.69369,41.1687],[-73.6972,41.16776],[-73.69899,41.16728],[-73.70343,41.1661],[-73.7037,41.16599],[-73.70501,41.16564],[-73.70625,41.16523],[-73.7073,41.16488],[-73.70796,41.16439],[-73.70932,41.16337],[-73.71105,41.16206],[-73.71143,41.1618],[-73.71435,41.15962],[-73.71701,41.15764],[-73.7193,41.15594],[-73.72394,41.15277],[-73.7242,41.15262],[-73.72718,41.15087],[-73.72919,41.14969],[-73.72975,41.14936],[-73.73231,41.14787],[-73.73277,41.14759],[-73.73344,41.1472],[-73.73476,41.14644],[-73.73762,41.14475],[-73.73777,41.14466],[-73.74025,41.14321],[-73.74045,41.14309],[-73.74138,41.14255],[-73.74197,41.1422],[-73.74275,41.14175],[-73.74382,41.14186],[-73.74465,41.14177],[-73.74473,41.14308],[-73.74484,41.14491],[-73.74487,41.14501],[-73.74595,41.1478],[-73.74609,41.14817],[-73.74671,41.14669],[-73.75275,41.14557],[-73.75261,41.14529],[-73.75244,41.14502],[-73.7523,41.14483],[-73.75185,41.14443],[-73.75166,41.14422],[-73.75148,41.14398],[-73.75138,41.14381],[-73.75283,41.14281],[-73.75342,41.14309],[-73.75374,41.14324],[-73.75472,41.14371],[-73.75597,41.14428],[-73.75637,41.14447],[-73.75775,41.14441],[-73.75936,41.14433],[-73.76082,41.14436],[-73.76121,41.14274],[-73.76185,41.14268],[-73.76442,41.14245],[-73.76501,41.1424],[-73.76649,41.14228],[-73.76595,41.14075],[-73.76484,41.1383],[-73.76412,41.13658],[-73.76354,41.13531],[-73.7635,41.13524],[-73.76346,41.13516],[-73.76338,41.13503],[-73.76333,41.13494],[-73.76327,41.13473],[-73.76325,41.13459],[-73.76324,41.13444],[-73.76325,41.13411],[-73.76612,41.13185]]]},"properties":{"name":"WAMPUS SCHOOL","schoolId":"360606000392"}},{"type":"Feature","geometry":{"type":"Polygon","coordinates":[[[-73.93678,41.21082],[-73.93598,41.2099],[-73.93148,41.205],[-73.93,41.20276],[-73.92978,41.20242],[-73.92878,41.2009],[-73.92723,41.19805],[-73.92568,41.1952],[-73.92188,41.1866],[-73.9217,41.1863],[-73.91438,41.1742],[-73.91168,41.1678],[-73.90928,41.1644],[-73.89856,41.16825],[-73.87642,41.1772],[-73.87632,41.17722],[-73.87626,41.17722],[-73.8762,41.17723],[-73.87614,41.17723],[-73.87586,41.17725],[-73.87574,41.17731],[-73.87566,41.17739],[-73.87558,41.17746],[-73.87549,41.17762],[-73.87543,41.1778],[-73.87535,41.17798],[-73.87527,41.17808],[-73.87512,41.17822],[-73.87512,41.17837],[-73.87519,41.17847],[-73.87527,41.17868],[-73.8753,41.17888],[-73.87528,41.17905],[-73.87524,41.17914],[-73.87514,41.1793],[-73.875,41.17941],[-73.87473,41.17957],[-73.87464,41.17967],[-73.87463,41.1798],[-73.87464,41.17989],[-73.87479,41.18023],[-73.875,41.18037],[-73.87521,41.18043],[-73.8753,41.18045],[-73.87541,41.18042],[-73.87549,41.18038],[-73.87559,41.18039],[-73.87556,41.18064],[-73.87546,41.18115],[-73.87534,41.18154],[-73.87514,41.18222],[-73.8751,41.18245],[-73.87512,41.18274],[-73.8752,41.18291],[-73.87544,41.18326],[-73.87563,41.18351],[-73.87569,41.18374],[-73.87574,41.1841],[-73.87578,41.18429],[-73.87589,41.18459],[-73.87602,41.18482],[-73.87618,41.18506],[-73.87622,41.18522],[-73.87618,41.18542],[-73.87604,41.1857],[-73.87602,41.18582],[-73.87576,41.18643],[-73.87567,41.18657],[-73.87556,41.18669],[-73.87542,41.18677],[-73.87533,41.18686],[-73.875,41.187],[-73.87475,41.18702],[-73.87461,41.18705],[-73.87455,41.18707],[-73.87448,41.18711],[-73.87433,41.18726],[-73.87424,41.18735],[-73.87418,41.18742],[-73.87413,41.18751],[-73.87413,41.18759],[-73.87414,41.18776],[-73.87413,41.18783],[-73.8741,41.18789],[-73.87404,41.18795],[-73.87385,41.18812],[-73.87347,41.18848],[-73.87346,41.18849],[-73.87339,41.18854],[-73.87308,41.18873],[-73.87302,41.18879],[-73.87297,41.18888],[-73.87291,41.18901],[-73.8728,41.18934],[-73.87274,41.18959],[-73.87272,41.18966],[-73.87264,41.18974],[-73.87259,41.18981],[-73.87244,41.19034],[-73.87237,41.19048],[-73.87218,41.19076],[-73.87217,41.1908],[-73.87218,41.19086],[-73.87223,41.19096],[-73.87238,41.19119],[-73.87244,41.19123],[-73.8725,41.19125],[-73.87274,41.19127],[-73.87283,41.1913],[-73.8729,41.19134],[-73.87298,41.19142],[-73.87317,41.19173],[-73.8732,41.19185],[-73.87308,41.19245],[-73.87304,41.19262],[-73.87285,41.19311],[-73.87282,41.19326],[-73.87285,41.19335],[-73.87294,41.1935],[-73.87296,41.19356],[-73.87298,41.19363],[-73.87296,41.19398],[-73.87292,41.19413],[-73.87282,41.19432],[-73.87277,41.19437],[-73.87272,41.1944],[-73.87263,41.19448],[-73.87261,41.19453],[-73.87245,41.19534],[-73.87241,41.19551],[-73.87234,41.19568],[-73.8717,41.19677],[-73.87121,41.19767],[-73.871,41.19833],[-73.87099,41.19842],[-73.87101,41.19852],[-73.87107,41.19872],[-73.87115,41.19886],[-73.87175,41.19972],[-73.87184,41.19982],[-73.87112,41.19997],[-73.87038,41.20007],[-73.86957,41.20011],[-73.86573,41.20052],[-73.85726,41.20266],[-73.85651,41.20276],[-73.84526,41.20247],[-73.83869,41.20312],[-73.83789,41.20317],[-73.83426,41.20344],[-73.83204,41.20367],[-73.83075,41.20389],[-73.82956,41.20399],[-73.82959,41.20452],[-73.8289,41.20504],[-73.82766,41.20596],[-73.81783,41.21329],[-73.81863,41.2133],[-73.81878,41.2133],[-73.82038,41.2133],[-73.82057,41.2133],[-73.82059,41.21413],[-73.82063,41.21629],[-73.82068,41.21675],[-73.82016,41.21803],[-73.8208,41.22196],[-73.82156,41.22182],[-73.823,41.22168],[-73.82328,41.22167],[-73.82313,41.22413],[-73.82312,41.22421],[-73.82102,41.22488],[-73.8209,41.2249],[-73.82108,41.22641],[-73.82137,41.22786],[-73.82149,41.22802],[-73.82139,41.23761],[-73.82139,41.23764],[-73.82143,41.2394],[-73.84349,41.23227],[-73.84397,41.23504],[-73.84446,41.23772],[-73.8445,41.23789],[-73.84644,41.24966],[-73.84692,41.25228],[-73.84692,41.25234],[-73.84714,41.25338],[-73.8472,41.25338],[-73.84864,41.25336],[-73.85046,41.25345],[-73.8517,41.25347],[-73.85197,41.25179],[-73.85196,41.25168],[-73.85148,41.24777],[-73.85149,41.24771],[-73.85149,41.24707],[-73.85149,41.24683],[-73.85026,41.24109],[-73.86179,41.25143],[-73.86281,41.25066],[-73.86295,41.25061],[-73.86423,41.24961],[-73.86601,41.24823],[-73.86911,41.24938],[-73.87204,41.24647],[-73.87242,41.24683],[-73.87247,41.24679],[-73.87307,41.24724],[-73.87472,41.24553],[-73.87534,41.24486],[-73.87557,41.24502],[-73.87605,41.24474],[-73.87616,41.24474],[-73.87639,41.24474],[-73.87652,41.24473],[-73.87656,41.24435],[-73.8773,41.24388],[-73.87779,41.24417],[-73.87823,41.24382],[-73.87882,41.24432],[-73.87916,41.24403],[-73.87924,41.24391],[-73.87922,41.2429],[-73.87927,41.24287],[-73.8796,41.24266],[-73.87978,41.24258],[-73.88001,41.2425],[-73.88034,41.24233],[-73.88054,41.24212],[-73.88085,41.24181],[-73.88135,41.2413],[-73.88171,41.24089],[-73.88239,41.24118],[-73.88247,41.24122],[-73.88278,41.24134],[-73.88287,41.24123],[-73.88317,41.24139],[-73.8834,41.24125],[-73.88363,41.24135],[-73.88343,41.24164],[-73.88417,41.24212],[-73.885,41.2428],[-73.88521,41.24261],[-73.88773,41.24017],[-73.88769,41.24017],[-73.88765,41.24018],[-73.88756,41.24019],[-73.89565,41.23561],[-73.89582,41.23565],[-73.89595,41.23551],[-73.89806,41.23316],[-73.89849,41.23278],[-73.898,41.23241],[-73.89863,41.2316],[-73.89936,41.23058],[-73.901,41.22951],[-73.9029,41.22879],[-73.90325,41.22848],[-73.9034,41.22839],[-73.90349,41.22822],[-73.90469,41.22708],[-73.90491,41.22685],[-73.90501,41.22623],[-73.90639,41.22454],[-73.91058,41.22094],[-73.912,41.22028],[-73.91226,41.22017],[-73.91338,41.21976],[-73.9139,41.21971],[-73.91439,41.21951],[-73.91455,41.21949],[-73.91477,41.21941],[-73.93678,41.21082]]]},"properties":{"name":"CARRIE E TOMPKINS SCHOOL","schoolId":"360858000658"}},{"type":"Feature","geometry":{"type":"Polygon","coordinates":[[[-73.89008,41.02261],[-73.89358,41.00531],[-73.88408,41.00401],[-73.88379,41.00391],[-73.88357,41.00386],[-73.88344,41.00382],[-73.88048,41.00332],[-73.87993,41.0032],[-73.87957,41.00317],[-73.87935,41.00315],[-73.87924,41.00314],[-73.87905,41.00286],[-73.8789,41.00277],[-73.8788,41.00281],[-73.87872,41.0028],[-73.87778,41.00268],[-73.87745,41.00264],[-73.8772,41.00258],[-73.87713,41.0026],[-73.87653,41.0024],[-73.87551,41.00207],[-73.87514,41.00132],[-73.87502,41.00132],[-73.87463,41.00143],[-73.87456,41.00151],[-73.87423,41.0018],[-73.87415,41.00183],[-73.87411,41.00185],[-73.87389,41.00185],[-73.87363,41.00182],[-73.87352,41.00185],[-73.87261,41.00158],[-73.87182,41.00118],[-73.87012,41.00062],[-73.86888,41.0003],[-73.86879,41.00029],[-73.86748,41.00011],[-73.86547,40.99958],[-73.86359,40.99909],[-73.86058,40.99831],[-73.85897,40.998],[-73.85886,40.9982],[-73.85874,40.99842],[-73.85785,41.00014],[-73.85753,41.00082],[-73.85875,41.00117],[-73.85856,41.00368],[-73.85832,41.00499],[-73.85825,41.00515],[-73.85823,41.00519],[-73.85821,41.00522],[-73.859,41.00544],[-73.85857,41.0078],[-73.85834,41.0089],[-73.85805,41.00907],[-73.85782,41.00922],[-73.85722,41.00931],[-73.85717,41.00938],[-73.85707,41.00997],[-73.85632,41.01123],[-73.85606,41.01198],[-73.85571,41.01282],[-73.85546,41.01325],[-73.85512,41.01399],[-73.85479,41.0143],[-73.85445,41.01476],[-73.85406,41.01552],[-73.85358,41.01726],[-73.85293,41.01893],[-73.85024,41.0248],[-73.85668,41.02377],[-73.85831,41.0235],[-73.85839,41.02351],[-73.8584,41.02349],[-73.86115,41.02296],[-73.86274,41.02261],[-73.86304,41.02267],[-73.86463,41.02256],[-73.86477,41.02332],[-73.86485,41.02381],[-73.86491,41.02405],[-73.8663,41.02401],[-73.86668,41.02402],[-73.86779,41.02402],[-73.86892,41.02406],[-73.86852,41.02546],[-73.8684,41.02568],[-73.86853,41.02565],[-73.86899,41.02566],[-73.8697,41.02567],[-73.87027,41.02568],[-73.8706,41.0257],[-73.87076,41.02569],[-73.8713,41.02567],[-73.87154,41.02566],[-73.87232,41.02559],[-73.87374,41.02561],[-73.87384,41.02557],[-73.87631,41.02563],[-73.87673,41.02563],[-73.87687,41.02563],[-73.88992,41.02576],[-73.89008,41.02261]]]},"properties":{"name":"SPRINGHURST ELEMENTARY SCHOOL","schoolId":"360912000703"}},{"type":"Feature","geometry":{"type":"Polygon","coordinates":[[[-73.79685,41.00867],[-73.79685,41.00868],[-73.79685,41.0087],[-73.79682,41.00921],[-73.7968,41.00934],[-73.7968,41.00936],[-73.79679,41.00936],[-73.79675,41.00949],[-73.79667,41.00962],[-73.79663,41.00966],[-73.79659,41.0097],[-73.79658,41.00971],[-73.79685,41.00978],[-73.79704,41.00984],[-73.79758,41.01],[-73.79826,41.01019],[-73.79828,41.0102],[-73.79832,41.01021],[-73.79846,41.01025],[-73.79962,41.01059],[-73.80057,41.01086],[-73.80026,41.01107],[-73.80005,41.01119],[-73.80022,41.01135],[-73.80044,41.01121],[-73.80069,41.01104],[-73.80081,41.01096],[-73.80093,41.01087],[-73.80134,41.01061],[-73.80212,41.0101],[-73.80249,41.00986],[-73.80275,41.00971],[-73.80455,41.00865],[-73.80455,41.00865],[-73.80532,41.00942],[-73.80626,41.01036],[-73.80646,41.01045],[-73.80673,41.01056],[-73.80699,41.01067],[-73.80725,41.01079],[-73.80733,41.01082],[-73.80751,41.0109],[-73.8076,41.01079],[-73.80815,41.01008],[-73.80831,41.00987],[-73.8084,41.00975],[-73.80864,41.00944],[-73.8087,41.00936],[-73.80903,41.00893],[-73.8098,41.00796],[-73.81047,41.00708],[-73.81057,41.00696],[-73.81058,41.00695],[-73.81059,41.00693],[-73.81062,41.00689],[-73.81084,41.00661],[-73.81138,41.0059],[-73.81214,41.00493],[-73.81222,41.00483],[-73.81222,41.00471],[-73.81244,41.00446],[-73.81251,41.00438],[-73.81317,41.00355],[-73.81363,41.00293],[-73.81384,41.00262],[-73.81393,41.00247],[-73.81423,41.00194],[-73.81435,41.00171],[-73.8145,41.00142],[-73.81456,41.00132],[-73.81488,41.00072],[-73.8152,41.00013],[-73.81616,40.99859],[-73.81882,40.99529],[-73.81971,40.9942],[-73.8211,40.99246],[-73.82145,40.99173],[-73.82147,40.99168],[-73.82174,40.9912],[-73.82199,40.99049],[-73.82226,40.98989],[-73.8235,40.98844],[-73.82431,40.98771],[-73.82411,40.98771],[-73.82442,40.98734],[-73.82499,40.98677],[-73.82508,40.98667],[-73.82515,40.98641],[-73.82517,40.98636],[-73.82401,40.98652],[-73.82195,40.98685],[-73.82015,40.98705],[-73.81869,40.9873],[-73.81864,40.98731],[-73.81815,40.98739],[-73.81808,40.9874],[-73.81807,40.9874],[-73.81807,40.9874],[-73.81807,40.9874],[-73.81698,40.98751],[-73.81531,40.98772],[-73.81502,40.98776],[-73.814,40.98793],[-73.81309,40.9881],[-73.81282,40.98814],[-73.81259,40.98816],[-73.81248,40.98817],[-73.81185,40.98823],[-73.81174,40.98825],[-73.81166,40.98827],[-73.81156,40.98829],[-73.81137,40.98831],[-73.81121,40.98832],[-73.81097,40.98835],[-73.81086,40.98836],[-73.81043,40.9884],[-73.81016,40.9889],[-73.81011,40.98899],[-73.80995,40.9893],[-73.80987,40.98949],[-73.80974,40.98966],[-73.80973,40.98967],[-73.8097,40.98969],[-73.80951,40.98982],[-73.8094,40.98988],[-73.80934,40.98991],[-73.80921,40.98996],[-73.80915,40.98999],[-73.80911,40.99005],[-73.80908,40.99017],[-73.80907,40.99022],[-73.80907,40.99041],[-73.80902,40.99058],[-73.80895,40.99077],[-73.80892,40.99083],[-73.80889,40.99091],[-73.80866,40.99141],[-73.80863,40.99146],[-73.80858,40.99155],[-73.80844,40.9918],[-73.80843,40.99182],[-73.80775,40.99291],[-73.80761,40.99311],[-73.80739,40.99356],[-73.80729,40.99372],[-73.80723,40.99393],[-73.80719,40.99421],[-73.80715,40.99435],[-73.80707,40.99446],[-73.80696,40.99459],[-73.80682,40.9947],[-73.80681,40.9947],[-73.80645,40.99488],[-73.80616,40.99501],[-73.80584,40.99526],[-73.80558,40.99551],[-73.80543,40.99568],[-73.80536,40.99578],[-73.80529,40.99594],[-73.80525,40.99629],[-73.80523,40.99649],[-73.80518,40.99666],[-73.80516,40.99673],[-73.80514,40.99677],[-73.80506,40.99688],[-73.80488,40.99717],[-73.80479,40.99733],[-73.8034,41.00004],[-73.80309,41.00059],[-73.80271,41.00124],[-73.80149,41.00313],[-73.80145,41.00319],[-73.80069,41.0043],[-73.80058,41.00447],[-73.8001,41.00516],[-73.79969,41.00574],[-73.79939,41.00621],[-73.79884,41.00709],[-73.79845,41.00759],[-73.79832,41.00774],[-73.79821,41.00783],[-73.79797,41.00798],[-73.797,41.00849],[-73.79694,41.00852],[-73.79689,41.00861],[-73.79685,41.00867]]]},"properties":{"name":"SEELY PLACE SCHOOL","schoolId":"361020004508"}},{"type":"Feature","geometry":{"type":"Polygon","coordinates":[[[-73.8076,41.01079],[-73.80751,41.0109],[-73.80796,41.01113],[-73.80783,41.01128],[-73.80775,41.01137],[-73.8081,41.01157],[-73.80848,41.01252],[-73.80849,41.01252],[-73.80888,41.0127],[-73.8101,41.01324],[-73.81093,41.01362],[-73.8129,41.01271],[-73.81357,41.0124],[-73.81404,41.01218],[-73.81463,41.01203],[-73.81602,41.012],[-73.81613,41.012],[-73.81617,41.012],[-73.81848,41.01196],[-73.81938,41.01194],[-73.82112,41.01192],[-73.82128,41.01191],[-73.82118,41.01105],[-73.8215,41.011],[-73.8255,41.01043],[-73.82583,41.01039],[-73.82636,41.01031],[-73.82693,41.01023],[-73.82752,41.01017],[-73.82752,41.01017],[-73.82752,41.01017],[-73.82759,41.01023],[-73.82766,41.01029],[-73.8277,41.01034],[-73.82775,41.01041],[-73.82787,41.0105],[-73.82789,41.01049],[-73.82793,41.01047],[-73.82796,41.01045],[-73.82806,41.01039],[-73.82817,41.01035],[-73.82848,41.01022],[-73.82899,41.01001],[-73.82936,41.00987],[-73.82961,41.00977],[-73.82969,41.00974],[-73.82926,41.0091],[-73.82882,41.00844],[-73.82878,41.00838],[-73.82878,41.00838],[-73.82871,41.00835],[-73.82863,41.00832],[-73.82864,41.0083],[-73.82865,41.00819],[-73.82864,41.00819],[-73.82861,41.00818],[-73.82853,41.00818],[-73.82852,41.00818],[-73.82861,41.00799],[-73.82862,41.00796],[-73.82882,41.00751],[-73.82907,41.00693],[-73.8294,41.00619],[-73.82928,41.00618],[-73.82938,41.00559],[-73.82953,41.00464],[-73.82953,41.00464],[-73.82957,41.00464],[-73.8296,41.00465],[-73.82961,41.00465],[-73.82962,41.00458],[-73.82969,41.0042],[-73.82972,41.00408],[-73.82981,41.00373],[-73.82995,41.00326],[-73.83025,41.00232],[-73.83035,41.00204],[-73.83067,41.00135],[-73.83082,41.00105],[-73.8311,41.00057],[-73.83143,41.00004],[-73.83129,40.99992],[-73.83125,40.99989],[-73.83115,40.9998],[-73.83112,40.99937],[-73.83143,40.99927],[-73.83162,40.99936],[-73.83179,40.99944],[-73.83188,40.99948],[-73.83194,40.99942],[-73.83252,40.99884],[-73.83271,40.99868],[-73.83323,40.99821],[-73.83408,40.99744],[-73.83463,40.99693],[-73.8356,40.99597],[-73.83605,40.99548],[-73.83646,40.99502],[-73.83719,40.9941],[-73.83723,40.99405],[-73.8373,40.99395],[-73.83789,40.99311],[-73.83847,40.99222],[-73.8385,40.99217],[-73.83891,40.99145],[-73.83934,40.99077],[-73.83941,40.99065],[-73.83904,40.98998],[-73.83904,40.98998],[-73.83886,40.98964],[-73.83886,40.98964],[-73.83904,40.98951],[-73.84024,40.98865],[-73.84031,40.9886],[-73.84031,40.9886],[-73.84052,40.9881],[-73.84159,40.98733],[-73.8418,40.98713],[-73.84322,40.98575],[-73.84321,40.98558],[-73.84312,40.98359],[-73.84312,40.98359],[-73.84304,40.98358],[-73.84244,40.98351],[-73.8388,40.98384],[-73.83837,40.98391],[-73.83776,40.984],[-73.83769,40.98401],[-73.83715,40.98412],[-73.83676,40.9842],[-73.83625,40.98431],[-73.83595,40.98435],[-73.83545,40.98442],[-73.8352,40.98445],[-73.8334,40.98516],[-73.83286,40.98527],[-73.83146,40.98558],[-73.83108,40.98546],[-73.83069,40.98534],[-73.83028,40.98559],[-73.83019,40.98564],[-73.82981,40.98569],[-73.82838,40.98589],[-73.82544,40.98632],[-73.82518,40.98636],[-73.82517,40.98636],[-73.82515,40.98641],[-73.82508,40.98667],[-73.82499,40.98677],[-73.82442,40.98734],[-73.82411,40.98771],[-73.82431,40.98771],[-73.8235,40.98844],[-73.82226,40.98989],[-73.82199,40.99049],[-73.82174,40.9912],[-73.82147,40.99168],[-73.82145,40.99173],[-73.8211,40.99246],[-73.81971,40.9942],[-73.81882,40.99529],[-73.81616,40.99859],[-73.8152,41.00013],[-73.81488,41.00072],[-73.81456,41.00132],[-73.8145,41.00142],[-73.81435,41.00171],[-73.81423,41.00194],[-73.81393,41.00247],[-73.81384,41.00262],[-73.81363,41.00293],[-73.81317,41.00355],[-73.81251,41.00438],[-73.81244,41.00446],[-73.81222,41.00471],[-73.81222,41.00483],[-73.81214,41.00493],[-73.81138,41.0059],[-73.81084,41.00661],[-73.81062,41.00689],[-73.81059,41.00693],[-73.81058,41.00695],[-73.81057,41.00696],[-73.81047,41.00708],[-73.8098,41.00796],[-73.80903,41.00893],[-73.8087,41.00936],[-73.80864,41.00944],[-73.8084,41.00975],[-73.80831,41.00987],[-73.80815,41.01008],[-73.8076,41.01079]]]},"properties":{"name":"GREENVILLE SCHOOL","schoolId":"361020004551"}},{"type":"Feature","geometry":{"type":"Polygon","coordinates":[[[-73.84297,41.03537],[-73.841,41.03496],[-73.84091,41.03494],[-73.84071,41.0349],[-73.84051,41.03488],[-73.84029,41.03483],[-73.84013,41.03482],[-73.8397,41.0348],[-73.83949,41.03477],[-73.8392,41.03474],[-73.83704,41.03452],[-73.83691,41.03445],[-73.83583,41.03414],[-73.83523,41.03396],[-73.83509,41.03393],[-73.8349,41.03394],[-73.83385,41.03403],[-73.83361,41.03406],[-73.83302,41.03413],[-73.83182,41.0342],[-73.83088,41.03425],[-73.82958,41.0343],[-73.82938,41.03431],[-73.82943,41.03513],[-73.82949,41.03642],[-73.82846,41.03702],[-73.82637,41.03724],[-73.82584,41.03818],[-73.82477,41.0401],[-73.82351,41.04025],[-73.82007,41.04066],[-73.81899,41.04093],[-73.81901,41.04094],[-73.81903,41.04099],[-73.81904,41.04106],[-73.81896,41.04124],[-73.81895,41.04129],[-73.81896,41.04144],[-73.81703,41.04156],[-73.81578,41.04163],[-73.81559,41.04164],[-73.81524,41.04166],[-73.81527,41.04183],[-73.81525,41.04195],[-73.81522,41.04199],[-73.81497,41.04226],[-73.81565,41.04273],[-73.81579,41.04283],[-73.81627,41.04328],[-73.81619,41.04378],[-73.81617,41.04395],[-73.81621,41.04397],[-73.81624,41.04401],[-73.81661,41.04522],[-73.81678,41.04581],[-73.8159,41.04596],[-73.81502,41.0461],[-73.81486,41.04576],[-73.81481,41.04581],[-73.81459,41.04568],[-73.81446,41.04559],[-73.81415,41.04539],[-73.81369,41.04509],[-73.81303,41.0458],[-73.81293,41.04561],[-73.81202,41.04578],[-73.81235,41.04645],[-73.81159,41.0469],[-73.81251,41.04707],[-73.81238,41.0472],[-73.81203,41.04762],[-73.81189,41.04779],[-73.81175,41.04793],[-73.81171,41.04796],[-73.81117,41.04838],[-73.81096,41.04854],[-73.8109,41.04883],[-73.81021,41.04973],[-73.80915,41.05117],[-73.80882,41.05163],[-73.80877,41.05168],[-73.80867,41.05181],[-73.80863,41.05187],[-73.80841,41.05216],[-73.80854,41.05243],[-73.80868,41.0527],[-73.80889,41.05353],[-73.80926,41.0556],[-73.80865,41.0569],[-73.80851,41.0569],[-73.80564,41.05703],[-73.80519,41.05706],[-73.8048,41.05707],[-73.80512,41.05789],[-73.80302,41.05949],[-73.80176,41.06058],[-73.80217,41.06119],[-73.80188,41.06121],[-73.8042,41.06188],[-73.80423,41.06255],[-73.80427,41.06445],[-73.80473,41.06444],[-73.80564,41.06443],[-73.80638,41.0644],[-73.80669,41.06438],[-73.80705,41.06436],[-73.80751,41.06433],[-73.80833,41.0643],[-73.80917,41.06425],[-73.81014,41.06417],[-73.81103,41.06411],[-73.81193,41.06396],[-73.81287,41.06364],[-73.81293,41.06367],[-73.81301,41.06365],[-73.81314,41.06356],[-73.81418,41.06356],[-73.8148,41.06386],[-73.81618,41.06371],[-73.81699,41.06266],[-73.81702,41.0626],[-73.8183,41.06281],[-73.8188,41.06292],[-73.8207,41.06316],[-73.82072,41.06322],[-73.82112,41.06382],[-73.82128,41.06405],[-73.8215,41.06439],[-73.82175,41.06464],[-73.82483,41.06489],[-73.82504,41.06491],[-73.8263,41.065],[-73.82649,41.06507],[-73.83161,41.06551],[-73.83242,41.06639],[-73.83452,41.06645],[-73.83513,41.06467],[-73.83593,41.06404],[-73.83785,41.06402],[-73.83804,41.064],[-73.83801,41.06398],[-73.83794,41.06393],[-73.83782,41.06383],[-73.83764,41.06366],[-73.83748,41.06348],[-73.83732,41.06329],[-73.83727,41.06322],[-73.83724,41.06315],[-73.83719,41.06296],[-73.83719,41.06286],[-73.83722,41.06271],[-73.83724,41.06266],[-73.83732,41.06253],[-73.83696,41.06233],[-73.83647,41.06211],[-73.8358,41.06183],[-73.8357,41.0618],[-73.83593,41.06203],[-73.83563,41.06272],[-73.8358,41.06204],[-73.83529,41.06166],[-73.83525,41.0615],[-73.83665,41.05856],[-73.83677,41.05831],[-73.83693,41.05805],[-73.83833,41.05888],[-73.83887,41.05902],[-73.83889,41.05897],[-73.83927,41.05819],[-73.83836,41.05548],[-73.83771,41.05548],[-73.84281,41.04855],[-73.84179,41.04781],[-73.84081,41.0464],[-73.84203,41.04477],[-73.84269,41.04414],[-73.83839,41.04245],[-73.83811,41.04234],[-73.84297,41.03537]]]},"properties":{"name":"ALICE E GRADY ELEMENTARY SCHOOL","schoolId":"361065000838"}},{"type":"Feature","geometry":{"type":"Polygon","coordinates":[[[-73.84297,41.03537],[-73.841,41.03496],[-73.84091,41.03494],[-73.84071,41.0349],[-73.84051,41.03488],[-73.84029,41.03483],[-73.84013,41.03482],[-73.8397,41.0348],[-73.83949,41.03477],[-73.8392,41.03474],[-73.83704,41.03452],[-73.83691,41.03445],[-73.83583,41.03414],[-73.83523,41.03396],[-73.83509,41.03393],[-73.8349,41.03394],[-73.83385,41.03403],[-73.83361,41.03406],[-73.83302,41.03413],[-73.83182,41.0342],[-73.83088,41.03425],[-73.82958,41.0343],[-73.82938,41.03431],[-73.82943,41.03513],[-73.82949,41.03642],[-73.82846,41.03702],[-73.82637,41.03724],[-73.82584,41.03818],[-73.82477,41.0401],[-73.82351,41.04025],[-73.82007,41.04066],[-73.81899,41.04093],[-73.81901,41.04094],[-73.81903,41.04099],[-73.81904,41.04106],[-73.81896,41.04124],[-73.81895,41.04129],[-73.81896,41.04144],[-73.81703,41.04156],[-73.81578,41.04163],[-73.81559,41.04164],[-73.81524,41.04166],[-73.81527,41.04183],[-73.81525,41.04195],[-73.81522,41.04199],[-73.81497,41.04226],[-73.81565,41.04273],[-73.81579,41.04283],[-73.81627,41.04328],[-73.81619,41.04378],[-73.81617,41.04395],[-73.81621,41.04397],[-73.81624,41.04401],[-73.81661,41.04522],[-73.81678,41.04581],[-73.8159,41.04596],[-73.81502,41.0461],[-73.81486,41.04576],[-73.81481,41.04581],[-73.81459,41.04568],[-73.81446,41.04559],[-73.81415,41.04539],[-73.81369,41.04509],[-73.81303,41.0458],[-73.81293,41.04561],[-73.81202,41.04578],[-73.81235,41.04645],[-73.81159,41.0469],[-73.81251,41.04707],[-73.81238,41.0472],[-73.81203,41.04762],[-73.81189,41.04779],[-73.81175,41.04793],[-73.81171,41.04796],[-73.81117,41.04838],[-73.81096,41.04854],[-73.8109,41.04883],[-73.81021,41.04973],[-73.80915,41.05117],[-73.80882,41.05163],[-73.80877,41.05168],[-73.80867,41.05181],[-73.80863,41.05187],[-73.80841,41.05216],[-73.80854,41.05243],[-73.80868,41.0527],[-73.80889,41.05353],[-73.80926,41.0556],[-73.80865,41.0569],[-73.80851,41.0569],[-73.80564,41.05703],[-73.80519,41.05706],[-73.8048,41.05707],[-73.80512,41.05789],[-73.80302,41.05949],[-73.80176,41.06058],[-73.80217,41.06119],[-73.80188,41.06121],[-73.8042,41.06188],[-73.80423,41.06255],[-73.80427,41.06445],[-73.80473,41.06444],[-73.80564,41.06443],[-73.80638,41.0644],[-73.80669,41.06438],[-73.80705,41.06436],[-73.80751,41.06433],[-73.80833,41.0643],[-73.80917,41.06425],[-73.81014,41.06417],[-73.81103,41.06411],[-73.81193,41.06396],[-73.81287,41.06364],[-73.81293,41.06367],[-73.81301,41.06365],[-73.81314,41.06356],[-73.81418,41.06356],[-73.8148,41.06386],[-73.81618,41.06371],[-73.81699,41.06266],[-73.81702,41.0626],[-73.8183,41.06281],[-73.8188,41.06292],[-73.8207,41.06316],[-73.82072,41.06322],[-73.82112,41.06382],[-73.82128,41.06405],[-73.8215,41.06439],[-73.82175,41.06464],[-73.82483,41.06489],[-73.82504,41.06491],[-73.8263,41.065],[-73.82649,41.06507],[-73.83161,41.06551],[-73.83242,41.06639],[-73.83452,41.06645],[-73.83513,41.06467],[-73.83593,41.06404],[-73.83785,41.06402],[-73.83804,41.064],[-73.83801,41.06398],[-73.83794,41.06393],[-73.83782,41.06383],[-73.83764,41.06366],[-73.83748,41.06348],[-73.83732,41.06329],[-73.83727,41.06322],[-73.83724,41.06315],[-73.83719,41.06296],[-73.83719,41.06286],[-73.83722,41.06271],[-73.83724,41.06266],[-73.83732,41.06253],[-73.83696,41.06233],[-73.83647,41.06211],[-73.8358,41.06183],[-73.8357,41.0618],[-73.83593,41.06203],[-73.83563,41.06272],[-73.8358,41.06204],[-73.83529,41.06166],[-73.83525,41.0615],[-73.83665,41.05856],[-73.83677,41.05831],[-73.83693,41.05805],[-73.83833,41.05888],[-73.83887,41.05902],[-73.83889,41.05897],[-73.83927,41.05819],[-73.83836,41.05548],[-73.83771,41.05548],[-73.84281,41.04855],[-73.84179,41.04781],[-73.84081,41.0464],[-73.84203,41.04477],[-73.84269,41.04414],[-73.83839,41.04245],[-73.83811,41.04234],[-73.84297,41.03537]]]},"properties":{"name":"CARL L DIXSON ELEMENTARY SCHOOL","schoolId":"361065000839"}},{"type":"Feature","geometry":{"type":"Polygon","coordinates":[[[-73.83498,41.03327],[-73.83518,41.03203],[-73.83453,41.03204],[-73.83452,41.03124],[-73.83127,41.03138],[-73.83131,41.0302],[-73.83152,41.02944],[-73.83161,41.02909],[-73.83176,41.02865],[-73.82722,41.02927],[-73.8268,41.02931],[-73.82669,41.02872],[-73.82636,41.02684],[-73.82688,41.025],[-73.82594,41.02519],[-73.82516,41.02534],[-73.82404,41.02541],[-73.82093,41.02573],[-73.82079,41.02574],[-73.82078,41.02569],[-73.82075,41.02478],[-73.82075,41.02426],[-73.82081,41.02385],[-73.82089,41.02351],[-73.82108,41.02294],[-73.82124,41.02257],[-73.8216,41.02195],[-73.82192,41.02179],[-73.82217,41.02142],[-73.82256,41.02087],[-73.82302,41.02014],[-73.82312,41.02],[-73.82322,41.0199],[-73.82325,41.01989],[-73.82336,41.01986],[-73.82343,41.01982],[-73.82347,41.01978],[-73.82352,41.01973],[-73.82364,41.01961],[-73.82328,41.01954],[-73.82296,41.01947],[-73.82226,41.01933],[-73.82233,41.01925],[-73.82225,41.01923],[-73.82415,41.01723],[-73.82452,41.0173],[-73.82466,41.01733],[-73.82484,41.01735],[-73.82497,41.01736],[-73.82505,41.01738],[-73.82514,41.01738],[-73.82522,41.01738],[-73.82529,41.01739],[-73.82523,41.01729],[-73.8251,41.01708],[-73.82506,41.01702],[-73.825,41.01691],[-73.82716,41.01418],[-73.82775,41.01405],[-73.82805,41.01348],[-73.82787,41.01346],[-73.82751,41.01288],[-73.82747,41.01283],[-73.82694,41.01201],[-73.82656,41.01142],[-73.82658,41.01128],[-73.82668,41.01118],[-73.82673,41.01114],[-73.82684,41.01103],[-73.82733,41.01072],[-73.82765,41.01061],[-73.82787,41.0105],[-73.82775,41.01041],[-73.82766,41.01029],[-73.82759,41.01023],[-73.82752,41.01017],[-73.82693,41.01023],[-73.82636,41.01031],[-73.82118,41.01105],[-73.82128,41.01191],[-73.81848,41.01196],[-73.81617,41.012],[-73.81463,41.01203],[-73.81404,41.01218],[-73.81357,41.0124],[-73.8129,41.01271],[-73.81093,41.01362],[-73.8101,41.01324],[-73.80848,41.01252],[-73.8081,41.01157],[-73.80775,41.01137],[-73.80796,41.01113],[-73.80751,41.0109],[-73.80626,41.01036],[-73.80455,41.00865],[-73.80275,41.00971],[-73.80249,41.00986],[-73.80212,41.0101],[-73.80093,41.01087],[-73.80069,41.01104],[-73.80044,41.01121],[-73.80022,41.01135],[-73.80005,41.01119],[-73.80026,41.01107],[-73.80057,41.01086],[-73.79962,41.01059],[-73.79846,41.01025],[-73.79828,41.0102],[-73.79758,41.01],[-73.79704,41.00984],[-73.79685,41.00978],[-73.79658,41.00971],[-73.79655,41.00975],[-73.79643,41.00986],[-73.79603,41.0101],[-73.79595,41.01014],[-73.79585,41.01022],[-73.79562,41.01045],[-73.79533,41.01084],[-73.7951,41.01117],[-73.79504,41.01125],[-73.7947,41.01173],[-73.79381,41.01285],[-73.79369,41.01295],[-73.79347,41.01303],[-73.79325,41.01307],[-73.7931,41.01312],[-73.79292,41.01322],[-73.79232,41.01369],[-73.79139,41.01449],[-73.79091,41.01489],[-73.78997,41.01544],[-73.78983,41.01559],[-73.78976,41.01572],[-73.78943,41.01665],[-73.7893,41.01704],[-73.78928,41.01735],[-73.78927,41.01748],[-73.78927,41.01762],[-73.78925,41.01773],[-73.78882,41.01823],[-73.78874,41.01833],[-73.78802,41.01901],[-73.78657,41.02048],[-73.78658,41.0205],[-73.7866,41.02055],[-73.78688,41.0212],[-73.78638,41.02171],[-73.7856,41.02158],[-73.78529,41.02153],[-73.78512,41.02204],[-73.78545,41.02248],[-73.78613,41.02355],[-73.78676,41.02506],[-73.787,41.02518],[-73.78759,41.02501],[-73.7878,41.02562],[-73.78798,41.02607],[-73.78805,41.02629],[-73.78869,41.02722],[-73.78978,41.02902],[-73.78985,41.02914],[-73.78742,41.03275],[-73.78692,41.03303],[-73.78639,41.03375],[-73.78613,41.03403],[-73.786,41.03414],[-73.78549,41.03456],[-73.78507,41.03492],[-73.78476,41.03519],[-73.78331,41.03643],[-73.78324,41.0365],[-73.78304,41.03653],[-73.78261,41.03658],[-73.78248,41.0366],[-73.78209,41.03663],[-73.7818,41.03721],[-73.78162,41.03728],[-73.78131,41.03738],[-73.78108,41.03754],[-73.7809,41.03766],[-73.78077,41.03775],[-73.78056,41.03796],[-73.78048,41.03801],[-73.7804,41.03803],[-73.78032,41.03803],[-73.78014,41.03798],[-73.78,41.03795],[-73.77986,41.03794],[-73.77974,41.03795],[-73.77965,41.03798],[-73.77958,41.03803],[-73.77952,41.03809],[-73.77948,41.03816],[-73.77942,41.03819],[-73.77934,41.03822],[-73.77923,41.03823],[-73.7791,41.03821],[-73.77857,41.03809],[-73.77791,41.03793],[-73.77753,41.03785],[-73.7775,41.03796],[-73.77726,41.03841],[-73.77719,41.03861],[-73.77714,41.0388],[-73.77714,41.03894],[-73.77718,41.03936],[-73.77717,41.03945],[-73.77726,41.03955],[-73.77808,41.0405],[-73.77799,41.04135],[-73.7775,41.04209],[-73.77682,41.04222],[-73.77624,41.04232],[-73.77609,41.04278],[-73.77599,41.043],[-73.77576,41.04335],[-73.77547,41.04374],[-73.77535,41.04398],[-73.77534,41.04404],[-73.77529,41.04422],[-73.77512,41.04494],[-73.77485,41.04581],[-73.7748,41.04599],[-73.77477,41.04612],[-73.77471,41.0463],[-73.77457,41.04656],[-73.77455,41.04662],[-73.77455,41.04671],[-73.77467,41.04699],[-73.77469,41.04708],[-73.77483,41.04804],[-73.77487,41.04815],[-73.77494,41.04824],[-73.77498,41.04828],[-73.77503,41.04832],[-73.77509,41.04835],[-73.77519,41.04839],[-73.77525,41.04844],[-73.77533,41.04856],[-73.77542,41.04875],[-73.77551,41.04909],[-73.77498,41.0495],[-73.77491,41.04951],[-73.77481,41.04951],[-73.77407,41.04951],[-73.77333,41.05142],[-73.7719,41.05326],[-73.77225,41.05429],[-73.77234,41.05408],[-73.77244,41.05428],[-73.77244,41.05431],[-73.77247,41.05453],[-73.7725,41.05485],[-73.77247,41.05515],[-73.77244,41.05548],[-73.77239,41.05589],[-73.77238,41.05601],[-73.7723,41.0562],[-73.77226,41.05631],[-73.77217,41.0564],[-73.77334,41.05628],[-73.77385,41.05622],[-73.77397,41.05621],[-73.77481,41.05613],[-73.77574,41.05597],[-73.77671,41.0557],[-73.77733,41.05573],[-73.77857,41.05554],[-73.78111,41.05533],[-73.78172,41.05524],[-73.78871,41.05448],[-73.79236,41.05381],[-73.79541,41.05323],[-73.79982,41.05275],[-73.79969,41.05289],[-73.79906,41.05349],[-73.79854,41.05401],[-73.79812,41.05442],[-73.79801,41.05457],[-73.79795,41.0547],[-73.79792,41.05482],[-73.79792,41.05507],[-73.79797,41.05537],[-73.79805,41.05562],[-73.79809,41.05574],[-73.79811,41.05581],[-73.80269,41.05544],[-73.80411,41.05535],[-73.8048,41.05707],[-73.80519,41.05706],[-73.80564,41.05703],[-73.80851,41.0569],[-73.80865,41.0569],[-73.80926,41.0556],[-73.80889,41.05353],[-73.80868,41.0527],[-73.80854,41.05243],[-73.80841,41.05216],[-73.80863,41.05187],[-73.80867,41.05181],[-73.80877,41.05168],[-73.80882,41.05163],[-73.80915,41.05117],[-73.81021,41.04973],[-73.8109,41.04883],[-73.81096,41.04854],[-73.81117,41.04838],[-73.81171,41.04796],[-73.81175,41.04793],[-73.81189,41.04779],[-73.81203,41.04762],[-73.81238,41.0472],[-73.81251,41.04707],[-73.81159,41.0469],[-73.81235,41.04645],[-73.81202,41.04578],[-73.81293,41.04561],[-73.81303,41.0458],[-73.81369,41.04509],[-73.81415,41.04539],[-73.81446,41.04559],[-73.81459,41.04568],[-73.81481,41.04581],[-73.81486,41.04576],[-73.81502,41.0461],[-73.8159,41.04596],[-73.81678,41.04581],[-73.81661,41.04522],[-73.81624,41.04401],[-73.81621,41.04397],[-73.81617,41.04395],[-73.81619,41.04378],[-73.81627,41.04328],[-73.81579,41.04283],[-73.81565,41.04273],[-73.81497,41.04226],[-73.81522,41.04199],[-73.81525,41.04195],[-73.81527,41.04183],[-73.81524,41.04166],[-73.81559,41.04164],[-73.81578,41.04163],[-73.81703,41.04156],[-73.81896,41.04144],[-73.81895,41.04129],[-73.81896,41.04124],[-73.81904,41.04106],[-73.81903,41.04099],[-73.81901,41.04094],[-73.81899,41.04093],[-73.82007,41.04066],[-73.82351,41.04025],[-73.82477,41.0401],[-73.82584,41.03818],[-73.82637,41.03724],[-73.82846,41.03702],[-73.82949,41.03642],[-73.82943,41.03513],[-73.82938,41.03431],[-73.82958,41.0343],[-73.83088,41.03425],[-73.83182,41.0342],[-73.83302,41.03413],[-73.83361,41.03406],[-73.83385,41.03403],[-73.8349,41.03394],[-73.83498,41.03327]]]},"properties":{"name":"HIGHVIEW SCHOOL","schoolId":"361272001045"}},{"type":"Feature","geometry":{"type":"Polygon","coordinates":[[[-73.83498,41.03327],[-73.83518,41.03203],[-73.83453,41.03204],[-73.83452,41.03124],[-73.83127,41.03138],[-73.83131,41.0302],[-73.83152,41.02944],[-73.83161,41.02909],[-73.83176,41.02865],[-73.82722,41.02927],[-73.8268,41.02931],[-73.82669,41.02872],[-73.82636,41.02684],[-73.82688,41.025],[-73.82594,41.02519],[-73.82516,41.02534],[-73.82404,41.02541],[-73.82093,41.02573],[-73.82079,41.02574],[-73.82078,41.02569],[-73.82075,41.02478],[-73.82075,41.02426],[-73.82081,41.02385],[-73.82089,41.02351],[-73.82108,41.02294],[-73.82124,41.02257],[-73.8216,41.02195],[-73.82192,41.02179],[-73.82217,41.02142],[-73.82256,41.02087],[-73.82302,41.02014],[-73.82312,41.02],[-73.82322,41.0199],[-73.82325,41.01989],[-73.82336,41.01986],[-73.82343,41.01982],[-73.82347,41.01978],[-73.82352,41.01973],[-73.82364,41.01961],[-73.82328,41.01954],[-73.82296,41.01947],[-73.82226,41.01933],[-73.82233,41.01925],[-73.82225,41.01923],[-73.82415,41.01723],[-73.82452,41.0173],[-73.82466,41.01733],[-73.82484,41.01735],[-73.82497,41.01736],[-73.82505,41.01738],[-73.82514,41.01738],[-73.82522,41.01738],[-73.82529,41.01739],[-73.82523,41.01729],[-73.8251,41.01708],[-73.82506,41.01702],[-73.825,41.01691],[-73.82716,41.01418],[-73.82775,41.01405],[-73.82805,41.01348],[-73.82787,41.01346],[-73.82751,41.01288],[-73.82747,41.01283],[-73.82694,41.01201],[-73.82656,41.01142],[-73.82658,41.01128],[-73.82668,41.01118],[-73.82673,41.01114],[-73.82684,41.01103],[-73.82733,41.01072],[-73.82765,41.01061],[-73.82787,41.0105],[-73.82775,41.01041],[-73.82766,41.01029],[-73.82759,41.01023],[-73.82752,41.01017],[-73.82693,41.01023],[-73.82636,41.01031],[-73.82118,41.01105],[-73.82128,41.01191],[-73.81848,41.01196],[-73.81617,41.012],[-73.81463,41.01203],[-73.81404,41.01218],[-73.81357,41.0124],[-73.8129,41.01271],[-73.81093,41.01362],[-73.8101,41.01324],[-73.80848,41.01252],[-73.8081,41.01157],[-73.80775,41.01137],[-73.80796,41.01113],[-73.80751,41.0109],[-73.80626,41.01036],[-73.80455,41.00865],[-73.80275,41.00971],[-73.80249,41.00986],[-73.80212,41.0101],[-73.80093,41.01087],[-73.80069,41.01104],[-73.80044,41.01121],[-73.80022,41.01135],[-73.80005,41.01119],[-73.80026,41.01107],[-73.80057,41.01086],[-73.79962,41.01059],[-73.79846,41.01025],[-73.79828,41.0102],[-73.79758,41.01],[-73.79704,41.00984],[-73.79685,41.00978],[-73.79658,41.00971],[-73.79655,41.00975],[-73.79643,41.00986],[-73.79603,41.0101],[-73.79595,41.01014],[-73.79585,41.01022],[-73.79562,41.01045],[-73.79533,41.01084],[-73.7951,41.01117],[-73.79504,41.01125],[-73.7947,41.01173],[-73.79381,41.01285],[-73.79369,41.01295],[-73.79347,41.01303],[-73.79325,41.01307],[-73.7931,41.01312],[-73.79292,41.01322],[-73.79232,41.01369],[-73.79139,41.01449],[-73.79091,41.01489],[-73.78997,41.01544],[-73.78983,41.01559],[-73.78976,41.01572],[-73.78943,41.01665],[-73.7893,41.01704],[-73.78928,41.01735],[-73.78927,41.01748],[-73.78927,41.01762],[-73.78925,41.01773],[-73.78882,41.01823],[-73.78874,41.01833],[-73.78802,41.01901],[-73.78657,41.02048],[-73.78658,41.0205],[-73.7866,41.02055],[-73.78688,41.0212],[-73.78638,41.02171],[-73.7856,41.02158],[-73.78529,41.02153],[-73.78512,41.02204],[-73.78545,41.02248],[-73.78613,41.02355],[-73.78676,41.02506],[-73.787,41.02518],[-73.78759,41.02501],[-73.7878,41.02562],[-73.78798,41.02607],[-73.78805,41.02629],[-73.78869,41.02722],[-73.78978,41.02902],[-73.78985,41.02914],[-73.78742,41.03275],[-73.78692,41.03303],[-73.78639,41.03375],[-73.78613,41.03403],[-73.786,41.03414],[-73.78549,41.03456],[-73.78507,41.03492],[-73.78476,41.03519],[-73.78331,41.03643],[-73.78324,41.0365],[-73.78304,41.03653],[-73.78261,41.03658],[-73.78248,41.0366],[-73.78209,41.03663],[-73.7818,41.03721],[-73.78162,41.03728],[-73.78131,41.03738],[-73.78108,41.03754],[-73.7809,41.03766],[-73.78077,41.03775],[-73.78056,41.03796],[-73.78048,41.03801],[-73.7804,41.03803],[-73.78032,41.03803],[-73.78014,41.03798],[-73.78,41.03795],[-73.77986,41.03794],[-73.77974,41.03795],[-73.77965,41.03798],[-73.77958,41.03803],[-73.77952,41.03809],[-73.77948,41.03816],[-73.77942,41.03819],[-73.77934,41.03822],[-73.77923,41.03823],[-73.7791,41.03821],[-73.77857,41.03809],[-73.77791,41.03793],[-73.77753,41.03785],[-73.7775,41.03796],[-73.77726,41.03841],[-73.77719,41.03861],[-73.77714,41.0388],[-73.77714,41.03894],[-73.77718,41.03936],[-73.77717,41.03945],[-73.77726,41.03955],[-73.77808,41.0405],[-73.77799,41.04135],[-73.7775,41.04209],[-73.77682,41.04222],[-73.77624,41.04232],[-73.77609,41.04278],[-73.77599,41.043],[-73.77576,41.04335],[-73.77547,41.04374],[-73.77535,41.04398],[-73.77534,41.04404],[-73.77529,41.04422],[-73.77512,41.04494],[-73.77485,41.04581],[-73.7748,41.04599],[-73.77477,41.04612],[-73.77471,41.0463],[-73.77457,41.04656],[-73.77455,41.04662],[-73.77455,41.04671],[-73.77467,41.04699],[-73.77469,41.04708],[-73.77483,41.04804],[-73.77487,41.04815],[-73.77494,41.04824],[-73.77498,41.04828],[-73.77503,41.04832],[-73.77509,41.04835],[-73.77519,41.04839],[-73.77525,41.04844],[-73.77533,41.04856],[-73.77542,41.04875],[-73.77551,41.04909],[-73.77498,41.0495],[-73.77491,41.04951],[-73.77481,41.04951],[-73.77407,41.04951],[-73.77333,41.05142],[-73.7719,41.05326],[-73.77225,41.05429],[-73.77234,41.05408],[-73.77244,41.05428],[-73.77244,41.05431],[-73.77247,41.05453],[-73.7725,41.05485],[-73.77247,41.05515],[-73.77244,41.05548],[-73.77239,41.05589],[-73.77238,41.05601],[-73.7723,41.0562],[-73.77226,41.05631],[-73.77217,41.0564],[-73.77334,41.05628],[-73.77385,41.05622],[-73.77397,41.05621],[-73.77481,41.05613],[-73.77574,41.05597],[-73.77671,41.0557],[-73.77733,41.05573],[-73.77857,41.05554],[-73.78111,41.05533],[-73.78172,41.05524],[-73.78871,41.05448],[-73.79236,41.05381],[-73.79541,41.05323],[-73.79982,41.05275],[-73.79969,41.05289],[-73.79906,41.05349],[-73.79854,41.05401],[-73.79812,41.05442],[-73.79801,41.05457],[-73.79795,41.0547],[-73.79792,41.05482],[-73.79792,41.05507],[-73.79797,41.05537],[-73.79805,41.05562],[-73.79809,41.05574],[-73.79811,41.05581],[-73.80269,41.05544],[-73.80411,41.05535],[-73.8048,41.05707],[-73.80519,41.05706],[-73.80564,41.05703],[-73.80851,41.0569],[-73.80865,41.0569],[-73.80926,41.0556],[-73.80889,41.05353],[-73.80868,41.0527],[-73.80854,41.05243],[-73.80841,41.05216],[-73.80863,41.05187],[-73.80867,41.05181],[-73.80877,41.05168],[-73.80882,41.05163],[-73.80915,41.05117],[-73.81021,41.04973],[-73.8109,41.04883],[-73.81096,41.04854],[-73.81117,41.04838],[-73.81171,41.04796],[-73.81175,41.04793],[-73.81189,41.04779],[-73.81203,41.04762],[-73.81238,41.0472],[-73.81251,41.04707],[-73.81159,41.0469],[-73.81235,41.04645],[-73.81202,41.04578],[-73.81293,41.04561],[-73.81303,41.0458],[-73.81369,41.04509],[-73.81415,41.04539],[-73.81446,41.04559],[-73.81459,41.04568],[-73.81481,41.04581],[-73.81486,41.04576],[-73.81502,41.0461],[-73.8159,41.04596],[-73.81678,41.04581],[-73.81661,41.04522],[-73.81624,41.04401],[-73.81621,41.04397],[-73.81617,41.04395],[-73.81619,41.04378],[-73.81627,41.04328],[-73.81579,41.04283],[-73.81565,41.04273],[-73.81497,41.04226],[-73.81522,41.04199],[-73.81525,41.04195],[-73.81527,41.04183],[-73.81524,41.04166],[-73.81559,41.04164],[-73.81578,41.04163],[-73.81703,41.04156],[-73.81896,41.04144],[-73.81895,41.04129],[-73.81896,41.04124],[-73.81904,41.04106],[-73.81903,41.04099],[-73.81901,41.04094],[-73.81899,41.04093],[-73.82007,41.04066],[-73.82351,41.04025],[-73.82477,41.0401],[-73.82584,41.03818],[-73.82637,41.03724],[-73.82846,41.03702],[-73.82949,41.03642],[-73.82943,41.03513],[-73.82938,41.03431],[-73.82958,41.0343],[-73.83088,41.03425],[-73.83182,41.0342],[-73.83302,41.03413],[-73.83361,41.03406],[-73.83385,41.03403],[-73.8349,41.03394],[-73.83498,41.03327]]]},"properties":{"name":"LEE F JACKSON SCHOOL","schoolId":"361272001046"}},{"type":"Feature","geometry":{"type":"Polygon","coordinates":[[[-73.71435,41.0095],[-73.71443,41.00994],[-73.71576,41.00988],[-73.71739,41.00965],[-73.71765,41.00929],[-73.71851,41.0092],[-73.71876,41.00916],[-73.71889,41.00888],[-73.71952,41.00903],[-73.71953,41.009],[-73.71954,41.00882],[-73.71955,41.00879],[-73.71959,41.00863],[-73.71972,41.00829],[-73.71982,41.00808],[-73.71987,41.00797],[-73.72017,41.00763],[-73.7203,41.00735],[-73.72035,41.00726],[-73.72035,41.00726],[-73.72035,41.00724],[-73.72034,41.00717],[-73.72034,41.00713],[-73.72028,41.00703],[-73.72023,41.00696],[-73.72022,41.00696],[-73.7202,41.00686],[-73.7202,41.00684],[-73.72021,41.00681],[-73.72022,41.00676],[-73.72023,41.00675],[-73.72035,41.00648],[-73.72043,41.00632],[-73.72052,41.00614],[-73.72061,41.00603],[-73.7207,41.00597],[-73.72071,41.00596],[-73.72075,41.00593],[-73.72089,41.00585],[-73.72098,41.00578],[-73.72104,41.00567],[-73.72106,41.00562],[-73.72121,41.00515],[-73.72125,41.0051],[-73.72156,41.0047],[-73.72168,41.00452],[-73.7217,41.00449],[-73.72172,41.00444],[-73.72174,41.00437],[-73.72174,41.00436],[-73.72173,41.00417],[-73.72173,41.0041],[-73.72173,41.00404],[-73.72174,41.00398],[-73.72176,41.00391],[-73.72176,41.00391],[-73.72186,41.00376],[-73.72192,41.00369],[-73.72198,41.00363],[-73.72201,41.00359],[-73.72223,41.00342],[-73.72235,41.00334],[-73.72239,41.00332],[-73.72239,41.00332],[-73.72273,41.00314],[-73.72277,41.0031],[-73.72277,41.0031],[-73.72294,41.00293],[-73.72306,41.00281],[-73.72306,41.0028],[-73.72307,41.00279],[-73.72317,41.00249],[-73.72323,41.00243],[-73.72323,41.00243],[-73.72327,41.00238],[-73.72374,41.0021],[-73.72375,41.00209],[-73.72389,41.00203],[-73.72408,41.00195],[-73.72414,41.0019],[-73.7242,41.00186],[-73.72427,41.00177],[-73.72428,41.00177],[-73.72461,41.00147],[-73.72507,41.00107],[-73.72512,41.00103],[-73.72531,41.00087],[-73.72533,41.00085],[-73.72594,41.00039],[-73.72627,41.00005],[-73.72696,40.99949],[-73.72701,40.99945],[-73.72706,40.9994],[-73.72711,40.99937],[-73.72714,40.99934],[-73.72745,40.9991],[-73.7298,40.99631],[-73.72984,40.99627],[-73.72984,40.99626],[-73.73005,40.99552],[-73.73036,40.99483],[-73.73057,40.99458],[-73.73083,40.99427],[-73.73182,40.99308],[-73.73229,40.99252],[-73.73271,40.99201],[-73.73311,40.99163],[-73.73505,40.9898],[-73.73559,40.9893],[-73.73558,40.98913],[-73.73556,40.98885],[-73.73553,40.98846],[-73.73553,40.98836],[-73.73554,40.9883],[-73.73558,40.98819],[-73.73558,40.98819],[-73.73568,40.98809],[-73.7358,40.988],[-73.7358,40.988],[-73.73582,40.98798],[-73.73588,40.9879],[-73.73589,40.98779],[-73.73588,40.98771],[-73.73588,40.98771],[-73.73582,40.98743],[-73.73585,40.98729],[-73.73586,40.98727],[-73.73586,40.98727],[-73.73589,40.9872],[-73.73595,40.98716],[-73.73601,40.98716],[-73.73614,40.98716],[-73.73621,40.98717],[-73.73634,40.98718],[-73.73663,40.98718],[-73.73668,40.98718],[-73.73675,40.98717],[-73.73679,40.98716],[-73.73687,40.98712],[-73.7369,40.9871],[-73.73699,40.98702],[-73.73703,40.98694],[-73.73704,40.98692],[-73.73706,40.9868],[-73.73706,40.9868],[-73.73709,40.98662],[-73.7371,40.98661],[-73.73713,40.98657],[-73.73718,40.98654],[-73.73728,40.98654],[-73.73728,40.98654],[-73.73735,40.98652],[-73.73735,40.98652],[-73.73735,40.98652],[-73.73735,40.98652],[-73.73739,40.98652],[-73.73751,40.98644],[-73.7376,40.98634],[-73.73779,40.98607],[-73.73782,40.98605],[-73.73784,40.98603],[-73.73784,40.98603],[-73.73789,40.98597],[-73.73796,40.9858],[-73.738,40.98574],[-73.738,40.98574],[-73.73802,40.9857],[-73.73803,40.9857],[-73.73811,40.98565],[-73.73816,40.98562],[-73.73816,40.98562],[-73.73826,40.98558],[-73.73838,40.98552],[-73.73838,40.98552],[-73.7384,40.9855],[-73.73843,40.98549],[-73.73843,40.98549],[-73.73851,40.98545],[-73.73856,40.98541],[-73.73866,40.98535],[-73.73879,40.9852],[-73.7388,40.98518],[-73.73885,40.98511],[-73.73885,40.98511],[-73.73887,40.98507],[-73.73899,40.98498],[-73.73921,40.98487],[-73.73925,40.98482],[-73.73933,40.98474],[-73.73962,40.9846],[-73.73965,40.98459],[-73.73975,40.98456],[-73.73977,40.98455],[-73.73977,40.98455],[-73.73989,40.9845],[-73.73999,40.98442],[-73.74018,40.98421],[-73.74018,40.98421],[-73.74018,40.98421],[-73.74021,40.98417],[-73.74043,40.98406],[-73.74056,40.984],[-73.74056,40.984],[-73.74073,40.98387],[-73.74083,40.9838],[-73.74096,40.98371],[-73.74105,40.98365],[-73.74105,40.98365],[-73.74096,40.98353],[-73.74093,40.98337],[-73.74094,40.98331],[-73.74095,40.98325],[-73.74095,40.98325],[-73.74096,40.98322],[-73.74098,40.98318],[-73.74101,40.98315],[-73.74102,40.98313],[-73.74103,40.98313],[-73.74103,40.98313],[-73.74115,40.98302],[-73.74116,40.98302],[-73.74118,40.983],[-73.74118,40.983],[-73.74125,40.98297],[-73.74131,40.98296],[-73.74132,40.98296],[-73.74132,40.98296],[-73.74133,40.98295],[-73.74133,40.98295],[-73.74143,40.98295],[-73.74152,40.98295],[-73.74152,40.98295],[-73.74154,40.98295],[-73.74154,40.98295],[-73.74222,40.98305],[-73.74261,40.98307],[-73.74277,40.98305],[-73.7429,40.98304],[-73.74307,40.983],[-73.74307,40.983],[-73.74307,40.983],[-73.74332,40.98294],[-73.74346,40.98291],[-73.74346,40.98291],[-73.74363,40.98287],[-73.7438,40.98282],[-73.74389,40.98283],[-73.74392,40.98284],[-73.74393,40.98284],[-73.74394,40.98285],[-73.74397,40.98286],[-73.74401,40.98287],[-73.74403,40.98287],[-73.74406,40.98288],[-73.74414,40.9829],[-73.74416,40.98289],[-73.74426,40.98286],[-73.74427,40.98285],[-73.74434,40.98282],[-73.74437,40.9828],[-73.74439,40.98279],[-73.74447,40.98274],[-73.74458,40.98267],[-73.74462,40.98262],[-73.74462,40.98261],[-73.74462,40.98259],[-73.74466,40.98245],[-73.74451,40.98237],[-73.7444,40.9823],[-73.74438,40.98228],[-73.74435,40.98227],[-73.74429,40.98212],[-73.74429,40.98209],[-73.74429,40.98209],[-73.74428,40.98187],[-73.74429,40.98131],[-73.74429,40.98131],[-73.74429,40.98127],[-73.74429,40.98127],[-73.7444,40.98112],[-73.74462,40.9809],[-73.74473,40.98061],[-73.74473,40.98061],[-73.74475,40.98057],[-73.74475,40.98057],[-73.74475,40.98044],[-73.74475,40.98031],[-73.74475,40.98023],[-73.74458,40.97983],[-73.74445,40.97948],[-73.74429,40.97918],[-73.74429,40.97918],[-73.74413,40.97889],[-73.7441,40.97875],[-73.74415,40.97842],[-73.74419,40.97825],[-73.74419,40.97825],[-73.7442,40.97821],[-73.7442,40.97819],[-73.7442,40.97819],[-73.74416,40.97797],[-73.74377,40.97742],[-73.74373,40.97733],[-73.74372,40.9773],[-73.7437,40.97725],[-73.74361,40.97699],[-73.74359,40.97668],[-73.7436,40.97667],[-73.7436,40.97667],[-73.74363,40.9766],[-73.74372,40.97656],[-73.74373,40.97655],[-73.74416,40.97652],[-73.7442,40.9765],[-73.74423,40.97641],[-73.74422,40.9763],[-73.74413,40.97621],[-73.74412,40.97621],[-73.7439,40.97613],[-73.7439,40.97613],[-73.74388,40.97612],[-73.74375,40.97606],[-73.74375,40.97606],[-73.74368,40.97603],[-73.74366,40.97599],[-73.74366,40.97599],[-73.74363,40.97593],[-73.74355,40.97564],[-73.74351,40.97547],[-73.74351,40.97547],[-73.74343,40.97516],[-73.74344,40.97506],[-73.74344,40.97506],[-73.74345,40.97497],[-73.7435,40.97486],[-73.74351,40.97484],[-73.74357,40.97478],[-73.74357,40.97478],[-73.74368,40.97468],[-73.74393,40.97454],[-73.74393,40.97454],[-73.74402,40.97449],[-73.74416,40.97436],[-73.74416,40.97435],[-73.74419,40.97417],[-73.74411,40.97401],[-73.74411,40.97401],[-73.7441,40.974],[-73.74385,40.97381],[-73.74385,40.97381],[-73.74372,40.97371],[-73.74372,40.97371],[-73.74363,40.97354],[-73.74363,40.97217],[-73.74363,40.97181],[-73.74363,40.97174],[-73.74365,40.97143],[-73.74359,40.97128],[-73.74359,40.97128],[-73.74342,40.97115],[-73.74327,40.97101],[-73.74323,40.97098],[-73.74317,40.97091],[-73.74314,40.97086],[-73.74308,40.97073],[-73.74308,40.97068],[-73.74309,40.97047],[-73.74317,40.97024],[-73.74325,40.97003],[-73.7433,40.96991],[-73.74336,40.96976],[-73.74339,40.96968],[-73.74341,40.96962],[-73.74343,40.96951],[-73.74342,40.96938],[-73.74342,40.9693],[-73.74341,40.96928],[-73.74318,40.96904],[-73.74297,40.96892],[-73.74292,40.9689],[-73.74288,40.96887],[-73.74288,40.96887],[-73.74278,40.96882],[-73.74265,40.96874],[-73.74226,40.96857],[-73.74226,40.96857],[-73.7422,40.96855],[-73.74219,40.96854],[-73.74169,40.96844],[-73.74158,40.96842],[-73.74151,40.96842],[-73.74147,40.96841],[-73.74141,40.96841],[-73.74129,40.9684],[-73.74092,40.96839],[-73.74081,40.96838],[-73.74059,40.96835],[-73.74059,40.96835],[-73.74053,40.96832],[-73.74053,40.96832],[-73.74039,40.96824],[-73.7402,40.96806],[-73.73994,40.9679],[-73.73979,40.96788],[-73.73964,40.96785],[-73.73939,40.96784],[-73.73932,40.96784],[-73.73914,40.96789],[-73.73901,40.96792],[-73.7389,40.96802],[-73.73874,40.96817],[-73.73849,40.96842],[-73.73849,40.96843],[-73.73849,40.96843],[-73.73834,40.96878],[-73.73833,40.96879],[-73.73826,40.96886],[-73.73816,40.9689],[-73.73809,40.96889],[-73.73804,40.96888],[-73.73796,40.96887],[-73.7379,40.96883],[-73.73775,40.96874],[-73.73768,40.96873],[-73.73755,40.9687],[-73.73744,40.9687],[-73.73717,40.96876],[-73.73704,40.96884],[-73.73703,40.96885],[-73.73696,40.9689],[-73.73682,40.969],[-73.73674,40.96906],[-73.73673,40.96907],[-73.73667,40.96917],[-73.73661,40.96926],[-73.73661,40.96926],[-73.73654,40.96935],[-73.73652,40.96937],[-73.73643,40.96939],[-73.73636,40.96937],[-73.73632,40.96935],[-73.73632,40.96935],[-73.73626,40.96931],[-73.73619,40.96919],[-73.73619,40.96919],[-73.73618,40.96917],[-73.73618,40.96917],[-73.73608,40.96887],[-73.73603,40.96877],[-73.73597,40.96872],[-73.73595,40.9687],[-73.73591,40.96869],[-73.73588,40.96869],[-73.73564,40.96867],[-73.73535,40.96865],[-73.73501,40.96861],[-73.73496,40.96861],[-73.73489,40.9686],[-73.73475,40.96854],[-73.73465,40.96846],[-73.73456,40.96842],[-73.7345,40.9684],[-73.7345,40.96839],[-73.73446,40.96838],[-73.73421,40.96837],[-73.7339,40.96835],[-73.73226,40.96824],[-73.7321,40.96823],[-73.73184,40.96809],[-73.73157,40.96799],[-73.73147,40.96797],[-73.73132,40.96793],[-73.7313,40.96792],[-73.73122,40.96787],[-73.73114,40.96778],[-73.73111,40.96768],[-73.73111,40.96768],[-73.7311,40.96766],[-73.7311,40.96766],[-73.73104,40.96753],[-73.731,40.96747],[-73.73097,40.96741],[-73.73096,40.96739],[-73.73095,40.96737],[-73.73097,40.96659],[-73.73095,40.96644],[-73.7309,40.96637],[-73.7309,40.96637],[-73.73089,40.96636],[-73.73079,40.9662],[-73.73078,40.96618],[-73.73067,40.96601],[-73.73069,40.96582],[-73.7307,40.96575],[-73.7307,40.96575],[-73.7307,40.96575],[-73.73071,40.96566],[-73.73068,40.96545],[-73.73059,40.96517],[-73.73046,40.96484],[-73.7304,40.96463],[-73.7304,40.96463],[-73.73034,40.96443],[-73.73029,40.96428],[-73.73026,40.96417],[-73.73024,40.96411],[-73.73023,40.96394],[-73.73023,40.96394],[-73.73032,40.96383],[-73.73031,40.96383],[-73.73028,40.96383],[-73.72983,40.96381],[-73.72968,40.96377],[-73.72901,40.96354],[-73.72901,40.96354],[-73.72773,40.96311],[-73.72773,40.96312],[-73.72773,40.96316],[-73.72774,40.96347],[-73.72731,40.96389],[-73.72692,40.96424],[-73.72601,40.96506],[-73.72573,40.9649],[-73.72534,40.96501],[-73.72541,40.96544],[-73.72556,40.96631],[-73.72559,40.96709],[-73.7256,40.96743],[-73.72541,40.96782],[-73.72514,40.96865],[-73.72492,40.96941],[-73.72484,40.9696],[-73.72452,40.97008],[-73.72422,40.97049],[-73.72341,40.97087],[-73.72302,40.97091],[-73.72241,40.971],[-73.72179,40.97107],[-73.72131,40.9711],[-73.72087,40.97111],[-73.72048,40.97124],[-73.71959,40.97129],[-73.71871,40.97135],[-73.71817,40.97138],[-73.71714,40.97145],[-73.71689,40.97146],[-73.71635,40.97151],[-73.71564,40.97159],[-73.71499,40.97165],[-73.71472,40.97162],[-73.7133,40.97191],[-73.71321,40.97133],[-73.7131,40.97071],[-73.71293,40.96981],[-73.71287,40.9696],[-73.71263,40.96961],[-73.71155,40.96981],[-73.70924,40.97023],[-73.7091,40.97053],[-73.7091,40.97053],[-73.70892,40.97089],[-73.70892,40.97092],[-73.70891,40.97095],[-73.70885,40.97102],[-73.70883,40.97104],[-73.70883,40.97112],[-73.70883,40.97112],[-73.70872,40.97123],[-73.70803,40.972],[-73.70775,40.97231],[-73.70731,40.97273],[-73.70725,40.97279],[-73.70712,40.97291],[-73.70673,40.97328],[-73.70646,40.97354],[-73.70627,40.974],[-73.70627,40.974],[-73.70604,40.97455],[-73.70601,40.97458],[-73.70601,40.97458],[-73.70601,40.97458],[-73.70594,40.97468],[-73.70521,40.9758],[-73.70506,40.97603],[-73.70494,40.97622],[-73.70468,40.9766],[-73.70467,40.97661],[-73.70188,40.9807],[-73.70187,40.98071],[-73.70183,40.98084],[-73.70182,40.98087],[-73.7018,40.98091],[-73.7018,40.98092],[-73.70177,40.98088],[-73.70172,40.98081],[-73.70172,40.98082],[-73.70153,40.98144],[-73.70138,40.98193],[-73.7013,40.98217],[-73.70091,40.98342],[-73.70084,40.98353],[-73.70071,40.98371],[-73.70058,40.9839],[-73.69896,40.98578],[-73.69896,40.98578],[-73.69863,40.98617],[-73.69857,40.98626],[-73.69857,40.98626],[-73.69808,40.98695],[-73.69806,40.98699],[-73.69802,40.98705],[-73.69731,40.98789],[-73.69731,40.98789],[-73.69609,40.98935],[-73.69256,40.99026],[-73.68935,40.99102],[-73.68864,40.99123],[-73.68864,40.99123],[-73.68803,40.99142],[-73.68748,40.99158],[-73.68603,40.99202],[-73.68604,40.99206],[-73.68604,40.99209],[-73.68608,40.99216],[-73.68609,40.99218],[-73.68611,40.99221],[-73.68614,40.99225],[-73.68631,40.99246],[-73.68639,40.99259],[-73.68645,40.99266],[-73.68645,40.99266],[-73.68648,40.99272],[-73.68648,40.99276],[-73.68648,40.99279],[-73.68648,40.99281],[-73.68648,40.99284],[-73.68648,40.99288],[-73.68645,40.99296],[-73.68645,40.9931],[-73.68645,40.9931],[-73.68646,40.99319],[-73.68647,40.99324],[-73.68648,40.99331],[-73.68656,40.99344],[-73.68656,40.99344],[-73.68657,40.99346],[-73.68663,40.99362],[-73.68668,40.99374],[-73.68667,40.99385],[-73.68666,40.99387],[-73.68663,40.99391],[-73.68704,40.99419],[-73.68736,40.99443],[-73.68893,40.99559],[-73.68953,40.99588],[-73.69076,40.99611],[-73.69173,40.99618],[-73.6921,40.99628],[-73.69261,40.99746],[-73.69291,40.99876],[-73.69311,40.99935],[-73.69357,41.0007],[-73.69367,41.00096],[-73.69424,41.00214],[-73.695,41.00354],[-73.69546,41.00431],[-73.69648,41.00418],[-73.69767,41.00404],[-73.69851,41.00406],[-73.69977,41.0043],[-73.70095,41.00452],[-73.70151,41.00441],[-73.70247,41.00435],[-73.70371,41.00427],[-73.70565,41.00406],[-73.70856,41.00378],[-73.70917,41.00364],[-73.70977,41.00335],[-73.71045,41.00305],[-73.7111,41.0029],[-73.71186,41.00284],[-73.71237,41.00297],[-73.71242,41.00357],[-73.71236,41.00414],[-73.71255,41.00499],[-73.71259,41.00557],[-73.71267,41.00664],[-73.7134,41.00696],[-73.71431,41.00732],[-73.71491,41.00753],[-73.7156,41.0076],[-73.71435,41.0095]]]},"properties":{"name":"HARRISON AVENUE ELEMENTARY SCHOOL","schoolId":"361374001121"}},{"type":"Feature","geometry":{"type":"Polygon","coordinates":[[[-73.70495,40.97034],[-73.70492,40.97039],[-73.70482,40.97054],[-73.70466,40.97073],[-73.70431,40.97105],[-73.70431,40.97105],[-73.704,40.97134],[-73.704,40.97134],[-73.70383,40.9716],[-73.70375,40.97171],[-73.70373,40.97185],[-73.70373,40.97185],[-73.70375,40.9719],[-73.70375,40.9719],[-73.70376,40.97194],[-73.70378,40.97197],[-73.70381,40.97202],[-73.7038,40.97215],[-73.70376,40.97227],[-73.70376,40.97227],[-73.70376,40.97229],[-73.70376,40.97229],[-73.70375,40.9723],[-73.70375,40.9723],[-73.70366,40.97246],[-73.70363,40.97249],[-73.70361,40.97251],[-73.70355,40.97259],[-73.70335,40.97269],[-73.70317,40.97276],[-73.70311,40.97279],[-73.70309,40.97281],[-73.70305,40.97285],[-73.70301,40.97291],[-73.70302,40.97294],[-73.70302,40.973],[-73.70302,40.973],[-73.7031,40.97306],[-73.70312,40.97307],[-73.70315,40.97309],[-73.70317,40.97312],[-73.70317,40.97312],[-73.70325,40.97322],[-73.70326,40.97322],[-73.70407,40.97268],[-73.70407,40.97268],[-73.70502,40.97205],[-73.70524,40.97188],[-73.70574,40.97159],[-73.70599,40.97144],[-73.70613,40.97135],[-73.70614,40.97135],[-73.70658,40.97112],[-73.70658,40.97112],[-73.70658,40.97112],[-73.70665,40.97109],[-73.70732,40.9708],[-73.70746,40.97074],[-73.70795,40.97057],[-73.70798,40.97056],[-73.70798,40.97056],[-73.70803,40.97054],[-73.7081,40.97052],[-73.7081,40.97052],[-73.7081,40.97052],[-73.70842,40.97043],[-73.70851,40.9704],[-73.70851,40.9704],[-73.70854,40.97039],[-73.70924,40.97022],[-73.70924,40.97023],[-73.71155,40.96981],[-73.71263,40.96961],[-73.71287,40.9696],[-73.71293,40.96981],[-73.7131,40.97071],[-73.71321,40.97133],[-73.7133,40.97191],[-73.71472,40.97162],[-73.71499,40.97165],[-73.71564,40.97159],[-73.71635,40.97151],[-73.71689,40.97146],[-73.71714,40.97145],[-73.71817,40.97138],[-73.71871,40.97135],[-73.71959,40.97129],[-73.72048,40.97124],[-73.72087,40.97111],[-73.72131,40.9711],[-73.72179,40.97107],[-73.72241,40.971],[-73.72302,40.97091],[-73.72341,40.97087],[-73.72422,40.97049],[-73.72452,40.97008],[-73.72484,40.9696],[-73.72492,40.96941],[-73.72514,40.96865],[-73.72541,40.96782],[-73.7256,40.96743],[-73.72559,40.96709],[-73.72556,40.96631],[-73.72541,40.96544],[-73.72534,40.96501],[-73.72573,40.9649],[-73.72601,40.96506],[-73.72692,40.96424],[-73.72731,40.96389],[-73.72774,40.96347],[-73.72773,40.96316],[-73.72773,40.96312],[-73.72773,40.96311],[-73.72723,40.96295],[-73.7262,40.96264],[-73.72531,40.96236],[-73.72477,40.96219],[-73.72472,40.96217],[-73.72472,40.96217],[-73.72458,40.96212],[-73.7236,40.9618],[-73.72226,40.96137],[-73.72173,40.9612],[-73.72171,40.96119],[-73.72171,40.96119],[-73.72154,40.96114],[-73.72062,40.96098],[-73.71997,40.96076],[-73.71979,40.96077],[-73.71979,40.96077],[-73.71968,40.96064],[-73.71968,40.96064],[-73.71953,40.96057],[-73.71932,40.96048],[-73.7184,40.96016],[-73.7178,40.95995],[-73.7178,40.95995],[-73.71785,40.96006],[-73.71785,40.96006],[-73.71775,40.96003],[-73.7176,40.95997],[-73.71658,40.9596],[-73.71585,40.95934],[-73.71572,40.95929],[-73.71571,40.95929],[-73.71565,40.95939],[-73.71561,40.95945],[-73.71558,40.9595],[-73.71524,40.95992],[-73.71465,40.9605],[-73.7145,40.96064],[-73.7145,40.96064],[-73.7145,40.96064],[-73.71376,40.96137],[-73.71354,40.9616],[-73.71354,40.9616],[-73.71345,40.9617],[-73.7132,40.96198],[-73.71291,40.96227],[-73.71291,40.96227],[-73.7127,40.96248],[-73.71261,40.96258],[-73.71261,40.96258],[-73.71251,40.96268],[-73.71236,40.96287],[-73.71233,40.96291],[-73.71224,40.96294],[-73.71197,40.96305],[-73.71194,40.96311],[-73.71192,40.96318],[-73.71191,40.96322],[-73.71183,40.96327],[-73.7117,40.96329],[-73.71147,40.96337],[-73.71103,40.96363],[-73.71098,40.96366],[-73.71098,40.96366],[-73.71064,40.96383],[-73.71056,40.96386],[-73.71056,40.96386],[-73.71047,40.96388],[-73.71035,40.96391],[-73.71026,40.96393],[-73.71011,40.96395],[-73.71011,40.96395],[-73.71008,40.96396],[-73.71002,40.96397],[-73.7099,40.96402],[-73.7099,40.96402],[-73.70979,40.96407],[-73.70967,40.96414],[-73.70967,40.96414],[-73.7096,40.96419],[-73.70949,40.96422],[-73.70951,40.96423],[-73.70952,40.96424],[-73.70947,40.96427],[-73.70929,40.96439],[-73.70916,40.96449],[-73.70909,40.96455],[-73.70893,40.96466],[-73.70893,40.96466],[-73.70892,40.96466],[-73.70892,40.96466],[-73.70888,40.96467],[-73.70884,40.96468],[-73.70873,40.96469],[-73.7087,40.9647],[-73.70862,40.96472],[-73.70858,40.96475],[-73.70855,40.96478],[-73.70849,40.96486],[-73.7083,40.96503],[-73.7083,40.96503],[-73.70805,40.96525],[-73.70776,40.96569],[-73.70773,40.96573],[-73.70744,40.96621],[-73.70744,40.96621],[-73.70733,40.9664],[-73.70728,40.96655],[-73.70728,40.96655],[-73.70702,40.96735],[-73.70651,40.96819],[-73.70649,40.9682],[-73.70649,40.9682],[-73.70644,40.96827],[-73.70636,40.96836],[-73.7062,40.96857],[-73.7062,40.96857],[-73.70612,40.96868],[-73.70576,40.96893],[-73.70576,40.96894],[-73.70546,40.96925],[-73.70544,40.96928],[-73.70544,40.96928],[-73.7054,40.96934],[-73.70539,40.96934],[-73.70539,40.96935],[-73.70539,40.96935],[-73.70539,40.96935],[-73.70537,40.96946],[-73.70516,40.96993],[-73.70515,40.96994],[-73.70515,40.96994],[-73.70513,40.96999],[-73.7051,40.97006],[-73.70505,40.97017],[-73.70495,40.97034]]]},"properties":{"name":"PARSONS MEMORIAL SCHOOL","schoolId":"361374001124"}},{"type":"Feature","geometry":{"type":"Polygon","coordinates":[[[-73.74549,41.07775],[-73.74619,41.07841],[-73.7463,41.07867],[-73.74642,41.07895],[-73.74645,41.07906],[-73.74658,41.0796],[-73.74659,41.07966],[-73.74659,41.07966],[-73.74879,41.07939],[-73.7505,41.07923],[-73.7506,41.07922],[-73.7506,41.07922],[-73.75061,41.07921],[-73.75075,41.07919],[-73.75259,41.07886],[-73.75252,41.07804],[-73.75252,41.07747],[-73.75237,41.07649],[-73.75239,41.07646],[-73.75241,41.07644],[-73.75244,41.0764],[-73.75245,41.07634],[-73.75243,41.07622],[-73.75242,41.07614],[-73.75236,41.07588],[-73.75226,41.07549],[-73.75224,41.07535],[-73.75222,41.07526],[-73.75218,41.07475],[-73.75218,41.07475],[-73.75218,41.07475],[-73.75212,41.0742],[-73.75191,41.0731],[-73.75175,41.07251],[-73.75149,41.07146],[-73.75149,41.07146],[-73.75133,41.07079],[-73.75124,41.07043],[-73.75121,41.0703],[-73.75118,41.07016],[-73.75108,41.06957],[-73.75106,41.06944],[-73.75093,41.06871],[-73.75078,41.06788],[-73.75067,41.06726],[-73.7504,41.06578],[-73.74996,41.06339],[-73.74996,41.06223],[-73.75012,41.06174],[-73.75035,41.06099],[-73.75045,41.06065],[-73.75048,41.06056],[-73.75048,41.06056],[-73.75048,41.06056],[-73.75048,41.06055],[-73.75054,41.06026],[-73.75053,41.06025],[-73.75036,41.06008],[-73.74984,41.0599],[-73.74984,41.0599],[-73.74978,41.05984],[-73.74966,41.05972],[-73.74955,41.05924],[-73.74952,41.05908],[-73.74949,41.05894],[-73.74932,41.05868],[-73.74926,41.05858],[-73.74911,41.05833],[-73.74904,41.05821],[-73.74897,41.05809],[-73.74893,41.05787],[-73.74891,41.05779],[-73.74892,41.05777],[-73.74898,41.05758],[-73.74902,41.05749],[-73.74903,41.05713],[-73.74903,41.05678],[-73.74906,41.05669],[-73.74916,41.05638],[-73.74946,41.05606],[-73.74965,41.05585],[-73.74991,41.05564],[-73.75014,41.05544],[-73.75034,41.05527],[-73.75036,41.05525],[-73.7504,41.0552],[-73.75077,41.05433],[-73.75078,41.05429],[-73.75084,41.0541],[-73.75086,41.05404],[-73.75088,41.05396],[-73.75094,41.05368],[-73.75094,41.05368],[-73.75094,41.05368],[-73.75077,41.05354],[-73.7503,41.05329],[-73.74957,41.05305],[-73.74936,41.05296],[-73.74923,41.0529],[-73.74898,41.05281],[-73.74865,41.05268],[-73.74613,41.05235],[-73.74446,41.05213],[-73.74428,41.05211],[-73.74428,41.0521],[-73.74416,41.05195],[-73.74398,41.05171],[-73.74394,41.05148],[-73.7439,41.05127],[-73.74389,41.0512],[-73.74388,41.05113],[-73.74388,41.05111],[-73.74715,41.04708],[-73.74721,41.047],[-73.74664,41.04718],[-73.74383,41.04798],[-73.74035,41.04911],[-73.73941,41.04953],[-73.73731,41.0483],[-73.73748,41.04803],[-73.73757,41.04769],[-73.73817,41.04665],[-73.73817,41.04607],[-73.73812,41.04568],[-73.73937,41.04358],[-73.74086,41.04028],[-73.74155,41.03833],[-73.74364,41.03628],[-73.74456,41.03538],[-73.74495,41.03432],[-73.74508,41.03293],[-73.74522,41.0324],[-73.7453,41.03213],[-73.74567,41.03137],[-73.74592,41.03093],[-73.74615,41.03053],[-73.74615,41.03053],[-73.74558,41.0305],[-73.74465,41.03046],[-73.74463,41.03045],[-73.74458,41.03045],[-73.74442,41.03044],[-73.74406,41.03042],[-73.74403,41.03041],[-73.74388,41.0304],[-73.74383,41.0304],[-73.74347,41.03037],[-73.74338,41.03036],[-73.74323,41.03035],[-73.74314,41.03034],[-73.743,41.03032],[-73.74294,41.03031],[-73.74237,41.03024],[-73.74219,41.03021],[-73.74181,41.03009],[-73.74151,41.03002],[-73.74088,41.02986],[-73.74073,41.02982],[-73.7402,41.02969],[-73.73972,41.02955],[-73.73924,41.02939],[-73.73879,41.02922],[-73.73863,41.02916],[-73.73863,41.02916],[-73.73819,41.02898],[-73.73749,41.02866],[-73.73691,41.02836],[-73.73691,41.02836],[-73.73679,41.0283],[-73.7362,41.028],[-73.73612,41.02796],[-73.73608,41.02793],[-73.7359,41.02783],[-73.73581,41.02779],[-73.73572,41.02775],[-73.73528,41.02752],[-73.73338,41.02651],[-73.73338,41.02651],[-73.73271,41.02615],[-73.73237,41.02596],[-73.73182,41.02565],[-73.7317,41.02557],[-73.7317,41.02557],[-73.73167,41.02555],[-73.7312,41.02526],[-73.73071,41.02492],[-73.73071,41.02492],[-73.73071,41.02491],[-73.73071,41.02491],[-73.73055,41.02479],[-73.73043,41.02468],[-73.73043,41.02468],[-73.73033,41.02458],[-73.73031,41.02456],[-73.73002,41.02428],[-73.73001,41.02426],[-73.72981,41.02404],[-73.7295,41.02369],[-73.72926,41.02336],[-73.72917,41.02323],[-73.7291,41.02312],[-73.72903,41.02301],[-73.72903,41.02301],[-73.72899,41.02294],[-73.72892,41.02283],[-73.72886,41.02274],[-73.72883,41.02269],[-73.72869,41.0225],[-73.72829,41.02184],[-73.72797,41.02131],[-73.72739,41.02037],[-73.72578,41.01781],[-73.72571,41.01771],[-73.72543,41.01727],[-73.72533,41.01712],[-73.72526,41.01701],[-73.72524,41.01698],[-73.72508,41.01679],[-73.72472,41.01638],[-73.72455,41.01621],[-73.72415,41.01601],[-73.72415,41.016],[-73.72424,41.01595],[-73.72426,41.01594],[-73.72425,41.01593],[-73.72423,41.01592],[-73.72423,41.01592],[-73.72423,41.01592],[-73.72445,41.01575],[-73.72453,41.01569],[-73.72474,41.01555],[-73.72474,41.01555],[-73.72475,41.01553],[-73.72485,41.01541],[-73.72501,41.01521],[-73.725,41.01519],[-73.72487,41.01501],[-73.72465,41.01473],[-73.72456,41.01462],[-73.72447,41.01451],[-73.72436,41.01441],[-73.72427,41.01432],[-73.72389,41.01402],[-73.72293,41.01303],[-73.72255,41.01266],[-73.72224,41.01235],[-73.72215,41.01224],[-73.72199,41.01206],[-73.72195,41.01203],[-73.72189,41.01198],[-73.72172,41.0119],[-73.72158,41.01186],[-73.72129,41.01184],[-73.72031,41.01185],[-73.72024,41.01183],[-73.72014,41.0118],[-73.72012,41.01179],[-73.72009,41.01177],[-73.72003,41.01171],[-73.72,41.01168],[-73.71991,41.01157],[-73.7199,41.01155],[-73.71989,41.01152],[-73.71989,41.01152],[-73.71986,41.01145],[-73.71985,41.01141],[-73.71983,41.01132],[-73.71979,41.01113],[-73.71979,41.0111],[-73.71977,41.011],[-73.71977,41.011],[-73.71977,41.011],[-73.71974,41.01085],[-73.71965,41.01046],[-73.71963,41.01031],[-73.71953,41.00932],[-73.71953,41.00931],[-73.71953,41.00903],[-73.71953,41.00903],[-73.71953,41.009],[-73.71952,41.00903],[-73.71889,41.00888],[-73.71876,41.00916],[-73.71851,41.0092],[-73.71765,41.00929],[-73.71739,41.00965],[-73.71576,41.00988],[-73.71443,41.00994],[-73.71435,41.0095],[-73.7156,41.0076],[-73.71491,41.00753],[-73.71431,41.00732],[-73.7134,41.00696],[-73.71267,41.00664],[-73.71259,41.00557],[-73.71255,41.00499],[-73.71236,41.00414],[-73.71242,41.00357],[-73.71237,41.00297],[-73.71186,41.00284],[-73.7111,41.0029],[-73.71045,41.00305],[-73.70977,41.00335],[-73.70917,41.00364],[-73.70856,41.00378],[-73.70565,41.00406],[-73.70371,41.00427],[-73.70247,41.00435],[-73.70151,41.00441],[-73.70095,41.00452],[-73.69977,41.0043],[-73.69851,41.00406],[-73.69767,41.00404],[-73.69648,41.00418],[-73.69546,41.00431],[-73.695,41.00354],[-73.69424,41.00214],[-73.69367,41.00096],[-73.69357,41.0007],[-73.69311,40.99935],[-73.69291,40.99876],[-73.69261,40.99746],[-73.6921,40.99628],[-73.69173,40.99618],[-73.69076,40.99611],[-73.68953,40.99588],[-73.68893,40.99559],[-73.68736,40.99443],[-73.68704,40.99419],[-73.68663,40.99391],[-73.68662,40.99391],[-73.68661,40.99393],[-73.6866,40.99394],[-73.68631,40.99417],[-73.68581,40.9948],[-73.68571,40.99492],[-73.68571,40.99492],[-73.68562,40.99517],[-73.68555,40.99545],[-73.68549,40.99568],[-73.68549,40.99569],[-73.68525,40.99602],[-73.68521,40.99607],[-73.68511,40.99621],[-73.68497,40.99648],[-73.68496,40.99648],[-73.68496,40.9965],[-73.68485,40.99673],[-73.68484,40.99674],[-73.68479,40.99688],[-73.68476,40.99718],[-73.68476,40.99718],[-73.68476,40.99744],[-73.68482,40.99753],[-73.68491,40.99762],[-73.68492,40.99764],[-73.68492,40.99764],[-73.68495,40.9977],[-73.68501,40.99784],[-73.68511,40.99824],[-73.68514,40.99833],[-73.68525,40.99872],[-73.68527,40.99878],[-73.68527,40.99878],[-73.68527,40.99887],[-73.68526,40.99898],[-73.68522,40.99913],[-73.68512,40.99923],[-73.685,40.99936],[-73.68497,40.99938],[-73.68477,40.99952],[-73.68469,40.99965],[-73.68467,40.99975],[-73.68461,41.00003],[-73.68477,41.00033],[-73.68479,41.00043],[-73.68481,41.00047],[-73.68482,41.00062],[-73.68483,41.00071],[-73.68482,41.00074],[-73.68481,41.00079],[-73.6848,41.00093],[-73.68477,41.00107],[-73.68477,41.00107],[-73.68475,41.00116],[-73.68471,41.00133],[-73.68473,41.00144],[-73.68476,41.00153],[-73.68501,41.00171],[-73.68507,41.00176],[-73.68507,41.00176],[-73.68515,41.00189],[-73.68526,41.00211],[-73.68535,41.00218],[-73.68535,41.00219],[-73.68576,41.00253],[-73.68581,41.00259],[-73.68586,41.00265],[-73.68604,41.00286],[-73.68608,41.00297],[-73.68608,41.00297],[-73.68613,41.0031],[-73.68634,41.00327],[-73.68652,41.00334],[-73.68667,41.0034],[-73.68698,41.00348],[-73.68708,41.00351],[-73.6872,41.00352],[-73.68737,41.00352],[-73.68746,41.0035],[-73.68757,41.00348],[-73.68819,41.00322],[-73.68821,41.00321],[-73.6883,41.00317],[-73.6883,41.00317],[-73.68828,41.00316],[-73.68827,41.00315],[-73.6882,41.00309],[-73.6882,41.00309],[-73.6882,41.00307],[-73.68816,41.00298],[-73.68817,41.00291],[-73.68817,41.00288],[-73.68817,41.00288],[-73.68817,41.00287],[-73.6882,41.00284],[-73.68831,41.00268],[-73.68836,41.00264],[-73.6884,41.00261],[-73.68852,41.00258],[-73.68878,41.00242],[-73.68881,41.0024],[-73.6889,41.00236],[-73.68924,41.00221],[-73.69013,41.00231],[-73.69077,41.00256],[-73.69133,41.00278],[-73.6914,41.00288],[-73.69147,41.00301],[-73.69139,41.00336],[-73.69133,41.0036],[-73.69102,41.00365],[-73.69102,41.00365],[-73.6912,41.00375],[-73.69125,41.00377],[-73.69139,41.00385],[-73.69154,41.00393],[-73.69217,41.00427],[-73.6922,41.00429],[-73.69235,41.00439],[-73.69235,41.00439],[-73.69241,41.00445],[-73.69242,41.00448],[-73.69242,41.00448],[-73.69243,41.00449],[-73.69246,41.00459],[-73.69248,41.00473],[-73.6925,41.00493],[-73.6925,41.00493],[-73.69251,41.00498],[-73.69251,41.00509],[-73.69251,41.00515],[-73.69251,41.0052],[-73.69251,41.00527],[-73.6925,41.00535],[-73.69248,41.00545],[-73.69247,41.00549],[-73.69245,41.00552],[-73.69244,41.00553],[-73.69245,41.00557],[-73.69241,41.00608],[-73.6924,41.00626],[-73.6924,41.00629],[-73.69239,41.00632],[-73.69238,41.00636],[-73.69238,41.00637],[-73.69235,41.00646],[-73.69229,41.00655],[-73.69227,41.00658],[-73.69227,41.0066],[-73.69225,41.00668],[-73.69224,41.00668],[-73.69224,41.00669],[-73.69219,41.00676],[-73.69216,41.00684],[-73.69216,41.00684],[-73.69216,41.00685],[-73.69215,41.00691],[-73.69218,41.00696],[-73.69219,41.00699],[-73.69219,41.00699],[-73.6922,41.007],[-73.69221,41.007],[-73.69226,41.00703],[-73.69227,41.00704],[-73.69233,41.00705],[-73.69234,41.00705],[-73.69236,41.00705],[-73.69244,41.00704],[-73.69263,41.00701],[-73.69264,41.00701],[-73.69265,41.00701],[-73.69267,41.00701],[-73.69268,41.00701],[-73.6927,41.00701],[-73.69284,41.00714],[-73.69285,41.00715],[-73.69303,41.00735],[-73.69308,41.0074],[-73.69314,41.00748],[-73.69318,41.00753],[-73.69326,41.00764],[-73.69332,41.00776],[-73.69333,41.00779],[-73.69342,41.00793],[-73.69358,41.00813],[-73.69375,41.00831],[-73.69382,41.00837],[-73.69394,41.00846],[-73.694,41.00854],[-73.694,41.00854],[-73.69407,41.00864],[-73.69427,41.00906],[-73.69438,41.0093],[-73.69457,41.0097],[-73.69477,41.01015],[-73.69491,41.01046],[-73.69494,41.01063],[-73.69498,41.01077],[-73.69498,41.0109],[-73.69499,41.01101],[-73.69493,41.01117],[-73.69484,41.0113],[-73.69462,41.01149],[-73.69447,41.0116],[-73.69423,41.01178],[-73.69418,41.01183],[-73.69417,41.01183],[-73.69415,41.01184],[-73.69404,41.01194],[-73.69392,41.0121],[-73.6938,41.01236],[-73.69373,41.01253],[-73.69369,41.01263],[-73.69368,41.01265],[-73.69367,41.01269],[-73.69366,41.01274],[-73.69366,41.01277],[-73.69366,41.0128],[-73.69368,41.01285],[-73.69379,41.01291],[-73.6938,41.01292],[-73.69381,41.01294],[-73.69383,41.01296],[-73.69385,41.01301],[-73.69383,41.01312],[-73.69381,41.01317],[-73.69367,41.01333],[-73.69332,41.01379],[-73.69328,41.01383],[-73.69317,41.01398],[-73.69305,41.01414],[-73.69297,41.01425],[-73.69281,41.01448],[-73.69261,41.01486],[-73.69256,41.01501],[-73.69254,41.01507],[-73.69251,41.01519],[-73.69233,41.01562],[-73.6922,41.01594],[-73.69219,41.01609],[-73.69222,41.01625],[-73.69226,41.01634],[-73.69233,41.01649],[-73.69248,41.01672],[-73.69284,41.01729],[-73.6929,41.01735],[-73.69297,41.01742],[-73.69313,41.01751],[-73.69324,41.01756],[-73.69333,41.01763],[-73.69341,41.0177],[-73.69355,41.01791],[-73.69362,41.01813],[-73.69365,41.01818],[-73.69367,41.01824],[-73.69369,41.01825],[-73.69377,41.0183],[-73.69401,41.0184],[-73.69472,41.01839],[-73.69483,41.01841],[-73.69493,41.01843],[-73.69499,41.01843],[-73.69503,41.01842],[-73.69528,41.01853],[-73.69536,41.01856],[-73.69546,41.01869],[-73.69552,41.01879],[-73.69561,41.01904],[-73.69564,41.01928],[-73.69555,41.01946],[-73.69548,41.01952],[-73.69539,41.01958],[-73.69531,41.01961],[-73.69518,41.01966],[-73.69513,41.01997],[-73.69513,41.01997],[-73.69512,41.01997],[-73.69495,41.02025],[-73.69481,41.02045],[-73.69468,41.02063],[-73.69454,41.02083],[-73.69452,41.02092],[-73.6945,41.02102],[-73.6945,41.02105],[-73.69451,41.02111],[-73.69453,41.0213],[-73.69456,41.02147],[-73.69465,41.02252],[-73.69464,41.02254],[-73.69464,41.02255],[-73.69462,41.0226],[-73.6945,41.02279],[-73.69438,41.02298],[-73.69431,41.02307],[-73.694,41.02344],[-73.69389,41.02354],[-73.69335,41.0238],[-73.69326,41.02385],[-73.69286,41.02405],[-73.69284,41.02406],[-73.69272,41.02416],[-73.69266,41.02423],[-73.69264,41.02431],[-73.69261,41.02437],[-73.69261,41.02444],[-73.6926,41.02449],[-73.6926,41.02452],[-73.69259,41.02458],[-73.6926,41.02466],[-73.69261,41.02467],[-73.69259,41.02468],[-73.69253,41.02471],[-73.69214,41.02506],[-73.69184,41.02536],[-73.69158,41.02564],[-73.69151,41.02574],[-73.69141,41.02584],[-73.69098,41.02623],[-73.69096,41.02628],[-73.69094,41.02632],[-73.69086,41.02638],[-73.69086,41.02638],[-73.69079,41.02636],[-73.69078,41.02636],[-73.69069,41.02632],[-73.69065,41.0263],[-73.69051,41.02631],[-73.69036,41.02632],[-73.69023,41.02632],[-73.69012,41.02633],[-73.69002,41.02636],[-73.69001,41.02636],[-73.68998,41.02637],[-73.68987,41.02644],[-73.6895,41.02673],[-73.68945,41.02678],[-73.68934,41.02687],[-73.68927,41.02696],[-73.68923,41.02702],[-73.68917,41.02711],[-73.68918,41.02721],[-73.68918,41.02722],[-73.68918,41.02727],[-73.6892,41.02737],[-73.6892,41.02742],[-73.6892,41.0276],[-73.68919,41.02771],[-73.68919,41.02771],[-73.68917,41.02779],[-73.68917,41.0278],[-73.68917,41.02794],[-73.68915,41.02804],[-73.68909,41.02811],[-73.68909,41.02811],[-73.68897,41.02813],[-73.68896,41.02813],[-73.68896,41.02814],[-73.6889,41.02819],[-73.68888,41.02827],[-73.68888,41.02831],[-73.68888,41.02831],[-73.68891,41.02834],[-73.68895,41.02838],[-73.68899,41.02843],[-73.68898,41.02853],[-73.68897,41.02858],[-73.68897,41.0288],[-73.68898,41.02885],[-73.68899,41.02895],[-73.68901,41.02908],[-73.68908,41.02943],[-73.68909,41.02946],[-73.6891,41.02956],[-73.68916,41.03003],[-73.68914,41.03025],[-73.68914,41.03034],[-73.68913,41.03044],[-73.68918,41.03095],[-73.68921,41.0312],[-73.68921,41.03139],[-73.68921,41.03139],[-73.68918,41.0316],[-73.68918,41.03164],[-73.68917,41.03185],[-73.68917,41.03204],[-73.68918,41.03237],[-73.68919,41.03262],[-73.68921,41.03292],[-73.68926,41.03357],[-73.68931,41.03396],[-73.68937,41.03445],[-73.6896,41.03459],[-73.68963,41.03464],[-73.68964,41.03465],[-73.68965,41.03468],[-73.68976,41.03479],[-73.68987,41.0349],[-73.68996,41.03499],[-73.69001,41.03513],[-73.69002,41.03523],[-73.69002,41.03524],[-73.69002,41.03524],[-73.69002,41.03526],[-73.68998,41.03536],[-73.68991,41.03542],[-73.68989,41.03544],[-73.6898,41.03546],[-73.68969,41.03548],[-73.68964,41.03549],[-73.68964,41.03549],[-73.68964,41.03549],[-73.68959,41.03551],[-73.68957,41.0356],[-73.68957,41.03568],[-73.68957,41.03568],[-73.68958,41.03587],[-73.68962,41.03594],[-73.68962,41.03594],[-73.68963,41.03596],[-73.68972,41.03604],[-73.68973,41.03605],[-73.68989,41.03618],[-73.68991,41.03626],[-73.68992,41.03636],[-73.68992,41.03638],[-73.68991,41.03643],[-73.68989,41.03656],[-73.68986,41.0367],[-73.68985,41.03689],[-73.68985,41.03689],[-73.68985,41.03689],[-73.68983,41.03743],[-73.68977,41.03776],[-73.68976,41.03787],[-73.68975,41.03789],[-73.68976,41.03791],[-73.6898,41.03817],[-73.68988,41.0385],[-73.68994,41.03873],[-73.69008,41.03934],[-73.69014,41.03954],[-73.6902,41.03964],[-73.69025,41.03973],[-73.69026,41.03975],[-73.69035,41.03987],[-73.6904,41.03994],[-73.69056,41.0401],[-73.69064,41.04016],[-73.69076,41.04026],[-73.69079,41.04029],[-73.69082,41.04032],[-73.69093,41.04043],[-73.69114,41.04062],[-73.69139,41.04089],[-73.69159,41.04118],[-73.69163,41.04123],[-73.69172,41.0414],[-73.69175,41.04151],[-73.69178,41.04163],[-73.6918,41.04174],[-73.6918,41.04182],[-73.69179,41.0419],[-73.69176,41.04218],[-73.69176,41.04234],[-73.69179,41.04256],[-73.69188,41.04273],[-73.69213,41.04301],[-73.69213,41.04302],[-73.69214,41.04305],[-73.69219,41.04315],[-73.69222,41.04372],[-73.69226,41.04395],[-73.69232,41.04408],[-73.69239,41.04422],[-73.69251,41.04442],[-73.69253,41.04446],[-73.69256,41.04454],[-73.69264,41.04472],[-73.69271,41.04499],[-73.69274,41.04525],[-73.69274,41.04537],[-73.69272,41.04554],[-73.6927,41.04566],[-73.69259,41.04594],[-73.69257,41.04607],[-73.69258,41.04618],[-73.69258,41.04622],[-73.69259,41.04627],[-73.6929,41.04635],[-73.69309,41.04639],[-73.69337,41.04652],[-73.69342,41.04659],[-73.69342,41.04659],[-73.69349,41.04668],[-73.69365,41.04685],[-73.6937,41.04692],[-73.69394,41.04724],[-73.694,41.04763],[-73.69402,41.0477],[-73.69407,41.04777],[-73.69413,41.04779],[-73.69418,41.04781],[-73.69444,41.04781],[-73.69457,41.04782],[-73.6947,41.04801],[-73.6947,41.04801],[-73.69472,41.04805],[-73.69496,41.04849],[-73.69496,41.0485],[-73.69529,41.04873],[-73.6954,41.04884],[-73.69542,41.04891],[-73.69542,41.04897],[-73.69543,41.04901],[-73.69545,41.04905],[-73.69545,41.04906],[-73.69548,41.04909],[-73.69559,41.04917],[-73.69564,41.04923],[-73.69564,41.04923],[-73.69566,41.0494],[-73.6957,41.04946],[-73.69585,41.04956],[-73.69585,41.04956],[-73.69589,41.04963],[-73.6959,41.04967],[-73.6959,41.04967],[-73.69591,41.04974],[-73.69595,41.04987],[-73.69601,41.04998],[-73.69608,41.05006],[-73.69613,41.05012],[-73.69623,41.05016],[-73.69632,41.05019],[-73.69635,41.05024],[-73.69638,41.05027],[-73.69647,41.05049],[-73.69647,41.0505],[-73.69647,41.0505],[-73.69653,41.0506],[-73.69653,41.05061],[-73.69659,41.05067],[-73.69669,41.05077],[-73.69671,41.05083],[-73.69671,41.05092],[-73.69671,41.05092],[-73.69669,41.05098],[-73.69671,41.05109],[-73.69675,41.05111],[-73.69678,41.05113],[-73.69691,41.05117],[-73.69701,41.05124],[-73.69702,41.05124],[-73.69705,41.05127],[-73.69712,41.05135],[-73.69715,41.05149],[-73.69719,41.05152],[-73.69729,41.05156],[-73.6974,41.05156],[-73.69744,41.05155],[-73.69748,41.05154],[-73.69748,41.05154],[-73.69752,41.05157],[-73.69754,41.05159],[-73.69759,41.05165],[-73.69776,41.05178],[-73.69776,41.05178],[-73.69777,41.05185],[-73.69758,41.052],[-73.69748,41.05207],[-73.69748,41.05211],[-73.69748,41.0522],[-73.69755,41.05244],[-73.69763,41.05256],[-73.69774,41.05271],[-73.69775,41.05272],[-73.69782,41.05276],[-73.69787,41.0528],[-73.69792,41.05285],[-73.69796,41.05292],[-73.69796,41.05294],[-73.69796,41.05305],[-73.69786,41.05383],[-73.69786,41.05394],[-73.6979,41.05403],[-73.69794,41.05407],[-73.69801,41.05413],[-73.69802,41.05414],[-73.69804,41.05414],[-73.69816,41.05418],[-73.69824,41.05421],[-73.69845,41.05426],[-73.69854,41.0543],[-73.69863,41.05434],[-73.69877,41.05446],[-73.69879,41.05448],[-73.69881,41.0545],[-73.69899,41.05461],[-73.69924,41.05474],[-73.69944,41.0548],[-73.69944,41.0548],[-73.69957,41.05484],[-73.69961,41.05485],[-73.69982,41.05488],[-73.69999,41.0549],[-73.70009,41.0549],[-73.70015,41.05491],[-73.70119,41.05485],[-73.7015,41.05483],[-73.70175,41.05485],[-73.70176,41.05485],[-73.70215,41.05498],[-73.7023,41.05499],[-73.70245,41.05496],[-73.70258,41.0549],[-73.70273,41.05482],[-73.70275,41.05481],[-73.70291,41.05477],[-73.70307,41.05473],[-73.70322,41.05472],[-73.70328,41.05473],[-73.70332,41.05474],[-73.70337,41.05474],[-73.7035,41.05478],[-73.70364,41.05487],[-73.70368,41.05492],[-73.70373,41.05499],[-73.70377,41.05503],[-73.70389,41.05519],[-73.70477,41.05582],[-73.70477,41.05582],[-73.70499,41.05599],[-73.70527,41.05622],[-73.70566,41.05655],[-73.70578,41.05665],[-73.70587,41.05673],[-73.70599,41.05685],[-73.70605,41.05692],[-73.70625,41.05714],[-73.70637,41.05736],[-73.70639,41.05744],[-73.70638,41.05751],[-73.70637,41.05752],[-73.70636,41.05755],[-73.70635,41.05757],[-73.70634,41.05759],[-73.70628,41.05769],[-73.70627,41.05772],[-73.70627,41.05772],[-73.70622,41.05786],[-73.70622,41.05792],[-73.70622,41.05798],[-73.70618,41.05825],[-73.70613,41.05835],[-73.70602,41.05855],[-73.70565,41.0589],[-73.70557,41.05903],[-73.70548,41.05919],[-73.70544,41.05927],[-73.70542,41.05936],[-73.70542,41.05938],[-73.70542,41.05947],[-73.70543,41.05962],[-73.70542,41.05966],[-73.70542,41.05969],[-73.7054,41.05974],[-73.70525,41.05996],[-73.70521,41.06002],[-73.70515,41.06013],[-73.70502,41.06045],[-73.70489,41.06065],[-73.70487,41.06067],[-73.70479,41.06078],[-73.7047,41.06107],[-73.70468,41.06113],[-73.70465,41.0612],[-73.70459,41.06141],[-73.70459,41.06144],[-73.70459,41.06147],[-73.70461,41.06151],[-73.70461,41.06152],[-73.70463,41.06153],[-73.70473,41.06163],[-73.70482,41.06174],[-73.70487,41.0618],[-73.70497,41.06193],[-73.7057,41.06245],[-73.70604,41.06263],[-73.70608,41.06265],[-73.70635,41.06281],[-73.70641,41.06287],[-73.70652,41.06298],[-73.70664,41.06309],[-73.70673,41.06325],[-73.70673,41.06329],[-73.7067,41.06343],[-73.70594,41.0633],[-73.70594,41.0633],[-73.70594,41.06319],[-73.70594,41.06312],[-73.70594,41.06312],[-73.70587,41.06299],[-73.70569,41.06299],[-73.70569,41.06307],[-73.70569,41.06317],[-73.70565,41.0633],[-73.70551,41.06349],[-73.7054,41.06362],[-73.70531,41.06369],[-73.70527,41.06372],[-73.70523,41.06374],[-73.70515,41.0638],[-73.70492,41.06391],[-73.70488,41.06393],[-73.70441,41.06424],[-73.70412,41.06441],[-73.70412,41.06441],[-73.70409,41.06448],[-73.70406,41.06455],[-73.70402,41.06463],[-73.70389,41.06477],[-73.70389,41.06477],[-73.70391,41.06484],[-73.70396,41.06521],[-73.70396,41.06542],[-73.70402,41.06555],[-73.70406,41.0657],[-73.70409,41.06575],[-73.70412,41.06583],[-73.70422,41.0659],[-73.70431,41.06596],[-73.70452,41.06614],[-73.7047,41.06622],[-73.70501,41.06649],[-73.70516,41.06667],[-73.70519,41.06671],[-73.7053,41.06689],[-73.70533,41.06705],[-73.70534,41.06716],[-73.70534,41.06736],[-73.70534,41.06746],[-73.7054,41.06772],[-73.70532,41.06803],[-73.7053,41.06812],[-73.7053,41.0685],[-73.7053,41.06857],[-73.70534,41.06892],[-73.70543,41.06923],[-73.70553,41.06957],[-73.70558,41.0698],[-73.70565,41.07006],[-73.70576,41.0706],[-73.70597,41.07131],[-73.70603,41.07145],[-73.70608,41.07156],[-73.70621,41.07184],[-73.70639,41.07226],[-73.7065,41.0727],[-73.70653,41.07282],[-73.70656,41.07292],[-73.70656,41.07292],[-73.70675,41.07281],[-73.70697,41.07268],[-73.70698,41.07268],[-73.70722,41.07268],[-73.70803,41.07263],[-73.70803,41.07263],[-73.70805,41.07263],[-73.7089,41.07255],[-73.71076,41.07244],[-73.71085,41.07244],[-73.71111,41.07243],[-73.71111,41.07243],[-73.71111,41.07243],[-73.7114,41.07241],[-73.71196,41.07237],[-73.71268,41.07232],[-73.71346,41.07231],[-73.71534,41.07221],[-73.71534,41.07221],[-73.71701,41.07212],[-73.71827,41.07204],[-73.71845,41.07203],[-73.71845,41.07203],[-73.71856,41.07203],[-73.7191,41.07201],[-73.72108,41.07184],[-73.72108,41.07184],[-73.72114,41.07775],[-73.72119,41.07786],[-73.72119,41.07786],[-73.72125,41.07797],[-73.72125,41.07798],[-73.72154,41.07815],[-73.72184,41.07832],[-73.72218,41.07832],[-73.72253,41.07826],[-73.72266,41.07824],[-73.72266,41.07824],[-73.72312,41.07802],[-73.72364,41.07775],[-73.72434,41.07726],[-73.7247,41.07707],[-73.7247,41.07707],[-73.72521,41.07678],[-73.72608,41.07617],[-73.7266,41.07575],[-73.72662,41.07573],[-73.72697,41.07546],[-73.72719,41.07528],[-73.72723,41.07526],[-73.72761,41.07497],[-73.72785,41.07487],[-73.72848,41.07462],[-73.72895,41.07453],[-73.72895,41.07453],[-73.7293,41.07446],[-73.72958,41.07446],[-73.72958,41.07446],[-73.73034,41.07448],[-73.73122,41.07466],[-73.73182,41.07484],[-73.73192,41.07487],[-73.73213,41.07493],[-73.73226,41.07497],[-73.73226,41.07497],[-73.73296,41.07492],[-73.73326,41.07482],[-73.73352,41.07472],[-73.73371,41.07466],[-73.73436,41.07466],[-73.73476,41.07466],[-73.73496,41.07478],[-73.73529,41.075],[-73.73531,41.07501],[-73.73545,41.07511],[-73.73575,41.07581],[-73.73582,41.07595],[-73.73611,41.077],[-73.73638,41.07736],[-73.73638,41.07736],[-73.73638,41.07736],[-73.7365,41.07751],[-73.73658,41.07761],[-73.73669,41.07775],[-73.73713,41.07801],[-73.73713,41.07801],[-73.73768,41.07832],[-73.73861,41.0785],[-73.73985,41.07837],[-73.74165,41.07802],[-73.74345,41.07759],[-73.74351,41.07758],[-73.74351,41.07758],[-73.74467,41.07749],[-73.74549,41.07775]]]},"properties":{"name":"PURCHASE SCHOOL","schoolId":"361374001125"}},{"type":"Feature","geometry":{"type":"Polygon","coordinates":[[[-73.73757,41.04769],[-73.73748,41.04803],[-73.73731,41.0483],[-73.73941,41.04953],[-73.74035,41.04911],[-73.74383,41.04798],[-73.74664,41.04718],[-73.74721,41.047],[-73.74715,41.04708],[-73.75021,41.04332],[-73.75089,41.04296],[-73.75112,41.04283],[-73.7512,41.04277],[-73.75142,41.04262],[-73.75171,41.04245],[-73.75181,41.04239],[-73.75205,41.04197],[-73.75207,41.04193],[-73.75232,41.0415],[-73.75241,41.04102],[-73.75245,41.04084],[-73.75259,41.04015],[-73.75321,41.03956],[-73.75357,41.03888],[-73.75357,41.03888],[-73.7536,41.03868],[-73.75372,41.03765],[-73.75372,41.03765],[-73.75245,41.0361],[-73.75223,41.03568],[-73.75221,41.03566],[-73.75221,41.03566],[-73.7522,41.03563],[-73.7522,41.03563],[-73.75249,41.03525],[-73.7525,41.03524],[-73.7526,41.03512],[-73.75265,41.03509],[-73.7527,41.03506],[-73.75274,41.03504],[-73.75275,41.03502],[-73.75279,41.03485],[-73.75279,41.03485],[-73.75282,41.03474],[-73.75286,41.03461],[-73.75322,41.03391],[-73.75322,41.03391],[-73.75322,41.03391],[-73.75333,41.0337],[-73.75335,41.03365],[-73.75344,41.03347],[-73.7535,41.03337],[-73.75356,41.03326],[-73.75337,41.03302],[-73.75321,41.03286],[-73.75315,41.0328],[-73.75311,41.03276],[-73.75297,41.03261],[-73.75275,41.03244],[-73.75262,41.03228],[-73.75194,41.0317],[-73.75168,41.0316],[-73.75104,41.03136],[-73.7509,41.03129],[-73.75045,41.03111],[-73.75023,41.03104],[-73.7502,41.03103],[-73.75006,41.03099],[-73.7499,41.03094],[-73.74978,41.03091],[-73.74977,41.03091],[-73.74928,41.03079],[-73.74915,41.03076],[-73.74896,41.03072],[-73.74855,41.03067],[-73.74811,41.03062],[-73.74785,41.0306],[-73.74779,41.0306],[-73.74756,41.03059],[-73.74682,41.03056],[-73.74636,41.03054],[-73.74615,41.03053],[-73.74615,41.03053],[-73.74592,41.03093],[-73.74567,41.03137],[-73.7453,41.03213],[-73.74522,41.0324],[-73.74508,41.03293],[-73.74495,41.03432],[-73.74456,41.03538],[-73.74364,41.03628],[-73.74155,41.03833],[-73.74086,41.04028],[-73.73937,41.04358],[-73.73812,41.04568],[-73.73817,41.04607],[-73.73817,41.04665],[-73.73757,41.04769]]]},"properties":{"name":"SAMUEL J PRESTON SCHOOL","schoolId":"361374001126"}},{"type":"Feature","geometry":{"type":"Polygon","coordinates":[[[-73.89832,40.97619],[-73.89878,40.97481],[-73.89714,40.97513],[-73.88883,40.97655],[-73.88862,40.97658],[-73.88805,40.97657],[-73.88708,40.97676],[-73.88653,40.97686],[-73.88587,40.97703],[-73.88361,40.9776],[-73.88246,40.97772],[-73.8815,40.97786],[-73.88035,40.97803],[-73.87875,40.97829],[-73.8783,40.97836],[-73.87727,40.97853],[-73.87263,40.9793],[-73.87234,40.97935],[-73.87028,40.97971],[-73.87014,40.97973],[-73.86926,40.97997],[-73.86918,40.97997],[-73.8682,40.98005],[-73.86774,40.9801],[-73.86759,40.98011],[-73.86728,40.98014],[-73.86673,40.9802],[-73.86598,40.98027],[-73.86528,40.98034],[-73.86363,40.9805],[-73.85861,40.98144],[-73.85542,40.98195],[-73.85494,40.98202],[-73.85481,40.98204],[-73.85453,40.98358],[-73.8541,40.98363],[-73.85393,40.98426],[-73.85356,40.9856],[-73.85338,40.98578],[-73.85315,40.98593],[-73.85298,40.98604],[-73.85284,40.98613],[-73.85277,40.98761],[-73.84884,40.98849],[-73.8485,40.98855],[-73.84837,40.98772],[-73.84858,40.9875],[-73.84887,40.98725],[-73.84958,40.9869],[-73.84915,40.98662],[-73.84887,40.98643],[-73.84733,40.9855],[-73.84554,40.98684],[-73.84766,40.98828],[-73.84825,40.98868],[-73.84799,40.98873],[-73.84788,40.98876],[-73.84811,40.98885],[-73.84855,40.98898],[-73.85347,40.99177],[-73.85368,40.99189],[-73.85798,40.99431],[-73.85913,40.99476],[-73.85875,40.9953],[-73.85823,40.99636],[-73.85811,40.99656],[-73.85782,40.99702],[-73.8574,40.99755],[-73.85846,40.9979],[-73.85865,40.998],[-73.85889,40.998],[-73.85897,40.998],[-73.86058,40.99831],[-73.86359,40.99909],[-73.86547,40.99958],[-73.86748,41.00011],[-73.86879,41.00029],[-73.86888,41.0003],[-73.87012,41.00062],[-73.87182,41.00118],[-73.87261,41.00158],[-73.87352,41.00185],[-73.87363,41.00182],[-73.87389,41.00185],[-73.87411,41.00185],[-73.87415,41.00183],[-73.87423,41.0018],[-73.87456,41.00151],[-73.87463,41.00143],[-73.87502,41.00132],[-73.87514,41.00132],[-73.87551,41.00207],[-73.87653,41.0024],[-73.87713,41.0026],[-73.8772,41.00258],[-73.87745,41.00264],[-73.87778,41.00268],[-73.87872,41.0028],[-73.8788,41.00281],[-73.8789,41.00277],[-73.87905,41.00286],[-73.87924,41.00314],[-73.87935,41.00315],[-73.87957,41.00317],[-73.87993,41.0032],[-73.88048,41.00332],[-73.88344,41.00382],[-73.88357,41.00386],[-73.88379,41.00391],[-73.88408,41.00401],[-73.89358,41.00531],[-73.89398,40.99721],[-73.89648,40.98171],[-73.89708,40.9799],[-73.89709,40.97988],[-73.89709,40.97988],[-73.8971,40.97984],[-73.89712,40.97978],[-73.89715,40.9797],[-73.89719,40.97959],[-73.89724,40.97942],[-73.89734,40.97913],[-73.89751,40.97863],[-73.89787,40.97754],[-73.89823,40.97645],[-73.89832,40.97619]]]},"properties":{"name":"HILLSIDE ELEMENTARY SCHOOL","schoolId":"361395001132"}},{"type":"Feature","geometry":{"type":"Polygon","coordinates":[[[-73.94634,41.27451],[-73.94642,41.27462],[-73.94653,41.27472],[-73.94653,41.27472],[-73.94667,41.27479],[-73.9468,41.27482],[-73.94692,41.27487],[-73.94699,41.27488],[-73.94707,41.27485],[-73.94735,41.27457],[-73.94752,41.27451],[-73.94765,41.2745],[-73.94806,41.2744],[-73.94806,41.2744],[-73.94816,41.27432],[-73.94824,41.27428],[-73.94824,41.27428],[-73.94826,41.27428],[-73.94843,41.27426],[-73.94859,41.27426],[-73.94884,41.27426],[-73.94887,41.27426],[-73.94887,41.27426],[-73.949,41.27422],[-73.9491,41.27413],[-73.94911,41.27413],[-73.94917,41.27414],[-73.94938,41.27391],[-73.94946,41.27352],[-73.94972,41.27344],[-73.95002,41.27352],[-73.95118,41.27275],[-73.9517,41.27268],[-73.952,41.27231],[-73.95197,41.27193],[-73.95276,41.27147],[-73.95298,41.27141],[-73.95324,41.27112],[-73.95326,41.27093],[-73.95509,41.26931],[-73.95475,41.26918],[-73.95536,41.26907],[-73.95676,41.26788],[-73.95659,41.26743],[-73.9573,41.26702],[-73.95835,41.26654],[-73.95966,41.26565],[-73.95974,41.26538],[-73.96283,41.26348],[-73.96393,41.26257],[-73.96474,41.26086],[-73.96489,41.25985],[-73.96491,41.25965],[-73.96513,41.25939],[-73.96517,41.25893],[-73.96498,41.25847],[-73.96549,41.25722],[-73.96556,41.25678],[-73.9659,41.25583],[-73.96598,41.25539],[-73.96603,41.25468],[-73.96631,41.25418],[-73.9662,41.25346],[-73.96614,41.25318],[-73.96644,41.25309],[-73.96657,41.25268],[-73.96603,41.25225],[-73.96532,41.25247],[-73.96504,41.25217],[-73.96596,41.25068],[-73.96573,41.25009],[-73.96579,41.24989],[-73.96534,41.24949],[-73.96496,41.24951],[-73.96427,41.24907],[-73.96421,41.24876],[-73.96371,41.24834],[-73.96294,41.24804],[-73.9624,41.24812],[-73.96172,41.24796],[-73.96062,41.2478],[-73.95955,41.24813],[-73.95828,41.24799],[-73.9568,41.24899],[-73.95558,41.24901],[-73.95433,41.24838],[-73.95393,41.24888],[-73.95255,41.24812],[-73.9524,41.24775],[-73.95225,41.24759],[-73.95245,41.24747],[-73.95275,41.24757],[-73.95285,41.24736],[-73.9524,41.24699],[-73.95202,41.24654],[-73.95193,41.24617],[-73.9519,41.24569],[-73.95054,41.24569],[-73.94879,41.24689],[-73.9484,41.24795],[-73.94792,41.24925],[-73.94547,41.24989],[-73.94387,41.25016],[-73.94369,41.25147],[-73.94361,41.25199],[-73.94371,41.2538],[-73.94393,41.25405],[-73.94381,41.25488],[-73.94376,41.25521],[-73.93934,41.2568],[-73.93954,41.25723],[-73.93771,41.2579],[-73.93532,41.25879],[-73.93495,41.25892],[-73.93262,41.26138],[-73.93136,41.26129],[-73.92983,41.26238],[-73.92958,41.26257],[-73.92835,41.26138],[-73.92845,41.26059],[-73.92808,41.26065],[-73.92777,41.2607],[-73.92681,41.26014],[-73.92601,41.25967],[-73.92615,41.25938],[-73.92463,41.25883],[-73.92296,41.26012],[-73.92202,41.25908],[-73.92231,41.25884],[-73.92124,41.25814],[-73.92095,41.25814],[-73.9206,41.25815],[-73.92014,41.25786],[-73.9183,41.2578],[-73.91757,41.25786],[-73.91653,41.25767],[-73.91669,41.25721],[-73.9162,41.2567],[-73.91638,41.25642],[-73.9166,41.25607],[-73.91534,41.25502],[-73.92199,41.25006],[-73.91453,41.24505],[-73.91302,41.24634],[-73.91143,41.24764],[-73.91122,41.24719],[-73.91085,41.24679],[-73.90956,41.24584],[-73.90921,41.24522],[-73.91058,41.2428],[-73.91024,41.24259],[-73.90905,41.24183],[-73.90773,41.24165],[-73.90777,41.2421],[-73.90768,41.24238],[-73.90745,41.24263],[-73.90719,41.24293],[-73.90794,41.24372],[-73.90765,41.24418],[-73.90874,41.24546],[-73.90807,41.24604],[-73.90798,41.24631],[-73.90786,41.24668],[-73.91027,41.24891],[-73.91022,41.25005],[-73.90902,41.25051],[-73.90917,41.25104],[-73.90983,41.25134],[-73.91045,41.25123],[-73.91103,41.25168],[-73.91097,41.25323],[-73.91092,41.25337],[-73.91099,41.25399],[-73.91068,41.25438],[-73.9117,41.25614],[-73.91262,41.25597],[-73.91304,41.25646],[-73.91321,41.25667],[-73.9136,41.25704],[-73.91393,41.25737],[-73.91457,41.25802],[-73.91555,41.25926],[-73.91587,41.25968],[-73.91633,41.25999],[-73.91692,41.26023],[-73.91757,41.26048],[-73.91917,41.26152],[-73.9193,41.26161],[-73.91976,41.26179],[-73.92032,41.26173],[-73.92058,41.2617],[-73.92097,41.26177],[-73.92317,41.26263],[-73.92352,41.26307],[-73.92369,41.26328],[-73.92421,41.26367],[-73.92491,41.26439],[-73.92588,41.26554],[-73.92613,41.26582],[-73.92651,41.26622],[-73.92876,41.26856],[-73.92876,41.26857],[-73.92896,41.26853],[-73.92919,41.26855],[-73.92919,41.26855],[-73.92942,41.26857],[-73.92955,41.26859],[-73.92987,41.26866],[-73.93013,41.26872],[-73.93024,41.26872],[-73.93026,41.26872],[-73.93026,41.26872],[-73.9303,41.26863],[-73.93031,41.26861],[-73.93033,41.26854],[-73.93036,41.26847],[-73.93037,41.26846],[-73.93037,41.26846],[-73.93049,41.2683],[-73.93059,41.26824],[-73.9306,41.26824],[-73.93062,41.26823],[-73.93069,41.26823],[-73.93077,41.26822],[-73.93096,41.26822],[-73.93159,41.26825],[-73.93164,41.26826],[-73.93175,41.26827],[-73.93184,41.26826],[-73.9319,41.26815],[-73.9319,41.26807],[-73.9319,41.26807],[-73.9319,41.26807],[-73.93211,41.26803],[-73.93226,41.26799],[-73.9324,41.26795],[-73.93256,41.26792],[-73.93263,41.26791],[-73.93266,41.26792],[-73.93286,41.26795],[-73.933,41.26799],[-73.93301,41.26799],[-73.93301,41.26799],[-73.93306,41.26803],[-73.93342,41.2683],[-73.93344,41.26831],[-73.93357,41.26835],[-73.93378,41.26842],[-73.93383,41.26844],[-73.93385,41.26845],[-73.93389,41.26846],[-73.93394,41.26846],[-73.93396,41.26846],[-73.93421,41.26847],[-73.93431,41.26844],[-73.93438,41.26844],[-73.93439,41.26844],[-73.9344,41.26844],[-73.93443,41.26828],[-73.93446,41.26816],[-73.93462,41.26821],[-73.9349,41.26829],[-73.93576,41.26855],[-73.93661,41.26846],[-73.93689,41.26843],[-73.93742,41.26911],[-73.93828,41.27022],[-73.93822,41.27029],[-73.93818,41.27038],[-73.93815,41.27047],[-73.93815,41.27054],[-73.93818,41.27064],[-73.93821,41.27071],[-73.93827,41.27079],[-73.93828,41.27116],[-73.93832,41.27154],[-73.93839,41.27166],[-73.93842,41.27172],[-73.93843,41.27172],[-73.9385,41.27176],[-73.93865,41.27178],[-73.93868,41.27178],[-73.93912,41.27178],[-73.93972,41.27168],[-73.94006,41.27168],[-73.94022,41.27173],[-73.94022,41.27173],[-73.94022,41.27173],[-73.94029,41.27179],[-73.94038,41.2719],[-73.9404,41.27203],[-73.94038,41.27234],[-73.94038,41.27236],[-73.94042,41.27249],[-73.94049,41.27254],[-73.94051,41.27255],[-73.94065,41.27259],[-73.94068,41.2726],[-73.94075,41.27262],[-73.94075,41.27262],[-73.94075,41.27262],[-73.94077,41.27258],[-73.9408,41.27254],[-73.94083,41.27252],[-73.94088,41.27247],[-73.941,41.27235],[-73.94108,41.27222],[-73.94113,41.27221],[-73.94116,41.27223],[-73.94118,41.27226],[-73.94118,41.2724],[-73.94118,41.27241],[-73.9412,41.27247],[-73.9412,41.27248],[-73.94118,41.27253],[-73.94118,41.27253],[-73.94118,41.27253],[-73.94114,41.27254],[-73.94112,41.27255],[-73.9411,41.27258],[-73.9411,41.27262],[-73.94113,41.27263],[-73.94113,41.27263],[-73.94113,41.27263],[-73.94121,41.27263],[-73.94124,41.27263],[-73.94131,41.27252],[-73.94135,41.27242],[-73.94135,41.27238],[-73.94134,41.27237],[-73.94133,41.27235],[-73.94133,41.27234],[-73.94133,41.27231],[-73.94135,41.2723],[-73.94138,41.2723],[-73.94142,41.2723],[-73.94146,41.2723],[-73.94155,41.27231],[-73.94156,41.27232],[-73.94158,41.27232],[-73.94183,41.27252],[-73.94192,41.27258],[-73.94201,41.27261],[-73.94207,41.27261],[-73.94215,41.27262],[-73.94226,41.2726],[-73.94228,41.27259],[-73.94233,41.27255],[-73.9424,41.27254],[-73.94247,41.27255],[-73.94253,41.27256],[-73.94254,41.27256],[-73.94299,41.27278],[-73.94321,41.27289],[-73.94322,41.27291],[-73.94324,41.27305],[-73.94319,41.27314],[-73.94319,41.27314],[-73.94318,41.27319],[-73.94319,41.2733],[-73.94329,41.27333],[-73.9433,41.27333],[-73.94331,41.27335],[-73.94332,41.27338],[-73.94332,41.27339],[-73.94334,41.27343],[-73.94339,41.27343],[-73.94344,41.27344],[-73.94344,41.27344],[-73.94351,41.27341],[-73.94356,41.27337],[-73.94359,41.27332],[-73.94359,41.27332],[-73.94359,41.27332],[-73.9436,41.27328],[-73.94359,41.27323],[-73.94356,41.27322],[-73.94356,41.27321],[-73.94355,41.27317],[-73.94355,41.27315],[-73.94355,41.27314],[-73.94356,41.27311],[-73.94359,41.27308],[-73.94359,41.27307],[-73.94365,41.27298],[-73.94365,41.27298],[-73.94364,41.27298],[-73.94364,41.27294],[-73.94362,41.27289],[-73.94361,41.27287],[-73.94362,41.27283],[-73.94365,41.27281],[-73.94369,41.2728],[-73.94371,41.27277],[-73.94372,41.27272],[-73.94372,41.27272],[-73.94373,41.27271],[-73.94373,41.27271],[-73.94373,41.2727],[-73.94374,41.2727],[-73.94376,41.2727],[-73.94377,41.27272],[-73.94378,41.27276],[-73.94381,41.27278],[-73.94385,41.27278],[-73.94385,41.27278],[-73.94387,41.27276],[-73.94389,41.27274],[-73.94402,41.27273],[-73.94404,41.27273],[-73.94404,41.27272],[-73.94407,41.27266],[-73.94407,41.27266],[-73.94409,41.27266],[-73.94414,41.27265],[-73.9442,41.27265],[-73.9442,41.27265],[-73.94435,41.27271],[-73.94435,41.27271],[-73.9444,41.27276],[-73.94444,41.27284],[-73.94444,41.27284],[-73.94447,41.27304],[-73.94452,41.27318],[-73.94453,41.27378],[-73.94454,41.27382],[-73.94454,41.27382],[-73.94456,41.27388],[-73.9446,41.27394],[-73.94461,41.27395],[-73.94462,41.27396],[-73.94468,41.27399],[-73.94477,41.27402],[-73.94484,41.27403],[-73.94485,41.27403],[-73.94486,41.27403],[-73.94491,41.27405],[-73.94491,41.27414],[-73.94496,41.2742],[-73.94497,41.2742],[-73.94505,41.27422],[-73.94512,41.27423],[-73.94539,41.27444],[-73.94543,41.27447],[-73.94543,41.27447],[-73.94555,41.27449],[-73.94568,41.27451],[-73.94569,41.27451],[-73.94578,41.27455],[-73.94579,41.27455],[-73.94585,41.27461],[-73.94586,41.27462],[-73.94598,41.27462],[-73.94605,41.27457],[-73.94609,41.27451],[-73.9461,41.2745],[-73.94616,41.27445],[-73.94616,41.27445],[-73.94625,41.27445],[-73.94625,41.27445],[-73.94634,41.27451]]]},"properties":{"name":"BUCHANAN-VERPLANCK ELEMENTARY SCHOOL","schoolId":"361419001162"}},{"type":"Feature","geometry":{"type":"Polygon","coordinates":[[[-73.92835,41.26138],[-73.92958,41.26257],[-73.92983,41.26238],[-73.93136,41.26129],[-73.93262,41.26138],[-73.93495,41.25892],[-73.93532,41.25879],[-73.93771,41.2579],[-73.93954,41.25723],[-73.93934,41.2568],[-73.94376,41.25521],[-73.94381,41.25488],[-73.94393,41.25405],[-73.94371,41.2538],[-73.94361,41.25199],[-73.94369,41.25147],[-73.94387,41.25016],[-73.94547,41.24989],[-73.94792,41.24925],[-73.9484,41.24795],[-73.94879,41.24689],[-73.95054,41.24569],[-73.9519,41.24569],[-73.952,41.24512],[-73.95203,41.24477],[-73.95255,41.2443],[-73.95263,41.24367],[-73.95325,41.24337],[-73.95301,41.24324],[-73.95315,41.24314],[-73.9533,41.2423],[-73.95349,41.24204],[-73.95349,41.24172],[-73.95324,41.24141],[-73.95302,41.24121],[-73.95277,41.24078],[-73.95274,41.24048],[-73.95274,41.24014],[-73.95237,41.23978],[-73.95203,41.23961],[-73.95139,41.23893],[-73.95139,41.23786],[-73.95115,41.23744],[-73.95066,41.23728],[-73.9501,41.23698],[-73.95008,41.23673],[-73.94976,41.23662],[-73.94944,41.23669],[-73.94924,41.2368],[-73.94901,41.23667],[-73.9486,41.23673],[-73.94843,41.23661],[-73.94817,41.23664],[-73.94786,41.23657],[-73.94749,41.23685],[-73.94733,41.23704],[-73.94711,41.23711],[-73.94688,41.23732],[-73.94673,41.23754],[-73.94619,41.23761],[-73.94564,41.23759],[-73.94497,41.23752],[-73.94473,41.23756],[-73.94433,41.2373],[-73.94413,41.23686],[-73.94343,41.23522],[-73.94405,41.23469],[-73.94431,41.23473],[-73.94441,41.23448],[-73.94424,41.23427],[-73.94418,41.23402],[-73.94383,41.23386],[-73.94355,41.23348],[-73.94345,41.2337],[-73.94317,41.23376],[-73.94355,41.2342],[-73.94291,41.23485],[-73.94177,41.23504],[-73.94169,41.23527],[-73.94145,41.23535],[-73.94092,41.23519],[-73.94044,41.23428],[-73.94008,41.23378],[-73.9401,41.23356],[-73.94051,41.23345],[-73.94042,41.23314],[-73.94012,41.23297],[-73.9398,41.23301],[-73.9395,41.23281],[-73.93888,41.23283],[-73.93791,41.23281],[-73.93774,41.23256],[-73.93746,41.23239],[-73.93717,41.23235],[-73.93695,41.23252],[-73.93547,41.23262],[-73.93508,41.23256],[-73.93516,41.23281],[-73.93495,41.23312],[-73.93469,41.23317],[-73.93429,41.23318],[-73.93409,41.23297],[-73.93353,41.23312],[-73.93317,41.23323],[-73.93259,41.23322],[-73.93186,41.23338],[-73.93102,41.23327],[-73.9305,41.2332],[-73.93014,41.23302],[-73.92995,41.23268],[-73.93032,41.23251],[-73.93053,41.23178],[-73.93038,41.23151],[-73.93055,41.23122],[-73.93012,41.23094],[-73.92948,41.23076],[-73.92924,41.23083],[-73.92892,41.23084],[-73.9283,41.22965],[-73.92811,41.229],[-73.92671,41.22808],[-73.92652,41.22763],[-73.92708,41.22733],[-73.92711,41.22705],[-73.92714,41.22684],[-73.92724,41.22656],[-73.92712,41.22635],[-73.92684,41.22591],[-73.92645,41.22568],[-73.92544,41.22594],[-73.92495,41.22663],[-73.92465,41.22663],[-73.92303,41.22544],[-73.92188,41.22426],[-73.91931,41.22265],[-73.91869,41.22236],[-73.91757,41.22163],[-73.91727,41.22148],[-73.91705,41.22123],[-73.9165,41.22089],[-73.91579,41.22035],[-73.91474,41.21945],[-73.9146,41.21947],[-73.91455,41.21949],[-73.91442,41.21951],[-73.91439,41.21951],[-73.91417,41.2196],[-73.9139,41.21971],[-73.91373,41.21972],[-73.91338,41.21976],[-73.91338,41.21976],[-73.91226,41.22017],[-73.912,41.22028],[-73.91143,41.22055],[-73.91058,41.22094],[-73.90873,41.22253],[-73.90669,41.22428],[-73.90639,41.22454],[-73.90635,41.22458],[-73.90554,41.22559],[-73.90512,41.22611],[-73.90501,41.22623],[-73.90497,41.22646],[-73.90491,41.22685],[-73.90484,41.22692],[-73.90469,41.22708],[-73.90396,41.22777],[-73.90362,41.22809],[-73.90349,41.22822],[-73.90342,41.22836],[-73.90342,41.22836],[-73.9034,41.22839],[-73.9034,41.22839],[-73.90325,41.22848],[-73.90292,41.22877],[-73.9029,41.22879],[-73.90152,41.22931],[-73.901,41.22951],[-73.89936,41.23058],[-73.89936,41.23058],[-73.89863,41.2316],[-73.898,41.23241],[-73.89849,41.23278],[-73.89825,41.23299],[-73.89806,41.23316],[-73.89704,41.2343],[-73.89595,41.23551],[-73.89582,41.23565],[-73.89582,41.23565],[-73.8958,41.23565],[-73.89579,41.23565],[-73.89617,41.23578],[-73.89612,41.23634],[-73.8959,41.23646],[-73.89584,41.23658],[-73.89576,41.23709],[-73.89588,41.23721],[-73.89603,41.23737],[-73.89622,41.23759],[-73.89641,41.23787],[-73.89652,41.23806],[-73.89666,41.23827],[-73.89683,41.23854],[-73.89732,41.23932],[-73.89741,41.23945],[-73.89757,41.23971],[-73.89767,41.23986],[-73.89719,41.24019],[-73.89903,41.24166],[-73.89898,41.242],[-73.8989,41.24251],[-73.89793,41.24305],[-73.89721,41.24234],[-73.89405,41.24481],[-73.89535,41.24579],[-73.89486,41.24613],[-73.89341,41.24715],[-73.89488,41.24859],[-73.89805,41.24586],[-73.90036,41.24386],[-73.90176,41.24378],[-73.90208,41.24469],[-73.9018,41.24576],[-73.9025,41.24618],[-73.90268,41.24629],[-73.9033,41.24593],[-73.90403,41.24621],[-73.90521,41.24535],[-73.90366,41.24424],[-73.9034,41.24354],[-73.9048,41.24268],[-73.90499,41.24256],[-73.90524,41.24274],[-73.90583,41.24314],[-73.9064,41.24353],[-73.9067,41.24361],[-73.9068,41.24337],[-73.90719,41.24293],[-73.90745,41.24263],[-73.90768,41.24238],[-73.90777,41.2421],[-73.90773,41.24165],[-73.90905,41.24183],[-73.91024,41.24259],[-73.91058,41.2428],[-73.90921,41.24522],[-73.90956,41.24584],[-73.91085,41.24679],[-73.91122,41.24719],[-73.91143,41.24764],[-73.91302,41.24634],[-73.91453,41.24505],[-73.92199,41.25006],[-73.91534,41.25502],[-73.9166,41.25607],[-73.91638,41.25642],[-73.9162,41.2567],[-73.91669,41.25721],[-73.91653,41.25767],[-73.91757,41.25786],[-73.9183,41.2578],[-73.92014,41.25786],[-73.9206,41.25815],[-73.92095,41.25814],[-73.92124,41.25814],[-73.92231,41.25884],[-73.92202,41.25908],[-73.92296,41.26012],[-73.92463,41.25883],[-73.92615,41.25938],[-73.92601,41.25967],[-73.92681,41.26014],[-73.92777,41.2607],[-73.92808,41.26065],[-73.92845,41.26059],[-73.92835,41.26138]]]},"properties":{"name":"FRANK G LINDSEY ELEMENTARY SCHOOL","schoolId":"361419001163"}},{"type":"Feature","geometry":{"type":"Polygon","coordinates":[[[-73.89273,41.28512],[-73.89273,41.28512],[-73.89489,41.28532],[-73.89659,41.28555],[-73.89659,41.28555],[-73.89723,41.28564],[-73.89723,41.28564],[-73.89712,41.28598],[-73.89712,41.28598],[-73.89709,41.28609],[-73.89709,41.28609],[-73.89773,41.28626],[-73.89881,41.28648],[-73.89902,41.28653],[-73.8991,41.28655],[-73.89917,41.28621],[-73.89937,41.28574],[-73.89939,41.2857],[-73.89943,41.28561],[-73.89943,41.28561],[-73.89979,41.28505],[-73.89988,41.28495],[-73.89988,41.28495],[-73.89996,41.28485],[-73.9002,41.28458],[-73.9002,41.28458],[-73.89941,41.28411],[-73.89931,41.2839],[-73.89931,41.2839],[-73.89917,41.28357],[-73.89911,41.28345],[-73.89923,41.28317],[-73.89923,41.28317],[-73.89942,41.28272],[-73.89955,41.28216],[-73.8996,41.28169],[-73.8994,41.28121],[-73.8994,41.28121],[-73.89939,41.28117],[-73.89942,41.28116],[-73.89942,41.28116],[-73.89963,41.28108],[-73.89968,41.281],[-73.89974,41.28088],[-73.89995,41.2807],[-73.89995,41.2807],[-73.89998,41.28067],[-73.90002,41.28064],[-73.90006,41.2806],[-73.90007,41.2806],[-73.90007,41.2806],[-73.90009,41.2806],[-73.90017,41.2806],[-73.90019,41.2806],[-73.9002,41.2806],[-73.90038,41.28065],[-73.90064,41.28064],[-73.90065,41.28064],[-73.90076,41.28061],[-73.90076,41.28061],[-73.90076,41.28061],[-73.90094,41.28057],[-73.90134,41.28047],[-73.90137,41.28046],[-73.90138,41.28045],[-73.90154,41.2804],[-73.9018,41.28035],[-73.9018,41.28035],[-73.90184,41.28034],[-73.90283,41.28034],[-73.90297,41.28031],[-73.90318,41.28025],[-73.90339,41.28012],[-73.90364,41.27997],[-73.90376,41.27992],[-73.90376,41.27992],[-73.90376,41.27992],[-73.90384,41.27993],[-73.90394,41.27997],[-73.90397,41.27999],[-73.90411,41.28004],[-73.90411,41.28004],[-73.9042,41.28007],[-73.90435,41.28006],[-73.90445,41.27991],[-73.90463,41.27987],[-73.90481,41.2798],[-73.90494,41.27975],[-73.90509,41.2797],[-73.90516,41.27968],[-73.90559,41.27956],[-73.90601,41.27937],[-73.90603,41.27934],[-73.90611,41.2792],[-73.90618,41.279],[-73.90618,41.279],[-73.90626,41.27878],[-73.90633,41.27863],[-73.90642,41.27846],[-73.90644,41.27842],[-73.90646,41.27838],[-73.90646,41.27838],[-73.90651,41.27834],[-73.90656,41.27831],[-73.90656,41.27831],[-73.9072,41.2779],[-73.90773,41.2776],[-73.90773,41.2776],[-73.90777,41.27758],[-73.90777,41.27758],[-73.90802,41.27749],[-73.90802,41.27749],[-73.90849,41.27732],[-73.90899,41.27718],[-73.90919,41.27712],[-73.90925,41.27711],[-73.90938,41.27708],[-73.90938,41.27708],[-73.90938,41.27708],[-73.90993,41.27698],[-73.91037,41.27684],[-73.91064,41.27672],[-73.91066,41.27671],[-73.91103,41.27642],[-73.91103,41.27642],[-73.91103,41.27642],[-73.91224,41.27547],[-73.91268,41.27531],[-73.91273,41.2753],[-73.91315,41.27527],[-73.91377,41.27525],[-73.91377,41.27525],[-73.91386,41.27525],[-73.91451,41.27512],[-73.9146,41.27509],[-73.91494,41.27499],[-73.9153,41.27493],[-73.9154,41.27492],[-73.91543,41.27491],[-73.91577,41.27482],[-73.91577,41.27482],[-73.91684,41.27454],[-73.9169,41.27453],[-73.91706,41.27451],[-73.91734,41.27446],[-73.91755,41.27441],[-73.91767,41.27434],[-73.91814,41.27409],[-73.91821,41.27406],[-73.91825,41.27405],[-73.91825,41.27405],[-73.91828,41.27404],[-73.9184,41.274],[-73.91847,41.27398],[-73.91851,41.27397],[-73.91861,41.27399],[-73.91861,41.27399],[-73.91864,41.274],[-73.91865,41.274],[-73.91865,41.274],[-73.91891,41.27406],[-73.91909,41.27409],[-73.91909,41.27409],[-73.91924,41.27411],[-73.91928,41.27413],[-73.91936,41.27412],[-73.91936,41.27412],[-73.91952,41.27412],[-73.9196,41.27409],[-73.91963,41.27406],[-73.91975,41.27389],[-73.91979,41.27375],[-73.91993,41.27327],[-73.91996,41.27322],[-73.91997,41.27321],[-73.91997,41.27321],[-73.92,41.2732],[-73.9201,41.27322],[-73.92012,41.27323],[-73.92016,41.27326],[-73.9202,41.27327],[-73.92025,41.27327],[-73.92028,41.27325],[-73.92032,41.27322],[-73.92035,41.27319],[-73.92041,41.27316],[-73.92045,41.27316],[-73.92045,41.27316],[-73.92045,41.27316],[-73.92048,41.27317],[-73.9207,41.27331],[-73.9207,41.27331],[-73.92072,41.27332],[-73.92084,41.27334],[-73.92096,41.27334],[-73.92108,41.27333],[-73.92117,41.27328],[-73.92124,41.27322],[-73.92138,41.27287],[-73.92138,41.27287],[-73.9214,41.27286],[-73.92148,41.2728],[-73.92148,41.2728],[-73.92162,41.27278],[-73.92188,41.27286],[-73.92189,41.27286],[-73.92202,41.27286],[-73.9221,41.27282],[-73.9221,41.27282],[-73.92211,41.27281],[-73.92218,41.27276],[-73.92223,41.27266],[-73.92224,41.27255],[-73.92223,41.27243],[-73.92219,41.2724],[-73.92218,41.27239],[-73.92217,41.27221],[-73.92217,41.2722],[-73.92217,41.2722],[-73.92217,41.2722],[-73.9222,41.27217],[-73.92274,41.27087],[-73.9236,41.27002],[-73.92389,41.26982],[-73.92507,41.26897],[-73.92535,41.26855],[-73.92527,41.26773],[-73.92589,41.26731],[-73.92598,41.26732],[-73.92669,41.26742],[-73.92678,41.26746],[-73.92679,41.26747],[-73.92698,41.26774],[-73.92708,41.26783],[-73.92727,41.26795],[-73.92758,41.2681],[-73.92769,41.26814],[-73.92792,41.26819],[-73.92794,41.2682],[-73.92798,41.26821],[-73.92798,41.26821],[-73.92804,41.26823],[-73.92805,41.26823],[-73.92812,41.26831],[-73.92814,41.26838],[-73.92818,41.26848],[-73.92819,41.26849],[-73.92819,41.26849],[-73.9283,41.26852],[-73.92837,41.26854],[-73.92837,41.26854],[-73.92847,41.26856],[-73.92851,41.26857],[-73.92851,41.26857],[-73.9286,41.26859],[-73.92874,41.26857],[-73.92876,41.26857],[-73.92876,41.26856],[-73.92651,41.26622],[-73.92613,41.26582],[-73.92588,41.26554],[-73.92491,41.26439],[-73.92421,41.26367],[-73.92369,41.26328],[-73.92352,41.26307],[-73.92317,41.26263],[-73.92097,41.26177],[-73.92058,41.2617],[-73.92032,41.26173],[-73.91976,41.26179],[-73.9193,41.26161],[-73.91917,41.26152],[-73.91757,41.26048],[-73.91692,41.26023],[-73.91633,41.25999],[-73.91587,41.25968],[-73.91555,41.25926],[-73.91457,41.25802],[-73.91393,41.25737],[-73.9136,41.25704],[-73.91321,41.25667],[-73.91304,41.25646],[-73.91262,41.25597],[-73.9117,41.25614],[-73.91068,41.25438],[-73.91099,41.25399],[-73.91092,41.25337],[-73.91097,41.25323],[-73.91103,41.25168],[-73.91045,41.25123],[-73.90983,41.25134],[-73.90917,41.25104],[-73.90902,41.25051],[-73.91022,41.25005],[-73.91027,41.24891],[-73.90786,41.24668],[-73.90798,41.24631],[-73.90807,41.24604],[-73.90874,41.24546],[-73.90765,41.24418],[-73.90794,41.24372],[-73.90719,41.24293],[-73.9068,41.24337],[-73.9067,41.24361],[-73.9064,41.24353],[-73.90583,41.24314],[-73.90524,41.24274],[-73.90499,41.24256],[-73.9048,41.24268],[-73.9034,41.24354],[-73.90366,41.24424],[-73.90521,41.24535],[-73.90403,41.24621],[-73.9033,41.24593],[-73.90268,41.24629],[-73.9025,41.24618],[-73.9018,41.24576],[-73.90208,41.24469],[-73.90176,41.24378],[-73.90036,41.24386],[-73.89805,41.24586],[-73.89488,41.24859],[-73.89341,41.24715],[-73.89486,41.24613],[-73.89535,41.24579],[-73.89405,41.24481],[-73.89721,41.24234],[-73.89793,41.24305],[-73.8989,41.24251],[-73.89898,41.242],[-73.89903,41.24166],[-73.89719,41.24019],[-73.89767,41.23986],[-73.89757,41.23971],[-73.89741,41.23945],[-73.89732,41.23932],[-73.89683,41.23854],[-73.89666,41.23827],[-73.89652,41.23806],[-73.89641,41.23787],[-73.89622,41.23759],[-73.89603,41.23737],[-73.89588,41.23721],[-73.89576,41.23709],[-73.89584,41.23658],[-73.8959,41.23646],[-73.89612,41.23634],[-73.89617,41.23578],[-73.89579,41.23565],[-73.8958,41.23565],[-73.89571,41.23563],[-73.89565,41.23561],[-73.89551,41.23569],[-73.8955,41.2357],[-73.88756,41.24019],[-73.88765,41.24018],[-73.88769,41.24017],[-73.88771,41.24017],[-73.88773,41.24017],[-73.88773,41.24017],[-73.88715,41.24073],[-73.88715,41.24073],[-73.88521,41.24261],[-73.88501,41.24279],[-73.88501,41.24279],[-73.885,41.24279],[-73.885,41.2428],[-73.88497,41.24277],[-73.88417,41.24212],[-73.88388,41.24194],[-73.88388,41.24194],[-73.88343,41.24164],[-73.88363,41.24135],[-73.8834,41.24125],[-73.8834,41.24125],[-73.88317,41.24139],[-73.88316,41.24139],[-73.88303,41.24132],[-73.88303,41.24132],[-73.88287,41.24123],[-73.88279,41.24133],[-73.88278,41.24134],[-73.88247,41.24122],[-73.88239,41.24118],[-73.88173,41.2409],[-73.88171,41.24089],[-73.88151,41.24112],[-73.88135,41.2413],[-73.88085,41.24181],[-73.88059,41.24207],[-73.88054,41.24212],[-73.88045,41.24221],[-73.88034,41.24233],[-73.88027,41.24237],[-73.88021,41.24239],[-73.88001,41.2425],[-73.87979,41.24257],[-73.87978,41.24258],[-73.8796,41.24266],[-73.87948,41.24273],[-73.87948,41.24273],[-73.87927,41.24287],[-73.87924,41.24289],[-73.87922,41.2429],[-73.87922,41.2429],[-73.87924,41.24391],[-73.87916,41.24403],[-73.87884,41.24431],[-73.87882,41.24432],[-73.87882,41.24432],[-73.87858,41.24412],[-73.87823,41.24382],[-73.87823,41.24382],[-73.87779,41.24417],[-73.87779,41.24417],[-73.87778,41.24416],[-73.8773,41.24388],[-73.87656,41.24435],[-73.87656,41.24437],[-73.87652,41.24473],[-73.87639,41.24474],[-73.87619,41.24474],[-73.87616,41.24474],[-73.87612,41.24474],[-73.87605,41.24474],[-73.8758,41.24488],[-73.8758,41.24488],[-73.87557,41.24502],[-73.87546,41.24495],[-73.87545,41.24494],[-73.87534,41.24486],[-73.87534,41.24486],[-73.87532,41.24488],[-73.87532,41.24488],[-73.87512,41.2451],[-73.87472,41.24553],[-73.87308,41.24723],[-73.87308,41.24723],[-73.87307,41.24724],[-73.87307,41.24724],[-73.87262,41.2469],[-73.87262,41.2469],[-73.87247,41.24679],[-73.87247,41.24679],[-73.87242,41.24683],[-73.87242,41.24683],[-73.87204,41.24647],[-73.87204,41.24648],[-73.87203,41.24649],[-73.87109,41.24742],[-73.87109,41.24742],[-73.86911,41.24938],[-73.86601,41.24823],[-73.86601,41.24823],[-73.86423,41.24961],[-73.86295,41.25061],[-73.86281,41.25066],[-73.86281,41.25066],[-73.86263,41.2508],[-73.86263,41.2508],[-73.86179,41.25143],[-73.8525,41.2431],[-73.8525,41.2431],[-73.85026,41.24109],[-73.85026,41.24109],[-73.85056,41.24251],[-73.85056,41.24252],[-73.85149,41.24683],[-73.85149,41.24707],[-73.85149,41.24723],[-73.85149,41.24729],[-73.85149,41.24771],[-73.85148,41.24777],[-73.85196,41.25168],[-73.85197,41.25179],[-73.8517,41.25347],[-73.8517,41.25347],[-73.85141,41.25346],[-73.85046,41.25345],[-73.84867,41.25336],[-73.84864,41.25336],[-73.84767,41.25337],[-73.84766,41.25337],[-73.8472,41.25338],[-73.84719,41.25338],[-73.84714,41.25338],[-73.84755,41.2554],[-73.84755,41.2554],[-73.84787,41.25698],[-73.84794,41.25735],[-73.84794,41.25736],[-73.84813,41.25731],[-73.84813,41.25731],[-73.84821,41.25729],[-73.84821,41.25729],[-73.84821,41.25729],[-73.84831,41.2573],[-73.84852,41.25737],[-73.84914,41.25762],[-73.84947,41.25775],[-73.84963,41.25786],[-73.84964,41.25786],[-73.84969,41.25789],[-73.85014,41.25811],[-73.85034,41.25819],[-73.85052,41.25827],[-73.85068,41.25833],[-73.85074,41.25834],[-73.8508,41.25836],[-73.85089,41.25839],[-73.85096,41.25844],[-73.85097,41.25844],[-73.85097,41.25845],[-73.8511,41.25859],[-73.85126,41.25889],[-73.85127,41.25891],[-73.8514,41.25916],[-73.85154,41.2594],[-73.85167,41.25953],[-73.85169,41.25955],[-73.85174,41.25964],[-73.85176,41.25968],[-73.85185,41.25989],[-73.85185,41.25989],[-73.85186,41.2599],[-73.85203,41.26032],[-73.85224,41.26086],[-73.85224,41.26086],[-73.85227,41.26092],[-73.85227,41.26092],[-73.85406,41.26087],[-73.85408,41.26087],[-73.85493,41.26086],[-73.85502,41.26108],[-73.85504,41.26118],[-73.85506,41.2614],[-73.85506,41.26144],[-73.85508,41.26149],[-73.8551,41.26154],[-73.85512,41.26164],[-73.85512,41.26165],[-73.8551,41.26173],[-73.8551,41.26184],[-73.85515,41.26196],[-73.85527,41.26221],[-73.85527,41.26221],[-73.85509,41.26227],[-73.85506,41.26228],[-73.85504,41.26276],[-73.85493,41.26348],[-73.85491,41.26361],[-73.8549,41.26366],[-73.85467,41.26435],[-73.85463,41.26458],[-73.8546,41.26472],[-73.85457,41.26487],[-73.85457,41.26489],[-73.85466,41.26513],[-73.85478,41.26553],[-73.85479,41.26563],[-73.85479,41.26572],[-73.8548,41.26578],[-73.8548,41.26585],[-73.85458,41.26596],[-73.85465,41.26646],[-73.85472,41.26683],[-73.85468,41.2669],[-73.85466,41.26692],[-73.8547,41.26692],[-73.85533,41.26692],[-73.85557,41.26695],[-73.85583,41.267],[-73.85624,41.26712],[-73.85651,41.2672],[-73.85662,41.26722],[-73.85704,41.26733],[-73.85704,41.26733],[-73.85724,41.26737],[-73.85727,41.26738],[-73.85731,41.26738],[-73.8575,41.26739],[-73.85774,41.26739],[-73.85781,41.26739],[-73.85793,41.26739],[-73.85793,41.26739],[-73.85847,41.26736],[-73.8593,41.26729],[-73.8596,41.26723],[-73.85979,41.26719],[-73.8599,41.26717],[-73.86023,41.26707],[-73.86028,41.26705],[-73.86091,41.26689],[-73.86104,41.26685],[-73.86108,41.26684],[-73.86135,41.2668],[-73.86142,41.26679],[-73.86167,41.26677],[-73.86191,41.26678],[-73.86215,41.2668],[-73.8622,41.26681],[-73.86237,41.26683],[-73.86284,41.26693],[-73.86311,41.26699],[-73.86317,41.267],[-73.86346,41.26704],[-73.86368,41.26705],[-73.86368,41.26705],[-73.86369,41.26704],[-73.86389,41.26703],[-73.86421,41.26698],[-73.86546,41.26672],[-73.86547,41.26672],[-73.86548,41.26672],[-73.86631,41.273],[-73.86634,41.273],[-73.87036,41.27258],[-73.87038,41.27259],[-73.87108,41.27305],[-73.87124,41.27315],[-73.87386,41.27495],[-73.87436,41.2753],[-73.87556,41.27626],[-73.87779,41.27624],[-73.87822,41.27623],[-73.87822,41.27623],[-73.87826,41.28001],[-73.87978,41.28],[-73.88272,41.27999],[-73.88292,41.27999],[-73.88439,41.27992],[-73.88612,41.27983],[-73.88629,41.27984],[-73.8885,41.27995],[-73.88876,41.27996],[-73.88876,41.27996],[-73.88795,41.28129],[-73.88657,41.28356],[-73.88625,41.28453],[-73.88625,41.28453],[-73.88603,41.28519],[-73.88603,41.28519],[-73.88603,41.28519],[-73.88613,41.28517],[-73.88623,41.28514],[-73.8865,41.28507],[-73.88673,41.28504],[-73.88684,41.28503],[-73.88711,41.28503],[-73.88711,41.28503],[-73.88714,41.28503],[-73.88715,41.28503],[-73.88714,41.28504],[-73.88701,41.28547],[-73.88695,41.28567],[-73.88695,41.28567],[-73.88881,41.28577],[-73.88949,41.2858],[-73.88978,41.28581],[-73.89089,41.28585],[-73.89089,41.28585],[-73.89099,41.28584],[-73.89099,41.28584],[-73.89147,41.28576],[-73.89157,41.28502],[-73.89273,41.28512]]]},"properties":{"name":"FURNACE WOODS ELEMENTARY SCHOOL","schoolId":"361419001164"}},{"type":"Feature","geometry":{"type":"Polygon","coordinates":[[[-73.89448,41.0646],[-73.89388,41.0579],[-73.89268,41.0535],[-73.89038,41.0458],[-73.89028,41.0452],[-73.88938,41.03761],[-73.88948,41.03411],[-73.88992,41.02576],[-73.87687,41.02563],[-73.87673,41.02563],[-73.87631,41.02563],[-73.87384,41.02557],[-73.87374,41.02561],[-73.87232,41.02559],[-73.87154,41.02566],[-73.8713,41.02567],[-73.87076,41.02569],[-73.8706,41.0257],[-73.87027,41.02568],[-73.8697,41.02567],[-73.86899,41.02566],[-73.86853,41.02565],[-73.8684,41.02568],[-73.86852,41.02546],[-73.86892,41.02406],[-73.86779,41.02402],[-73.86668,41.02402],[-73.8663,41.02401],[-73.86491,41.02405],[-73.86485,41.02381],[-73.86477,41.02332],[-73.86463,41.02256],[-73.86304,41.02267],[-73.86274,41.02261],[-73.86115,41.02296],[-73.8584,41.02349],[-73.85839,41.02351],[-73.85831,41.0235],[-73.85668,41.02377],[-73.85024,41.0248],[-73.84904,41.02702],[-73.84857,41.02753],[-73.84781,41.02832],[-73.84787,41.02966],[-73.84668,41.03173],[-73.84552,41.03591],[-73.84297,41.03537],[-73.83811,41.04234],[-73.83839,41.04245],[-73.84269,41.04414],[-73.84203,41.04477],[-73.84081,41.0464],[-73.84179,41.04781],[-73.84281,41.04855],[-73.83771,41.05548],[-73.83836,41.05548],[-73.83927,41.05819],[-73.83889,41.05897],[-73.83887,41.05902],[-73.83833,41.05888],[-73.83693,41.05805],[-73.83677,41.05831],[-73.83665,41.05856],[-73.83525,41.0615],[-73.83529,41.06166],[-73.8358,41.06204],[-73.83563,41.06272],[-73.83593,41.06203],[-73.8357,41.0618],[-73.8358,41.06183],[-73.83647,41.06211],[-73.83696,41.06233],[-73.83732,41.06253],[-73.83724,41.06266],[-73.83722,41.06271],[-73.83719,41.06286],[-73.83719,41.06296],[-73.83724,41.06315],[-73.83727,41.06322],[-73.83732,41.06329],[-73.83748,41.06348],[-73.83764,41.06366],[-73.83782,41.06383],[-73.83794,41.06393],[-73.83801,41.06398],[-73.83804,41.064],[-73.84099,41.06388],[-73.84344,41.06373],[-73.84403,41.06373],[-73.84448,41.06375],[-73.84527,41.0638],[-73.8476,41.064],[-73.84907,41.06468],[-73.85133,41.06469],[-73.85416,41.06453],[-73.85495,41.06449],[-73.85624,41.06439],[-73.86016,41.06411],[-73.86067,41.06407],[-73.86234,41.06414],[-73.86232,41.06363],[-73.86266,41.0637],[-73.86325,41.06381],[-73.86361,41.06388],[-73.86381,41.06392],[-73.86391,41.06394],[-73.86668,41.06436],[-73.86775,41.06452],[-73.86836,41.0644],[-73.89448,41.0646]]]},"properties":{"name":"DOWS LANE (K-3) SCHOOL","schoolId":"361545004903"}},{"type":"Feature","geometry":{"type":"Polygon","coordinates":[[[-73.80422,41.315],[-73.80406,41.3158],[-73.80339,41.31589],[-73.80363,41.32295],[-73.80567,41.32556],[-73.81015,41.32563],[-73.81352,41.33254],[-73.81274,41.33275],[-73.81256,41.33277],[-73.81177,41.3328],[-73.81088,41.33286],[-73.80974,41.33297],[-73.80398,41.33357],[-73.80345,41.33404],[-73.80224,41.33376],[-73.80186,41.33384],[-73.80003,41.33351],[-73.80025,41.33508],[-73.79952,41.33567],[-73.79909,41.33584],[-73.79878,41.33595],[-73.79829,41.33601],[-73.7978,41.33597],[-73.79734,41.33582],[-73.79679,41.33576],[-73.79332,41.3374],[-73.78774,41.35526],[-73.78651,41.35626],[-73.78665,41.35645],[-73.78667,41.35649],[-73.79501,41.35674],[-73.79506,41.35616],[-73.79528,41.35319],[-73.79578,41.35322],[-73.79578,41.35322],[-73.79635,41.35325],[-73.79635,41.35325],[-73.79647,41.35052],[-73.79647,41.35052],[-73.7968,41.35046],[-73.7968,41.35046],[-73.7968,41.35046],[-73.79727,41.35037],[-73.80014,41.3498],[-73.80016,41.34972],[-73.80016,41.34965],[-73.80146,41.34943],[-73.80146,41.34943],[-73.80167,41.34939],[-73.80167,41.34939],[-73.80188,41.34967],[-73.80188,41.34967],[-73.80193,41.34967],[-73.80326,41.34965],[-73.8035,41.34961],[-73.80351,41.34961],[-73.80351,41.34961],[-73.80359,41.34947],[-73.80364,41.34903],[-73.80364,41.34901],[-73.80365,41.34824],[-73.80368,41.34824],[-73.80412,41.34824],[-73.80555,41.34821],[-73.80623,41.3482],[-73.80623,41.3482],[-73.80595,41.3495],[-73.80568,41.35354],[-73.80566,41.35371],[-73.80571,41.35428],[-73.80571,41.35428],[-73.80585,41.3563],[-73.80585,41.3563],[-73.80645,41.35695],[-73.8065,41.35708],[-73.80652,41.35714],[-73.80656,41.35722],[-73.80676,41.3577],[-73.80712,41.3588],[-73.80716,41.35893],[-73.80727,41.35964],[-73.80754,41.36144],[-73.808,41.36473],[-73.80804,41.36506],[-73.8111,41.36501],[-73.81115,41.36497],[-73.81128,41.36489],[-73.81132,41.36487],[-73.81156,41.36477],[-73.81193,41.36451],[-73.81211,41.3643],[-73.81216,41.36408],[-73.81211,41.36355],[-73.81216,41.36324],[-73.81234,41.36294],[-73.81252,41.36276],[-73.81269,41.36255],[-73.81274,41.36235],[-73.81275,41.36222],[-73.81272,41.36203],[-73.81271,41.36183],[-73.8128,41.36173],[-73.81305,41.36147],[-73.81319,41.36134],[-73.81356,41.36085],[-73.81463,41.3601],[-73.81537,41.35958],[-73.81651,41.3587],[-73.81683,41.35781],[-73.81688,41.35782],[-73.818,41.35804],[-73.82328,41.35922],[-73.82574,41.35977],[-73.82741,41.35951],[-73.82854,41.35934],[-73.82854,41.35934],[-73.82886,41.35809],[-73.82876,41.35782],[-73.82854,41.35723],[-73.8288,41.35716],[-73.82904,41.35702],[-73.82905,41.35702],[-73.82908,41.35699],[-73.82926,41.35675],[-73.82937,41.35655],[-73.82938,41.35653],[-73.82939,41.35625],[-73.82928,41.3559],[-73.82953,41.35549],[-73.82972,41.35517],[-73.8297,41.35491],[-73.8297,41.35491],[-73.8297,41.35491],[-73.8297,41.35478],[-73.82966,41.35421],[-73.82588,41.35264],[-73.82496,41.35],[-73.82602,41.34879],[-73.82602,41.34879],[-73.82532,41.34711],[-73.82554,41.34593],[-73.82554,41.34593],[-73.82554,41.34593],[-73.82558,41.3457],[-73.82558,41.3457],[-73.82553,41.34566],[-73.82552,41.34563],[-73.82551,41.34562],[-73.82542,41.34466],[-73.82542,41.34466],[-73.82544,41.34458],[-73.82551,41.34446],[-73.82551,41.34446],[-73.82565,41.34435],[-73.82573,41.34425],[-73.82578,41.34415],[-73.82582,41.34398],[-73.8258,41.34392],[-73.82575,41.34387],[-73.8256,41.34379],[-73.82529,41.34361],[-73.82506,41.34352],[-73.82492,41.34346],[-73.82491,41.34345],[-73.82487,41.34341],[-73.82468,41.34308],[-73.82458,41.34288],[-73.82457,41.34286],[-73.82451,41.3428],[-73.82436,41.34272],[-73.82426,41.34266],[-73.8242,41.34261],[-73.82417,41.34259],[-73.82414,41.34255],[-73.82388,41.34224],[-73.82383,41.34215],[-73.82379,41.34205],[-73.82378,41.34201],[-73.82355,41.34169],[-73.82345,41.34156],[-73.8233,41.34134],[-73.8233,41.34134],[-73.8274,41.34122],[-73.8274,41.34122],[-73.82764,41.34002],[-73.82957,41.33996],[-73.82957,41.33995],[-73.82999,41.33751],[-73.83316,41.33719],[-73.83375,41.33706],[-73.83412,41.337],[-73.83426,41.33697],[-73.83427,41.33697],[-73.83427,41.33697],[-73.8343,41.33697],[-73.8343,41.33697],[-73.83606,41.33681],[-73.838,41.33664],[-73.8383,41.33661],[-73.83993,41.33647],[-73.83998,41.33647],[-73.84113,41.33636],[-73.8412,41.33633],[-73.84258,41.33554],[-73.84522,41.33291],[-73.84588,41.33218],[-73.84881,41.3294],[-73.84875,41.32896],[-73.84625,41.32927],[-73.84615,41.32863],[-73.84599,41.32855],[-73.84571,41.32848],[-73.84519,41.32791],[-73.85008,41.32286],[-73.85025,41.32195],[-73.84874,41.31984],[-73.84833,41.31967],[-73.84765,41.31929],[-73.84764,41.32025],[-73.84735,41.32241],[-73.845,41.32257],[-73.83952,41.31555],[-73.84093,41.30964],[-73.83921,41.30491],[-73.83895,41.30492],[-73.83393,41.30513],[-73.82999,41.3053],[-73.82497,41.30551],[-73.82497,41.30551],[-73.82511,41.30752],[-73.8251,41.30752],[-73.82481,41.30756],[-73.82481,41.30766],[-73.82484,41.30884],[-73.82485,41.30943],[-73.82637,41.30944],[-73.82642,41.30944],[-73.82646,41.31049],[-73.82646,41.31049],[-73.8265,41.3114],[-73.8265,41.3114],[-73.8254,41.31142],[-73.8254,41.31143],[-73.82543,41.31204],[-73.82548,41.31296],[-73.82548,41.31296],[-73.82886,41.31289],[-73.82886,41.31289],[-73.82898,41.31288],[-73.82913,41.31501],[-73.82914,41.31501],[-73.82934,41.315],[-73.83,41.31499],[-73.83,41.31499],[-73.83,41.31499],[-73.83134,41.31497],[-73.83134,41.31497],[-73.8314,41.31605],[-73.8314,41.31605],[-73.82656,41.31628],[-73.82644,41.31629],[-73.82515,41.31635],[-73.82524,41.31737],[-73.82524,41.31737],[-73.82473,41.31741],[-73.82148,41.31768],[-73.82116,41.31771],[-73.82044,41.31777],[-73.8192,41.31789],[-73.81634,41.31823],[-73.81604,41.31827],[-73.81426,41.3186],[-73.81426,41.3186],[-73.81417,41.31824],[-73.81411,41.31794],[-73.81406,41.31758],[-73.81403,41.3173],[-73.81403,41.31711],[-73.81407,41.31662],[-73.81408,41.31656],[-73.81411,41.31633],[-73.81411,41.31633],[-73.81421,41.31538],[-73.81424,41.31479],[-73.81423,41.31463],[-73.81423,41.31463],[-73.81422,41.31461],[-73.81416,41.31435],[-73.81411,41.31421],[-73.81405,41.31409],[-73.81392,41.31381],[-73.81387,41.31371],[-73.81383,41.31362],[-73.81379,41.31353],[-73.81378,41.31351],[-73.81373,41.31341],[-73.8137,41.31336],[-73.8137,41.31336],[-73.81367,41.31329],[-73.81341,41.31274],[-73.81095,41.31352],[-73.81068,41.31361],[-73.81045,41.31368],[-73.81045,41.31368],[-73.81045,41.31368],[-73.81039,41.3137],[-73.8101,41.31373],[-73.80744,41.3137],[-73.80713,41.3137],[-73.80615,41.31375],[-73.80599,41.31375],[-73.80599,41.31375],[-73.80582,41.31435],[-73.80581,41.31437],[-73.80563,41.315],[-73.80563,41.315],[-73.80513,41.31498],[-73.80422,41.31498],[-73.80422,41.315]]]},"properties":{"name":"BENJAMIN FRANKLIN ELEMENTARY SCHOOL","schoolId":"361662001471"}},{"type":"Feature","geometry":{"type":"Polygon","coordinates":[[[-73.84588,41.33218],[-73.84522,41.33291],[-73.84258,41.33554],[-73.8412,41.33633],[-73.84113,41.33636],[-73.84178,41.33631],[-73.8427,41.33621],[-73.84582,41.33591],[-73.85589,41.33497],[-73.85677,41.33489],[-73.85802,41.33474],[-73.85802,41.33474],[-73.85803,41.33474],[-73.86201,41.33427],[-73.86201,41.33427],[-73.86194,41.3339],[-73.86188,41.33361],[-73.86182,41.33328],[-73.8617,41.33267],[-73.86144,41.33134],[-73.86144,41.33134],[-73.86216,41.33134],[-73.86272,41.33134],[-73.86376,41.33132],[-73.86508,41.33134],[-73.86513,41.33134],[-73.86515,41.33134],[-73.86532,41.33136],[-73.86557,41.3314],[-73.86586,41.33144],[-73.86596,41.33144],[-73.86596,41.33144],[-73.86596,41.33144],[-73.86602,41.33143],[-73.86611,41.3314],[-73.86649,41.33123],[-73.86673,41.3311],[-73.86674,41.3311],[-73.86685,41.33107],[-73.86695,41.33105],[-73.86709,41.33107],[-73.86733,41.33117],[-73.86775,41.33133],[-73.86782,41.33136],[-73.86844,41.33152],[-73.86874,41.33159],[-73.86906,41.33163],[-73.86916,41.33165],[-73.86916,41.33164],[-73.86893,41.33021],[-73.86849,41.3284],[-73.86868,41.32806],[-73.86854,41.32798],[-73.8685,41.32795],[-73.86817,41.32798],[-73.86799,41.32774],[-73.86766,41.32736],[-73.86665,41.32621],[-73.86655,41.32584],[-73.86654,41.32583],[-73.8666,41.32583],[-73.8666,41.32583],[-73.86672,41.32583],[-73.86695,41.32581],[-73.86735,41.32578],[-73.86755,41.32574],[-73.86757,41.32573],[-73.86793,41.32565],[-73.86917,41.32534],[-73.86956,41.32524],[-73.86991,41.32515],[-73.86992,41.32515],[-73.86999,41.32512],[-73.87038,41.32497],[-73.87058,41.32486],[-73.87083,41.32468],[-73.87098,41.32458],[-73.87121,41.32444],[-73.87126,41.32441],[-73.87127,41.32441],[-73.87127,41.32441],[-73.87152,41.32429],[-73.87168,41.32426],[-73.8717,41.32426],[-73.87172,41.32426],[-73.8719,41.32427],[-73.87203,41.3243],[-73.87217,41.32434],[-73.87219,41.32434],[-73.8723,41.3244],[-73.8723,41.3244],[-73.87243,41.32446],[-73.87252,41.32454],[-73.87269,41.32482],[-73.87275,41.32492],[-73.87292,41.32518],[-73.87292,41.32518],[-73.87303,41.32529],[-73.87314,41.32536],[-73.87326,41.32543],[-73.87357,41.3255],[-73.87362,41.32551],[-73.87401,41.32557],[-73.87433,41.32562],[-73.87456,41.32564],[-73.87472,41.32564],[-73.87483,41.32565],[-73.875,41.32563],[-73.87532,41.32557],[-73.87555,41.32551],[-73.87557,41.32551],[-73.87592,41.32544],[-73.87605,41.32542],[-73.87665,41.32533],[-73.87698,41.32525],[-73.87705,41.32523],[-73.8772,41.32521],[-73.8772,41.32521],[-73.87768,41.32513],[-73.87819,41.32502],[-73.87819,41.32502],[-73.87835,41.32498],[-73.87858,41.32492],[-73.8789,41.32485],[-73.87897,41.32483],[-73.87914,41.32479],[-73.87921,41.32477],[-73.87958,41.32465],[-73.87973,41.32459],[-73.87978,41.32457],[-73.87984,41.32454],[-73.88021,41.32443],[-73.88028,41.3244],[-73.88034,41.32439],[-73.88038,41.32438],[-73.88043,41.32437],[-73.88047,41.32437],[-73.88062,41.32434],[-73.88132,41.32424],[-73.88139,41.32424],[-73.8814,41.32424],[-73.88141,41.32424],[-73.88141,41.32428],[-73.8817,41.32546],[-73.88183,41.32597],[-73.88183,41.32597],[-73.882,41.32667],[-73.88205,41.32666],[-73.88323,41.32443],[-73.88376,41.32429],[-73.88522,41.32387],[-73.88584,41.32367],[-73.88604,41.32356],[-73.88621,41.32343],[-73.88699,41.32261],[-73.88715,41.32236],[-73.88724,41.32214],[-73.88733,41.32131],[-73.8874,41.32108],[-73.8875,41.32088],[-73.88763,41.32072],[-73.88772,41.32064],[-73.88781,41.32056],[-73.88782,41.32056],[-73.88789,41.32051],[-73.88807,41.32041],[-73.88835,41.32031],[-73.88942,41.31999],[-73.88953,41.31996],[-73.89088,41.31957],[-73.89123,41.31947],[-73.89086,41.3118],[-73.87918,41.31277],[-73.87758,41.3061],[-73.87629,41.30746],[-73.87772,41.30908],[-73.87779,41.30925],[-73.8778,41.30927],[-73.87781,41.30975],[-73.87747,41.31243],[-73.87702,41.31281],[-73.87622,41.31509],[-73.87408,41.31755],[-73.86988,41.31278],[-73.86865,41.31273],[-73.86485,41.31244],[-73.86511,41.30791],[-73.85872,41.30849],[-73.85868,41.30822],[-73.85852,41.30717],[-73.84628,41.31054],[-73.84093,41.30964],[-73.83952,41.31555],[-73.845,41.32257],[-73.84735,41.32241],[-73.84764,41.32025],[-73.84765,41.31929],[-73.84833,41.31967],[-73.84874,41.31984],[-73.85025,41.32195],[-73.85008,41.32286],[-73.84519,41.32791],[-73.84571,41.32848],[-73.84599,41.32855],[-73.84615,41.32863],[-73.84625,41.32927],[-73.84875,41.32896],[-73.84881,41.3294],[-73.84588,41.33218]]]},"properties":{"name":"GEORGE WASHINGTON ELEMENTARY SCHOOL","schoolId":"361662001473"}},{"type":"Feature","geometry":{"type":"Polygon","coordinates":[[[-73.84093,41.30964],[-73.84628,41.31054],[-73.85852,41.30717],[-73.85868,41.30822],[-73.85872,41.30849],[-73.86511,41.30791],[-73.87136,41.30526],[-73.87595,41.29592],[-73.87795,41.29534],[-73.88051,41.29622],[-73.8823,41.29702],[-73.88266,41.29721],[-73.88516,41.29884],[-73.8857,41.29927],[-73.88642,41.29992],[-73.88707,41.30068],[-73.88806,41.30204],[-73.88854,41.30252],[-73.889,41.30282],[-73.8892,41.30292],[-73.88954,41.30305],[-73.8899,41.30315],[-73.89024,41.3032],[-73.89128,41.30326],[-73.89191,41.30326],[-73.89323,41.30318],[-73.89502,41.30295],[-73.8963,41.30266],[-73.89695,41.30245],[-73.89716,41.30236],[-73.89742,41.30241],[-73.89735,41.30238],[-73.89721,41.30234],[-73.89533,41.30167],[-73.89127,41.30023],[-73.89027,41.29995],[-73.89027,41.29995],[-73.88921,41.29705],[-73.88922,41.29703],[-73.88923,41.29699],[-73.8895,41.29583],[-73.8895,41.29559],[-73.88993,41.29487],[-73.89001,41.29473],[-73.89043,41.29403],[-73.89043,41.29403],[-73.89051,41.29408],[-73.89082,41.29422],[-73.89089,41.29425],[-73.89118,41.29432],[-73.89119,41.29431],[-73.89138,41.2943],[-73.89148,41.29426],[-73.89149,41.29425],[-73.8915,41.29425],[-73.8916,41.29423],[-73.89172,41.29421],[-73.89179,41.29418],[-73.89192,41.29413],[-73.89208,41.29404],[-73.89226,41.29401],[-73.89228,41.29401],[-73.89247,41.29405],[-73.89264,41.29407],[-73.89266,41.29407],[-73.89312,41.29406],[-73.89313,41.29406],[-73.89337,41.29404],[-73.89344,41.29402],[-73.89345,41.29402],[-73.89347,41.29396],[-73.89354,41.2939],[-73.89355,41.29389],[-73.89355,41.29389],[-73.89437,41.29388],[-73.89574,41.29386],[-73.89575,41.29386],[-73.89575,41.29384],[-73.8958,41.29371],[-73.89607,41.29228],[-73.89623,41.29239],[-73.89633,41.29247],[-73.89643,41.29254],[-73.89647,41.29257],[-73.89649,41.29258],[-73.89649,41.29258],[-73.8966,41.29262],[-73.89676,41.29265],[-73.89707,41.29268],[-73.8971,41.29268],[-73.8972,41.29231],[-73.89806,41.28949],[-73.89806,41.28949],[-73.89806,41.28949],[-73.89826,41.28885],[-73.89878,41.28868],[-73.89878,41.28868],[-73.89879,41.28803],[-73.89886,41.2874],[-73.89887,41.28735],[-73.89906,41.28673],[-73.8991,41.28656],[-73.8991,41.28655],[-73.8991,41.28655],[-73.89902,41.28653],[-73.89881,41.28648],[-73.8984,41.2864],[-73.89773,41.28626],[-73.89709,41.28609],[-73.89709,41.28609],[-73.89723,41.28564],[-73.89723,41.28564],[-73.89659,41.28555],[-73.89489,41.28532],[-73.89273,41.28512],[-73.89157,41.28502],[-73.89147,41.28576],[-73.89099,41.28584],[-73.89089,41.28585],[-73.89089,41.28585],[-73.88978,41.28581],[-73.88949,41.2858],[-73.88881,41.28577],[-73.88695,41.28567],[-73.88695,41.28567],[-73.88715,41.28503],[-73.88714,41.28503],[-73.88711,41.28503],[-73.88684,41.28503],[-73.88673,41.28504],[-73.8865,41.28507],[-73.88623,41.28514],[-73.88603,41.28519],[-73.88603,41.28519],[-73.88603,41.28519],[-73.88625,41.28453],[-73.88657,41.28356],[-73.88876,41.27996],[-73.8885,41.27995],[-73.88629,41.27984],[-73.88612,41.27983],[-73.88439,41.27992],[-73.88272,41.27999],[-73.87826,41.28001],[-73.87822,41.27623],[-73.87556,41.27626],[-73.87556,41.27626],[-73.87436,41.2753],[-73.87386,41.27495],[-73.87124,41.27315],[-73.87036,41.27258],[-73.86998,41.27262],[-73.86631,41.273],[-73.85682,41.27389],[-73.85629,41.27394],[-73.85629,41.27395],[-73.85631,41.27418],[-73.85666,41.27775],[-73.85677,41.27835],[-73.85677,41.27836],[-73.85565,41.27846],[-73.8549,41.27852],[-73.8523,41.27874],[-73.85167,41.27881],[-73.85167,41.27881],[-73.85312,41.28553],[-73.85396,41.28941],[-73.854,41.28959],[-73.85408,41.28994],[-73.85414,41.29025],[-73.85419,41.29047],[-73.85461,41.2924],[-73.85485,41.29372],[-73.85489,41.29395],[-73.85508,41.29502],[-73.85508,41.29502],[-73.85508,41.29502],[-73.85514,41.29534],[-73.85548,41.29723],[-73.85565,41.29802],[-73.8559,41.2992],[-73.85593,41.29934],[-73.8561,41.30047],[-73.8563,41.30175],[-73.85658,41.30321],[-73.85661,41.30332],[-73.85662,41.30338],[-73.85631,41.30342],[-73.85431,41.30366],[-73.8542,41.30368],[-73.85312,41.30382],[-73.85306,41.30383],[-73.85301,41.30384],[-73.85208,41.30396],[-73.85204,41.30397],[-73.85124,41.30409],[-73.85124,41.30409],[-73.85036,41.30423],[-73.85032,41.30424],[-73.85005,41.3043],[-73.8498,41.30433],[-73.84908,41.30441],[-73.84705,41.30446],[-73.84394,41.30451],[-73.84376,41.30452],[-73.84376,41.30452],[-73.84376,41.30453],[-73.84377,41.30553],[-73.84386,41.30779],[-73.84236,41.30783],[-73.84236,41.30783],[-73.84222,41.30598],[-73.84219,41.30565],[-73.84213,41.30479],[-73.83996,41.30488],[-73.83921,41.30491],[-73.84093,41.30964]]]},"properties":{"name":"LINCOLN TITUS ELEMENTARY SCHOOL","schoolId":"361662001476"}},{"type":"Feature","geometry":{"type":"Polygon","coordinates":[[[-73.78376,41.35843],[-73.78424,41.35827],[-73.78425,41.35818],[-73.78429,41.35813],[-73.78576,41.35641],[-73.78621,41.35589],[-73.78625,41.35593],[-73.78631,41.35598],[-73.78651,41.35626],[-73.78774,41.35526],[-73.79332,41.3374],[-73.79679,41.33576],[-73.79734,41.33582],[-73.7978,41.33597],[-73.79829,41.33601],[-73.79878,41.33595],[-73.79909,41.33584],[-73.79952,41.33567],[-73.80025,41.33508],[-73.80003,41.33351],[-73.80186,41.33384],[-73.80224,41.33376],[-73.80345,41.33404],[-73.80398,41.33357],[-73.80974,41.33297],[-73.81088,41.33286],[-73.81177,41.3328],[-73.81256,41.33277],[-73.81274,41.33275],[-73.81352,41.33254],[-73.81015,41.32563],[-73.80567,41.32556],[-73.80363,41.32295],[-73.80339,41.31589],[-73.80406,41.3158],[-73.80422,41.315],[-73.80422,41.31498],[-73.80422,41.31498],[-73.80362,41.31497],[-73.80242,41.31499],[-73.80235,41.31499],[-73.80231,41.31499],[-73.8022,41.31499],[-73.80219,41.31499],[-73.80216,41.31481],[-73.80212,41.31457],[-73.80212,41.31457],[-73.8012,41.31468],[-73.79999,41.31485],[-73.79851,41.315],[-73.79718,41.31515],[-73.79717,41.31439],[-73.79715,41.31336],[-73.79715,41.31336],[-73.79219,41.31392],[-73.79219,41.31392],[-73.79216,41.31361],[-73.7921,41.31308],[-73.79207,41.31292],[-73.79203,41.31269],[-73.792,41.31251],[-73.79199,41.31229],[-73.79197,41.31205],[-73.79193,41.31149],[-73.79181,41.31047],[-73.79176,41.31013],[-73.79169,41.30964],[-73.79148,41.30965],[-73.78948,41.30975],[-73.78473,41.30988],[-73.78455,41.30988],[-73.78367,41.30985],[-73.78306,41.31025],[-73.7815,41.31129],[-73.78158,41.31204],[-73.78162,41.31244],[-73.78172,41.31249],[-73.78216,41.31272],[-73.78187,41.31322],[-73.78183,41.31329],[-73.78174,41.31374],[-73.78174,41.31374],[-73.78157,41.31465],[-73.78156,41.31552],[-73.78155,41.31552],[-73.78125,41.31554],[-73.7804,41.3156],[-73.78039,41.3156],[-73.77914,41.31567],[-73.77903,41.31638],[-73.77898,41.31668],[-73.77867,41.3167],[-73.77849,41.31671],[-73.77743,41.31679],[-73.77731,41.3168],[-73.77712,41.31682],[-73.77559,41.31693],[-73.77559,41.31693],[-73.77646,41.32135],[-73.77677,41.32289],[-73.77698,41.32396],[-73.777,41.32406],[-73.7774,41.32617],[-73.77742,41.32626],[-73.77809,41.32994],[-73.77886,41.3341],[-73.77886,41.3341],[-73.77862,41.33414],[-73.77292,41.33449],[-73.77266,41.33451],[-73.77266,41.33451],[-73.77266,41.33454],[-73.77267,41.33469],[-73.77268,41.33519],[-73.77279,41.33732],[-73.77284,41.33819],[-73.77284,41.33836],[-73.77284,41.33836],[-73.77284,41.33836],[-73.77288,41.33903],[-73.77288,41.33903],[-73.77176,41.33905],[-73.77166,41.33905],[-73.77178,41.33941],[-73.77203,41.34021],[-73.77206,41.3434],[-73.77184,41.34343],[-73.7713,41.34461],[-73.7713,41.34461],[-73.77277,41.34774],[-73.77226,41.34914],[-73.77201,41.34982],[-73.77021,41.3508],[-73.77063,41.35134],[-73.77143,41.35238],[-73.77618,41.35126],[-73.77629,41.3515],[-73.77641,41.35178],[-73.77657,41.35218],[-73.77666,41.35239],[-73.7768,41.35275],[-73.77693,41.35306],[-73.77694,41.35306],[-73.77694,41.35306],[-73.77728,41.3527],[-73.77784,41.35216],[-73.77795,41.35205],[-73.77832,41.35175],[-73.77854,41.3516],[-73.77877,41.35145],[-73.77913,41.35123],[-73.77987,41.35076],[-73.78017,41.35054],[-73.78022,41.35049],[-73.78029,41.35133],[-73.78053,41.35419],[-73.78039,41.35462],[-73.78003,41.35568],[-73.78102,41.35568],[-73.78205,41.35615],[-73.78296,41.35658],[-73.78325,41.35762],[-73.7834,41.35814],[-73.78342,41.35818],[-73.78349,41.35816],[-73.78362,41.35813],[-73.78376,41.35843]]]},"properties":{"name":"THOMAS JEFFERSON ELEMENTARY SCHOOL","schoolId":"361662001477"}},{"type":"Feature","geometry":{"type":"Polygon","coordinates":[[[-73.89346,41.3309],[-73.89314,41.3339],[-73.89304,41.33487],[-73.89282,41.33798],[-73.8928,41.33823],[-73.89246,41.34352],[-73.89245,41.34376],[-73.89237,41.34469],[-73.89193,41.35002],[-73.89191,41.3505],[-73.89179,41.35401],[-73.89176,41.35429],[-73.89173,41.35468],[-73.89135,41.3649],[-73.89135,41.3649],[-73.89514,41.36547],[-73.89926,41.3662],[-73.89988,41.36632],[-73.90063,41.36647],[-73.90553,41.36744],[-73.90607,41.3662],[-73.90642,41.36539],[-73.90738,41.36321],[-73.90956,41.35826],[-73.91127,41.35436],[-73.9114,41.35405],[-73.91558,41.3468],[-73.91564,41.34669],[-73.91576,41.34643],[-73.91576,41.34639],[-73.91574,41.34607],[-73.9157,41.34598],[-73.91563,41.34582],[-73.91565,41.34566],[-73.91746,41.34245],[-73.91796,41.34191],[-73.9182,41.34165],[-73.9182,41.34165],[-73.9182,41.34165],[-73.91866,41.34116],[-73.91866,41.34115],[-73.91868,41.34072],[-73.91876,41.34033],[-73.91885,41.33992],[-73.91884,41.33972],[-73.91884,41.3397],[-73.91875,41.33964],[-73.91869,41.33959],[-73.91858,41.33944],[-73.91856,41.33941],[-73.91828,41.33888],[-73.91827,41.33887],[-73.91827,41.33887],[-73.91827,41.33887],[-73.91826,41.33878],[-73.91826,41.33878],[-73.91827,41.33876],[-73.91831,41.33855],[-73.91839,41.33814],[-73.91842,41.3378],[-73.91841,41.33772],[-73.91841,41.33772],[-73.91832,41.33752],[-73.91832,41.33747],[-73.9183,41.33735],[-73.9183,41.33694],[-73.9183,41.33683],[-73.91827,41.33674],[-73.91821,41.33666],[-73.91811,41.33653],[-73.91805,41.33635],[-73.918,41.33603],[-73.91799,41.33571],[-73.91799,41.33568],[-73.91808,41.33535],[-73.91807,41.33517],[-73.91807,41.33509],[-73.9181,41.33502],[-73.91812,41.335],[-73.91815,41.33496],[-73.91822,41.33488],[-73.91838,41.33474],[-73.91846,41.33471],[-73.91846,41.33471],[-73.91846,41.33471],[-73.91843,41.33466],[-73.91832,41.33449],[-73.91828,41.33438],[-73.91828,41.33437],[-73.91827,41.33413],[-73.91828,41.33391],[-73.91827,41.33377],[-73.91822,41.3337],[-73.91822,41.33369],[-73.91825,41.33368],[-73.91844,41.33357],[-73.91855,41.33346],[-73.91855,41.33346],[-73.91856,41.33342],[-73.9186,41.33328],[-73.91862,41.33291],[-73.91863,41.3324],[-73.91863,41.33239],[-73.91867,41.33208],[-73.91876,41.33171],[-73.91876,41.3317],[-73.91878,41.3316],[-73.9188,41.33149],[-73.91881,41.3314],[-73.91881,41.33139],[-73.91881,41.33132],[-73.91878,41.33125],[-73.91871,41.33116],[-73.91864,41.33113],[-73.91859,41.33112],[-73.91847,41.3311],[-73.91833,41.33104],[-73.91833,41.33104],[-73.91833,41.33104],[-73.91828,41.331],[-73.91826,41.33099],[-73.9182,41.33092],[-73.91817,41.33081],[-73.91814,41.33073],[-73.91813,41.3307],[-73.91808,41.33048],[-73.91807,41.33044],[-73.91804,41.33017],[-73.91801,41.32994],[-73.91804,41.32981],[-73.91818,41.3294],[-73.91818,41.32939],[-73.91818,41.32936],[-73.91816,41.32927],[-73.91811,41.3292],[-73.91811,41.3292],[-73.91811,41.32918],[-73.91823,41.32873],[-73.91829,41.32854],[-73.91829,41.32854],[-73.92059,41.3283],[-73.92373,41.32796],[-73.92436,41.32789],[-73.92449,41.32788],[-73.92547,41.32778],[-73.92595,41.32773],[-73.92633,41.32768],[-73.92665,41.32765],[-73.92666,41.32765],[-73.92677,41.32766],[-73.92685,41.32765],[-73.92717,41.32761],[-73.92745,41.32758],[-73.92957,41.32737],[-73.92981,41.32735],[-73.93128,41.32718],[-73.93165,41.32715],[-73.93178,41.32713],[-73.94043,41.32626],[-73.94714,41.32559],[-73.9517,41.325],[-73.9523,41.32493],[-73.95252,41.3249],[-73.95252,41.3249],[-73.95252,41.3249],[-73.96004,41.32417],[-73.96019,41.32416],[-73.96162,41.324],[-73.96196,41.32397],[-73.97473,41.3227],[-73.97618,41.32249],[-73.97815,41.32226],[-73.97854,41.32222],[-73.97854,41.32222],[-73.97936,41.32212],[-73.97946,41.32212],[-73.97953,41.32211],[-73.98252,41.32171],[-73.98259,41.3217],[-73.98283,41.32074],[-73.98303,41.31993],[-73.98309,41.3197],[-73.98319,41.31853],[-73.98329,41.3174],[-73.98099,41.3142],[-73.97749,41.3121],[-73.97687,41.31158],[-73.97179,41.3073],[-73.96698,41.3017],[-73.96448,41.2997],[-73.95518,41.295],[-73.94908,41.2926],[-73.94908,41.2926],[-73.94571,41.29524],[-73.9453,41.29527],[-73.94523,41.29536],[-73.94523,41.29541],[-73.94509,41.29553],[-73.94501,41.29559],[-73.94497,41.29567],[-73.94497,41.29567],[-73.94497,41.29568],[-73.94497,41.29577],[-73.94502,41.29582],[-73.94503,41.29584],[-73.94505,41.29591],[-73.94505,41.29592],[-73.94505,41.29593],[-73.94503,41.29602],[-73.94495,41.29612],[-73.94485,41.29624],[-73.9448,41.29639],[-73.9448,41.29643],[-73.94481,41.2969],[-73.94482,41.29707],[-73.9448,41.29715],[-73.94479,41.29724],[-73.94478,41.29726],[-73.9448,41.29732],[-73.94484,41.29735],[-73.94487,41.29737],[-73.94496,41.29753],[-73.94497,41.29755],[-73.945,41.29758],[-73.94502,41.29762],[-73.94516,41.29772],[-73.94522,41.29778],[-73.94522,41.29778],[-73.94522,41.29778],[-73.94524,41.29783],[-73.94523,41.29792],[-73.94522,41.29793],[-73.94522,41.29794],[-73.9452,41.29796],[-73.94514,41.29798],[-73.94512,41.29799],[-73.94512,41.29799],[-73.9452,41.29802],[-73.94571,41.2982],[-73.94587,41.29825],[-73.94595,41.2983],[-73.94608,41.29835],[-73.94621,41.29836],[-73.94627,41.29837],[-73.94642,41.29843],[-73.94648,41.2985],[-73.94651,41.29857],[-73.94652,41.2987],[-73.94653,41.29871],[-73.946,41.2988],[-73.9457,41.29884],[-73.94532,41.29892],[-73.94503,41.299],[-73.94497,41.29893],[-73.94497,41.29893],[-73.94493,41.29895],[-73.94487,41.29895],[-73.94483,41.29895],[-73.94482,41.29895],[-73.94481,41.29895],[-73.94479,41.29894],[-73.94477,41.29889],[-73.94477,41.29888],[-73.94473,41.29888],[-73.94469,41.29889],[-73.94456,41.29892],[-73.94424,41.29893],[-73.94356,41.29892],[-73.94315,41.29891],[-73.94292,41.29887],[-73.9426,41.2988],[-73.94217,41.29864],[-73.94209,41.2986],[-73.94208,41.2986],[-73.94208,41.29859],[-73.94186,41.2984],[-73.94176,41.2983],[-73.94174,41.29823],[-73.94174,41.29822],[-73.94168,41.29818],[-73.94144,41.29806],[-73.94142,41.29805],[-73.94135,41.29799],[-73.94123,41.29786],[-73.94123,41.29786],[-73.94114,41.29785],[-73.94109,41.29785],[-73.94103,41.29782],[-73.94094,41.29776],[-73.94091,41.29773],[-73.94083,41.29772],[-73.9408,41.29772],[-73.94075,41.29771],[-73.94022,41.29762],[-73.9399,41.29756],[-73.93963,41.29752],[-73.93855,41.29735],[-73.93807,41.29725],[-73.93804,41.29725],[-73.93803,41.29724],[-73.93798,41.29723],[-73.93794,41.2972],[-73.93787,41.29714],[-73.93782,41.29713],[-73.93777,41.29712],[-73.93763,41.29703],[-73.93763,41.29703],[-73.93763,41.29703],[-73.93762,41.29703],[-73.93754,41.29701],[-73.93748,41.29701],[-73.93744,41.29701],[-73.93739,41.297],[-73.93714,41.29695],[-73.93683,41.29693],[-73.93605,41.29662],[-73.93592,41.29659],[-73.93592,41.29659],[-73.93591,41.29659],[-73.93582,41.2966],[-73.93569,41.29666],[-73.93568,41.29671],[-73.93568,41.29671],[-73.93569,41.29671],[-73.93572,41.29675],[-73.93578,41.29679],[-73.93581,41.2968],[-73.93619,41.29707],[-73.93633,41.2972],[-73.93642,41.29727],[-73.93662,41.29741],[-73.9366,41.29751],[-73.93665,41.29754],[-73.93665,41.29754],[-73.93664,41.29759],[-73.9366,41.2976],[-73.9366,41.29761],[-73.93639,41.29762],[-73.93625,41.29765],[-73.93621,41.29765],[-73.93612,41.29765],[-73.93586,41.29761],[-73.93583,41.29757],[-73.93583,41.29753],[-73.93583,41.29752],[-73.93583,41.29752],[-73.9359,41.2975],[-73.93594,41.2975],[-73.93599,41.2975],[-73.93602,41.29749],[-73.93603,41.29745],[-73.936,41.29741],[-73.93595,41.29737],[-73.93595,41.29737],[-73.93583,41.29734],[-73.93561,41.29724],[-73.93481,41.2969],[-73.93478,41.29689],[-73.93446,41.2968],[-73.93435,41.2968],[-73.93435,41.2968],[-73.93435,41.29681],[-73.93431,41.29682],[-73.93428,41.29686],[-73.9342,41.29704],[-73.93423,41.2973],[-73.93423,41.2973],[-73.93427,41.29739],[-73.93426,41.29756],[-73.93426,41.2976],[-73.93433,41.29767],[-73.93441,41.29791],[-73.93441,41.29791],[-73.93436,41.29802],[-73.93438,41.29814],[-73.93457,41.29836],[-73.93464,41.29839],[-73.93469,41.2984],[-73.93469,41.2984],[-73.93469,41.29839],[-73.93469,41.29836],[-73.93468,41.29834],[-73.93467,41.29832],[-73.93468,41.29829],[-73.93468,41.29827],[-73.93467,41.29823],[-73.93466,41.2982],[-73.93466,41.29817],[-73.93466,41.29817],[-73.93481,41.29815],[-73.93481,41.29815],[-73.93481,41.29819],[-73.93478,41.29822],[-73.93478,41.29822],[-73.93477,41.29824],[-73.93476,41.29827],[-73.93477,41.29832],[-73.93478,41.29835],[-73.93478,41.29836],[-73.93485,41.29842],[-73.93488,41.29864],[-73.93486,41.29865],[-73.93472,41.29871],[-73.93468,41.29876],[-73.93468,41.29876],[-73.93468,41.29876],[-73.93469,41.29879],[-73.93472,41.29879],[-73.93475,41.29879],[-73.93476,41.29882],[-73.93476,41.29882],[-73.93472,41.29883],[-73.93469,41.29885],[-73.93469,41.29885],[-73.93468,41.29888],[-73.93469,41.29889],[-73.9347,41.2989],[-73.9347,41.29895],[-73.93468,41.29898],[-73.93468,41.29898],[-73.93468,41.29898],[-73.93463,41.29898],[-73.93459,41.29898],[-73.93459,41.29898],[-73.93451,41.29906],[-73.93444,41.29909],[-73.93444,41.29909],[-73.93436,41.29909],[-73.93427,41.29909],[-73.93423,41.29911],[-73.9342,41.29915],[-73.93418,41.29918],[-73.93417,41.29921],[-73.93408,41.29934],[-73.93408,41.29935],[-73.93405,41.2995],[-73.93405,41.29958],[-73.93405,41.29958],[-73.93406,41.29959],[-73.93409,41.29961],[-73.93414,41.29964],[-73.93422,41.29967],[-73.93428,41.29972],[-73.93428,41.29978],[-73.93428,41.29984],[-73.93423,41.29996],[-73.93421,41.29999],[-73.93421,41.29999],[-73.9342,41.29999],[-73.93415,41.30002],[-73.9341,41.30002],[-73.93402,41.3],[-73.93398,41.3],[-73.93398,41.3],[-73.93393,41.30001],[-73.93391,41.30005],[-73.93391,41.30005],[-73.93391,41.3001],[-73.93391,41.3001],[-73.9339,41.30014],[-73.93391,41.30017],[-73.93391,41.30017],[-73.93402,41.30023],[-73.93405,41.30026],[-73.93405,41.3003],[-73.93402,41.30035],[-73.93396,41.30039],[-73.93394,41.3004],[-73.9339,41.30041],[-73.93384,41.30049],[-73.93384,41.30049],[-73.93383,41.30049],[-73.93382,41.30053],[-73.93383,41.30057],[-73.93385,41.30062],[-73.93385,41.30068],[-73.93383,41.30072],[-73.93367,41.30091],[-73.9332,41.30132],[-73.93289,41.30153],[-73.93245,41.30173],[-73.93244,41.30174],[-73.93243,41.30176],[-73.93236,41.30184],[-73.93233,41.30186],[-73.93197,41.30207],[-73.93191,41.30209],[-73.93189,41.30209],[-73.93188,41.30206],[-73.93188,41.30206],[-73.93196,41.30199],[-73.93199,41.30194],[-73.93199,41.30189],[-73.93206,41.3018],[-73.93208,41.30174],[-73.93207,41.30171],[-73.93199,41.30168],[-73.93194,41.30168],[-73.93193,41.30168],[-73.93193,41.30169],[-73.93188,41.30174],[-73.93186,41.30178],[-73.93187,41.30181],[-73.93188,41.30183],[-73.93188,41.30188],[-73.93183,41.30192],[-73.93176,41.30194],[-73.93172,41.30193],[-73.93165,41.30189],[-73.93159,41.30187],[-73.93152,41.30188],[-73.93152,41.30188],[-73.93135,41.30201],[-73.93135,41.30201],[-73.93132,41.30206],[-73.93134,41.30216],[-73.93134,41.30217],[-73.93133,41.30225],[-73.93129,41.30229],[-73.93125,41.30233],[-73.93088,41.30246],[-73.9308,41.3025],[-73.93076,41.30254],[-73.93073,41.30259],[-73.93074,41.30263],[-73.93079,41.30267],[-73.9308,41.30268],[-73.93081,41.30269],[-73.93082,41.30273],[-73.93081,41.30277],[-73.93074,41.30277],[-73.93068,41.30273],[-73.93067,41.30272],[-73.93053,41.30268],[-73.93045,41.30268],[-73.93039,41.30269],[-73.93034,41.30273],[-73.93033,41.30274],[-73.93029,41.30287],[-73.93027,41.30291],[-73.93018,41.30299],[-73.93013,41.30306],[-73.93013,41.30307],[-73.93013,41.30311],[-73.93015,41.30315],[-73.93017,41.30319],[-73.93017,41.30322],[-73.93016,41.30325],[-73.93014,41.30327],[-73.93012,41.30328],[-73.93003,41.3034],[-73.92977,41.30358],[-73.9297,41.3036],[-73.9297,41.3036],[-73.9297,41.3036],[-73.92937,41.30371],[-73.92929,41.30372],[-73.92912,41.30374],[-73.92904,41.3037],[-73.929,41.3037],[-73.92899,41.3037],[-73.92899,41.3037],[-73.92896,41.30373],[-73.92889,41.30385],[-73.92888,41.30385],[-73.92885,41.30387],[-73.92869,41.30389],[-73.92868,41.30389],[-73.92868,41.3039],[-73.92843,41.30409],[-73.92833,41.30417],[-73.92795,41.30441],[-73.92792,41.30443],[-73.92787,41.30444],[-73.92714,41.30461],[-73.92635,41.30473],[-73.92617,41.30476],[-73.92511,41.30493],[-73.92469,41.30503],[-73.92468,41.30504],[-73.92427,41.30518],[-73.92341,41.30547],[-73.92175,41.30599],[-73.92169,41.30601],[-73.9215,41.30609],[-73.92137,41.30615],[-73.92116,41.30624],[-73.92053,41.3065],[-73.92021,41.30671],[-73.91994,41.30688],[-73.91904,41.30733],[-73.91895,41.30738],[-73.91861,41.30756],[-73.91856,41.30759],[-73.91812,41.30782],[-73.91797,41.30787],[-73.91785,41.30788],[-73.91768,41.30786],[-73.91749,41.30777],[-73.91734,41.30771],[-73.9172,41.30768],[-73.91703,41.30766],[-73.91697,41.30766],[-73.91679,41.30754],[-73.91598,41.30698],[-73.9156,41.30729],[-73.9154,41.30746],[-73.9152,41.30762],[-73.9152,41.30762],[-73.91226,41.30703],[-73.91152,41.30688],[-73.91046,41.30667],[-73.91045,41.30667],[-73.90926,41.30633],[-73.90788,41.30593],[-73.90765,41.30586],[-73.90651,41.30554],[-73.89979,41.30355],[-73.89979,41.30355],[-73.89969,41.30339],[-73.89941,41.30309],[-73.89937,41.30305],[-73.89922,41.30298],[-73.89913,41.30294],[-73.89829,41.30268],[-73.89742,41.30241],[-73.89716,41.30236],[-73.89695,41.30245],[-73.8963,41.30266],[-73.89502,41.30295],[-73.89323,41.30318],[-73.89191,41.30326],[-73.89128,41.30326],[-73.89024,41.3032],[-73.8899,41.30315],[-73.88954,41.30305],[-73.8892,41.30292],[-73.889,41.30282],[-73.88854,41.30252],[-73.88806,41.30204],[-73.88707,41.30068],[-73.88642,41.29992],[-73.8857,41.29927],[-73.88516,41.29884],[-73.88266,41.29721],[-73.8823,41.29702],[-73.88051,41.29622],[-73.87795,41.29534],[-73.87595,41.29592],[-73.87136,41.30526],[-73.86511,41.30791],[-73.86485,41.31244],[-73.86865,41.31273],[-73.86988,41.31278],[-73.87408,41.31755],[-73.87622,41.31509],[-73.87702,41.31281],[-73.87747,41.31243],[-73.87781,41.30975],[-73.8778,41.30927],[-73.87779,41.30925],[-73.87772,41.30908],[-73.87629,41.30746],[-73.87758,41.3061],[-73.87918,41.31277],[-73.89086,41.3118],[-73.89123,41.31947],[-73.89088,41.31957],[-73.88953,41.31996],[-73.88942,41.31999],[-73.88835,41.32031],[-73.88807,41.32041],[-73.88789,41.32051],[-73.88782,41.32056],[-73.88781,41.32056],[-73.88772,41.32064],[-73.88763,41.32072],[-73.8875,41.32088],[-73.8874,41.32108],[-73.88733,41.32131],[-73.88724,41.32214],[-73.88715,41.32236],[-73.88699,41.32261],[-73.88621,41.32343],[-73.88604,41.32356],[-73.88584,41.32367],[-73.88522,41.32387],[-73.88376,41.32429],[-73.88323,41.32443],[-73.88205,41.32666],[-73.882,41.32667],[-73.88236,41.32816],[-73.88236,41.32816],[-73.88276,41.32977],[-73.88294,41.33052],[-73.8831,41.33115],[-73.88315,41.33136],[-73.8833,41.33196],[-73.8833,41.33196],[-73.88379,41.33188],[-73.88388,41.33187],[-73.8847,41.33181],[-73.88478,41.3318],[-73.88535,41.33173],[-73.88551,41.33171],[-73.88638,41.33162],[-73.88643,41.33162],[-73.88717,41.33153],[-73.8872,41.33153],[-73.8877,41.3315],[-73.88776,41.3315],[-73.88776,41.33145],[-73.88775,41.33127],[-73.88769,41.32929],[-73.8877,41.32929],[-73.8892,41.32924],[-73.88966,41.3292],[-73.88966,41.3292],[-73.88967,41.32955],[-73.89052,41.3295],[-73.89071,41.32942],[-73.89071,41.32942],[-73.89071,41.32942],[-73.89137,41.32915],[-73.89136,41.3293],[-73.89136,41.3293],[-73.89131,41.33033],[-73.89131,41.33033],[-73.89225,41.33037],[-73.89226,41.33037],[-73.89226,41.33062],[-73.89226,41.33096],[-73.89275,41.33098],[-73.89293,41.33099],[-73.89303,41.33097],[-73.89307,41.33097],[-73.89312,41.33096],[-73.89346,41.3309],[-73.89346,41.3309]]]},"properties":{"name":"VAN CORTLANDTVILLE SCHOOL","schoolId":"361662001478"}},{"type":"Feature","geometry":{"type":"Polygon","coordinates":[[[-73.74301,40.94784],[-73.74516,40.94599],[-73.74553,40.94616],[-73.74603,40.94627],[-73.74647,40.94639],[-73.74739,40.94718],[-73.74898,40.94767],[-73.74904,40.94768],[-73.74905,40.94768],[-73.74932,40.94766],[-73.74986,40.94728],[-73.75025,40.947],[-73.75051,40.94671],[-73.75061,40.94622],[-73.75072,40.94574],[-73.75096,40.94553],[-73.75119,40.94528],[-73.75132,40.94497],[-73.75128,40.94449],[-73.75123,40.94424],[-73.75119,40.9441],[-73.75129,40.94402],[-73.7515,40.94386],[-73.75185,40.94377],[-73.75211,40.94362],[-73.75211,40.94362],[-73.75212,40.94361],[-73.75211,40.94354],[-73.75208,40.94323],[-73.75203,40.94317],[-73.75193,40.94301],[-73.75173,40.9428],[-73.75436,40.94037],[-73.75442,40.94031],[-73.75788,40.93766],[-73.75891,40.93689],[-73.75908,40.9365],[-73.75918,40.93629],[-73.75917,40.93628],[-73.75917,40.93628],[-73.75796,40.9355],[-73.75794,40.93549],[-73.75883,40.93471],[-73.75855,40.93453],[-73.75855,40.93453],[-73.7585,40.9345],[-73.75849,40.93451],[-73.75844,40.93446],[-73.75831,40.93437],[-73.75827,40.93434],[-73.75826,40.93433],[-73.75824,40.93432],[-73.75775,40.93394],[-73.75746,40.93373],[-73.75677,40.93389],[-73.75612,40.93402],[-73.75554,40.93398],[-73.755,40.93391],[-73.75438,40.93345],[-73.75417,40.93326],[-73.75344,40.93264],[-73.7526,40.93232],[-73.75239,40.93222],[-73.75272,40.93177],[-73.7528,40.93163],[-73.75233,40.93144],[-73.75033,40.93061],[-73.75003,40.93103],[-73.74975,40.9314],[-73.74939,40.9319],[-73.74857,40.93195],[-73.74827,40.93202],[-73.74782,40.93218],[-73.74764,40.93263],[-73.74761,40.93304],[-73.74742,40.93327],[-73.74682,40.93335],[-73.74616,40.93298],[-73.74574,40.93297],[-73.74511,40.93294],[-73.74479,40.93293],[-73.74446,40.93289],[-73.74399,40.93279],[-73.74365,40.93266],[-73.74332,40.93244],[-73.74275,40.93246],[-73.74141,40.93183],[-73.74338,40.9296],[-73.74404,40.92881],[-73.74377,40.92803],[-73.74337,40.92775],[-73.74307,40.92759],[-73.74281,40.92749],[-73.74247,40.92742],[-73.74222,40.92741],[-73.73894,40.92319],[-73.73624,40.92088],[-73.73522,40.92006],[-73.73505,40.91986],[-73.73344,40.91957],[-73.73325,40.91954],[-73.73162,40.9187],[-73.72552,40.91889],[-73.71642,40.92654],[-73.71411,40.93186],[-73.71562,40.93657],[-73.7158,40.93674],[-73.71688,40.93771],[-73.71985,40.93907],[-73.72168,40.93991],[-73.72567,40.94109],[-73.72585,40.94114],[-73.72585,40.94114],[-73.72608,40.94121],[-73.72617,40.94131],[-73.72608,40.94121],[-73.73805,40.94444],[-73.73918,40.94521],[-73.74301,40.94784]]]},"properties":{"name":"CENTRAL SCHOOL","schoolId":"361824001644"}},{"type":"Feature","geometry":{"type":"Polygon","coordinates":[[[-73.75775,40.93394],[-73.75824,40.93432],[-73.75826,40.93433],[-73.75827,40.93434],[-73.75831,40.93437],[-73.75844,40.93446],[-73.75849,40.93451],[-73.7585,40.9345],[-73.75929,40.93381],[-73.75947,40.93366],[-73.75966,40.93345],[-73.75985,40.9333],[-73.76017,40.93302],[-73.7602,40.93299],[-73.76128,40.93206],[-73.7614,40.93196],[-73.76166,40.93173],[-73.76258,40.93097],[-73.76288,40.93075],[-73.76345,40.93031],[-73.76402,40.92986],[-73.76413,40.92977],[-73.76508,40.9291],[-73.76558,40.92875],[-73.76581,40.92859],[-73.76582,40.92858],[-73.76583,40.92858],[-73.76593,40.9285],[-73.76619,40.92832],[-73.76627,40.92826],[-73.76628,40.92826],[-73.76618,40.92776],[-73.76618,40.92776],[-73.76617,40.92774],[-73.76608,40.92728],[-73.76589,40.92697],[-73.76582,40.92685],[-73.76578,40.92653],[-73.76568,40.92552],[-73.76554,40.92491],[-73.76531,40.92395],[-73.76528,40.92381],[-73.76517,40.92332],[-73.76517,40.92332],[-73.76456,40.92067],[-73.76456,40.92066],[-73.76368,40.9204],[-73.76364,40.92039],[-73.76364,40.92039],[-73.76279,40.9202],[-73.76279,40.9202],[-73.76137,40.91983],[-73.76137,40.91983],[-73.76131,40.91984],[-73.76105,40.9199],[-73.76012,40.91964],[-73.75998,40.9196],[-73.75927,40.91953],[-73.75846,40.91946],[-73.75752,40.91933],[-73.75742,40.91931],[-73.75738,40.9193],[-73.75643,40.91905],[-73.75627,40.919],[-73.75559,40.91886],[-73.7554,40.91882],[-73.75538,40.91881],[-73.75537,40.91881],[-73.75536,40.91881],[-73.75525,40.91876],[-73.75539,40.91841],[-73.75542,40.91823],[-73.75543,40.91817],[-73.75543,40.91817],[-73.75543,40.91817],[-73.75542,40.91814],[-73.75542,40.91813],[-73.75542,40.91812],[-73.75542,40.91807],[-73.75546,40.91803],[-73.7555,40.91801],[-73.7555,40.91801],[-73.7555,40.91796],[-73.75551,40.91788],[-73.7555,40.91778],[-73.75519,40.91756],[-73.75517,40.91749],[-73.75517,40.91748],[-73.75512,40.91729],[-73.75512,40.91729],[-73.75489,40.91715],[-73.75483,40.91704],[-73.7548,40.91697],[-73.75485,40.91674],[-73.75497,40.91655],[-73.75521,40.9164],[-73.75545,40.9163],[-73.75577,40.91616],[-73.75628,40.91603],[-73.75628,40.91603],[-73.75963,40.91204],[-73.76128,40.90971],[-73.76131,40.90961],[-73.76131,40.90961],[-73.76135,40.90946],[-73.76168,40.90841],[-73.76179,40.90774],[-73.76188,40.90721],[-73.76161,40.90614],[-73.76158,40.906],[-73.76146,40.90554],[-73.76024,40.90601],[-73.73522,40.92006],[-73.73624,40.92088],[-73.73894,40.92319],[-73.74222,40.92741],[-73.74247,40.92742],[-73.74281,40.92749],[-73.74307,40.92759],[-73.74337,40.92775],[-73.74377,40.92803],[-73.74404,40.92881],[-73.74338,40.9296],[-73.74141,40.93183],[-73.74275,40.93246],[-73.74332,40.93244],[-73.74365,40.93266],[-73.74399,40.93279],[-73.74446,40.93289],[-73.74479,40.93293],[-73.74511,40.93294],[-73.74574,40.93297],[-73.74616,40.93298],[-73.74682,40.93335],[-73.74742,40.93327],[-73.74761,40.93304],[-73.74764,40.93263],[-73.74782,40.93218],[-73.74827,40.93202],[-73.74857,40.93195],[-73.74939,40.9319],[-73.74975,40.9314],[-73.75003,40.93103],[-73.75033,40.93061],[-73.75233,40.93144],[-73.7528,40.93163],[-73.75272,40.93177],[-73.75239,40.93222],[-73.7526,40.93232],[-73.75344,40.93264],[-73.75417,40.93326],[-73.75438,40.93345],[-73.755,40.93391],[-73.75554,40.93398],[-73.75612,40.93402],[-73.75677,40.93389],[-73.75746,40.93373],[-73.75775,40.93394]]]},"properties":{"name":"CHATSWORTH AVENUE SCHOOL","schoolId":"361824001645"}},{"type":"Feature","geometry":{"type":"Polygon","coordinates":[[[-73.73964,40.96785],[-73.73979,40.96788],[-73.73994,40.9679],[-73.7402,40.96806],[-73.74039,40.96824],[-73.74053,40.96832],[-73.74059,40.96835],[-73.74059,40.96835],[-73.74081,40.96838],[-73.74092,40.96839],[-73.74092,40.96839],[-73.74129,40.9684],[-73.74141,40.96841],[-73.74147,40.96841],[-73.74151,40.96842],[-73.74158,40.96842],[-73.74219,40.96854],[-73.74226,40.96857],[-73.74265,40.96874],[-73.74278,40.96882],[-73.74288,40.96887],[-73.74318,40.96904],[-73.74342,40.9693],[-73.74342,40.96938],[-73.74342,40.96938],[-73.74343,40.96951],[-73.74341,40.96962],[-73.74339,40.96968],[-73.74336,40.96976],[-73.74336,40.96976],[-73.7433,40.96991],[-73.74325,40.97003],[-73.74317,40.97024],[-73.74309,40.97047],[-73.74308,40.97068],[-73.74308,40.97068],[-73.74308,40.97073],[-73.74314,40.97086],[-73.74317,40.97091],[-73.74342,40.97115],[-73.74359,40.97128],[-73.74359,40.97128],[-73.74365,40.97143],[-73.74363,40.97174],[-73.74363,40.97174],[-73.74363,40.97181],[-73.74363,40.97354],[-73.74372,40.97371],[-73.74372,40.97371],[-73.74385,40.97381],[-73.7441,40.974],[-73.74411,40.97401],[-73.74411,40.97401],[-73.74419,40.97417],[-73.74416,40.97435],[-73.74416,40.97436],[-73.74402,40.97449],[-73.74393,40.97454],[-73.74368,40.97468],[-73.74357,40.97478],[-73.74351,40.97484],[-73.74345,40.97497],[-73.74344,40.97506],[-73.74343,40.97516],[-73.74351,40.97547],[-73.74355,40.97564],[-73.74355,40.97563],[-73.74611,40.97363],[-73.74672,40.97324],[-73.74672,40.97324],[-73.74729,40.97287],[-73.74824,40.97235],[-73.74824,40.97235],[-73.74854,40.97218],[-73.74854,40.97218],[-73.7494,40.9711],[-73.75002,40.9706],[-73.75015,40.9705],[-73.75043,40.97027],[-73.75081,40.96997],[-73.75109,40.96974],[-73.75109,40.96974],[-73.75211,40.96893],[-73.75275,40.96842],[-73.75467,40.96689],[-73.75534,40.96636],[-73.75534,40.96636],[-73.75536,40.96635],[-73.75536,40.96635],[-73.75646,40.96558],[-73.75781,40.9643],[-73.75781,40.9643],[-73.758,40.96412],[-73.75925,40.96243],[-73.76013,40.96134],[-73.76056,40.96045],[-73.76084,40.95997],[-73.7609,40.95988],[-73.7615,40.95886],[-73.76247,40.95769],[-73.76247,40.95769],[-73.76204,40.95754],[-73.76031,40.95698],[-73.75972,40.9568],[-73.75844,40.95615],[-73.7568,40.95508],[-73.75412,40.95445],[-73.75121,40.95376],[-73.75097,40.9537],[-73.75099,40.95354],[-73.75103,40.95327],[-73.7514,40.95261],[-73.75144,40.95254],[-73.75143,40.95249],[-73.75133,40.95203],[-73.7516,40.95196],[-73.75152,40.95178],[-73.75139,40.95174],[-73.75128,40.9517],[-73.75157,40.95152],[-73.75206,40.95045],[-73.75186,40.94988],[-73.75183,40.9498],[-73.75069,40.94881],[-73.75056,40.94839],[-73.74944,40.94774],[-73.74905,40.94768],[-73.74904,40.94768],[-73.74898,40.94767],[-73.74739,40.94718],[-73.74647,40.94639],[-73.74603,40.94627],[-73.74553,40.94616],[-73.74516,40.94599],[-73.74301,40.94784],[-73.73918,40.94521],[-73.73805,40.94444],[-73.72608,40.94121],[-73.72617,40.94131],[-73.72617,40.94131],[-73.72688,40.94211],[-73.7274,40.94335],[-73.7277,40.94407],[-73.72771,40.9441],[-73.72776,40.94419],[-73.72807,40.94468],[-73.72815,40.94487],[-73.72815,40.94493],[-73.7286,40.94522],[-73.7286,40.94522],[-73.72871,40.94529],[-73.72912,40.94556],[-73.72912,40.94556],[-73.72912,40.94556],[-73.73025,40.9463],[-73.73057,40.94651],[-73.73081,40.94667],[-73.73218,40.94757],[-73.73218,40.9476],[-73.73219,40.94762],[-73.73222,40.94781],[-73.73223,40.94782],[-73.73227,40.94788],[-73.73227,40.94788],[-73.73237,40.94801],[-73.73247,40.9481],[-73.73256,40.94818],[-73.73265,40.94836],[-73.73265,40.94837],[-73.73264,40.94861],[-73.73263,40.94876],[-73.73262,40.94888],[-73.73262,40.94889],[-73.73262,40.9489],[-73.73262,40.9491],[-73.73258,40.94918],[-73.73256,40.94921],[-73.73246,40.94932],[-73.73241,40.94939],[-73.73226,40.94949],[-73.73213,40.94956],[-73.73203,40.94962],[-73.7319,40.94984],[-73.7319,40.94985],[-73.73191,40.95005],[-73.73199,40.95025],[-73.73233,40.95083],[-73.73252,40.95116],[-73.73264,40.95134],[-73.73264,40.95134],[-73.73277,40.95141],[-73.73357,40.95152],[-73.73363,40.95153],[-73.73364,40.95153],[-73.73408,40.95164],[-73.73421,40.95168],[-73.73421,40.95168],[-73.73438,40.95174],[-73.73448,40.9518],[-73.73448,40.9518],[-73.73452,40.95187],[-73.73455,40.95193],[-73.73455,40.95197],[-73.73457,40.95206],[-73.73456,40.95212],[-73.73454,40.95222],[-73.7345,40.95234],[-73.73445,40.95254],[-73.73441,40.95267],[-73.7344,40.95294],[-73.7344,40.9531],[-73.73443,40.95368],[-73.73446,40.95382],[-73.73451,40.95412],[-73.7346,40.9543],[-73.73466,40.95438],[-73.73468,40.95441],[-73.73471,40.95444],[-73.73471,40.95444],[-73.73479,40.95453],[-73.73489,40.95458],[-73.73499,40.95462],[-73.73502,40.95463],[-73.73527,40.95472],[-73.73556,40.95479],[-73.73565,40.95481],[-73.7358,40.95486],[-73.73622,40.95498],[-73.73636,40.95503],[-73.73645,40.95507],[-73.73649,40.9551],[-73.73654,40.95513],[-73.73659,40.95516],[-73.73666,40.95526],[-73.73667,40.95527],[-73.73668,40.95528],[-73.7367,40.95534],[-73.73672,40.95537],[-73.73672,40.95545],[-73.73672,40.95553],[-73.73671,40.95577],[-73.73671,40.9558],[-73.73671,40.95588],[-73.73671,40.95588],[-73.7367,40.95595],[-73.7367,40.95595],[-73.7367,40.95597],[-73.73667,40.95608],[-73.73651,40.95636],[-73.73647,40.95648],[-73.73645,40.95658],[-73.73641,40.95676],[-73.7363,40.95696],[-73.73628,40.95699],[-73.73617,40.95726],[-73.73614,40.95729],[-73.73612,40.95731],[-73.73585,40.9576],[-73.73558,40.95789],[-73.73535,40.95812],[-73.73529,40.95817],[-73.73526,40.95823],[-73.73519,40.95834],[-73.73503,40.95867],[-73.73495,40.95888],[-73.73495,40.95889],[-73.73494,40.95896],[-73.73492,40.95907],[-73.73491,40.9591],[-73.73492,40.9592],[-73.73492,40.95928],[-73.73494,40.95934],[-73.73497,40.95943],[-73.7351,40.95954],[-73.73517,40.9596],[-73.73525,40.95968],[-73.73525,40.95968],[-73.73533,40.95975],[-73.73541,40.95989],[-73.73547,40.96001],[-73.73548,40.96002],[-73.7355,40.96032],[-73.7355,40.9605],[-73.7355,40.9605],[-73.7354,40.96065],[-73.73507,40.96092],[-73.73504,40.96094],[-73.7349,40.96107],[-73.73477,40.96121],[-73.73477,40.96122],[-73.73476,40.96123],[-73.7346,40.96144],[-73.73452,40.96156],[-73.73452,40.96157],[-73.73443,40.9617],[-73.73432,40.96178],[-73.73421,40.96188],[-73.73367,40.9621],[-73.73366,40.9621],[-73.73366,40.9621],[-73.73333,40.96242],[-73.73318,40.9625],[-73.73214,40.96311],[-73.73211,40.96312],[-73.73209,40.96313],[-73.73164,40.96331],[-73.73151,40.96336],[-73.73067,40.96369],[-73.7306,40.96372],[-73.73032,40.96383],[-73.73023,40.96394],[-73.73023,40.96394],[-73.73024,40.96411],[-73.73029,40.96428],[-73.73034,40.96443],[-73.7304,40.96463],[-73.73046,40.96484],[-73.73059,40.96517],[-73.73068,40.96545],[-73.73071,40.96566],[-73.7307,40.96575],[-73.73067,40.96601],[-73.73089,40.96636],[-73.7309,40.96637],[-73.7309,40.96637],[-73.73095,40.96644],[-73.73097,40.96659],[-73.73095,40.96737],[-73.73096,40.96739],[-73.73097,40.96741],[-73.731,40.96747],[-73.73104,40.96753],[-73.7311,40.96766],[-73.73111,40.96768],[-73.73111,40.96768],[-73.73114,40.96778],[-73.73122,40.96787],[-73.7313,40.96792],[-73.73132,40.96793],[-73.73147,40.96797],[-73.73157,40.96799],[-73.73184,40.96809],[-73.7321,40.96823],[-73.73226,40.96824],[-73.73233,40.96825],[-73.7339,40.96835],[-73.73421,40.96837],[-73.73446,40.96838],[-73.7345,40.96839],[-73.7345,40.9684],[-73.73456,40.96842],[-73.73465,40.96846],[-73.73475,40.96854],[-73.73489,40.9686],[-73.73501,40.96861],[-73.73535,40.96865],[-73.73564,40.96867],[-73.73564,40.96867],[-73.73588,40.96869],[-73.73591,40.96869],[-73.73595,40.9687],[-73.73597,40.96872],[-73.73603,40.96877],[-73.73608,40.96887],[-73.73618,40.96917],[-73.73619,40.96919],[-73.73619,40.96919],[-73.73626,40.96931],[-73.73632,40.96935],[-73.73636,40.96937],[-73.73643,40.96939],[-73.73652,40.96937],[-73.73661,40.96926],[-73.73667,40.96917],[-73.73673,40.96907],[-73.73674,40.96906],[-73.73682,40.969],[-73.73696,40.9689],[-73.73703,40.96885],[-73.73704,40.96884],[-73.73717,40.96876],[-73.73744,40.9687],[-73.73755,40.9687],[-73.73768,40.96873],[-73.73775,40.96874],[-73.7379,40.96883],[-73.73796,40.96887],[-73.73816,40.9689],[-73.73826,40.96886],[-73.73833,40.96879],[-73.73834,40.96878],[-73.73849,40.96843],[-73.73849,40.96843],[-73.73849,40.96842],[-73.73874,40.96817],[-73.7389,40.96802],[-73.73901,40.96792],[-73.73914,40.96789],[-73.73914,40.96789],[-73.73932,40.96784],[-73.73964,40.96785]]]},"properties":{"name":"MAMARONECK AVENUE SCHOOL","schoolId":"361824001647"}},{"type":"Feature","geometry":{"type":"Polygon","coordinates":[[[-73.7568,40.95508],[-73.75844,40.95615],[-73.75972,40.9568],[-73.76031,40.95698],[-73.76204,40.95754],[-73.76247,40.95769],[-73.76253,40.95771],[-73.76259,40.95774],[-73.76265,40.95777],[-73.76283,40.95785],[-73.76294,40.9579],[-73.76323,40.95798],[-73.76348,40.95805],[-73.76355,40.95806],[-73.76366,40.95809],[-73.76381,40.95812],[-73.76397,40.95816],[-73.76462,40.95833],[-73.76526,40.95846],[-73.76547,40.95851],[-73.76571,40.95857],[-73.76577,40.95859],[-73.76584,40.95862],[-73.76594,40.95867],[-73.76603,40.95871],[-73.76608,40.95875],[-73.76613,40.95879],[-73.76614,40.9588],[-73.76614,40.9588],[-73.76627,40.9587],[-73.76872,40.95666],[-73.76891,40.95651],[-73.76903,40.9564],[-73.76967,40.95587],[-73.77014,40.9555],[-73.77072,40.95504],[-73.77091,40.95489],[-73.77091,40.95489],[-73.77168,40.95494],[-73.77201,40.95496],[-73.77201,40.95496],[-73.77223,40.9546],[-73.7721,40.95318],[-73.7721,40.95318],[-73.77117,40.95177],[-73.77106,40.95161],[-73.77072,40.95109],[-73.77067,40.95102],[-73.77072,40.95078],[-73.77084,40.95023],[-73.77111,40.94897],[-73.77115,40.94877],[-73.77115,40.94877],[-73.77092,40.94781],[-73.77085,40.94758],[-73.77085,40.94758],[-73.77083,40.94748],[-73.77073,40.94715],[-73.7704,40.94599],[-73.7702,40.94529],[-73.76999,40.94539],[-73.76991,40.94543],[-73.76988,40.94541],[-73.76982,40.94535],[-73.76977,40.94531],[-73.76977,40.94531],[-73.76982,40.94523],[-73.76985,40.94519],[-73.76984,40.94515],[-73.76984,40.94514],[-73.7695,40.94496],[-73.76949,40.94491],[-73.76949,40.94488],[-73.76942,40.9446],[-73.76943,40.94441],[-73.76945,40.94407],[-73.76902,40.94191],[-73.76892,40.94128],[-73.76882,40.94067],[-73.76876,40.9404],[-73.7687,40.9401],[-73.76855,40.93945],[-73.76844,40.93907],[-73.7684,40.93895],[-73.76825,40.93757],[-73.76824,40.93673],[-73.76835,40.93668],[-73.76835,40.93668],[-73.76827,40.93631],[-73.76822,40.9361],[-73.76789,40.9351],[-73.76789,40.9351],[-73.76787,40.93505],[-73.76787,40.93505],[-73.76722,40.93419],[-73.76722,40.93419],[-73.76721,40.93377],[-73.7672,40.9322],[-73.76695,40.93136],[-73.76671,40.93023],[-73.76655,40.92943],[-73.76647,40.92931],[-73.76644,40.92927],[-73.76643,40.92922],[-73.76641,40.92915],[-73.7664,40.92912],[-73.76638,40.92906],[-73.76637,40.9289],[-73.76636,40.92864],[-73.76628,40.92826],[-73.76628,40.92826],[-73.76627,40.92826],[-73.76619,40.92832],[-73.76593,40.9285],[-73.76583,40.92858],[-73.76582,40.92858],[-73.76581,40.92859],[-73.76558,40.92875],[-73.76508,40.9291],[-73.76413,40.92977],[-73.76402,40.92986],[-73.76345,40.93031],[-73.76288,40.93075],[-73.76258,40.93097],[-73.76166,40.93173],[-73.7614,40.93196],[-73.76128,40.93206],[-73.7602,40.93299],[-73.76017,40.93302],[-73.75985,40.9333],[-73.75966,40.93345],[-73.75947,40.93366],[-73.75929,40.93381],[-73.7585,40.9345],[-73.75855,40.93453],[-73.75855,40.93453],[-73.75883,40.93471],[-73.75794,40.93549],[-73.75796,40.9355],[-73.75917,40.93628],[-73.75917,40.93628],[-73.75918,40.93629],[-73.75908,40.9365],[-73.75891,40.93689],[-73.75788,40.93766],[-73.75442,40.94031],[-73.75436,40.94037],[-73.75173,40.9428],[-73.75193,40.94301],[-73.75203,40.94317],[-73.75208,40.94323],[-73.75211,40.94354],[-73.75212,40.94361],[-73.75211,40.94362],[-73.75211,40.94362],[-73.75185,40.94377],[-73.7515,40.94386],[-73.75129,40.94402],[-73.75119,40.9441],[-73.75123,40.94424],[-73.75128,40.94449],[-73.75132,40.94497],[-73.75119,40.94528],[-73.75096,40.94553],[-73.75072,40.94574],[-73.75061,40.94622],[-73.75051,40.94671],[-73.75025,40.947],[-73.74986,40.94728],[-73.74932,40.94766],[-73.74905,40.94768],[-73.74944,40.94774],[-73.75056,40.94839],[-73.75069,40.94881],[-73.75183,40.9498],[-73.75186,40.94988],[-73.75206,40.95045],[-73.75157,40.95152],[-73.75128,40.9517],[-73.75139,40.95174],[-73.75152,40.95178],[-73.7516,40.95196],[-73.75133,40.95203],[-73.75143,40.95249],[-73.75144,40.95254],[-73.7514,40.95261],[-73.75103,40.95327],[-73.75099,40.95354],[-73.75097,40.9537],[-73.75121,40.95376],[-73.75412,40.95445],[-73.7568,40.95508]]]},"properties":{"name":"MURRAY AVENUE SCHOOL","schoolId":"361824001649"}},{"type":"Feature","geometry":{"type":"Polygon","coordinates":[[[-73.83613,40.92505],[-73.83668,40.92518],[-73.83691,40.92524],[-73.83701,40.92526],[-73.83742,40.92537],[-73.83776,40.92545],[-73.83783,40.92547],[-73.83794,40.92551],[-73.83834,40.92566],[-73.83863,40.92577],[-73.8388,40.92583],[-73.83906,40.92592],[-73.83906,40.92592],[-73.83931,40.92602],[-73.83994,40.92624],[-73.84011,40.92631],[-73.84031,40.9268],[-73.84038,40.92682],[-73.84044,40.92684],[-73.84052,40.92673],[-73.84088,40.92614],[-73.84115,40.9257],[-73.84135,40.9255],[-73.84174,40.92526],[-73.84193,40.92511],[-73.84202,40.92505],[-73.84208,40.925],[-73.84221,40.92484],[-73.8423,40.9247],[-73.84238,40.92438],[-73.84244,40.92421],[-73.84335,40.92402],[-73.84356,40.92397],[-73.84379,40.92393],[-73.84392,40.9239],[-73.8443,40.92383],[-73.84458,40.92391],[-73.8445,40.92368],[-73.84448,40.9236],[-73.84466,40.92334],[-73.84484,40.9231],[-73.84518,40.92261],[-73.84508,40.92221],[-73.84449,40.92231],[-73.84423,40.92221],[-73.84613,40.92115],[-73.84618,40.92112],[-73.84629,40.9211],[-73.84649,40.92106],[-73.84684,40.92101],[-73.84688,40.92101],[-73.84678,40.92006],[-73.84674,40.91959],[-73.84671,40.91936],[-73.84669,40.91916],[-73.84653,40.91877],[-73.84636,40.91843],[-73.84625,40.91838],[-73.84617,40.91835],[-73.8451,40.91786],[-73.8449,40.91777],[-73.84455,40.9176],[-73.84449,40.91757],[-73.8439,40.91729],[-73.8439,40.91729],[-73.84377,40.91723],[-73.843,40.91685],[-73.8427,40.91671],[-73.84266,40.91669],[-73.84203,40.91638],[-73.84234,40.916],[-73.84289,40.91532],[-73.84287,40.91515],[-73.84286,40.91501],[-73.84285,40.91487],[-73.84282,40.91419],[-73.84211,40.91422],[-73.84191,40.91422],[-73.8418,40.91422],[-73.84101,40.91425],[-73.84073,40.91425],[-73.84011,40.91427],[-73.84009,40.91373],[-73.84002,40.91277],[-73.84,40.91265],[-73.83997,40.91257],[-73.83993,40.91249],[-73.83988,40.9124],[-73.83988,40.9124],[-73.83982,40.91232],[-73.8398,40.91229],[-73.83929,40.91171],[-73.83914,40.91152],[-73.83913,40.91151],[-73.83903,40.91139],[-73.83899,40.9113],[-73.83893,40.91116],[-73.83871,40.91124],[-73.83864,40.91127],[-73.83838,40.91137],[-73.83829,40.9114],[-73.83804,40.9115],[-73.83797,40.91152],[-73.83797,40.91152],[-73.8379,40.91154],[-73.83777,40.91158],[-73.83711,40.91173],[-73.83716,40.91191],[-73.83717,40.91194],[-73.83724,40.91216],[-73.83724,40.91223],[-73.83727,40.91271],[-73.83728,40.91288],[-73.83728,40.91291],[-73.83732,40.91379],[-73.83734,40.91436],[-73.83736,40.91475],[-73.83737,40.91477],[-73.8374,40.91541],[-73.83744,40.91614],[-73.83744,40.91638],[-73.83744,40.91646],[-73.83746,40.91684],[-73.83743,40.91703],[-73.83744,40.91735],[-73.83746,40.91742],[-73.8375,40.91747],[-73.83755,40.91785],[-73.83756,40.9179],[-73.83756,40.91808],[-73.83757,40.91816],[-73.83759,40.91844],[-73.8376,40.91864],[-73.83762,40.91888],[-73.83764,40.91923],[-73.83765,40.91937],[-73.83763,40.91954],[-73.83758,40.91982],[-73.83756,40.91993],[-73.83753,40.92013],[-73.83751,40.92024],[-73.83746,40.92055],[-73.83745,40.92061],[-73.83739,40.92094],[-73.8373,40.9215],[-73.83725,40.92181],[-73.83725,40.92181],[-73.83721,40.92204],[-73.83713,40.92243],[-73.8371,40.92257],[-73.83707,40.92269],[-73.83695,40.92314],[-73.8369,40.92334],[-73.83683,40.92354],[-73.83681,40.92359],[-73.83677,40.9237],[-73.83659,40.92407],[-73.83655,40.92415],[-73.83652,40.92423],[-73.83643,40.9244],[-73.83623,40.92482],[-73.83613,40.92505],[-73.83613,40.92505]]]},"properties":{"name":"COLUMBUS SCHOOL AT THE FRANKO BUILDING","schoolId":"362010001832"}},{"type":"Feature","geometry":{"type":"Polygon","coordinates":[[[-73.81368,40.9108],[-73.81425,40.91091],[-73.81437,40.91094],[-73.81485,40.91103],[-73.8151,40.91115],[-73.81525,40.91122],[-73.81546,40.91132],[-73.81567,40.91136],[-73.81601,40.91144],[-73.81611,40.91146],[-73.81663,40.91157],[-73.81675,40.9116],[-73.8169,40.91163],[-73.8171,40.91168],[-73.81732,40.91173],[-73.81766,40.9118],[-73.81777,40.91183],[-73.81809,40.91187],[-73.81862,40.91193],[-73.81895,40.91197],[-73.81968,40.91207],[-73.82031,40.91216],[-73.82041,40.91217],[-73.82104,40.91211],[-73.82132,40.91208],[-73.82225,40.91199],[-73.82249,40.91197],[-73.82291,40.91193],[-73.82301,40.91191],[-73.82354,40.91183],[-73.82354,40.91183],[-73.82373,40.9118],[-73.82446,40.91168],[-73.82487,40.91161],[-73.82546,40.91152],[-73.82562,40.9115],[-73.8258,40.91149],[-73.82612,40.91148],[-73.82621,40.91148],[-73.82693,40.91145],[-73.82745,40.91143],[-73.82792,40.91145],[-73.82851,40.91147],[-73.82875,40.91148],[-73.82881,40.91122],[-73.82879,40.91113],[-73.82873,40.9108],[-73.82872,40.91074],[-73.82872,40.91074],[-73.82872,40.91068],[-73.82871,40.91063],[-73.82868,40.91044],[-73.8286,40.90991],[-73.82858,40.90985],[-73.82844,40.90925],[-73.82839,40.90897],[-73.82835,40.90881],[-73.82831,40.90863],[-73.82828,40.90856],[-73.82824,40.90843],[-73.82818,40.90832],[-73.8281,40.9082],[-73.82797,40.90808],[-73.82785,40.90798],[-73.82776,40.90789],[-73.82769,40.9078],[-73.82766,40.90774],[-73.82762,40.90767],[-73.82759,40.90757],[-73.82758,40.90747],[-73.82758,40.90712],[-73.82758,40.90706],[-73.82759,40.90667],[-73.82759,40.90658],[-73.82759,40.90653],[-73.82759,40.90653],[-73.82759,40.90601],[-73.82759,40.90597],[-73.82759,40.90581],[-73.82759,40.90578],[-73.82757,40.90561],[-73.82755,40.9055],[-73.82751,40.90537],[-73.82745,40.90518],[-73.8274,40.90505],[-73.82729,40.90471],[-73.82727,40.90466],[-73.82727,40.90466],[-73.82724,40.90456],[-73.82715,40.9043],[-73.82714,40.90423],[-73.8271,40.90398],[-73.82709,40.90383],[-73.82706,40.90365],[-73.8271,40.90356],[-73.82713,40.90348],[-73.82715,40.90338],[-73.82719,40.90326],[-73.82724,40.9031],[-73.82728,40.90296],[-73.82729,40.90293],[-73.82731,40.90278],[-73.82732,40.90271],[-73.82731,40.90262],[-73.8273,40.90238],[-73.82729,40.90234],[-73.82725,40.90218],[-73.82723,40.90208],[-73.8272,40.90199],[-73.82704,40.90151],[-73.82699,40.90137],[-73.82678,40.90076],[-73.82677,40.90072],[-73.82662,40.90032],[-73.82639,40.89971],[-73.82601,40.89872],[-73.82582,40.89823],[-73.82537,40.89706],[-73.82516,40.89652],[-73.82462,40.8951],[-73.82424,40.8949],[-73.82392,40.89474],[-73.82368,40.89461],[-73.82326,40.89439],[-73.82305,40.89428],[-73.82302,40.89426],[-73.82262,40.89406],[-73.82228,40.89389],[-73.82215,40.89382],[-73.8221,40.8938],[-73.8219,40.89413],[-73.82181,40.89425],[-73.82122,40.89505],[-73.82108,40.8952],[-73.82086,40.89531],[-73.82063,40.89539],[-73.81947,40.89581],[-73.81833,40.8966],[-73.81814,40.89684],[-73.81814,40.89692],[-73.81818,40.89697],[-73.81823,40.89702],[-73.81827,40.89703],[-73.81826,40.89709],[-73.81803,40.89797],[-73.81791,40.89826],[-73.81785,40.89837],[-73.81767,40.89868],[-73.81761,40.89877],[-73.81741,40.89905],[-73.81734,40.89918],[-73.81732,40.89928],[-73.81737,40.89944],[-73.81753,40.89981],[-73.81756,40.89997],[-73.81756,40.89998],[-73.81755,40.90014],[-73.81754,40.90016],[-73.81742,40.90036],[-73.81683,40.90106],[-73.81657,40.90137],[-73.81635,40.90163],[-73.81625,40.90173],[-73.81612,40.90186],[-73.81607,40.9019],[-73.81602,40.90195],[-73.81591,40.90202],[-73.81578,40.90212],[-73.81541,40.90232],[-73.81531,40.90241],[-73.81517,40.90262],[-73.81514,40.90266],[-73.8151,40.90276],[-73.81501,40.90298],[-73.81489,40.90325],[-73.81472,40.90362],[-73.81457,40.90392],[-73.81445,40.9042],[-73.81417,40.90484],[-73.81404,40.90514],[-73.81398,40.90532],[-73.81399,40.9054],[-73.81405,40.90552],[-73.81406,40.90556],[-73.8142,40.90574],[-73.81427,40.90585],[-73.81429,40.90595],[-73.81427,40.90599],[-73.81421,40.906],[-73.814,40.90595],[-73.81391,40.90593],[-73.8139,40.90593],[-73.8138,40.90593],[-73.81374,40.90598],[-73.81373,40.90601],[-73.8137,40.90623],[-73.8137,40.90623],[-73.81367,40.90644],[-73.81367,40.90666],[-73.81376,40.90706],[-73.81379,40.9072],[-73.8138,40.90725],[-73.8138,40.90726],[-73.8138,40.90735],[-73.8138,40.90744],[-73.81376,40.90767],[-73.81372,40.90791],[-73.81374,40.90811],[-73.81377,40.9082],[-73.81384,40.90844],[-73.81419,40.90922],[-73.81421,40.9093],[-73.81428,40.90953],[-73.8143,40.90959],[-73.81434,40.90971],[-73.81446,40.90995],[-73.81454,40.91019],[-73.81453,40.91028],[-73.81449,40.91041],[-73.81445,40.91045],[-73.81441,40.91048],[-73.81427,40.9105],[-73.81412,40.91045],[-73.81408,40.91043],[-73.81399,40.9104],[-73.81397,40.91041],[-73.81384,40.91043],[-73.8138,40.91047],[-73.81373,40.91057],[-73.81368,40.91078],[-73.81368,40.9108]]]},"properties":{"name":"GRAHAM SCHOOL","schoolId":"362010001833"}},{"type":"Feature","geometry":{"type":"Polygon","coordinates":[[[-73.83893,40.91116],[-73.83899,40.9113],[-73.83903,40.91139],[-73.83913,40.91151],[-73.83914,40.91152],[-73.83929,40.91171],[-73.8398,40.91229],[-73.83982,40.91232],[-73.83988,40.9124],[-73.83988,40.9124],[-73.83993,40.91249],[-73.83997,40.91257],[-73.84,40.91265],[-73.84002,40.91277],[-73.84009,40.91373],[-73.84011,40.91427],[-73.84073,40.91425],[-73.84101,40.91425],[-73.8418,40.91422],[-73.84191,40.91422],[-73.84211,40.91422],[-73.84282,40.91419],[-73.84285,40.91487],[-73.84286,40.91501],[-73.84287,40.91515],[-73.84289,40.91532],[-73.84234,40.916],[-73.84203,40.91638],[-73.84266,40.91669],[-73.8427,40.91671],[-73.843,40.91685],[-73.84377,40.91723],[-73.8439,40.91729],[-73.8439,40.91729],[-73.84449,40.91757],[-73.84455,40.9176],[-73.8449,40.91777],[-73.8451,40.91786],[-73.84617,40.91835],[-73.84625,40.91838],[-73.84636,40.91843],[-73.84653,40.91877],[-73.84669,40.91916],[-73.84668,40.91911],[-73.84661,40.91864],[-73.84646,40.91761],[-73.84699,40.9171],[-73.84778,40.91633],[-73.84801,40.91638],[-73.84809,40.91639],[-73.84819,40.91626],[-73.84773,40.91605],[-73.8469,40.91618],[-73.84678,40.91619],[-73.84688,40.91601],[-73.84717,40.91553],[-73.84759,40.91505],[-73.84769,40.91499],[-73.84775,40.91494],[-73.8478,40.91491],[-73.84787,40.9149],[-73.84809,40.91486],[-73.8482,40.91484],[-73.84831,40.91481],[-73.84883,40.9147],[-73.84892,40.91467],[-73.8491,40.9146],[-73.84954,40.91436],[-73.8497,40.91427],[-73.85005,40.91407],[-73.85025,40.91382],[-73.85027,40.9138],[-73.8503,40.91376],[-73.85063,40.91335],[-73.85075,40.91319],[-73.85126,40.91251],[-73.85128,40.91248],[-73.85128,40.91187],[-73.85128,40.91151],[-73.85112,40.9112],[-73.85259,40.90998],[-73.85268,40.90991],[-73.85219,40.90952],[-73.85138,40.91005],[-73.85116,40.91002],[-73.85112,40.91002],[-73.85149,40.9096],[-73.85151,40.90957],[-73.85181,40.90924],[-73.85187,40.90917],[-73.85205,40.90897],[-73.85208,40.9089],[-73.85237,40.90889],[-73.85272,40.90845],[-73.85307,40.90803],[-73.85353,40.90747],[-73.85279,40.90708],[-73.85263,40.907],[-73.85248,40.9071],[-73.85214,40.90733],[-73.85204,40.90739],[-73.85186,40.90751],[-73.85177,40.90756],[-73.85174,40.90758],[-73.85149,40.90774],[-73.8511,40.90796],[-73.851,40.90801],[-73.85071,40.90818],[-73.85046,40.9083],[-73.85036,40.90835],[-73.85034,40.90836],[-73.85026,40.9084],[-73.85002,40.90851],[-73.85,40.90852],[-73.84968,40.90866],[-73.8494,40.90878],[-73.84922,40.90885],[-73.84913,40.90888],[-73.84883,40.909],[-73.84855,40.90912],[-73.84812,40.90921],[-73.84791,40.90928],[-73.84771,40.90935],[-73.8475,40.90941],[-73.8475,40.90942],[-73.8475,40.90943],[-73.8475,40.90943],[-73.84707,40.90952],[-73.84661,40.90962],[-73.84658,40.90958],[-73.8465,40.90959],[-73.84643,40.90961],[-73.84629,40.90964],[-73.84619,40.90966],[-73.84591,40.90971],[-73.84549,40.9098],[-73.84507,40.90987],[-73.84465,40.90994],[-73.84461,40.90986],[-73.8442,40.90997],[-73.84407,40.91],[-73.84394,40.91007],[-73.8439,40.90997],[-73.84379,40.90997],[-73.84362,40.91],[-73.84347,40.91002],[-73.84335,40.91004],[-73.84319,40.91006],[-73.84288,40.9101],[-73.8426,40.91014],[-73.84221,40.9102],[-73.84164,40.91028],[-73.84111,40.91039],[-73.84103,40.9104],[-73.84069,40.91047],[-73.84049,40.91053],[-73.84019,40.91063],[-73.8398,40.91077],[-73.83962,40.91086],[-73.83939,40.91095],[-73.8391,40.91108],[-73.8391,40.91108],[-73.83893,40.91116]]]},"properties":{"name":"HAMILTON SCHOOL","schoolId":"362010001835"}},{"type":"Feature","geometry":{"type":"Polygon","coordinates":[[[-73.81138,40.91624],[-73.81159,40.91627],[-73.81166,40.91628],[-73.81183,40.9163],[-73.81203,40.91633],[-73.81273,40.91642],[-73.81276,40.91643],[-73.81345,40.91652],[-73.81373,40.91656],[-73.81468,40.91669],[-73.81468,40.91669],[-73.81516,40.91675],[-73.81516,40.91675],[-73.81561,40.91682],[-73.81579,40.91684],[-73.81584,40.91685],[-73.81604,40.91689],[-73.81612,40.91691],[-73.8163,40.91696],[-73.81663,40.91705],[-73.81666,40.91705],[-73.81691,40.91712],[-73.81714,40.91719],[-73.81769,40.91736],[-73.81781,40.91739],[-73.81807,40.91747],[-73.81809,40.91748],[-73.81838,40.91757],[-73.81852,40.91761],[-73.81893,40.9177],[-73.81915,40.91774],[-73.81932,40.91778],[-73.81979,40.91785],[-73.81979,40.91785],[-73.82008,40.9179],[-73.82028,40.91793],[-73.82052,40.91796],[-73.82045,40.91875],[-73.82139,40.91883],[-73.82129,40.9194],[-73.8221,40.91947],[-73.82235,40.9195],[-73.82252,40.91952],[-73.82329,40.91963],[-73.8234,40.91901],[-73.82342,40.91891],[-73.82352,40.91831],[-73.8244,40.91836],[-73.82484,40.91839],[-73.82492,40.9184],[-73.82501,40.91841],[-73.82551,40.91848],[-73.82644,40.91842],[-73.8266,40.9184],[-73.82675,40.91839],[-73.82721,40.91835],[-73.82771,40.91831],[-73.82771,40.91823],[-73.82772,40.91822],[-73.82776,40.91815],[-73.82752,40.91752],[-73.82707,40.91642],[-73.82687,40.91593],[-73.82683,40.91574],[-73.82674,40.91525],[-73.82671,40.91504],[-73.82671,40.91504],[-73.82649,40.91376],[-73.82645,40.91354],[-73.82635,40.91296],[-73.82632,40.91281],[-73.82632,40.91279],[-73.82626,40.91237],[-73.82629,40.9122],[-73.82629,40.91215],[-73.82628,40.91201],[-73.82627,40.9119],[-73.82627,40.9119],[-73.82621,40.91148],[-73.82612,40.91148],[-73.8258,40.91149],[-73.82562,40.9115],[-73.82546,40.91152],[-73.82487,40.91161],[-73.82446,40.91168],[-73.82373,40.9118],[-73.82354,40.91183],[-73.82354,40.91183],[-73.82301,40.91191],[-73.82291,40.91193],[-73.82249,40.91197],[-73.82225,40.91199],[-73.82132,40.91208],[-73.82104,40.91211],[-73.82041,40.91217],[-73.82031,40.91216],[-73.81968,40.91207],[-73.81895,40.91197],[-73.81862,40.91193],[-73.81809,40.91187],[-73.81777,40.91183],[-73.81766,40.9118],[-73.81732,40.91173],[-73.8171,40.91168],[-73.8169,40.91163],[-73.81675,40.9116],[-73.81663,40.91157],[-73.81611,40.91146],[-73.81601,40.91144],[-73.81567,40.91136],[-73.81546,40.91132],[-73.81525,40.91122],[-73.8151,40.91115],[-73.81485,40.91103],[-73.81437,40.91094],[-73.81425,40.91091],[-73.81368,40.9108],[-73.81366,40.91087],[-73.81367,40.91109],[-73.81363,40.9113],[-73.81365,40.91148],[-73.81368,40.91163],[-73.8137,40.91169],[-73.81375,40.91181],[-73.81385,40.91202],[-73.81387,40.91218],[-73.81385,40.91235],[-73.81351,40.91319],[-73.81338,40.91402],[-73.81337,40.91423],[-73.81336,40.91439],[-73.81303,40.91468],[-73.81271,40.91475],[-73.81262,40.91477],[-73.81244,40.91473],[-73.81231,40.9147],[-73.81226,40.91469],[-73.81225,40.91469],[-73.81223,40.91469],[-73.81215,40.9147],[-73.81208,40.91471],[-73.81204,40.91474],[-73.81198,40.91484],[-73.81187,40.91508],[-73.81184,40.91516],[-73.81183,40.91517],[-73.81175,40.91542],[-73.8117,40.91579],[-73.81167,40.91591],[-73.81163,40.91599],[-73.81154,40.91607],[-73.81148,40.91614],[-73.81141,40.91621],[-73.81138,40.91624]]]},"properties":{"name":"HOLMES SCHOOL","schoolId":"362010001836"}},{"type":"Feature","geometry":{"type":"Polygon","coordinates":[[[-73.82767,40.92311],[-73.82811,40.92325],[-73.8286,40.92341],[-73.82936,40.92366],[-73.82958,40.92372],[-73.83002,40.92386],[-73.83023,40.92394],[-73.83058,40.92405],[-73.83069,40.92407],[-73.83091,40.9241],[-73.83144,40.92412],[-73.83177,40.92413],[-73.83207,40.92414],[-73.83257,40.92417],[-73.83312,40.92425],[-73.83346,40.92437],[-73.83352,40.92438],[-73.83382,40.92446],[-73.83406,40.92452],[-73.83504,40.92478],[-73.83541,40.92487],[-73.83596,40.92501],[-73.83613,40.92505],[-73.83613,40.92505],[-73.83623,40.92482],[-73.83643,40.9244],[-73.83652,40.92423],[-73.83655,40.92415],[-73.83659,40.92407],[-73.83677,40.9237],[-73.83681,40.92359],[-73.83683,40.92354],[-73.8369,40.92334],[-73.83695,40.92314],[-73.83707,40.92269],[-73.8371,40.92257],[-73.83713,40.92243],[-73.83721,40.92204],[-73.83725,40.92181],[-73.83725,40.92181],[-73.8373,40.9215],[-73.83739,40.92094],[-73.83745,40.92061],[-73.83746,40.92055],[-73.83751,40.92024],[-73.83753,40.92013],[-73.83756,40.91993],[-73.83758,40.91982],[-73.83763,40.91954],[-73.83765,40.91937],[-73.83764,40.91923],[-73.83762,40.91888],[-73.8376,40.91864],[-73.83759,40.91844],[-73.83757,40.91816],[-73.83756,40.91808],[-73.83756,40.9179],[-73.83755,40.91785],[-73.8375,40.91747],[-73.83746,40.91742],[-73.83744,40.91735],[-73.83743,40.91703],[-73.83746,40.91684],[-73.83744,40.91646],[-73.83744,40.91638],[-73.83744,40.91614],[-73.8374,40.91541],[-73.83737,40.91477],[-73.83736,40.91475],[-73.83734,40.91436],[-73.83732,40.91379],[-73.83728,40.91291],[-73.83728,40.91288],[-73.83727,40.91271],[-73.83724,40.91223],[-73.83724,40.91216],[-73.83717,40.91194],[-73.83716,40.91191],[-73.83711,40.91173],[-73.83622,40.91192],[-73.83616,40.91192],[-73.83595,40.91193],[-73.83565,40.91194],[-73.83542,40.91195],[-73.83526,40.91196],[-73.83524,40.91196],[-73.83514,40.91195],[-73.83501,40.91194],[-73.83453,40.91187],[-73.83424,40.91183],[-73.83421,40.91182],[-73.83401,40.91178],[-73.834,40.91186],[-73.83399,40.91216],[-73.83389,40.91215],[-73.8338,40.91214],[-73.8336,40.91212],[-73.83337,40.91209],[-73.83326,40.91208],[-73.83294,40.91206],[-73.83268,40.91204],[-73.83245,40.91202],[-73.83228,40.91201],[-73.83216,40.912],[-73.8321,40.91199],[-73.8321,40.91199],[-73.83205,40.91198],[-73.83174,40.91192],[-73.83153,40.91188],[-73.83119,40.91182],[-73.83078,40.91174],[-73.8307,40.91173],[-73.83067,40.91174],[-73.83056,40.91173],[-73.82967,40.91161],[-73.82967,40.91161],[-73.82954,40.91159],[-73.82875,40.91148],[-73.82851,40.91147],[-73.82792,40.91145],[-73.82745,40.91143],[-73.82693,40.91145],[-73.82621,40.91148],[-73.82627,40.9119],[-73.82627,40.9119],[-73.82628,40.91201],[-73.82629,40.91215],[-73.82629,40.9122],[-73.82626,40.91237],[-73.82632,40.91279],[-73.82632,40.91281],[-73.82635,40.91296],[-73.82645,40.91354],[-73.82649,40.91376],[-73.82671,40.91504],[-73.82671,40.91504],[-73.82674,40.91525],[-73.82683,40.91574],[-73.82687,40.91593],[-73.82707,40.91642],[-73.82752,40.91752],[-73.82776,40.91815],[-73.82772,40.91822],[-73.82771,40.91823],[-73.82771,40.91831],[-73.82776,40.91847],[-73.8281,40.91959],[-73.82827,40.92013],[-73.82834,40.92035],[-73.82866,40.92139],[-73.8288,40.92179],[-73.82864,40.92183],[-73.82842,40.92177],[-73.82782,40.92283],[-73.82767,40.92311]]]},"properties":{"name":"LINCOLN SCHOOL","schoolId":"362010001837"}},{"type":"Feature","geometry":{"type":"Polygon","coordinates":[[[-73.8334,40.90202],[-73.83434,40.90181],[-73.83454,40.90232],[-73.83482,40.90305],[-73.83521,40.90408],[-73.83546,40.90474],[-73.83618,40.90661],[-73.83712,40.90641],[-73.83804,40.90621],[-73.83806,40.9062],[-73.83894,40.90601],[-73.83855,40.90489],[-73.83829,40.90413],[-73.83804,40.90349],[-73.83804,40.90349],[-73.83803,40.90346],[-73.83918,40.90321],[-73.83935,40.90317],[-73.83992,40.90304],[-73.83997,40.90303],[-73.841,40.90281],[-73.84096,40.90252],[-73.84096,40.9025],[-73.84087,40.90199],[-73.84085,40.90188],[-73.84083,40.90183],[-73.84079,40.9017],[-73.84073,40.90158],[-73.84065,40.90142],[-73.84056,40.90129],[-73.84045,40.90113],[-73.84021,40.90081],[-73.84019,40.90079],[-73.84018,40.90077],[-73.84017,40.90076],[-73.84016,40.90074],[-73.84009,40.90064],[-73.84005,40.90059],[-73.84004,40.90058],[-73.83936,40.89972],[-73.83929,40.8996],[-73.83922,40.89948],[-73.83919,40.89937],[-73.83916,40.89923],[-73.83916,40.89921],[-73.83915,40.89907],[-73.83916,40.89904],[-73.83916,40.89901],[-73.83921,40.89883],[-73.83924,40.89875],[-73.83925,40.89874],[-73.83926,40.89872],[-73.8393,40.89862],[-73.83939,40.89842],[-73.83951,40.89819],[-73.83965,40.8979],[-73.83965,40.89789],[-73.83954,40.89791],[-73.83863,40.89812],[-73.83791,40.89828],[-73.83682,40.89852],[-73.83563,40.89878],[-73.83385,40.89917],[-73.83338,40.89928],[-73.83244,40.89948],[-73.83298,40.90091],[-73.8334,40.90202]]]},"properties":{"name":"CECIL H PARKER SCHOOL","schoolId":"362010001841"}},{"type":"Feature","geometry":{"type":"Polygon","coordinates":[[[-73.81976,40.93107],[-73.81979,40.93108],[-73.82086,40.93152],[-73.82253,40.93192],[-73.82413,40.93235],[-73.82417,40.93236],[-73.82532,40.93257],[-73.82553,40.93264],[-73.82699,40.9331],[-73.82801,40.93346],[-73.82811,40.9335],[-73.82854,40.93364],[-73.82898,40.93379],[-73.82962,40.93401],[-73.82979,40.93404],[-73.83045,40.93415],[-73.83059,40.93418],[-73.8307,40.93421],[-73.83091,40.93427],[-73.83277,40.93477],[-73.83452,40.93531],[-73.83463,40.93534],[-73.83463,40.9353],[-73.83462,40.93529],[-73.83469,40.93497],[-73.83483,40.93469],[-73.83487,40.93448],[-73.83485,40.93429],[-73.83453,40.9335],[-73.83451,40.93328],[-73.83468,40.93261],[-73.83471,40.93241],[-73.83472,40.93237],[-73.83473,40.93231],[-73.83475,40.93227],[-73.83475,40.93226],[-73.8348,40.93213],[-73.83487,40.93207],[-73.83494,40.93203],[-73.83503,40.93198],[-73.83612,40.93163],[-73.83628,40.93157],[-73.8363,40.93157],[-73.83706,40.9312],[-73.83744,40.93101],[-73.83765,40.93091],[-73.83783,40.93078],[-73.83784,40.93077],[-73.83798,40.93062],[-73.83812,40.93043],[-73.83828,40.93052],[-73.83835,40.93056],[-73.83841,40.93046],[-73.83845,40.93042],[-73.83853,40.93033],[-73.83866,40.93023],[-73.83871,40.9302],[-73.83865,40.92999],[-73.83863,40.9299],[-73.83861,40.9298],[-73.8386,40.92973],[-73.83866,40.92975],[-73.83882,40.92978],[-73.83916,40.92985],[-73.83933,40.92988],[-73.83945,40.92964],[-73.83961,40.92934],[-73.83961,40.92934],[-73.84042,40.92831],[-73.84043,40.92814],[-73.84059,40.928],[-73.84067,40.92792],[-73.84071,40.92788],[-73.84088,40.92773],[-73.841,40.9273],[-73.84094,40.92723],[-73.84084,40.92712],[-73.84073,40.92699],[-73.84051,40.92675],[-73.84052,40.92673],[-73.84044,40.92684],[-73.84038,40.92682],[-73.84031,40.9268],[-73.84011,40.92631],[-73.83994,40.92624],[-73.83931,40.92602],[-73.83906,40.92592],[-73.83906,40.92592],[-73.8388,40.92583],[-73.83863,40.92577],[-73.83834,40.92566],[-73.83794,40.92551],[-73.83783,40.92547],[-73.83776,40.92545],[-73.83742,40.92537],[-73.83701,40.92526],[-73.83691,40.92524],[-73.83668,40.92518],[-73.83613,40.92505],[-73.83596,40.92501],[-73.83541,40.92487],[-73.83504,40.92478],[-73.83406,40.92452],[-73.83382,40.92446],[-73.83352,40.92438],[-73.83346,40.92437],[-73.83312,40.92425],[-73.83257,40.92417],[-73.83207,40.92414],[-73.83177,40.92413],[-73.83144,40.92412],[-73.83091,40.9241],[-73.83069,40.92407],[-73.83058,40.92405],[-73.83023,40.92394],[-73.83002,40.92386],[-73.82958,40.92372],[-73.82936,40.92366],[-73.8286,40.92341],[-73.82811,40.92325],[-73.82767,40.92311],[-73.82756,40.92307],[-73.82707,40.92291],[-73.82672,40.9228],[-73.82672,40.9228],[-73.82653,40.92274],[-73.8259,40.92254],[-73.8258,40.92251],[-73.82495,40.92223],[-73.82476,40.92222],[-73.82469,40.92258],[-73.82468,40.92261],[-73.82463,40.92273],[-73.82457,40.92282],[-73.82452,40.92287],[-73.82449,40.9229],[-73.82438,40.92299],[-73.82429,40.92305],[-73.82421,40.9231],[-73.82418,40.92314],[-73.8241,40.92325],[-73.82406,40.92325],[-73.82389,40.92329],[-73.82385,40.92329],[-73.82363,40.92334],[-73.82345,40.92338],[-73.82324,40.92342],[-73.82312,40.92345],[-73.82288,40.9235],[-73.82286,40.9235],[-73.82274,40.92351],[-73.82247,40.92355],[-73.82228,40.92357],[-73.82219,40.92361],[-73.82212,40.92363],[-73.82201,40.92369],[-73.82197,40.92371],[-73.82189,40.92377],[-73.8218,40.92383],[-73.82169,40.92392],[-73.82161,40.92402],[-73.82151,40.92418],[-73.82146,40.92436],[-73.82143,40.92448],[-73.82142,40.92452],[-73.82141,40.92459],[-73.82137,40.92473],[-73.82135,40.92484],[-73.82126,40.92533],[-73.82113,40.92589],[-73.8211,40.92605],[-73.82094,40.9268],[-73.82092,40.92691],[-73.82089,40.92711],[-73.82085,40.92733],[-73.82084,40.92747],[-73.82084,40.92756],[-73.82084,40.92764],[-73.82084,40.92771],[-73.82084,40.9278],[-73.82085,40.92784],[-73.82088,40.92808],[-73.82092,40.92843],[-73.82096,40.92885],[-73.82096,40.92885],[-73.82097,40.92902],[-73.82097,40.92932],[-73.82096,40.92941],[-73.8209,40.92952],[-73.82087,40.92957],[-73.82078,40.92975],[-73.82075,40.92982],[-73.8207,40.9299],[-73.82053,40.93022],[-73.82045,40.93037],[-73.8203,40.93057],[-73.82017,40.93072],[-73.81997,40.93089],[-73.81978,40.93106],[-73.81976,40.93107]]]},"properties":{"name":"PENNINGTON SCHOOL","schoolId":"362010001842"}},{"type":"Feature","geometry":{"type":"Polygon","coordinates":[[[-73.82875,40.91148],[-73.82954,40.91159],[-73.82967,40.91161],[-73.82967,40.91161],[-73.83056,40.91173],[-73.83067,40.91174],[-73.8307,40.91173],[-73.83078,40.91174],[-73.83119,40.91182],[-73.83153,40.91188],[-73.83174,40.91192],[-73.83205,40.91198],[-73.8321,40.91199],[-73.8321,40.91199],[-73.83216,40.912],[-73.83228,40.91201],[-73.83245,40.91202],[-73.83268,40.91204],[-73.83294,40.91206],[-73.83326,40.91208],[-73.83337,40.91209],[-73.8336,40.91212],[-73.8338,40.91214],[-73.83389,40.91215],[-73.83399,40.91216],[-73.834,40.91186],[-73.83401,40.91178],[-73.83421,40.91182],[-73.83424,40.91183],[-73.83453,40.91187],[-73.83501,40.91194],[-73.83514,40.91195],[-73.83524,40.91196],[-73.83526,40.91196],[-73.83542,40.91195],[-73.83565,40.91194],[-73.83595,40.91193],[-73.83616,40.91192],[-73.83622,40.91192],[-73.83711,40.91173],[-73.83777,40.91158],[-73.8379,40.91154],[-73.83797,40.91152],[-73.83797,40.91152],[-73.83804,40.9115],[-73.83787,40.91104],[-73.83757,40.91025],[-73.83705,40.90889],[-73.83638,40.90714],[-73.83618,40.90661],[-73.83546,40.90474],[-73.83521,40.90408],[-73.83482,40.90305],[-73.83454,40.90232],[-73.83434,40.90181],[-73.8334,40.90202],[-73.83246,40.90222],[-73.83153,40.90243],[-73.83056,40.8999],[-73.82962,40.9001],[-73.82868,40.90031],[-73.82749,40.90057],[-73.82677,40.90072],[-73.82678,40.90076],[-73.82699,40.90137],[-73.82704,40.90151],[-73.8272,40.90199],[-73.82723,40.90208],[-73.82725,40.90218],[-73.82729,40.90234],[-73.8273,40.90238],[-73.82731,40.90262],[-73.82732,40.90271],[-73.82731,40.90278],[-73.82729,40.90293],[-73.82728,40.90296],[-73.82724,40.9031],[-73.82719,40.90326],[-73.82715,40.90338],[-73.82713,40.90348],[-73.8271,40.90356],[-73.82706,40.90365],[-73.82709,40.90383],[-73.8271,40.90398],[-73.82714,40.90423],[-73.82715,40.9043],[-73.82724,40.90456],[-73.82727,40.90466],[-73.82727,40.90466],[-73.82729,40.90471],[-73.8274,40.90505],[-73.82745,40.90518],[-73.82751,40.90537],[-73.82755,40.9055],[-73.82757,40.90561],[-73.82759,40.90578],[-73.82759,40.90581],[-73.82759,40.90597],[-73.82759,40.90601],[-73.82759,40.90653],[-73.82759,40.90653],[-73.82759,40.90658],[-73.82759,40.90667],[-73.82758,40.90706],[-73.82758,40.90712],[-73.82758,40.90747],[-73.82759,40.90757],[-73.82762,40.90767],[-73.82766,40.90774],[-73.82769,40.9078],[-73.82776,40.90789],[-73.82785,40.90798],[-73.82797,40.90808],[-73.8281,40.9082],[-73.82818,40.90832],[-73.82824,40.90843],[-73.82828,40.90856],[-73.82831,40.90863],[-73.82835,40.90881],[-73.82839,40.90897],[-73.82844,40.90925],[-73.82858,40.90985],[-73.8286,40.90991],[-73.82868,40.91044],[-73.82871,40.91063],[-73.82872,40.91068],[-73.82872,40.91074],[-73.82872,40.91074],[-73.82873,40.9108],[-73.82879,40.91113],[-73.82881,40.91122],[-73.82875,40.91148]]]},"properties":{"name":"EDWARD WILLIAMS SCHOOL","schoolId":"362010001843"}},{"type":"Feature","geometry":{"type":"Polygon","coordinates":[[[-73.81138,40.91624],[-73.81136,40.91626],[-73.81126,40.91641],[-73.81123,40.91659],[-73.81123,40.91664],[-73.81118,40.91672],[-73.81109,40.91682],[-73.81106,40.91685],[-73.81101,40.9169],[-73.81101,40.91696],[-73.81103,40.917],[-73.81111,40.91709],[-73.81114,40.91715],[-73.81115,40.9172],[-73.81115,40.91722],[-73.81113,40.91731],[-73.81111,40.91735],[-73.81103,40.91749],[-73.81101,40.91756],[-73.81101,40.91762],[-73.81103,40.91767],[-73.81115,40.91784],[-73.81116,40.9179],[-73.81115,40.91801],[-73.81114,40.91827],[-73.81118,40.91849],[-73.81123,40.91874],[-73.81086,40.91949],[-73.81081,40.91958],[-73.81075,40.9197],[-73.8107,40.9198],[-73.81057,40.92011],[-73.81054,40.92017],[-73.81027,40.92067],[-73.81,40.9211],[-73.80969,40.92159],[-73.80937,40.9221],[-73.80934,40.92249],[-73.80935,40.92278],[-73.80935,40.92279],[-73.80933,40.92338],[-73.80931,40.92372],[-73.80932,40.92389],[-73.80929,40.92398],[-73.80929,40.92399],[-73.80928,40.924],[-73.80922,40.92412],[-73.80918,40.92418],[-73.80885,40.9246],[-73.80862,40.9248],[-73.80856,40.92485],[-73.80837,40.92501],[-73.8082,40.92513],[-73.80816,40.92516],[-73.80815,40.92517],[-73.80811,40.9252],[-73.80806,40.92527],[-73.80799,40.92541],[-73.80796,40.92545],[-73.8079,40.9255],[-73.80769,40.92559],[-73.80759,40.92564],[-73.80745,40.9257],[-73.80742,40.92572],[-73.80724,40.92569],[-73.80676,40.92562],[-73.80666,40.9256],[-73.80648,40.92561],[-73.80646,40.92561],[-73.80638,40.9256],[-73.80558,40.92551],[-73.80546,40.92564],[-73.8052,40.92594],[-73.80502,40.92614],[-73.80504,40.92651],[-73.80506,40.92654],[-73.80508,40.92661],[-73.80513,40.92666],[-73.80518,40.92672],[-73.80519,40.92673],[-73.80524,40.92676],[-73.80528,40.92678],[-73.80532,40.92681],[-73.8054,40.92684],[-73.8056,40.92692],[-73.80642,40.92714],[-73.80659,40.92721],[-73.80676,40.92733],[-73.80837,40.9278],[-73.8089,40.92783],[-73.80986,40.92788],[-73.81075,40.92819],[-73.81124,40.92837],[-73.81137,40.92842],[-73.81153,40.92847],[-73.81184,40.92855],[-73.81191,40.92857],[-73.81264,40.92881],[-73.81341,40.92905],[-73.81397,40.92933],[-73.8142,40.92945],[-73.81463,40.92953],[-73.81532,40.92966],[-73.81551,40.92979],[-73.81612,40.93021],[-73.81707,40.93036],[-73.81839,40.93082],[-73.81854,40.93089],[-73.81976,40.93107],[-73.81978,40.93106],[-73.81997,40.93089],[-73.82017,40.93072],[-73.8203,40.93057],[-73.82045,40.93037],[-73.82053,40.93022],[-73.8207,40.9299],[-73.82075,40.92982],[-73.82078,40.92975],[-73.82087,40.92957],[-73.8209,40.92952],[-73.82096,40.92941],[-73.82097,40.92932],[-73.82097,40.92902],[-73.82096,40.92885],[-73.82096,40.92885],[-73.82092,40.92843],[-73.82088,40.92808],[-73.82085,40.92784],[-73.82084,40.9278],[-73.82084,40.92771],[-73.82084,40.92764],[-73.82084,40.92756],[-73.82084,40.92747],[-73.82085,40.92733],[-73.82089,40.92711],[-73.82092,40.92691],[-73.82094,40.9268],[-73.8211,40.92605],[-73.82113,40.92589],[-73.82126,40.92533],[-73.82135,40.92484],[-73.82137,40.92473],[-73.82141,40.92459],[-73.82142,40.92452],[-73.82143,40.92448],[-73.82146,40.92436],[-73.82151,40.92418],[-73.82161,40.92402],[-73.82169,40.92392],[-73.8218,40.92383],[-73.82189,40.92377],[-73.82197,40.92371],[-73.82201,40.92369],[-73.82212,40.92363],[-73.82219,40.92361],[-73.82228,40.92357],[-73.82247,40.92355],[-73.82274,40.92351],[-73.82286,40.9235],[-73.82288,40.9235],[-73.82312,40.92345],[-73.82324,40.92342],[-73.82345,40.92338],[-73.82363,40.92334],[-73.82385,40.92329],[-73.82389,40.92329],[-73.82406,40.92325],[-73.8241,40.92325],[-73.82418,40.92314],[-73.82421,40.9231],[-73.82429,40.92305],[-73.82438,40.92299],[-73.82449,40.9229],[-73.82452,40.92287],[-73.82457,40.92282],[-73.82463,40.92273],[-73.82468,40.92261],[-73.82469,40.92258],[-73.82476,40.92222],[-73.82495,40.92223],[-73.8258,40.92251],[-73.8259,40.92254],[-73.82653,40.92274],[-73.82672,40.9228],[-73.82672,40.9228],[-73.82707,40.92291],[-73.82756,40.92307],[-73.82767,40.92311],[-73.82782,40.92283],[-73.82842,40.92177],[-73.82864,40.92183],[-73.8288,40.92179],[-73.82866,40.92139],[-73.82834,40.92035],[-73.82827,40.92013],[-73.8281,40.91959],[-73.82776,40.91847],[-73.82771,40.91831],[-73.82721,40.91835],[-73.82675,40.91839],[-73.8266,40.9184],[-73.82644,40.91842],[-73.82551,40.91848],[-73.82501,40.91841],[-73.82492,40.9184],[-73.82484,40.91839],[-73.8244,40.91836],[-73.82352,40.91831],[-73.82342,40.91891],[-73.8234,40.91901],[-73.82329,40.91963],[-73.82252,40.91952],[-73.82235,40.9195],[-73.8221,40.91947],[-73.82129,40.9194],[-73.82139,40.91883],[-73.82045,40.91875],[-73.82052,40.91796],[-73.82028,40.91793],[-73.82008,40.9179],[-73.81979,40.91785],[-73.81979,40.91785],[-73.81932,40.91778],[-73.81915,40.91774],[-73.81893,40.9177],[-73.81852,40.91761],[-73.81838,40.91757],[-73.81809,40.91748],[-73.81807,40.91747],[-73.81781,40.91739],[-73.81769,40.91736],[-73.81714,40.91719],[-73.81691,40.91712],[-73.81666,40.91705],[-73.81663,40.91705],[-73.8163,40.91696],[-73.81612,40.91691],[-73.81604,40.91689],[-73.81584,40.91685],[-73.81579,40.91684],[-73.81561,40.91682],[-73.81516,40.91675],[-73.81516,40.91675],[-73.81468,40.91669],[-73.81468,40.91669],[-73.81373,40.91656],[-73.81345,40.91652],[-73.81276,40.91643],[-73.81273,40.91642],[-73.81203,40.91633],[-73.81183,40.9163],[-73.81166,40.91628],[-73.81159,40.91627],[-73.81138,40.91624]]]},"properties":{"name":"TRAPHAGEN SCHOOL","schoolId":"362010001844"}},{"type":"Feature","geometry":{"type":"Polygon","coordinates":[[[-73.83757,40.91025],[-73.83787,40.91104],[-73.83804,40.9115],[-73.83797,40.91152],[-73.83804,40.9115],[-73.83829,40.9114],[-73.83838,40.91137],[-73.83864,40.91127],[-73.83871,40.91124],[-73.83893,40.91116],[-73.8391,40.91108],[-73.8391,40.91108],[-73.83939,40.91095],[-73.83962,40.91086],[-73.8398,40.91077],[-73.84019,40.91063],[-73.84049,40.91053],[-73.84069,40.91047],[-73.84103,40.9104],[-73.84111,40.91039],[-73.84164,40.91028],[-73.84221,40.9102],[-73.8426,40.91014],[-73.84288,40.9101],[-73.84319,40.91006],[-73.84335,40.91004],[-73.84347,40.91002],[-73.84362,40.91],[-73.84379,40.90997],[-73.8439,40.90997],[-73.84394,40.91007],[-73.84407,40.91],[-73.8442,40.90997],[-73.84461,40.90986],[-73.84465,40.90994],[-73.84507,40.90987],[-73.84549,40.9098],[-73.84591,40.90971],[-73.84619,40.90966],[-73.84629,40.90964],[-73.84643,40.90961],[-73.8465,40.90959],[-73.84658,40.90958],[-73.84661,40.90962],[-73.84707,40.90952],[-73.8475,40.90943],[-73.8475,40.90943],[-73.8475,40.90942],[-73.8475,40.90941],[-73.84771,40.90935],[-73.84791,40.90928],[-73.84812,40.90921],[-73.84855,40.90912],[-73.84883,40.909],[-73.84913,40.90888],[-73.84922,40.90885],[-73.8494,40.90878],[-73.84968,40.90866],[-73.85,40.90852],[-73.85002,40.90851],[-73.85026,40.9084],[-73.85034,40.90836],[-73.85036,40.90835],[-73.85046,40.9083],[-73.85071,40.90818],[-73.851,40.90801],[-73.8511,40.90796],[-73.85149,40.90774],[-73.85174,40.90758],[-73.85177,40.90756],[-73.85186,40.90751],[-73.85204,40.90739],[-73.85214,40.90733],[-73.85248,40.9071],[-73.85263,40.907],[-73.8526,40.90699],[-73.85257,40.90698],[-73.85221,40.90689],[-73.85151,40.90665],[-73.85131,40.90659],[-73.85106,40.90647],[-73.85102,40.90651],[-73.85098,40.90655],[-73.85066,40.90693],[-73.85052,40.90713],[-73.85045,40.90719],[-73.85042,40.90722],[-73.85033,40.90729],[-73.85023,40.90738],[-73.8502,40.90737],[-73.84913,40.90693],[-73.8488,40.9068],[-73.84873,40.90677],[-73.84868,40.90675],[-73.8478,40.90644],[-73.84707,40.90618],[-73.8468,40.90609],[-73.84666,40.90603],[-73.84626,40.90585],[-73.84611,40.90579],[-73.8454,40.90561],[-73.84532,40.90559],[-73.84487,40.90533],[-73.84485,40.90532],[-73.84473,40.90474],[-73.84471,40.90463],[-73.8447,40.90421],[-73.8447,40.90419],[-73.84439,40.9041],[-73.8443,40.90409],[-73.84337,40.90409],[-73.84331,40.90409],[-73.84232,40.904],[-73.84231,40.904],[-73.84222,40.90399],[-73.84144,40.904],[-73.84132,40.904],[-73.84129,40.90392],[-73.84128,40.90389],[-73.84114,40.9035],[-73.84106,40.90322],[-73.84105,40.90317],[-73.84102,40.90299],[-73.841,40.90282],[-73.841,40.90281],[-73.83997,40.90303],[-73.83992,40.90304],[-73.83935,40.90317],[-73.83918,40.90321],[-73.83803,40.90346],[-73.83804,40.90349],[-73.83804,40.90349],[-73.83829,40.90413],[-73.83855,40.90489],[-73.83894,40.90601],[-73.83806,40.9062],[-73.83804,40.90621],[-73.83712,40.90641],[-73.83618,40.90661],[-73.83638,40.90714],[-73.83705,40.90889],[-73.83757,40.91025]]]},"properties":{"name":"GRIMES SCHOOL","schoolId":"362010001845"}},{"type":"Feature","geometry":{"type":"Polygon","coordinates":[[[-73.81533,41.11847],[-73.81554,41.11616],[-73.81347,41.1159],[-73.81329,41.11587],[-73.81313,41.11633],[-73.81293,41.11672],[-73.81214,41.11872],[-73.811,41.11873],[-73.81101,41.11854],[-73.81128,41.11502],[-73.81264,41.09728],[-73.81271,41.09656],[-73.81273,41.09644],[-73.81298,41.09513],[-73.81307,41.09451],[-73.8123,41.0945],[-73.81184,41.0945],[-73.8108,41.09449],[-73.81004,41.09449],[-73.8097,41.09173],[-73.80934,41.09006],[-73.80911,41.08856],[-73.80909,41.08846],[-73.80918,41.08846],[-73.81042,41.08835],[-73.81089,41.0883],[-73.81091,41.08782],[-73.80952,41.0876],[-73.8074,41.0873],[-73.80737,41.0873],[-73.80732,41.08729],[-73.80725,41.08727],[-73.80671,41.08717],[-73.8035,41.08646],[-73.80269,41.08782],[-73.80243,41.08779],[-73.8008,41.08821],[-73.80039,41.08818],[-73.79979,41.08834],[-73.79965,41.08765],[-73.79961,41.08754],[-73.7986,41.08677],[-73.7978,41.08673],[-73.79573,41.08664],[-73.79565,41.08664],[-73.78844,41.08629],[-73.78838,41.08636],[-73.78845,41.08643],[-73.78832,41.08646],[-73.78901,41.08704],[-73.7895,41.08749],[-73.79006,41.08803],[-73.79056,41.08859],[-73.79069,41.08874],[-73.79076,41.08882],[-73.79086,41.08894],[-73.7911,41.08927],[-73.79118,41.08939],[-73.79152,41.08987],[-73.79207,41.09076],[-73.79233,41.09126],[-73.79273,41.09213],[-73.79284,41.09244],[-73.79307,41.09316],[-73.79284,41.09322],[-73.79276,41.09325],[-73.79189,41.09359],[-73.79172,41.09365],[-73.78874,41.09465],[-73.78928,41.09573],[-73.78888,41.09579],[-73.78846,41.0959],[-73.78827,41.0959],[-73.78796,41.09592],[-73.78739,41.09596],[-73.7872,41.09607],[-73.78712,41.09618],[-73.78633,41.09625],[-73.78602,41.09633],[-73.78541,41.0963],[-73.78528,41.0963],[-73.78408,41.09642],[-73.78344,41.09645],[-73.78232,41.0964],[-73.78127,41.09629],[-73.78121,41.09631],[-73.7807,41.09694],[-73.78054,41.09703],[-73.78039,41.09715],[-73.78029,41.09735],[-73.78013,41.09747],[-73.77976,41.09747],[-73.77939,41.09737],[-73.77893,41.09724],[-73.77818,41.0971],[-73.77799,41.09702],[-73.77793,41.09702],[-73.77781,41.09704],[-73.77771,41.09707],[-73.7775,41.09709],[-73.77691,41.09716],[-73.77605,41.09728],[-73.7751,41.09738],[-73.77428,41.09745],[-73.77404,41.09748],[-73.77392,41.09749],[-73.77218,41.0927],[-73.77175,41.09152],[-73.77175,41.09081],[-73.77165,41.09076],[-73.77144,41.09061],[-73.76987,41.08595],[-73.76896,41.0831],[-73.76847,41.08024],[-73.76778,41.07993],[-73.76784,41.07708],[-73.76608,41.07663],[-73.76229,41.07566],[-73.7619,41.07557],[-73.76085,41.07531],[-73.76073,41.07529],[-73.75903,41.07485],[-73.75836,41.07686],[-73.75796,41.07673],[-73.75749,41.07787],[-73.75772,41.07818],[-73.75621,41.0821],[-73.75604,41.08255],[-73.75552,41.08247],[-73.75517,41.08239],[-73.75503,41.08234],[-73.75491,41.08226],[-73.75457,41.08196],[-73.75412,41.0816],[-73.75398,41.08151],[-73.75381,41.08142],[-73.75346,41.08135],[-73.75311,41.08129],[-73.75257,41.08123],[-73.75243,41.0812],[-73.75222,41.08111],[-73.75191,41.08092],[-73.75171,41.08078],[-73.75162,41.0807],[-73.75151,41.08062],[-73.75134,41.08045],[-73.75132,41.08042],[-73.75113,41.08017],[-73.75104,41.08005],[-73.75095,41.07991],[-73.75085,41.07962],[-73.75082,41.07952],[-73.75075,41.07919],[-73.7506,41.07922],[-73.74879,41.07939],[-73.74659,41.07966],[-73.74642,41.07895],[-73.74619,41.07841],[-73.74549,41.07775],[-73.74467,41.07749],[-73.74351,41.07758],[-73.74165,41.07802],[-73.73985,41.07837],[-73.73861,41.0785],[-73.73768,41.07832],[-73.73669,41.07775],[-73.73611,41.077],[-73.73582,41.07595],[-73.73575,41.07581],[-73.73545,41.07511],[-73.73476,41.07466],[-73.73436,41.07466],[-73.73418,41.07615],[-73.73399,41.0772],[-73.73181,41.07847],[-73.73175,41.08235],[-73.73144,41.08235],[-73.73034,41.08235],[-73.73035,41.08254],[-73.73039,41.08277],[-73.73038,41.08291],[-73.73036,41.08297],[-73.73035,41.08303],[-73.73036,41.08313],[-73.73036,41.08345],[-73.73038,41.0839],[-73.7304,41.08402],[-73.73045,41.08416],[-73.73047,41.08435],[-73.73048,41.08464],[-73.73049,41.08472],[-73.73047,41.08486],[-73.73047,41.08493],[-73.7305,41.08503],[-73.73062,41.08553],[-73.73063,41.08563],[-73.7306,41.08584],[-73.73062,41.08592],[-73.73066,41.08599],[-73.73067,41.0861],[-73.73066,41.08628],[-73.73063,41.08641],[-73.73056,41.08657],[-73.73049,41.08668],[-73.73187,41.08668],[-73.73244,41.08667],[-73.73258,41.0893],[-73.73377,41.0893],[-73.73489,41.09229],[-73.73496,41.09244],[-73.73663,41.09536],[-73.73443,41.09543],[-73.73445,41.09628],[-73.73535,41.09629],[-73.73581,41.09678],[-73.73585,41.09673],[-73.73589,41.09671],[-73.736,41.09668],[-73.73605,41.09668],[-73.73615,41.09673],[-73.73627,41.09685],[-73.73632,41.09687],[-73.73638,41.09684],[-73.7364,41.09673],[-73.73643,41.0967],[-73.73648,41.09667],[-73.73652,41.09666],[-73.73668,41.09664],[-73.73673,41.09661],[-73.73692,41.09668],[-73.7363,41.09817],[-73.73653,41.09819],[-73.73665,41.09816],[-73.73728,41.09791],[-73.73746,41.09781],[-73.73757,41.09776],[-73.73772,41.09771],[-73.73784,41.09771],[-73.738,41.09774],[-73.73824,41.09784],[-73.73855,41.09803],[-73.73908,41.09842],[-73.73915,41.09852],[-73.73928,41.09868],[-73.73936,41.09883],[-73.73947,41.09895],[-73.73962,41.09904],[-73.73987,41.09917],[-73.74009,41.09931],[-73.74131,41.09928],[-73.74078,41.1008],[-73.74219,41.10116],[-73.74419,41.10168],[-73.74427,41.10152],[-73.74703,41.10223],[-73.74686,41.10316],[-73.74685,41.10324],[-73.74986,41.10336],[-73.75061,41.10339],[-73.75101,41.10338],[-73.75304,41.10344],[-73.75368,41.10346],[-73.75348,41.10721],[-73.75153,41.11092],[-73.75076,41.11255],[-73.75073,41.11262],[-73.75079,41.11399],[-73.75078,41.1152],[-73.75078,41.11525],[-73.74842,41.11836],[-73.74864,41.11851],[-73.74944,41.11944],[-73.74995,41.12001],[-73.75079,41.12081],[-73.75106,41.12106],[-73.75193,41.12162],[-73.75423,41.12168],[-73.75661,41.1218],[-73.75756,41.12184],[-73.76075,41.12172],[-73.76324,41.1214],[-73.76295,41.12285],[-73.76348,41.12439],[-73.76412,41.12626],[-73.76438,41.12682],[-73.76503,41.12821],[-73.76512,41.12841],[-73.7656,41.12939],[-73.76592,41.13012],[-73.76596,41.13022],[-73.76652,41.13152],[-73.76687,41.13122],[-73.76702,41.13114],[-73.76715,41.13108],[-73.76721,41.13107],[-73.76727,41.13107],[-73.76744,41.13108],[-73.76749,41.13112],[-73.76754,41.13115],[-73.7676,41.13124],[-73.76801,41.13194],[-73.76827,41.13231],[-73.76837,41.1324],[-73.76848,41.13246],[-73.76866,41.13247],[-73.76886,41.13243],[-73.76927,41.13236],[-73.7695,41.13233],[-73.7696,41.13232],[-73.7698,41.13229],[-73.76996,41.13227],[-73.77003,41.13228],[-73.77018,41.13234],[-73.77022,41.13236],[-73.77054,41.13255],[-73.77123,41.13295],[-73.77165,41.13322],[-73.772,41.13339],[-73.77226,41.13348],[-73.77254,41.13352],[-73.77284,41.13354],[-73.77313,41.13357],[-73.77353,41.13358],[-73.7741,41.13354],[-73.77452,41.13349],[-73.775,41.1334],[-73.77532,41.13331],[-73.77626,41.13307],[-73.77653,41.13301],[-73.77673,41.13302],[-73.77819,41.13281],[-73.78087,41.1322],[-73.78162,41.13201],[-73.78275,41.13135],[-73.78318,41.1311],[-73.78461,41.13052],[-73.785,41.13039],[-73.78532,41.13024],[-73.78616,41.12988],[-73.78677,41.12957],[-73.7875,41.12947],[-73.78921,41.12884],[-73.79234,41.12772],[-73.7929,41.12751],[-73.79297,41.12748],[-73.79307,41.12741],[-73.79348,41.12734],[-73.79365,41.12728],[-73.79395,41.12717],[-73.79445,41.12698],[-73.7951,41.12638],[-73.79489,41.12523],[-73.79493,41.12508],[-73.79529,41.12397],[-73.79545,41.12336],[-73.79535,41.12271],[-73.79524,41.12208],[-73.79525,41.12202],[-73.7958,41.12073],[-73.79881,41.12027],[-73.7997,41.12029],[-73.80135,41.11983],[-73.80323,41.11928],[-73.80392,41.12188],[-73.80434,41.12369],[-73.80455,41.12463],[-73.80469,41.12532],[-73.80559,41.12472],[-73.80586,41.12455],[-73.80598,41.12467],[-73.80614,41.12482],[-73.80621,41.12492],[-73.80651,41.12469],[-73.80664,41.12461],[-73.80673,41.12454],[-73.80685,41.12447],[-73.80763,41.12401],[-73.80843,41.12353],[-73.80855,41.12347],[-73.80941,41.12295],[-73.8094,41.1229],[-73.80933,41.12268],[-73.80911,41.12214],[-73.80869,41.12141],[-73.80841,41.12093],[-73.80834,41.12082],[-73.80861,41.12075],[-73.80891,41.12067],[-73.81404,41.11897],[-73.81432,41.11888],[-73.81533,41.11847]]]},"properties":{"name":"COLUMBUS ELEMENTARY SCHOOL","schoolId":"362016001846"}},{"type":"Feature","geometry":{"type":"Polygon","coordinates":[[[-73.81533,41.11847],[-73.81554,41.11616],[-73.81347,41.1159],[-73.81329,41.11587],[-73.81313,41.11633],[-73.81293,41.11672],[-73.81214,41.11872],[-73.811,41.11873],[-73.81101,41.11854],[-73.81128,41.11502],[-73.81264,41.09728],[-73.81271,41.09656],[-73.81273,41.09644],[-73.81298,41.09513],[-73.81307,41.09451],[-73.8123,41.0945],[-73.81184,41.0945],[-73.8108,41.09449],[-73.81004,41.09449],[-73.8097,41.09173],[-73.80934,41.09006],[-73.80911,41.08856],[-73.80909,41.08846],[-73.80918,41.08846],[-73.81042,41.08835],[-73.81089,41.0883],[-73.81091,41.08782],[-73.80952,41.0876],[-73.8074,41.0873],[-73.80737,41.0873],[-73.80732,41.08729],[-73.80725,41.08727],[-73.80671,41.08717],[-73.8035,41.08646],[-73.80269,41.08782],[-73.80243,41.08779],[-73.8008,41.08821],[-73.80039,41.08818],[-73.79979,41.08834],[-73.79965,41.08765],[-73.79961,41.08754],[-73.7986,41.08677],[-73.7978,41.08673],[-73.79573,41.08664],[-73.79565,41.08664],[-73.78844,41.08629],[-73.78838,41.08636],[-73.78845,41.08643],[-73.78832,41.08646],[-73.78901,41.08704],[-73.7895,41.08749],[-73.79006,41.08803],[-73.79056,41.08859],[-73.79069,41.08874],[-73.79076,41.08882],[-73.79086,41.08894],[-73.7911,41.08927],[-73.79118,41.08939],[-73.79152,41.08987],[-73.79207,41.09076],[-73.79233,41.09126],[-73.79273,41.09213],[-73.79284,41.09244],[-73.79307,41.09316],[-73.79284,41.09322],[-73.79276,41.09325],[-73.79189,41.09359],[-73.79172,41.09365],[-73.78874,41.09465],[-73.78928,41.09573],[-73.78888,41.09579],[-73.78846,41.0959],[-73.78827,41.0959],[-73.78796,41.09592],[-73.78739,41.09596],[-73.7872,41.09607],[-73.78712,41.09618],[-73.78633,41.09625],[-73.78602,41.09633],[-73.78541,41.0963],[-73.78528,41.0963],[-73.78408,41.09642],[-73.78344,41.09645],[-73.78232,41.0964],[-73.78127,41.09629],[-73.78121,41.09631],[-73.7807,41.09694],[-73.78054,41.09703],[-73.78039,41.09715],[-73.78029,41.09735],[-73.78013,41.09747],[-73.77976,41.09747],[-73.77939,41.09737],[-73.77893,41.09724],[-73.77818,41.0971],[-73.77799,41.09702],[-73.77793,41.09702],[-73.77781,41.09704],[-73.77771,41.09707],[-73.7775,41.09709],[-73.77691,41.09716],[-73.77605,41.09728],[-73.7751,41.09738],[-73.77428,41.09745],[-73.77404,41.09748],[-73.77392,41.09749],[-73.77218,41.0927],[-73.77175,41.09152],[-73.77175,41.09081],[-73.77165,41.09076],[-73.77144,41.09061],[-73.76987,41.08595],[-73.76896,41.0831],[-73.76847,41.08024],[-73.76778,41.07993],[-73.76784,41.07708],[-73.76608,41.07663],[-73.76229,41.07566],[-73.7619,41.07557],[-73.76085,41.07531],[-73.76073,41.07529],[-73.75903,41.07485],[-73.75836,41.07686],[-73.75796,41.07673],[-73.75749,41.07787],[-73.75772,41.07818],[-73.75621,41.0821],[-73.75604,41.08255],[-73.75552,41.08247],[-73.75517,41.08239],[-73.75503,41.08234],[-73.75491,41.08226],[-73.75457,41.08196],[-73.75412,41.0816],[-73.75398,41.08151],[-73.75381,41.08142],[-73.75346,41.08135],[-73.75311,41.08129],[-73.75257,41.08123],[-73.75243,41.0812],[-73.75222,41.08111],[-73.75191,41.08092],[-73.75171,41.08078],[-73.75162,41.0807],[-73.75151,41.08062],[-73.75134,41.08045],[-73.75132,41.08042],[-73.75113,41.08017],[-73.75104,41.08005],[-73.75095,41.07991],[-73.75085,41.07962],[-73.75082,41.07952],[-73.75075,41.07919],[-73.7506,41.07922],[-73.74879,41.07939],[-73.74659,41.07966],[-73.74642,41.07895],[-73.74619,41.07841],[-73.74549,41.07775],[-73.74467,41.07749],[-73.74351,41.07758],[-73.74165,41.07802],[-73.73985,41.07837],[-73.73861,41.0785],[-73.73768,41.07832],[-73.73669,41.07775],[-73.73611,41.077],[-73.73582,41.07595],[-73.73575,41.07581],[-73.73545,41.07511],[-73.73476,41.07466],[-73.73436,41.07466],[-73.73418,41.07615],[-73.73399,41.0772],[-73.73181,41.07847],[-73.73175,41.08235],[-73.73144,41.08235],[-73.73034,41.08235],[-73.73035,41.08254],[-73.73039,41.08277],[-73.73038,41.08291],[-73.73036,41.08297],[-73.73035,41.08303],[-73.73036,41.08313],[-73.73036,41.08345],[-73.73038,41.0839],[-73.7304,41.08402],[-73.73045,41.08416],[-73.73047,41.08435],[-73.73048,41.08464],[-73.73049,41.08472],[-73.73047,41.08486],[-73.73047,41.08493],[-73.7305,41.08503],[-73.73062,41.08553],[-73.73063,41.08563],[-73.7306,41.08584],[-73.73062,41.08592],[-73.73066,41.08599],[-73.73067,41.0861],[-73.73066,41.08628],[-73.73063,41.08641],[-73.73056,41.08657],[-73.73049,41.08668],[-73.73187,41.08668],[-73.73244,41.08667],[-73.73258,41.0893],[-73.73377,41.0893],[-73.73489,41.09229],[-73.73496,41.09244],[-73.73663,41.09536],[-73.73443,41.09543],[-73.73445,41.09628],[-73.73535,41.09629],[-73.73581,41.09678],[-73.73585,41.09673],[-73.73589,41.09671],[-73.736,41.09668],[-73.73605,41.09668],[-73.73615,41.09673],[-73.73627,41.09685],[-73.73632,41.09687],[-73.73638,41.09684],[-73.7364,41.09673],[-73.73643,41.0967],[-73.73648,41.09667],[-73.73652,41.09666],[-73.73668,41.09664],[-73.73673,41.09661],[-73.73692,41.09668],[-73.7363,41.09817],[-73.73653,41.09819],[-73.73665,41.09816],[-73.73728,41.09791],[-73.73746,41.09781],[-73.73757,41.09776],[-73.73772,41.09771],[-73.73784,41.09771],[-73.738,41.09774],[-73.73824,41.09784],[-73.73855,41.09803],[-73.73908,41.09842],[-73.73915,41.09852],[-73.73928,41.09868],[-73.73936,41.09883],[-73.73947,41.09895],[-73.73962,41.09904],[-73.73987,41.09917],[-73.74009,41.09931],[-73.74131,41.09928],[-73.74078,41.1008],[-73.74219,41.10116],[-73.74419,41.10168],[-73.74427,41.10152],[-73.74703,41.10223],[-73.74686,41.10316],[-73.74685,41.10324],[-73.74986,41.10336],[-73.75061,41.10339],[-73.75101,41.10338],[-73.75304,41.10344],[-73.75368,41.10346],[-73.75348,41.10721],[-73.75153,41.11092],[-73.75076,41.11255],[-73.75073,41.11262],[-73.75079,41.11399],[-73.75078,41.1152],[-73.75078,41.11525],[-73.74842,41.11836],[-73.74864,41.11851],[-73.74944,41.11944],[-73.74995,41.12001],[-73.75079,41.12081],[-73.75106,41.12106],[-73.75193,41.12162],[-73.75423,41.12168],[-73.75661,41.1218],[-73.75756,41.12184],[-73.76075,41.12172],[-73.76324,41.1214],[-73.76295,41.12285],[-73.76348,41.12439],[-73.76412,41.12626],[-73.76438,41.12682],[-73.76503,41.12821],[-73.76512,41.12841],[-73.7656,41.12939],[-73.76592,41.13012],[-73.76596,41.13022],[-73.76652,41.13152],[-73.76687,41.13122],[-73.76702,41.13114],[-73.76715,41.13108],[-73.76721,41.13107],[-73.76727,41.13107],[-73.76744,41.13108],[-73.76749,41.13112],[-73.76754,41.13115],[-73.7676,41.13124],[-73.76801,41.13194],[-73.76827,41.13231],[-73.76837,41.1324],[-73.76848,41.13246],[-73.76866,41.13247],[-73.76886,41.13243],[-73.76927,41.13236],[-73.7695,41.13233],[-73.7696,41.13232],[-73.7698,41.13229],[-73.76996,41.13227],[-73.77003,41.13228],[-73.77018,41.13234],[-73.77022,41.13236],[-73.77054,41.13255],[-73.77123,41.13295],[-73.77165,41.13322],[-73.772,41.13339],[-73.77226,41.13348],[-73.77254,41.13352],[-73.77284,41.13354],[-73.77313,41.13357],[-73.77353,41.13358],[-73.7741,41.13354],[-73.77452,41.13349],[-73.775,41.1334],[-73.77532,41.13331],[-73.77626,41.13307],[-73.77653,41.13301],[-73.77673,41.13302],[-73.77819,41.13281],[-73.78087,41.1322],[-73.78162,41.13201],[-73.78275,41.13135],[-73.78318,41.1311],[-73.78461,41.13052],[-73.785,41.13039],[-73.78532,41.13024],[-73.78616,41.12988],[-73.78677,41.12957],[-73.7875,41.12947],[-73.78921,41.12884],[-73.79234,41.12772],[-73.7929,41.12751],[-73.79297,41.12748],[-73.79307,41.12741],[-73.79348,41.12734],[-73.79365,41.12728],[-73.79395,41.12717],[-73.79445,41.12698],[-73.7951,41.12638],[-73.79489,41.12523],[-73.79493,41.12508],[-73.79529,41.12397],[-73.79545,41.12336],[-73.79535,41.12271],[-73.79524,41.12208],[-73.79525,41.12202],[-73.7958,41.12073],[-73.79881,41.12027],[-73.7997,41.12029],[-73.80135,41.11983],[-73.80323,41.11928],[-73.80392,41.12188],[-73.80434,41.12369],[-73.80455,41.12463],[-73.80469,41.12532],[-73.80559,41.12472],[-73.80586,41.12455],[-73.80598,41.12467],[-73.80614,41.12482],[-73.80621,41.12492],[-73.80651,41.12469],[-73.80664,41.12461],[-73.80673,41.12454],[-73.80685,41.12447],[-73.80763,41.12401],[-73.80843,41.12353],[-73.80855,41.12347],[-73.80941,41.12295],[-73.8094,41.1229],[-73.80933,41.12268],[-73.80911,41.12214],[-73.80869,41.12141],[-73.80841,41.12093],[-73.80834,41.12082],[-73.80861,41.12075],[-73.80891,41.12067],[-73.81404,41.11897],[-73.81432,41.11888],[-73.81533,41.11847]]]},"properties":{"name":"HAWTHORNE ELEMENTARY SCHOOL","schoolId":"362016001847"}},{"type":"Feature","geometry":{"type":"Polygon","coordinates":[[[-73.68949,41.35194],[-73.68932,41.34898],[-73.68894,41.34901],[-73.68882,41.34906],[-73.68861,41.34913],[-73.68851,41.34929],[-73.68832,41.34932],[-73.6882,41.34944],[-73.6882,41.3497],[-73.68818,41.34976],[-73.68808,41.34972],[-73.68777,41.34981],[-73.68766,41.34989],[-73.68756,41.34993],[-73.68745,41.34993],[-73.68725,41.3499],[-73.68728,41.35068],[-73.68595,41.35074],[-73.68561,41.34924],[-73.68544,41.34798],[-73.6854,41.34761],[-73.68537,41.34695],[-73.68537,41.34575],[-73.68537,41.34528],[-73.68587,41.34414],[-73.68557,41.34417],[-73.68556,41.34414],[-73.68546,41.34318],[-73.68541,41.34252],[-73.68506,41.34217],[-73.68498,41.34142],[-73.68477,41.33929],[-73.68475,41.33909],[-73.68399,41.33907],[-73.68176,41.33901],[-73.68181,41.33989],[-73.68169,41.33989],[-73.68115,41.33994],[-73.68116,41.34028],[-73.67999,41.34028],[-73.67981,41.3406],[-73.67914,41.34243],[-73.67722,41.34201],[-73.67692,41.34188],[-73.67601,41.34136],[-73.67385,41.34137],[-73.67103,41.34136],[-73.67088,41.34172],[-73.6708,41.34194],[-73.67064,41.34239],[-73.67011,41.34363],[-73.6697,41.34458],[-73.66951,41.34505],[-73.66944,41.34522],[-73.66926,41.34557],[-73.66913,41.34582],[-73.66881,41.34654],[-73.66851,41.34709],[-73.66839,41.34729],[-73.66828,41.34745],[-73.66803,41.3478],[-73.66729,41.34868],[-73.66719,41.34856],[-73.66663,41.34807],[-73.66618,41.34786],[-73.66571,41.34766],[-73.66487,41.34734],[-73.66445,41.34709],[-73.66444,41.34703],[-73.66401,41.34668],[-73.66384,41.34642],[-73.6638,41.34631],[-73.66378,41.3462],[-73.66377,41.3461],[-73.66377,41.34599],[-73.66378,41.34593],[-73.6638,41.34592],[-73.66383,41.34593],[-73.66399,41.34617],[-73.66439,41.34669],[-73.66451,41.34672],[-73.66454,41.34672],[-73.66455,41.34669],[-73.6645,41.34662],[-73.66452,41.34659],[-73.66456,41.3466],[-73.66461,41.34663],[-73.66469,41.34678],[-73.66473,41.34683],[-73.66482,41.34684],[-73.66486,41.34682],[-73.66487,41.34678],[-73.66457,41.34647],[-73.66397,41.34572],[-73.66384,41.34547],[-73.66488,41.34539],[-73.6638,41.34406],[-73.66371,41.34117],[-73.66426,41.34079],[-73.66432,41.34075],[-73.66469,41.34049],[-73.66481,41.34041],[-73.66483,41.34039],[-73.66486,41.33962],[-73.66377,41.33903],[-73.66342,41.3369],[-73.66254,41.33678],[-73.66227,41.33675],[-73.6607,41.33689],[-73.6606,41.33689],[-73.66049,41.33691],[-73.65987,41.33694],[-73.65951,41.33696],[-73.65942,41.33694],[-73.65908,41.337],[-73.65901,41.337],[-73.65894,41.33693],[-73.65893,41.33687],[-73.65882,41.3363],[-73.65882,41.33589],[-73.65938,41.33504],[-73.65992,41.33426],[-73.66036,41.33349],[-73.66098,41.33212],[-73.66128,41.33109],[-73.6615,41.33008],[-73.66165,41.32918],[-73.66201,41.32859],[-73.66223,41.32733],[-73.66219,41.32671],[-73.66218,41.3266],[-73.66218,41.32653],[-73.66198,41.32601],[-73.66195,41.3259],[-73.66147,41.3252],[-73.66054,41.32436],[-73.66,41.32383],[-73.65995,41.32316],[-73.66024,41.32201],[-73.66095,41.32117],[-73.66194,41.32047],[-73.66336,41.31949],[-73.6653,41.31874],[-73.66718,41.31815],[-73.66788,41.31771],[-73.66842,41.3168],[-73.66971,41.31391],[-73.67023,41.31319],[-73.67029,41.3131],[-73.67153,41.31204],[-73.67258,41.3112],[-73.6747,41.30915],[-73.67503,41.30881],[-73.67424,41.30889],[-73.67325,41.30895],[-73.67283,41.30896],[-73.67255,41.30898],[-73.66916,41.30924],[-73.66908,41.30929],[-73.669,41.30939],[-73.66893,41.30954],[-73.66887,41.30973],[-73.66883,41.31005],[-73.66883,41.31041],[-73.66882,41.31062],[-73.66524,41.31088],[-73.66068,41.31115],[-73.65963,41.31106],[-73.65986,41.31088],[-73.66008,41.31071],[-73.65945,41.30441],[-73.6593,41.30392],[-73.65929,41.30388],[-73.65756,41.30401],[-73.65523,41.30441],[-73.65484,41.30451],[-73.65463,41.30453],[-73.65336,41.30464],[-73.65261,41.30468],[-73.65042,41.30491],[-73.64872,41.30507],[-73.64808,41.30515],[-73.64759,41.30522],[-73.64289,41.30563],[-73.61923,41.30796],[-73.61352,41.30844],[-73.59338,41.3104],[-73.58488,41.31114],[-73.58516,41.30798],[-73.58529,41.3062],[-73.58557,41.30258],[-73.58558,41.30246],[-73.57377,41.30413],[-73.57163,41.30464],[-73.57111,41.30476],[-73.57109,41.30476],[-73.56127,41.30357],[-73.54988,41.30153],[-73.54986,41.30191],[-73.54969,41.3054],[-73.5496,41.30712],[-73.54948,41.31675],[-73.54929,41.31959],[-73.54909,41.32514],[-73.54897,41.3263],[-73.54863,41.32981],[-73.54861,41.32999],[-73.54824,41.33341],[-73.54824,41.33347],[-73.54814,41.33445],[-73.54805,41.33538],[-73.54791,41.33655],[-73.54712,41.34284],[-73.54709,41.34313],[-73.54692,41.34495],[-73.54628,41.35183],[-73.54621,41.35261],[-73.54597,41.35485],[-73.54597,41.35486],[-73.54565,41.35785],[-73.54529,41.36152],[-73.54526,41.36188],[-73.54516,41.36295],[-73.54512,41.3633],[-73.54504,41.36392],[-73.54481,41.36577],[-73.54473,41.36638],[-73.54453,41.36792],[-73.54395,41.37253],[-73.54375,41.37407],[-73.54375,41.37411],[-73.54373,41.37424],[-73.54372,41.37429],[-73.55246,41.37489],[-73.55281,41.37492],[-73.55299,41.37496],[-73.55353,41.37544],[-73.55447,41.37573],[-73.55554,41.37668],[-73.55582,41.37692],[-73.55616,41.3772],[-73.55675,41.37723],[-73.55727,41.37714],[-73.55926,41.37679],[-73.55964,41.3768],[-73.56094,41.37683],[-73.56068,41.37844],[-73.56068,41.38025],[-73.56623,41.38062],[-73.566,41.38282],[-73.57147,41.38305],[-73.57148,41.38291],[-73.57162,41.38085],[-73.57339,41.38094],[-73.57369,41.37602],[-73.57708,41.37627],[-73.57871,41.37617],[-73.57868,41.37611],[-73.5784,41.37569],[-73.57826,41.37539],[-73.57791,41.37454],[-73.57784,41.3743],[-73.57781,41.37404],[-73.57781,41.37385],[-73.57782,41.37382],[-73.57783,41.37369],[-73.57789,41.37347],[-73.57794,41.37332],[-73.57802,41.37314],[-73.57812,41.37299],[-73.5789,41.37318],[-73.5807,41.37275],[-73.58072,41.37262],[-73.58152,41.37244],[-73.5817,41.37248],[-73.58178,41.3725],[-73.58408,41.37191],[-73.58438,41.37265],[-73.58549,41.37482],[-73.58557,41.37514],[-73.58568,41.37557],[-73.58596,41.37621],[-73.58628,41.37697],[-73.58644,41.3775],[-73.58653,41.37749],[-73.58659,41.37754],[-73.59097,41.3771],[-73.59108,41.3777],[-73.59006,41.37903],[-73.59034,41.38087],[-73.59102,41.38087],[-73.59217,41.38082],[-73.59301,41.38071],[-73.59322,41.38069],[-73.59412,41.38056],[-73.59451,41.38052],[-73.59446,41.38101],[-73.59446,41.38108],[-73.59441,41.38322],[-73.5944,41.38358],[-73.5944,41.38394],[-73.59443,41.38424],[-73.59443,41.38427],[-73.59471,41.38579],[-73.59483,41.38657],[-73.59484,41.38687],[-73.59481,41.38706],[-73.59474,41.38728],[-73.59467,41.38742],[-73.59453,41.38765],[-73.59437,41.38787],[-73.5942,41.38816],[-73.59411,41.38834],[-73.59671,41.38735],[-73.5988,41.3869],[-73.59952,41.38638],[-73.59978,41.38564],[-73.60026,41.38485],[-73.59931,41.38039],[-73.60206,41.37979],[-73.60242,41.37972],[-73.60705,41.37873],[-73.6089,41.37832],[-73.61005,41.37808],[-73.60969,41.37699],[-73.61059,41.37404],[-73.6105,41.37381],[-73.60972,41.37162],[-73.60961,41.37023],[-73.60958,41.37011],[-73.60975,41.36989],[-73.61005,41.36941],[-73.61933,41.37015],[-73.61986,41.3702],[-73.62331,41.37046],[-73.62412,41.36851],[-73.62458,41.36822],[-73.62503,41.36788],[-73.6254,41.3679],[-73.62551,41.36693],[-73.62558,41.36654],[-73.62654,41.36193],[-73.62695,41.36001],[-73.6283,41.35871],[-73.62849,41.35819],[-73.63748,41.35737],[-73.63788,41.35736],[-73.63817,41.35732],[-73.63819,41.35732],[-73.63861,41.35726],[-73.63906,41.35726],[-73.64125,41.35698],[-73.64124,41.357],[-73.64123,41.35703],[-73.64508,41.35722],[-73.64518,41.35727],[-73.65186,41.35798],[-73.65247,41.35804],[-73.65256,41.35812],[-73.64947,41.36068],[-73.64855,41.36147],[-73.64884,41.36164],[-73.65256,41.36408],[-73.65323,41.36411],[-73.65334,41.36411],[-73.65358,41.36412],[-73.65431,41.36415],[-73.65503,41.36419],[-73.65845,41.36433],[-73.65855,41.36435],[-73.66052,41.36465],[-73.66055,41.36444],[-73.66172,41.36423],[-73.66251,41.36399],[-73.66386,41.36333],[-73.66422,41.36107],[-73.66429,41.36061],[-73.66448,41.3595],[-73.66461,41.35889],[-73.66534,41.35804],[-73.66541,41.35797],[-73.66702,41.35843],[-73.66717,41.35833],[-73.66756,41.35808],[-73.66766,41.35804],[-73.66872,41.3575],[-73.66958,41.35714],[-73.67044,41.35682],[-73.6707,41.35668],[-73.67085,41.3566],[-73.67092,41.35652],[-73.67102,41.35638],[-73.67108,41.35623],[-73.67112,41.35601],[-73.6712,41.3557],[-73.67128,41.35554],[-73.67136,41.35545],[-73.67147,41.35533],[-73.67162,41.35509],[-73.67165,41.35488],[-73.67168,41.35395],[-73.67169,41.35387],[-73.67214,41.35381],[-73.67266,41.3538],[-73.68168,41.35274],[-73.68194,41.35272],[-73.6821,41.3527],[-73.68949,41.35194]]]},"properties":{"name":"PEQUENAKONCK ELEMENTARY SCHOOL","schoolId":"362118002992"}},{"type":"Feature","geometry":{"type":"Polygon","coordinates":[[[-73.90928,41.1644],[-73.90658,41.1619],[-73.89968,41.1573],[-73.89538,41.154],[-73.89248,41.1506],[-73.88948,41.1451],[-73.88868,41.14238],[-73.88748,41.1383],[-73.8874,41.13687],[-73.88718,41.1331],[-73.88758,41.1288],[-73.86768,41.12538],[-73.86749,41.12536],[-73.86627,41.1252],[-73.86548,41.12509],[-73.86529,41.12507],[-73.86406,41.12492],[-73.86399,41.12491],[-73.86315,41.12481],[-73.8628,41.12477],[-73.86177,41.12464],[-73.86022,41.12446],[-73.85887,41.1243],[-73.85885,41.12455],[-73.85883,41.1248],[-73.85882,41.1249],[-73.85874,41.12569],[-73.85858,41.12863],[-73.85836,41.12891],[-73.85835,41.12967],[-73.85826,41.13013],[-73.85809,41.13045],[-73.85808,41.13096],[-73.85807,41.13134],[-73.85805,41.13194],[-73.85802,41.13291],[-73.85794,41.13453],[-73.85792,41.13516],[-73.85792,41.13562],[-73.85824,41.13564],[-73.85836,41.13563],[-73.85828,41.13581],[-73.85776,41.13593],[-73.85739,41.13602],[-73.85718,41.13607],[-73.85686,41.13614],[-73.85659,41.13671],[-73.8565,41.1369],[-73.85662,41.1372],[-73.85708,41.13833],[-73.85704,41.13839],[-73.8568,41.13864],[-73.85659,41.13882],[-73.85634,41.139],[-73.85614,41.13913],[-73.85523,41.13964],[-73.85498,41.13981],[-73.85485,41.13995],[-73.85477,41.14007],[-73.85471,41.14026],[-73.85445,41.14082],[-73.85429,41.14103],[-73.85405,41.14126],[-73.85381,41.14143],[-73.85345,41.14166],[-73.85338,41.14171],[-73.85319,41.14181],[-73.85301,41.14192],[-73.8527,41.14218],[-73.85223,41.14262],[-73.85184,41.14302],[-73.85181,41.14309],[-73.85175,41.14326],[-73.8517,41.14343],[-73.85154,41.14378],[-73.85147,41.1439],[-73.85136,41.14412],[-73.85118,41.14471],[-73.8509,41.14538],[-73.85055,41.14623],[-73.85042,41.14658],[-73.84995,41.14785],[-73.84994,41.14793],[-73.84838,41.14801],[-73.84808,41.14801],[-73.84767,41.148],[-73.84738,41.14795],[-73.84721,41.1479],[-73.84706,41.14785],[-73.84679,41.14804],[-73.84654,41.1483],[-73.84636,41.14851],[-73.84584,41.14922],[-73.84516,41.14982],[-73.84483,41.1501],[-73.8445,41.15045],[-73.84433,41.15071],[-73.84416,41.15099],[-73.84401,41.15126],[-73.84363,41.15197],[-73.84341,41.15248],[-73.84336,41.15265],[-73.84335,41.15283],[-73.84335,41.15302],[-73.84337,41.15325],[-73.8434,41.15342],[-73.84343,41.15355],[-73.84352,41.15398],[-73.84355,41.15425],[-73.84354,41.15456],[-73.84343,41.15497],[-73.84318,41.15558],[-73.84293,41.15607],[-73.84203,41.1561],[-73.83735,41.15627],[-73.83485,41.1564],[-73.83469,41.15642],[-73.83459,41.15642],[-73.83279,41.15648],[-73.8321,41.15649],[-73.82965,41.15655],[-73.82965,41.15665],[-73.82966,41.15696],[-73.82961,41.15929],[-73.83021,41.15931],[-73.83164,41.15937],[-73.83152,41.16071],[-73.83128,41.16068],[-73.83115,41.16068],[-73.83106,41.1607],[-73.83091,41.16074],[-73.83061,41.16087],[-73.83011,41.16109],[-73.82914,41.16161],[-73.82907,41.16166],[-73.82887,41.16179],[-73.82739,41.16275],[-73.82726,41.16281],[-73.82697,41.16289],[-73.82687,41.1629],[-73.82673,41.16288],[-73.82661,41.16284],[-73.82612,41.16263],[-73.82484,41.16205],[-73.82443,41.16185],[-73.82309,41.16121],[-73.82182,41.16059],[-73.8217,41.16053],[-73.82156,41.16149],[-73.82093,41.1615],[-73.82067,41.16151],[-73.82061,41.1616],[-73.82027,41.16195],[-73.82019,41.16204],[-73.81988,41.16237],[-73.81953,41.16281],[-73.81948,41.16287],[-73.81937,41.16295],[-73.81916,41.16302],[-73.81893,41.16312],[-73.81874,41.16323],[-73.81795,41.1639],[-73.81721,41.16465],[-73.81695,41.16496],[-73.81674,41.16524],[-73.81646,41.16564],[-73.81634,41.16577],[-73.81624,41.16591],[-73.81618,41.16603],[-73.81602,41.16634],[-73.81581,41.16671],[-73.81566,41.16704],[-73.81547,41.16747],[-73.81532,41.16782],[-73.81437,41.16979],[-73.81425,41.17004],[-73.81396,41.17073],[-73.81393,41.17079],[-73.81353,41.17167],[-73.81352,41.17172],[-73.81548,41.17255],[-73.81645,41.17303],[-73.81637,41.17312],[-73.81609,41.1734],[-73.81603,41.17347],[-73.81597,41.17358],[-73.8158,41.17402],[-73.81574,41.17424],[-73.81564,41.17442],[-73.81543,41.17475],[-73.81505,41.17525],[-73.8148,41.17554],[-73.81471,41.17556],[-73.81453,41.17566],[-73.81391,41.17618],[-73.81323,41.17681],[-73.81319,41.17684],[-73.81319,41.17695],[-73.81422,41.17708],[-73.81244,41.18217],[-73.81264,41.18238],[-73.81267,41.18246],[-73.81189,41.18497],[-73.81174,41.18532],[-73.81166,41.18544],[-73.81155,41.18551],[-73.81138,41.1856],[-73.81119,41.18564],[-73.8109,41.18567],[-73.81049,41.18566],[-73.80995,41.18561],[-73.80963,41.18558],[-73.80881,41.18682],[-73.80891,41.18689],[-73.81003,41.18739],[-73.8102,41.18745],[-73.81044,41.18748],[-73.81068,41.18746],[-73.81107,41.18738],[-73.81167,41.18717],[-73.8125,41.18698],[-73.81294,41.1869],[-73.81331,41.18687],[-73.81346,41.18685],[-73.81391,41.1868],[-73.81411,41.18679],[-73.81441,41.18679],[-73.81449,41.1868],[-73.8149,41.18686],[-73.81544,41.187],[-73.81561,41.18707],[-73.81569,41.18715],[-73.81575,41.18725],[-73.8158,41.18737],[-73.81582,41.18756],[-73.81586,41.18777],[-73.81591,41.18788],[-73.81596,41.18791],[-73.81626,41.18809],[-73.81638,41.1881],[-73.81631,41.18824],[-73.81492,41.1905],[-73.81251,41.1946],[-73.80942,41.19366],[-73.80965,41.19305],[-73.80971,41.19282],[-73.80971,41.19261],[-73.80967,41.19241],[-73.80947,41.19223],[-73.80895,41.19208],[-73.80854,41.19199],[-73.80806,41.19196],[-73.80754,41.19199],[-73.80687,41.19206],[-73.8066,41.19232],[-73.80617,41.19281],[-73.8026,41.19684],[-73.80211,41.19753],[-73.80111,41.19765],[-73.80092,41.19821],[-73.80081,41.19842],[-73.80066,41.19865],[-73.80054,41.19882],[-73.8004,41.19898],[-73.80012,41.19918],[-73.79985,41.19927],[-73.79964,41.19935],[-73.79941,41.1994],[-73.7994,41.20096],[-73.80157,41.20101],[-73.80157,41.20204],[-73.80253,41.20227],[-73.80303,41.2024],[-73.80174,41.20338],[-73.80072,41.20433],[-73.79946,41.20542],[-73.7988,41.20602],[-73.79851,41.20629],[-73.79778,41.20722],[-73.79331,41.20784],[-73.79295,41.20843],[-73.79266,41.2091],[-73.79253,41.20923],[-73.79248,41.20944],[-73.79333,41.21194],[-73.79368,41.21454],[-73.79386,41.21509],[-73.79409,41.21532],[-73.79596,41.21508],[-73.79914,41.21449],[-73.80005,41.21434],[-73.80092,41.21658],[-73.801,41.21683],[-73.80107,41.21711],[-73.80145,41.21805],[-73.80207,41.21809],[-73.80238,41.2181],[-73.80562,41.22165],[-73.80654,41.22173],[-73.80909,41.22183],[-73.81054,41.22189],[-73.81061,41.2212],[-73.8126,41.22123],[-73.81297,41.22122],[-73.81305,41.22117],[-73.81531,41.21995],[-73.81521,41.21937],[-73.81513,41.21885],[-73.81523,41.21746],[-73.81523,41.2174],[-73.81532,41.21731],[-73.81546,41.21713],[-73.81613,41.21632],[-73.81853,41.2163],[-73.82063,41.21629],[-73.82059,41.21413],[-73.82057,41.2133],[-73.82038,41.2133],[-73.81878,41.2133],[-73.81863,41.2133],[-73.81783,41.21329],[-73.82766,41.20596],[-73.8289,41.20504],[-73.82959,41.20452],[-73.82956,41.20399],[-73.83075,41.20389],[-73.83204,41.20367],[-73.83426,41.20344],[-73.83789,41.20317],[-73.83869,41.20312],[-73.84526,41.20247],[-73.85651,41.20276],[-73.85726,41.20266],[-73.86573,41.20052],[-73.86957,41.20011],[-73.87038,41.20007],[-73.87112,41.19997],[-73.87184,41.19982],[-73.87175,41.19972],[-73.87115,41.19886],[-73.87107,41.19872],[-73.87101,41.19852],[-73.87099,41.19842],[-73.871,41.19833],[-73.87121,41.19767],[-73.8717,41.19677],[-73.87234,41.19568],[-73.87241,41.19551],[-73.87245,41.19534],[-73.87261,41.19453],[-73.87263,41.19448],[-73.87272,41.1944],[-73.87277,41.19437],[-73.87282,41.19432],[-73.87292,41.19413],[-73.87296,41.19398],[-73.87298,41.19363],[-73.87296,41.19356],[-73.87294,41.1935],[-73.87285,41.19335],[-73.87282,41.19326],[-73.87285,41.19311],[-73.87304,41.19262],[-73.87308,41.19245],[-73.8732,41.19185],[-73.87317,41.19173],[-73.87298,41.19142],[-73.8729,41.19134],[-73.87283,41.1913],[-73.87274,41.19127],[-73.8725,41.19125],[-73.87244,41.19123],[-73.87238,41.19119],[-73.87223,41.19096],[-73.87218,41.19086],[-73.87217,41.1908],[-73.87218,41.19076],[-73.87237,41.19048],[-73.87244,41.19034],[-73.87259,41.18981],[-73.87264,41.18974],[-73.87272,41.18966],[-73.87274,41.18959],[-73.8728,41.18934],[-73.87291,41.18901],[-73.87297,41.18888],[-73.87302,41.18879],[-73.87308,41.18873],[-73.87339,41.18854],[-73.87346,41.18849],[-73.87347,41.18848],[-73.87385,41.18812],[-73.87404,41.18795],[-73.8741,41.18789],[-73.87413,41.18783],[-73.87414,41.18776],[-73.87413,41.18759],[-73.87413,41.18751],[-73.87418,41.18742],[-73.87424,41.18735],[-73.87433,41.18726],[-73.87448,41.18711],[-73.87455,41.18707],[-73.87461,41.18705],[-73.87475,41.18702],[-73.875,41.187],[-73.87533,41.18686],[-73.87542,41.18677],[-73.87556,41.18669],[-73.87567,41.18657],[-73.87576,41.18643],[-73.87602,41.18582],[-73.87604,41.1857],[-73.87618,41.18542],[-73.87622,41.18522],[-73.87618,41.18506],[-73.87602,41.18482],[-73.87589,41.18459],[-73.87578,41.18429],[-73.87574,41.1841],[-73.87569,41.18374],[-73.87563,41.18351],[-73.87544,41.18326],[-73.8752,41.18291],[-73.87512,41.18274],[-73.8751,41.18245],[-73.87514,41.18222],[-73.87534,41.18154],[-73.87546,41.18115],[-73.87556,41.18064],[-73.87559,41.18039],[-73.87549,41.18038],[-73.87541,41.18042],[-73.8753,41.18045],[-73.87521,41.18043],[-73.875,41.18037],[-73.87479,41.18023],[-73.87464,41.17989],[-73.87463,41.1798],[-73.87464,41.17967],[-73.87473,41.17957],[-73.875,41.17941],[-73.87514,41.1793],[-73.87524,41.17914],[-73.87528,41.17905],[-73.8753,41.17888],[-73.87527,41.17868],[-73.87519,41.17847],[-73.87512,41.17837],[-73.87512,41.17822],[-73.87527,41.17808],[-73.87535,41.17798],[-73.87543,41.1778],[-73.87549,41.17762],[-73.87558,41.17746],[-73.87566,41.17739],[-73.87574,41.17731],[-73.87586,41.17725],[-73.87614,41.17723],[-73.8762,41.17723],[-73.87626,41.17722],[-73.87632,41.17722],[-73.87642,41.1772],[-73.89856,41.16825],[-73.90928,41.1644]]]},"properties":{"name":"BROOKSIDE SCHOOL","schoolId":"362202003119"}},{"type":"Feature","geometry":{"type":"Polygon","coordinates":[[[-73.90928,41.1644],[-73.90658,41.1619],[-73.89968,41.1573],[-73.89538,41.154],[-73.89248,41.1506],[-73.88948,41.1451],[-73.88868,41.14238],[-73.88748,41.1383],[-73.8874,41.13687],[-73.88718,41.1331],[-73.88758,41.1288],[-73.86768,41.12538],[-73.86749,41.12536],[-73.86627,41.1252],[-73.86548,41.12509],[-73.86529,41.12507],[-73.86406,41.12492],[-73.86399,41.12491],[-73.86315,41.12481],[-73.8628,41.12477],[-73.86177,41.12464],[-73.86022,41.12446],[-73.85887,41.1243],[-73.85885,41.12455],[-73.85883,41.1248],[-73.85882,41.1249],[-73.85874,41.12569],[-73.85858,41.12863],[-73.85836,41.12891],[-73.85835,41.12967],[-73.85826,41.13013],[-73.85809,41.13045],[-73.85808,41.13096],[-73.85807,41.13134],[-73.85805,41.13194],[-73.85802,41.13291],[-73.85794,41.13453],[-73.85792,41.13516],[-73.85792,41.13562],[-73.85824,41.13564],[-73.85836,41.13563],[-73.85828,41.13581],[-73.85776,41.13593],[-73.85739,41.13602],[-73.85718,41.13607],[-73.85686,41.13614],[-73.85659,41.13671],[-73.8565,41.1369],[-73.85662,41.1372],[-73.85708,41.13833],[-73.85704,41.13839],[-73.8568,41.13864],[-73.85659,41.13882],[-73.85634,41.139],[-73.85614,41.13913],[-73.85523,41.13964],[-73.85498,41.13981],[-73.85485,41.13995],[-73.85477,41.14007],[-73.85471,41.14026],[-73.85445,41.14082],[-73.85429,41.14103],[-73.85405,41.14126],[-73.85381,41.14143],[-73.85345,41.14166],[-73.85338,41.14171],[-73.85319,41.14181],[-73.85301,41.14192],[-73.8527,41.14218],[-73.85223,41.14262],[-73.85184,41.14302],[-73.85181,41.14309],[-73.85175,41.14326],[-73.8517,41.14343],[-73.85154,41.14378],[-73.85147,41.1439],[-73.85136,41.14412],[-73.85118,41.14471],[-73.8509,41.14538],[-73.85055,41.14623],[-73.85042,41.14658],[-73.84995,41.14785],[-73.84994,41.14793],[-73.84838,41.14801],[-73.84808,41.14801],[-73.84767,41.148],[-73.84738,41.14795],[-73.84721,41.1479],[-73.84706,41.14785],[-73.84679,41.14804],[-73.84654,41.1483],[-73.84636,41.14851],[-73.84584,41.14922],[-73.84516,41.14982],[-73.84483,41.1501],[-73.8445,41.15045],[-73.84433,41.15071],[-73.84416,41.15099],[-73.84401,41.15126],[-73.84363,41.15197],[-73.84341,41.15248],[-73.84336,41.15265],[-73.84335,41.15283],[-73.84335,41.15302],[-73.84337,41.15325],[-73.8434,41.15342],[-73.84343,41.15355],[-73.84352,41.15398],[-73.84355,41.15425],[-73.84354,41.15456],[-73.84343,41.15497],[-73.84318,41.15558],[-73.84293,41.15607],[-73.84203,41.1561],[-73.83735,41.15627],[-73.83485,41.1564],[-73.83469,41.15642],[-73.83459,41.15642],[-73.83279,41.15648],[-73.8321,41.15649],[-73.82965,41.15655],[-73.82965,41.15665],[-73.82966,41.15696],[-73.82961,41.15929],[-73.83021,41.15931],[-73.83164,41.15937],[-73.83152,41.16071],[-73.83128,41.16068],[-73.83115,41.16068],[-73.83106,41.1607],[-73.83091,41.16074],[-73.83061,41.16087],[-73.83011,41.16109],[-73.82914,41.16161],[-73.82907,41.16166],[-73.82887,41.16179],[-73.82739,41.16275],[-73.82726,41.16281],[-73.82697,41.16289],[-73.82687,41.1629],[-73.82673,41.16288],[-73.82661,41.16284],[-73.82612,41.16263],[-73.82484,41.16205],[-73.82443,41.16185],[-73.82309,41.16121],[-73.82182,41.16059],[-73.8217,41.16053],[-73.82156,41.16149],[-73.82093,41.1615],[-73.82067,41.16151],[-73.82061,41.1616],[-73.82027,41.16195],[-73.82019,41.16204],[-73.81988,41.16237],[-73.81953,41.16281],[-73.81948,41.16287],[-73.81937,41.16295],[-73.81916,41.16302],[-73.81893,41.16312],[-73.81874,41.16323],[-73.81795,41.1639],[-73.81721,41.16465],[-73.81695,41.16496],[-73.81674,41.16524],[-73.81646,41.16564],[-73.81634,41.16577],[-73.81624,41.16591],[-73.81618,41.16603],[-73.81602,41.16634],[-73.81581,41.16671],[-73.81566,41.16704],[-73.81547,41.16747],[-73.81532,41.16782],[-73.81437,41.16979],[-73.81425,41.17004],[-73.81396,41.17073],[-73.81393,41.17079],[-73.81353,41.17167],[-73.81352,41.17172],[-73.81548,41.17255],[-73.81645,41.17303],[-73.81637,41.17312],[-73.81609,41.1734],[-73.81603,41.17347],[-73.81597,41.17358],[-73.8158,41.17402],[-73.81574,41.17424],[-73.81564,41.17442],[-73.81543,41.17475],[-73.81505,41.17525],[-73.8148,41.17554],[-73.81471,41.17556],[-73.81453,41.17566],[-73.81391,41.17618],[-73.81323,41.17681],[-73.81319,41.17684],[-73.81319,41.17695],[-73.81422,41.17708],[-73.81244,41.18217],[-73.81264,41.18238],[-73.81267,41.18246],[-73.81189,41.18497],[-73.81174,41.18532],[-73.81166,41.18544],[-73.81155,41.18551],[-73.81138,41.1856],[-73.81119,41.18564],[-73.8109,41.18567],[-73.81049,41.18566],[-73.80995,41.18561],[-73.80963,41.18558],[-73.80881,41.18682],[-73.80891,41.18689],[-73.81003,41.18739],[-73.8102,41.18745],[-73.81044,41.18748],[-73.81068,41.18746],[-73.81107,41.18738],[-73.81167,41.18717],[-73.8125,41.18698],[-73.81294,41.1869],[-73.81331,41.18687],[-73.81346,41.18685],[-73.81391,41.1868],[-73.81411,41.18679],[-73.81441,41.18679],[-73.81449,41.1868],[-73.8149,41.18686],[-73.81544,41.187],[-73.81561,41.18707],[-73.81569,41.18715],[-73.81575,41.18725],[-73.8158,41.18737],[-73.81582,41.18756],[-73.81586,41.18777],[-73.81591,41.18788],[-73.81596,41.18791],[-73.81626,41.18809],[-73.81638,41.1881],[-73.81631,41.18824],[-73.81492,41.1905],[-73.81251,41.1946],[-73.80942,41.19366],[-73.80965,41.19305],[-73.80971,41.19282],[-73.80971,41.19261],[-73.80967,41.19241],[-73.80947,41.19223],[-73.80895,41.19208],[-73.80854,41.19199],[-73.80806,41.19196],[-73.80754,41.19199],[-73.80687,41.19206],[-73.8066,41.19232],[-73.80617,41.19281],[-73.8026,41.19684],[-73.80211,41.19753],[-73.80111,41.19765],[-73.80092,41.19821],[-73.80081,41.19842],[-73.80066,41.19865],[-73.80054,41.19882],[-73.8004,41.19898],[-73.80012,41.19918],[-73.79985,41.19927],[-73.79964,41.19935],[-73.79941,41.1994],[-73.7994,41.20096],[-73.80157,41.20101],[-73.80157,41.20204],[-73.80253,41.20227],[-73.80303,41.2024],[-73.80174,41.20338],[-73.80072,41.20433],[-73.79946,41.20542],[-73.7988,41.20602],[-73.79851,41.20629],[-73.79778,41.20722],[-73.79331,41.20784],[-73.79295,41.20843],[-73.79266,41.2091],[-73.79253,41.20923],[-73.79248,41.20944],[-73.79333,41.21194],[-73.79368,41.21454],[-73.79386,41.21509],[-73.79409,41.21532],[-73.79596,41.21508],[-73.79914,41.21449],[-73.80005,41.21434],[-73.80092,41.21658],[-73.801,41.21683],[-73.80107,41.21711],[-73.80145,41.21805],[-73.80207,41.21809],[-73.80238,41.2181],[-73.80562,41.22165],[-73.80654,41.22173],[-73.80909,41.22183],[-73.81054,41.22189],[-73.81061,41.2212],[-73.8126,41.22123],[-73.81297,41.22122],[-73.81305,41.22117],[-73.81531,41.21995],[-73.81521,41.21937],[-73.81513,41.21885],[-73.81523,41.21746],[-73.81523,41.2174],[-73.81532,41.21731],[-73.81546,41.21713],[-73.81613,41.21632],[-73.81853,41.2163],[-73.82063,41.21629],[-73.82059,41.21413],[-73.82057,41.2133],[-73.82038,41.2133],[-73.81878,41.2133],[-73.81863,41.2133],[-73.81783,41.21329],[-73.82766,41.20596],[-73.8289,41.20504],[-73.82959,41.20452],[-73.82956,41.20399],[-73.83075,41.20389],[-73.83204,41.20367],[-73.83426,41.20344],[-73.83789,41.20317],[-73.83869,41.20312],[-73.84526,41.20247],[-73.85651,41.20276],[-73.85726,41.20266],[-73.86573,41.20052],[-73.86957,41.20011],[-73.87038,41.20007],[-73.87112,41.19997],[-73.87184,41.19982],[-73.87175,41.19972],[-73.87115,41.19886],[-73.87107,41.19872],[-73.87101,41.19852],[-73.87099,41.19842],[-73.871,41.19833],[-73.87121,41.19767],[-73.8717,41.19677],[-73.87234,41.19568],[-73.87241,41.19551],[-73.87245,41.19534],[-73.87261,41.19453],[-73.87263,41.19448],[-73.87272,41.1944],[-73.87277,41.19437],[-73.87282,41.19432],[-73.87292,41.19413],[-73.87296,41.19398],[-73.87298,41.19363],[-73.87296,41.19356],[-73.87294,41.1935],[-73.87285,41.19335],[-73.87282,41.19326],[-73.87285,41.19311],[-73.87304,41.19262],[-73.87308,41.19245],[-73.8732,41.19185],[-73.87317,41.19173],[-73.87298,41.19142],[-73.8729,41.19134],[-73.87283,41.1913],[-73.87274,41.19127],[-73.8725,41.19125],[-73.87244,41.19123],[-73.87238,41.19119],[-73.87223,41.19096],[-73.87218,41.19086],[-73.87217,41.1908],[-73.87218,41.19076],[-73.87237,41.19048],[-73.87244,41.19034],[-73.87259,41.18981],[-73.87264,41.18974],[-73.87272,41.18966],[-73.87274,41.18959],[-73.8728,41.18934],[-73.87291,41.18901],[-73.87297,41.18888],[-73.87302,41.18879],[-73.87308,41.18873],[-73.87339,41.18854],[-73.87346,41.18849],[-73.87347,41.18848],[-73.87385,41.18812],[-73.87404,41.18795],[-73.8741,41.18789],[-73.87413,41.18783],[-73.87414,41.18776],[-73.87413,41.18759],[-73.87413,41.18751],[-73.87418,41.18742],[-73.87424,41.18735],[-73.87433,41.18726],[-73.87448,41.18711],[-73.87455,41.18707],[-73.87461,41.18705],[-73.87475,41.18702],[-73.875,41.187],[-73.87533,41.18686],[-73.87542,41.18677],[-73.87556,41.18669],[-73.87567,41.18657],[-73.87576,41.18643],[-73.87602,41.18582],[-73.87604,41.1857],[-73.87618,41.18542],[-73.87622,41.18522],[-73.87618,41.18506],[-73.87602,41.18482],[-73.87589,41.18459],[-73.87578,41.18429],[-73.87574,41.1841],[-73.87569,41.18374],[-73.87563,41.18351],[-73.87544,41.18326],[-73.8752,41.18291],[-73.87512,41.18274],[-73.8751,41.18245],[-73.87514,41.18222],[-73.87534,41.18154],[-73.87546,41.18115],[-73.87556,41.18064],[-73.87559,41.18039],[-73.87549,41.18038],[-73.87541,41.18042],[-73.8753,41.18045],[-73.87521,41.18043],[-73.875,41.18037],[-73.87479,41.18023],[-73.87464,41.17989],[-73.87463,41.1798],[-73.87464,41.17967],[-73.87473,41.17957],[-73.875,41.17941],[-73.87514,41.1793],[-73.87524,41.17914],[-73.87528,41.17905],[-73.8753,41.17888],[-73.87527,41.17868],[-73.87519,41.17847],[-73.87512,41.17837],[-73.87512,41.17822],[-73.87527,41.17808],[-73.87535,41.17798],[-73.87543,41.1778],[-73.87549,41.17762],[-73.87558,41.17746],[-73.87566,41.17739],[-73.87574,41.17731],[-73.87586,41.17725],[-73.87614,41.17723],[-73.8762,41.17723],[-73.87626,41.17722],[-73.87632,41.17722],[-73.87642,41.1772],[-73.89856,41.16825],[-73.90928,41.1644]]]},"properties":{"name":"CLAREMONT SCHOOL","schoolId":"362202003120"}},{"type":"Feature","geometry":{"type":"Polygon","coordinates":[[[-73.90928,41.1644],[-73.90658,41.1619],[-73.89968,41.1573],[-73.89538,41.154],[-73.89248,41.1506],[-73.88948,41.1451],[-73.88868,41.14238],[-73.88748,41.1383],[-73.8874,41.13687],[-73.88718,41.1331],[-73.88758,41.1288],[-73.86768,41.12538],[-73.86749,41.12536],[-73.86627,41.1252],[-73.86548,41.12509],[-73.86529,41.12507],[-73.86406,41.12492],[-73.86399,41.12491],[-73.86315,41.12481],[-73.8628,41.12477],[-73.86177,41.12464],[-73.86022,41.12446],[-73.85887,41.1243],[-73.85885,41.12455],[-73.85883,41.1248],[-73.85882,41.1249],[-73.85874,41.12569],[-73.85858,41.12863],[-73.85836,41.12891],[-73.85835,41.12967],[-73.85826,41.13013],[-73.85809,41.13045],[-73.85808,41.13096],[-73.85807,41.13134],[-73.85805,41.13194],[-73.85802,41.13291],[-73.85794,41.13453],[-73.85792,41.13516],[-73.85792,41.13562],[-73.85824,41.13564],[-73.85836,41.13563],[-73.85828,41.13581],[-73.85776,41.13593],[-73.85739,41.13602],[-73.85718,41.13607],[-73.85686,41.13614],[-73.85659,41.13671],[-73.8565,41.1369],[-73.85662,41.1372],[-73.85708,41.13833],[-73.85704,41.13839],[-73.8568,41.13864],[-73.85659,41.13882],[-73.85634,41.139],[-73.85614,41.13913],[-73.85523,41.13964],[-73.85498,41.13981],[-73.85485,41.13995],[-73.85477,41.14007],[-73.85471,41.14026],[-73.85445,41.14082],[-73.85429,41.14103],[-73.85405,41.14126],[-73.85381,41.14143],[-73.85345,41.14166],[-73.85338,41.14171],[-73.85319,41.14181],[-73.85301,41.14192],[-73.8527,41.14218],[-73.85223,41.14262],[-73.85184,41.14302],[-73.85181,41.14309],[-73.85175,41.14326],[-73.8517,41.14343],[-73.85154,41.14378],[-73.85147,41.1439],[-73.85136,41.14412],[-73.85118,41.14471],[-73.8509,41.14538],[-73.85055,41.14623],[-73.85042,41.14658],[-73.84995,41.14785],[-73.84994,41.14793],[-73.84838,41.14801],[-73.84808,41.14801],[-73.84767,41.148],[-73.84738,41.14795],[-73.84721,41.1479],[-73.84706,41.14785],[-73.84679,41.14804],[-73.84654,41.1483],[-73.84636,41.14851],[-73.84584,41.14922],[-73.84516,41.14982],[-73.84483,41.1501],[-73.8445,41.15045],[-73.84433,41.15071],[-73.84416,41.15099],[-73.84401,41.15126],[-73.84363,41.15197],[-73.84341,41.15248],[-73.84336,41.15265],[-73.84335,41.15283],[-73.84335,41.15302],[-73.84337,41.15325],[-73.8434,41.15342],[-73.84343,41.15355],[-73.84352,41.15398],[-73.84355,41.15425],[-73.84354,41.15456],[-73.84343,41.15497],[-73.84318,41.15558],[-73.84293,41.15607],[-73.84203,41.1561],[-73.83735,41.15627],[-73.83485,41.1564],[-73.83469,41.15642],[-73.83459,41.15642],[-73.83279,41.15648],[-73.8321,41.15649],[-73.82965,41.15655],[-73.82965,41.15665],[-73.82966,41.15696],[-73.82961,41.15929],[-73.83021,41.15931],[-73.83164,41.15937],[-73.83152,41.16071],[-73.83128,41.16068],[-73.83115,41.16068],[-73.83106,41.1607],[-73.83091,41.16074],[-73.83061,41.16087],[-73.83011,41.16109],[-73.82914,41.16161],[-73.82907,41.16166],[-73.82887,41.16179],[-73.82739,41.16275],[-73.82726,41.16281],[-73.82697,41.16289],[-73.82687,41.1629],[-73.82673,41.16288],[-73.82661,41.16284],[-73.82612,41.16263],[-73.82484,41.16205],[-73.82443,41.16185],[-73.82309,41.16121],[-73.82182,41.16059],[-73.8217,41.16053],[-73.82156,41.16149],[-73.82093,41.1615],[-73.82067,41.16151],[-73.82061,41.1616],[-73.82027,41.16195],[-73.82019,41.16204],[-73.81988,41.16237],[-73.81953,41.16281],[-73.81948,41.16287],[-73.81937,41.16295],[-73.81916,41.16302],[-73.81893,41.16312],[-73.81874,41.16323],[-73.81795,41.1639],[-73.81721,41.16465],[-73.81695,41.16496],[-73.81674,41.16524],[-73.81646,41.16564],[-73.81634,41.16577],[-73.81624,41.16591],[-73.81618,41.16603],[-73.81602,41.16634],[-73.81581,41.16671],[-73.81566,41.16704],[-73.81547,41.16747],[-73.81532,41.16782],[-73.81437,41.16979],[-73.81425,41.17004],[-73.81396,41.17073],[-73.81393,41.17079],[-73.81353,41.17167],[-73.81352,41.17172],[-73.81548,41.17255],[-73.81645,41.17303],[-73.81637,41.17312],[-73.81609,41.1734],[-73.81603,41.17347],[-73.81597,41.17358],[-73.8158,41.17402],[-73.81574,41.17424],[-73.81564,41.17442],[-73.81543,41.17475],[-73.81505,41.17525],[-73.8148,41.17554],[-73.81471,41.17556],[-73.81453,41.17566],[-73.81391,41.17618],[-73.81323,41.17681],[-73.81319,41.17684],[-73.81319,41.17695],[-73.81422,41.17708],[-73.81244,41.18217],[-73.81264,41.18238],[-73.81267,41.18246],[-73.81189,41.18497],[-73.81174,41.18532],[-73.81166,41.18544],[-73.81155,41.18551],[-73.81138,41.1856],[-73.81119,41.18564],[-73.8109,41.18567],[-73.81049,41.18566],[-73.80995,41.18561],[-73.80963,41.18558],[-73.80881,41.18682],[-73.80891,41.18689],[-73.81003,41.18739],[-73.8102,41.18745],[-73.81044,41.18748],[-73.81068,41.18746],[-73.81107,41.18738],[-73.81167,41.18717],[-73.8125,41.18698],[-73.81294,41.1869],[-73.81331,41.18687],[-73.81346,41.18685],[-73.81391,41.1868],[-73.81411,41.18679],[-73.81441,41.18679],[-73.81449,41.1868],[-73.8149,41.18686],[-73.81544,41.187],[-73.81561,41.18707],[-73.81569,41.18715],[-73.81575,41.18725],[-73.8158,41.18737],[-73.81582,41.18756],[-73.81586,41.18777],[-73.81591,41.18788],[-73.81596,41.18791],[-73.81626,41.18809],[-73.81638,41.1881],[-73.81631,41.18824],[-73.81492,41.1905],[-73.81251,41.1946],[-73.80942,41.19366],[-73.80965,41.19305],[-73.80971,41.19282],[-73.80971,41.19261],[-73.80967,41.19241],[-73.80947,41.19223],[-73.80895,41.19208],[-73.80854,41.19199],[-73.80806,41.19196],[-73.80754,41.19199],[-73.80687,41.19206],[-73.8066,41.19232],[-73.80617,41.19281],[-73.8026,41.19684],[-73.80211,41.19753],[-73.80111,41.19765],[-73.80092,41.19821],[-73.80081,41.19842],[-73.80066,41.19865],[-73.80054,41.19882],[-73.8004,41.19898],[-73.80012,41.19918],[-73.79985,41.19927],[-73.79964,41.19935],[-73.79941,41.1994],[-73.7994,41.20096],[-73.80157,41.20101],[-73.80157,41.20204],[-73.80253,41.20227],[-73.80303,41.2024],[-73.80174,41.20338],[-73.80072,41.20433],[-73.79946,41.20542],[-73.7988,41.20602],[-73.79851,41.20629],[-73.79778,41.20722],[-73.79331,41.20784],[-73.79295,41.20843],[-73.79266,41.2091],[-73.79253,41.20923],[-73.79248,41.20944],[-73.79333,41.21194],[-73.79368,41.21454],[-73.79386,41.21509],[-73.79409,41.21532],[-73.79596,41.21508],[-73.79914,41.21449],[-73.80005,41.21434],[-73.80092,41.21658],[-73.801,41.21683],[-73.80107,41.21711],[-73.80145,41.21805],[-73.80207,41.21809],[-73.80238,41.2181],[-73.80562,41.22165],[-73.80654,41.22173],[-73.80909,41.22183],[-73.81054,41.22189],[-73.81061,41.2212],[-73.8126,41.22123],[-73.81297,41.22122],[-73.81305,41.22117],[-73.81531,41.21995],[-73.81521,41.21937],[-73.81513,41.21885],[-73.81523,41.21746],[-73.81523,41.2174],[-73.81532,41.21731],[-73.81546,41.21713],[-73.81613,41.21632],[-73.81853,41.2163],[-73.82063,41.21629],[-73.82059,41.21413],[-73.82057,41.2133],[-73.82038,41.2133],[-73.81878,41.2133],[-73.81863,41.2133],[-73.81783,41.21329],[-73.82766,41.20596],[-73.8289,41.20504],[-73.82959,41.20452],[-73.82956,41.20399],[-73.83075,41.20389],[-73.83204,41.20367],[-73.83426,41.20344],[-73.83789,41.20317],[-73.83869,41.20312],[-73.84526,41.20247],[-73.85651,41.20276],[-73.85726,41.20266],[-73.86573,41.20052],[-73.86957,41.20011],[-73.87038,41.20007],[-73.87112,41.19997],[-73.87184,41.19982],[-73.87175,41.19972],[-73.87115,41.19886],[-73.87107,41.19872],[-73.87101,41.19852],[-73.87099,41.19842],[-73.871,41.19833],[-73.87121,41.19767],[-73.8717,41.19677],[-73.87234,41.19568],[-73.87241,41.19551],[-73.87245,41.19534],[-73.87261,41.19453],[-73.87263,41.19448],[-73.87272,41.1944],[-73.87277,41.19437],[-73.87282,41.19432],[-73.87292,41.19413],[-73.87296,41.19398],[-73.87298,41.19363],[-73.87296,41.19356],[-73.87294,41.1935],[-73.87285,41.19335],[-73.87282,41.19326],[-73.87285,41.19311],[-73.87304,41.19262],[-73.87308,41.19245],[-73.8732,41.19185],[-73.87317,41.19173],[-73.87298,41.19142],[-73.8729,41.19134],[-73.87283,41.1913],[-73.87274,41.19127],[-73.8725,41.19125],[-73.87244,41.19123],[-73.87238,41.19119],[-73.87223,41.19096],[-73.87218,41.19086],[-73.87217,41.1908],[-73.87218,41.19076],[-73.87237,41.19048],[-73.87244,41.19034],[-73.87259,41.18981],[-73.87264,41.18974],[-73.87272,41.18966],[-73.87274,41.18959],[-73.8728,41.18934],[-73.87291,41.18901],[-73.87297,41.18888],[-73.87302,41.18879],[-73.87308,41.18873],[-73.87339,41.18854],[-73.87346,41.18849],[-73.87347,41.18848],[-73.87385,41.18812],[-73.87404,41.18795],[-73.8741,41.18789],[-73.87413,41.18783],[-73.87414,41.18776],[-73.87413,41.18759],[-73.87413,41.18751],[-73.87418,41.18742],[-73.87424,41.18735],[-73.87433,41.18726],[-73.87448,41.18711],[-73.87455,41.18707],[-73.87461,41.18705],[-73.87475,41.18702],[-73.875,41.187],[-73.87533,41.18686],[-73.87542,41.18677],[-73.87556,41.18669],[-73.87567,41.18657],[-73.87576,41.18643],[-73.87602,41.18582],[-73.87604,41.1857],[-73.87618,41.18542],[-73.87622,41.18522],[-73.87618,41.18506],[-73.87602,41.18482],[-73.87589,41.18459],[-73.87578,41.18429],[-73.87574,41.1841],[-73.87569,41.18374],[-73.87563,41.18351],[-73.87544,41.18326],[-73.8752,41.18291],[-73.87512,41.18274],[-73.8751,41.18245],[-73.87514,41.18222],[-73.87534,41.18154],[-73.87546,41.18115],[-73.87556,41.18064],[-73.87559,41.18039],[-73.87549,41.18038],[-73.87541,41.18042],[-73.8753,41.18045],[-73.87521,41.18043],[-73.875,41.18037],[-73.87479,41.18023],[-73.87464,41.17989],[-73.87463,41.1798],[-73.87464,41.17967],[-73.87473,41.17957],[-73.875,41.17941],[-73.87514,41.1793],[-73.87524,41.17914],[-73.87528,41.17905],[-73.8753,41.17888],[-73.87527,41.17868],[-73.87519,41.17847],[-73.87512,41.17837],[-73.87512,41.17822],[-73.87527,41.17808],[-73.87535,41.17798],[-73.87543,41.1778],[-73.87549,41.17762],[-73.87558,41.17746],[-73.87566,41.17739],[-73.87574,41.17731],[-73.87586,41.17725],[-73.87614,41.17723],[-73.8762,41.17723],[-73.87626,41.17722],[-73.87632,41.17722],[-73.87642,41.1772],[-73.89856,41.16825],[-73.90928,41.1644]]]},"properties":{"name":"PARK SCHOOL","schoolId":"362202003122"}},{"type":"Feature","geometry":{"type":"Polygon","coordinates":[[[-73.95545,41.27787],[-73.95718,41.2764],[-73.94911,41.27413],[-73.949,41.27422],[-73.94887,41.27426],[-73.94843,41.27426],[-73.94824,41.27428],[-73.94816,41.27432],[-73.94806,41.2744],[-73.94765,41.2745],[-73.94752,41.27451],[-73.94735,41.27457],[-73.94707,41.27485],[-73.94699,41.27488],[-73.94692,41.27487],[-73.9468,41.27482],[-73.94667,41.27479],[-73.94653,41.27472],[-73.94642,41.27462],[-73.94634,41.27451],[-73.94625,41.27445],[-73.94616,41.27445],[-73.9461,41.2745],[-73.94605,41.27457],[-73.94598,41.27462],[-73.94586,41.27462],[-73.94579,41.27455],[-73.94568,41.27451],[-73.94555,41.27449],[-73.94543,41.27447],[-73.94512,41.27423],[-73.94497,41.2742],[-73.94491,41.27414],[-73.94491,41.27405],[-73.94485,41.27403],[-73.94477,41.27402],[-73.94468,41.27399],[-73.94461,41.27395],[-73.94456,41.27388],[-73.94454,41.27382],[-73.94452,41.27318],[-73.94447,41.27304],[-73.94444,41.27284],[-73.9444,41.27276],[-73.94435,41.27271],[-73.9442,41.27265],[-73.94414,41.27265],[-73.94407,41.27266],[-73.94404,41.27273],[-73.94389,41.27274],[-73.94385,41.27278],[-73.94381,41.27278],[-73.94378,41.27276],[-73.94376,41.2727],[-73.94373,41.2727],[-73.94372,41.27272],[-73.94371,41.27277],[-73.94369,41.2728],[-73.94362,41.27283],[-73.94361,41.27287],[-73.94364,41.27294],[-73.94365,41.27298],[-73.94359,41.27307],[-73.94356,41.27311],[-73.94355,41.27315],[-73.94356,41.27321],[-73.94359,41.27323],[-73.9436,41.27328],[-73.94359,41.27332],[-73.94356,41.27337],[-73.94351,41.27341],[-73.94344,41.27344],[-73.94334,41.27343],[-73.94332,41.27339],[-73.94331,41.27335],[-73.94329,41.27333],[-73.94319,41.2733],[-73.94318,41.27319],[-73.94319,41.27314],[-73.94324,41.27305],[-73.94322,41.27291],[-73.94321,41.27289],[-73.94254,41.27256],[-73.94247,41.27255],[-73.9424,41.27254],[-73.94233,41.27255],[-73.94226,41.2726],[-73.94215,41.27262],[-73.94207,41.27261],[-73.94201,41.27261],[-73.94192,41.27258],[-73.94183,41.27252],[-73.94158,41.27232],[-73.94146,41.2723],[-73.94142,41.2723],[-73.94138,41.2723],[-73.94133,41.27231],[-73.94133,41.27235],[-73.94135,41.27238],[-73.94135,41.27242],[-73.94131,41.27252],[-73.94124,41.27263],[-73.94121,41.27263],[-73.94113,41.27263],[-73.9411,41.27262],[-73.9411,41.27258],[-73.94112,41.27255],[-73.94118,41.27253],[-73.9412,41.27248],[-73.94118,41.27241],[-73.94118,41.27226],[-73.94116,41.27223],[-73.94113,41.27221],[-73.94108,41.27222],[-73.941,41.27235],[-73.94088,41.27247],[-73.94083,41.27252],[-73.9408,41.27254],[-73.94077,41.27258],[-73.94075,41.27262],[-73.94068,41.2726],[-73.94065,41.27259],[-73.94051,41.27255],[-73.94042,41.27249],[-73.94038,41.27234],[-73.9404,41.27203],[-73.94038,41.2719],[-73.94029,41.27179],[-73.94022,41.27173],[-73.94006,41.27168],[-73.93972,41.27168],[-73.93912,41.27178],[-73.93868,41.27178],[-73.9385,41.27176],[-73.93842,41.27172],[-73.93832,41.27154],[-73.93828,41.27116],[-73.93827,41.27079],[-73.93821,41.27071],[-73.93818,41.27064],[-73.93815,41.27054],[-73.93815,41.27047],[-73.93818,41.27038],[-73.93822,41.27029],[-73.93828,41.27022],[-73.93689,41.26843],[-73.93576,41.26855],[-73.93462,41.26821],[-73.93446,41.26816],[-73.9344,41.26844],[-73.93431,41.26844],[-73.93421,41.26847],[-73.93396,41.26846],[-73.93394,41.26846],[-73.93389,41.26846],[-73.93385,41.26845],[-73.93378,41.26842],[-73.93344,41.26831],[-73.93342,41.2683],[-73.93301,41.26799],[-73.93286,41.26795],[-73.93263,41.26791],[-73.9324,41.26795],[-73.93211,41.26803],[-73.9319,41.26807],[-73.9319,41.26815],[-73.93184,41.26826],[-73.93175,41.26827],[-73.93159,41.26825],[-73.93096,41.26822],[-73.93077,41.26822],[-73.93069,41.26823],[-73.9306,41.26824],[-73.93049,41.2683],[-73.93037,41.26846],[-73.93033,41.26854],[-73.9303,41.26863],[-73.93026,41.26872],[-73.93013,41.26872],[-73.92987,41.26866],[-73.92942,41.26857],[-73.92896,41.26853],[-73.92874,41.26857],[-73.9286,41.26859],[-73.92847,41.26856],[-73.9283,41.26852],[-73.92819,41.26849],[-73.92814,41.26838],[-73.92812,41.26831],[-73.92804,41.26823],[-73.92794,41.2682],[-73.92769,41.26814],[-73.92758,41.2681],[-73.92727,41.26795],[-73.92708,41.26783],[-73.92698,41.26774],[-73.92679,41.26747],[-73.92669,41.26742],[-73.92589,41.26731],[-73.92527,41.26773],[-73.92535,41.26855],[-73.92507,41.26897],[-73.92389,41.26982],[-73.9236,41.27002],[-73.92274,41.27087],[-73.9222,41.27217],[-73.92217,41.2722],[-73.92218,41.27239],[-73.92223,41.27243],[-73.92224,41.27255],[-73.92223,41.27266],[-73.92218,41.27276],[-73.9221,41.27282],[-73.92202,41.27286],[-73.92188,41.27286],[-73.92162,41.27278],[-73.92148,41.2728],[-73.92138,41.27287],[-73.92124,41.27322],[-73.92117,41.27328],[-73.92108,41.27333],[-73.92096,41.27334],[-73.92084,41.27334],[-73.92072,41.27332],[-73.92048,41.27317],[-73.92045,41.27316],[-73.92041,41.27316],[-73.92035,41.27319],[-73.92032,41.27322],[-73.92025,41.27327],[-73.9202,41.27327],[-73.92016,41.27326],[-73.9201,41.27322],[-73.92,41.2732],[-73.91997,41.27321],[-73.91993,41.27327],[-73.91975,41.27389],[-73.91963,41.27406],[-73.9196,41.27409],[-73.91952,41.27412],[-73.91928,41.27413],[-73.91924,41.27411],[-73.91891,41.27406],[-73.91864,41.274],[-73.91851,41.27397],[-73.9184,41.274],[-73.91821,41.27406],[-73.91814,41.27409],[-73.91767,41.27434],[-73.91755,41.27441],[-73.91734,41.27446],[-73.91706,41.27451],[-73.91684,41.27454],[-73.91543,41.27491],[-73.91494,41.27499],[-73.91451,41.27512],[-73.91386,41.27525],[-73.91315,41.27527],[-73.91268,41.27531],[-73.91224,41.27547],[-73.91066,41.27671],[-73.91037,41.27684],[-73.90993,41.27698],[-73.90925,41.27711],[-73.90849,41.27732],[-73.90777,41.27758],[-73.9072,41.2779],[-73.90651,41.27834],[-73.90646,41.27838],[-73.90626,41.27878],[-73.90611,41.2792],[-73.90601,41.27937],[-73.90559,41.27956],[-73.90516,41.27968],[-73.90494,41.27975],[-73.90463,41.27987],[-73.90445,41.27991],[-73.90435,41.28006],[-73.9042,41.28007],[-73.90397,41.27999],[-73.90384,41.27993],[-73.90376,41.27992],[-73.90364,41.27997],[-73.90318,41.28025],[-73.90283,41.28034],[-73.90184,41.28034],[-73.90154,41.2804],[-73.90134,41.28047],[-73.90094,41.28057],[-73.90065,41.28064],[-73.90038,41.28065],[-73.90017,41.2806],[-73.90007,41.2806],[-73.90002,41.28064],[-73.89974,41.28088],[-73.89968,41.281],[-73.89963,41.28108],[-73.89939,41.28117],[-73.8996,41.28169],[-73.89955,41.28216],[-73.89942,41.28272],[-73.89911,41.28345],[-73.89941,41.28411],[-73.9002,41.28458],[-73.89979,41.28505],[-73.89943,41.28561],[-73.89917,41.28621],[-73.8991,41.28655],[-73.89906,41.28673],[-73.89887,41.28735],[-73.89879,41.28803],[-73.89878,41.28868],[-73.89826,41.28885],[-73.8972,41.29231],[-73.8971,41.29268],[-73.89676,41.29265],[-73.8966,41.29262],[-73.89649,41.29258],[-73.89643,41.29254],[-73.89633,41.29247],[-73.89623,41.29239],[-73.89607,41.29228],[-73.8958,41.29371],[-73.89574,41.29386],[-73.89355,41.29389],[-73.89347,41.29396],[-73.89345,41.29402],[-73.89337,41.29404],[-73.89312,41.29406],[-73.89266,41.29407],[-73.89247,41.29405],[-73.89226,41.29401],[-73.89208,41.29404],[-73.89192,41.29413],[-73.89172,41.29421],[-73.8915,41.29425],[-73.89148,41.29426],[-73.89138,41.2943],[-73.89118,41.29432],[-73.89089,41.29425],[-73.89051,41.29408],[-73.89043,41.29403],[-73.8895,41.29559],[-73.8895,41.29583],[-73.88921,41.29705],[-73.89027,41.29995],[-73.89127,41.30023],[-73.89721,41.30234],[-73.89913,41.30294],[-73.89937,41.30305],[-73.89969,41.30339],[-73.89979,41.30355],[-73.90651,41.30554],[-73.90788,41.30593],[-73.90926,41.30633],[-73.91046,41.30667],[-73.91152,41.30688],[-73.91226,41.30703],[-73.9152,41.30762],[-73.91598,41.30698],[-73.91697,41.30766],[-73.91703,41.30766],[-73.9172,41.30768],[-73.91734,41.30771],[-73.91749,41.30777],[-73.91768,41.30786],[-73.91785,41.30788],[-73.91797,41.30787],[-73.91812,41.30782],[-73.91856,41.30759],[-73.91904,41.30733],[-73.91994,41.30688],[-73.92053,41.3065],[-73.92116,41.30624],[-73.9215,41.30609],[-73.92175,41.30599],[-73.92341,41.30547],[-73.92427,41.30518],[-73.92469,41.30503],[-73.92511,41.30493],[-73.92635,41.30473],[-73.92714,41.30461],[-73.92792,41.30443],[-73.92833,41.30417],[-73.92843,41.30409],[-73.92868,41.30389],[-73.92885,41.30387],[-73.92889,41.30385],[-73.92896,41.30373],[-73.92899,41.3037],[-73.92904,41.3037],[-73.92912,41.30374],[-73.92937,41.30371],[-73.92977,41.30358],[-73.93003,41.3034],[-73.93012,41.30328],[-73.93016,41.30325],[-73.93017,41.30322],[-73.93017,41.30319],[-73.93013,41.30311],[-73.93013,41.30306],[-73.93018,41.30299],[-73.93027,41.30291],[-73.93033,41.30274],[-73.93039,41.30269],[-73.93045,41.30268],[-73.93053,41.30268],[-73.93067,41.30272],[-73.93074,41.30277],[-73.93081,41.30277],[-73.93082,41.30273],[-73.93081,41.30269],[-73.93074,41.30263],[-73.93073,41.30259],[-73.93076,41.30254],[-73.9308,41.3025],[-73.93088,41.30246],[-73.93125,41.30233],[-73.93133,41.30225],[-73.93134,41.30217],[-73.93132,41.30206],[-73.93135,41.30201],[-73.93152,41.30188],[-73.93159,41.30187],[-73.93172,41.30193],[-73.93176,41.30194],[-73.93183,41.30192],[-73.93188,41.30188],[-73.93188,41.30183],[-73.93186,41.30178],[-73.93188,41.30174],[-73.93193,41.30168],[-73.93199,41.30168],[-73.93207,41.30171],[-73.93208,41.30174],[-73.93206,41.3018],[-73.93199,41.30189],[-73.93199,41.30194],[-73.93196,41.30199],[-73.93188,41.30206],[-73.93189,41.30209],[-73.93191,41.30209],[-73.93197,41.30207],[-73.93236,41.30184],[-73.93245,41.30173],[-73.93289,41.30153],[-73.9332,41.30132],[-73.93367,41.30091],[-73.93383,41.30072],[-73.93385,41.30068],[-73.93385,41.30062],[-73.93382,41.30053],[-73.93383,41.30049],[-73.9339,41.30041],[-73.93396,41.30039],[-73.93402,41.30035],[-73.93405,41.3003],[-73.93405,41.30026],[-73.93402,41.30023],[-73.93391,41.30017],[-73.9339,41.30014],[-73.93391,41.3001],[-73.93391,41.30005],[-73.93393,41.30001],[-73.93398,41.3],[-73.93402,41.3],[-73.9341,41.30002],[-73.93415,41.30002],[-73.93421,41.29999],[-73.93423,41.29996],[-73.93428,41.29984],[-73.93428,41.29978],[-73.93428,41.29972],[-73.93422,41.29967],[-73.93409,41.29961],[-73.93405,41.29958],[-73.93405,41.2995],[-73.93408,41.29935],[-73.93417,41.29921],[-73.9342,41.29915],[-73.93423,41.29911],[-73.93427,41.29909],[-73.93436,41.29909],[-73.93444,41.29909],[-73.93451,41.29906],[-73.93459,41.29898],[-73.93468,41.29898],[-73.9347,41.29895],[-73.9347,41.2989],[-73.93468,41.29888],[-73.93469,41.29885],[-73.93476,41.29882],[-73.93475,41.29879],[-73.93469,41.29879],[-73.93468,41.29876],[-73.93472,41.29871],[-73.93488,41.29864],[-73.93485,41.29842],[-73.93478,41.29835],[-73.93476,41.29827],[-73.93478,41.29822],[-73.93481,41.29819],[-73.93481,41.29815],[-73.93466,41.29817],[-73.93466,41.2982],[-73.93468,41.29827],[-73.93467,41.29832],[-73.93469,41.29836],[-73.93469,41.2984],[-73.93464,41.29839],[-73.93457,41.29836],[-73.93438,41.29814],[-73.93436,41.29802],[-73.93441,41.29791],[-73.93433,41.29767],[-73.93426,41.2976],[-73.93426,41.29756],[-73.93427,41.29739],[-73.93423,41.2973],[-73.9342,41.29704],[-73.93428,41.29686],[-73.93431,41.29682],[-73.93435,41.2968],[-73.93446,41.2968],[-73.93481,41.2969],[-73.93561,41.29724],[-73.93583,41.29734],[-73.93595,41.29737],[-73.936,41.29741],[-73.93603,41.29745],[-73.93602,41.29749],[-73.93599,41.2975],[-73.9359,41.2975],[-73.93583,41.29752],[-73.93583,41.29757],[-73.93586,41.29761],[-73.93612,41.29765],[-73.93625,41.29765],[-73.93639,41.29762],[-73.9366,41.29761],[-73.93664,41.29759],[-73.93665,41.29754],[-73.9366,41.29751],[-73.93662,41.29741],[-73.93642,41.29727],[-73.93619,41.29707],[-73.93581,41.2968],[-73.93572,41.29675],[-73.93568,41.29671],[-73.93569,41.29666],[-73.93582,41.2966],[-73.93592,41.29659],[-73.93605,41.29662],[-73.93683,41.29693],[-73.93714,41.29695],[-73.93744,41.29701],[-73.93754,41.29701],[-73.93763,41.29703],[-73.93777,41.29712],[-73.93787,41.29714],[-73.93798,41.29723],[-73.93804,41.29725],[-73.93855,41.29735],[-73.9399,41.29756],[-73.94075,41.29771],[-73.94083,41.29772],[-73.94091,41.29773],[-73.94103,41.29782],[-73.94109,41.29785],[-73.94123,41.29786],[-73.94135,41.29799],[-73.94144,41.29806],[-73.94168,41.29818],[-73.94174,41.29823],[-73.94176,41.2983],[-73.94186,41.2984],[-73.94208,41.2986],[-73.94217,41.29864],[-73.9426,41.2988],[-73.94292,41.29887],[-73.94315,41.29891],[-73.94356,41.29892],[-73.94424,41.29893],[-73.94456,41.29892],[-73.94473,41.29888],[-73.94477,41.29888],[-73.94479,41.29894],[-73.94482,41.29895],[-73.94487,41.29895],[-73.94493,41.29895],[-73.94497,41.29893],[-73.94503,41.299],[-73.94532,41.29892],[-73.9457,41.29884],[-73.946,41.2988],[-73.94653,41.29871],[-73.94651,41.29857],[-73.94648,41.2985],[-73.94642,41.29843],[-73.94627,41.29837],[-73.94608,41.29835],[-73.94595,41.2983],[-73.94587,41.29825],[-73.94571,41.2982],[-73.94512,41.29799],[-73.9452,41.29796],[-73.94522,41.29793],[-73.94524,41.29783],[-73.94522,41.29778],[-73.94516,41.29772],[-73.94502,41.29762],[-73.94497,41.29755],[-73.94487,41.29737],[-73.9448,41.29732],[-73.94478,41.29726],[-73.9448,41.29715],[-73.94482,41.29707],[-73.94481,41.2969],[-73.9448,41.29639],[-73.94485,41.29624],[-73.94503,41.29602],[-73.94505,41.29592],[-73.94503,41.29584],[-73.94497,41.29577],[-73.94497,41.29567],[-73.94501,41.29559],[-73.94523,41.29541],[-73.94523,41.29536],[-73.9453,41.29527],[-73.94571,41.29524],[-73.94908,41.2926],[-73.94658,41.291],[-73.94588,41.2895],[-73.94578,41.2876],[-73.94628,41.2862],[-73.94748,41.2846],[-73.95195,41.28083],[-73.95205,41.28074],[-73.95545,41.27787]]]},"properties":{"name":"OAKSIDE SCHOOL","schoolId":"362265003180"}},{"type":"Feature","geometry":{"type":"Polygon","coordinates":[[[-73.95545,41.27787],[-73.95718,41.2764],[-73.94911,41.27413],[-73.949,41.27422],[-73.94887,41.27426],[-73.94843,41.27426],[-73.94824,41.27428],[-73.94816,41.27432],[-73.94806,41.2744],[-73.94765,41.2745],[-73.94752,41.27451],[-73.94735,41.27457],[-73.94707,41.27485],[-73.94699,41.27488],[-73.94692,41.27487],[-73.9468,41.27482],[-73.94667,41.27479],[-73.94653,41.27472],[-73.94642,41.27462],[-73.94634,41.27451],[-73.94625,41.27445],[-73.94616,41.27445],[-73.9461,41.2745],[-73.94605,41.27457],[-73.94598,41.27462],[-73.94586,41.27462],[-73.94579,41.27455],[-73.94568,41.27451],[-73.94555,41.27449],[-73.94543,41.27447],[-73.94512,41.27423],[-73.94497,41.2742],[-73.94491,41.27414],[-73.94491,41.27405],[-73.94485,41.27403],[-73.94477,41.27402],[-73.94468,41.27399],[-73.94461,41.27395],[-73.94456,41.27388],[-73.94454,41.27382],[-73.94452,41.27318],[-73.94447,41.27304],[-73.94444,41.27284],[-73.9444,41.27276],[-73.94435,41.27271],[-73.9442,41.27265],[-73.94414,41.27265],[-73.94407,41.27266],[-73.94404,41.27273],[-73.94389,41.27274],[-73.94385,41.27278],[-73.94381,41.27278],[-73.94378,41.27276],[-73.94376,41.2727],[-73.94373,41.2727],[-73.94372,41.27272],[-73.94371,41.27277],[-73.94369,41.2728],[-73.94362,41.27283],[-73.94361,41.27287],[-73.94364,41.27294],[-73.94365,41.27298],[-73.94359,41.27307],[-73.94356,41.27311],[-73.94355,41.27315],[-73.94356,41.27321],[-73.94359,41.27323],[-73.9436,41.27328],[-73.94359,41.27332],[-73.94356,41.27337],[-73.94351,41.27341],[-73.94344,41.27344],[-73.94334,41.27343],[-73.94332,41.27339],[-73.94331,41.27335],[-73.94329,41.27333],[-73.94319,41.2733],[-73.94318,41.27319],[-73.94319,41.27314],[-73.94324,41.27305],[-73.94322,41.27291],[-73.94321,41.27289],[-73.94254,41.27256],[-73.94247,41.27255],[-73.9424,41.27254],[-73.94233,41.27255],[-73.94226,41.2726],[-73.94215,41.27262],[-73.94207,41.27261],[-73.94201,41.27261],[-73.94192,41.27258],[-73.94183,41.27252],[-73.94158,41.27232],[-73.94146,41.2723],[-73.94142,41.2723],[-73.94138,41.2723],[-73.94133,41.27231],[-73.94133,41.27235],[-73.94135,41.27238],[-73.94135,41.27242],[-73.94131,41.27252],[-73.94124,41.27263],[-73.94121,41.27263],[-73.94113,41.27263],[-73.9411,41.27262],[-73.9411,41.27258],[-73.94112,41.27255],[-73.94118,41.27253],[-73.9412,41.27248],[-73.94118,41.27241],[-73.94118,41.27226],[-73.94116,41.27223],[-73.94113,41.27221],[-73.94108,41.27222],[-73.941,41.27235],[-73.94088,41.27247],[-73.94083,41.27252],[-73.9408,41.27254],[-73.94077,41.27258],[-73.94075,41.27262],[-73.94068,41.2726],[-73.94065,41.27259],[-73.94051,41.27255],[-73.94042,41.27249],[-73.94038,41.27234],[-73.9404,41.27203],[-73.94038,41.2719],[-73.94029,41.27179],[-73.94022,41.27173],[-73.94006,41.27168],[-73.93972,41.27168],[-73.93912,41.27178],[-73.93868,41.27178],[-73.9385,41.27176],[-73.93842,41.27172],[-73.93832,41.27154],[-73.93828,41.27116],[-73.93827,41.27079],[-73.93821,41.27071],[-73.93818,41.27064],[-73.93815,41.27054],[-73.93815,41.27047],[-73.93818,41.27038],[-73.93822,41.27029],[-73.93828,41.27022],[-73.93689,41.26843],[-73.93576,41.26855],[-73.93462,41.26821],[-73.93446,41.26816],[-73.9344,41.26844],[-73.93431,41.26844],[-73.93421,41.26847],[-73.93396,41.26846],[-73.93394,41.26846],[-73.93389,41.26846],[-73.93385,41.26845],[-73.93378,41.26842],[-73.93344,41.26831],[-73.93342,41.2683],[-73.93301,41.26799],[-73.93286,41.26795],[-73.93263,41.26791],[-73.9324,41.26795],[-73.93211,41.26803],[-73.9319,41.26807],[-73.9319,41.26815],[-73.93184,41.26826],[-73.93175,41.26827],[-73.93159,41.26825],[-73.93096,41.26822],[-73.93077,41.26822],[-73.93069,41.26823],[-73.9306,41.26824],[-73.93049,41.2683],[-73.93037,41.26846],[-73.93033,41.26854],[-73.9303,41.26863],[-73.93026,41.26872],[-73.93013,41.26872],[-73.92987,41.26866],[-73.92942,41.26857],[-73.92896,41.26853],[-73.92874,41.26857],[-73.9286,41.26859],[-73.92847,41.26856],[-73.9283,41.26852],[-73.92819,41.26849],[-73.92814,41.26838],[-73.92812,41.26831],[-73.92804,41.26823],[-73.92794,41.2682],[-73.92769,41.26814],[-73.92758,41.2681],[-73.92727,41.26795],[-73.92708,41.26783],[-73.92698,41.26774],[-73.92679,41.26747],[-73.92669,41.26742],[-73.92589,41.26731],[-73.92527,41.26773],[-73.92535,41.26855],[-73.92507,41.26897],[-73.92389,41.26982],[-73.9236,41.27002],[-73.92274,41.27087],[-73.9222,41.27217],[-73.92217,41.2722],[-73.92218,41.27239],[-73.92223,41.27243],[-73.92224,41.27255],[-73.92223,41.27266],[-73.92218,41.27276],[-73.9221,41.27282],[-73.92202,41.27286],[-73.92188,41.27286],[-73.92162,41.27278],[-73.92148,41.2728],[-73.92138,41.27287],[-73.92124,41.27322],[-73.92117,41.27328],[-73.92108,41.27333],[-73.92096,41.27334],[-73.92084,41.27334],[-73.92072,41.27332],[-73.92048,41.27317],[-73.92045,41.27316],[-73.92041,41.27316],[-73.92035,41.27319],[-73.92032,41.27322],[-73.92025,41.27327],[-73.9202,41.27327],[-73.92016,41.27326],[-73.9201,41.27322],[-73.92,41.2732],[-73.91997,41.27321],[-73.91993,41.27327],[-73.91975,41.27389],[-73.91963,41.27406],[-73.9196,41.27409],[-73.91952,41.27412],[-73.91928,41.27413],[-73.91924,41.27411],[-73.91891,41.27406],[-73.91864,41.274],[-73.91851,41.27397],[-73.9184,41.274],[-73.91821,41.27406],[-73.91814,41.27409],[-73.91767,41.27434],[-73.91755,41.27441],[-73.91734,41.27446],[-73.91706,41.27451],[-73.91684,41.27454],[-73.91543,41.27491],[-73.91494,41.27499],[-73.91451,41.27512],[-73.91386,41.27525],[-73.91315,41.27527],[-73.91268,41.27531],[-73.91224,41.27547],[-73.91066,41.27671],[-73.91037,41.27684],[-73.90993,41.27698],[-73.90925,41.27711],[-73.90849,41.27732],[-73.90777,41.27758],[-73.9072,41.2779],[-73.90651,41.27834],[-73.90646,41.27838],[-73.90626,41.27878],[-73.90611,41.2792],[-73.90601,41.27937],[-73.90559,41.27956],[-73.90516,41.27968],[-73.90494,41.27975],[-73.90463,41.27987],[-73.90445,41.27991],[-73.90435,41.28006],[-73.9042,41.28007],[-73.90397,41.27999],[-73.90384,41.27993],[-73.90376,41.27992],[-73.90364,41.27997],[-73.90318,41.28025],[-73.90283,41.28034],[-73.90184,41.28034],[-73.90154,41.2804],[-73.90134,41.28047],[-73.90094,41.28057],[-73.90065,41.28064],[-73.90038,41.28065],[-73.90017,41.2806],[-73.90007,41.2806],[-73.90002,41.28064],[-73.89974,41.28088],[-73.89968,41.281],[-73.89963,41.28108],[-73.89939,41.28117],[-73.8996,41.28169],[-73.89955,41.28216],[-73.89942,41.28272],[-73.89911,41.28345],[-73.89941,41.28411],[-73.9002,41.28458],[-73.89979,41.28505],[-73.89943,41.28561],[-73.89917,41.28621],[-73.8991,41.28655],[-73.89906,41.28673],[-73.89887,41.28735],[-73.89879,41.28803],[-73.89878,41.28868],[-73.89826,41.28885],[-73.8972,41.29231],[-73.8971,41.29268],[-73.89676,41.29265],[-73.8966,41.29262],[-73.89649,41.29258],[-73.89643,41.29254],[-73.89633,41.29247],[-73.89623,41.29239],[-73.89607,41.29228],[-73.8958,41.29371],[-73.89574,41.29386],[-73.89355,41.29389],[-73.89347,41.29396],[-73.89345,41.29402],[-73.89337,41.29404],[-73.89312,41.29406],[-73.89266,41.29407],[-73.89247,41.29405],[-73.89226,41.29401],[-73.89208,41.29404],[-73.89192,41.29413],[-73.89172,41.29421],[-73.8915,41.29425],[-73.89148,41.29426],[-73.89138,41.2943],[-73.89118,41.29432],[-73.89089,41.29425],[-73.89051,41.29408],[-73.89043,41.29403],[-73.8895,41.29559],[-73.8895,41.29583],[-73.88921,41.29705],[-73.89027,41.29995],[-73.89127,41.30023],[-73.89721,41.30234],[-73.89913,41.30294],[-73.89937,41.30305],[-73.89969,41.30339],[-73.89979,41.30355],[-73.90651,41.30554],[-73.90788,41.30593],[-73.90926,41.30633],[-73.91046,41.30667],[-73.91152,41.30688],[-73.91226,41.30703],[-73.9152,41.30762],[-73.91598,41.30698],[-73.91697,41.30766],[-73.91703,41.30766],[-73.9172,41.30768],[-73.91734,41.30771],[-73.91749,41.30777],[-73.91768,41.30786],[-73.91785,41.30788],[-73.91797,41.30787],[-73.91812,41.30782],[-73.91856,41.30759],[-73.91904,41.30733],[-73.91994,41.30688],[-73.92053,41.3065],[-73.92116,41.30624],[-73.9215,41.30609],[-73.92175,41.30599],[-73.92341,41.30547],[-73.92427,41.30518],[-73.92469,41.30503],[-73.92511,41.30493],[-73.92635,41.30473],[-73.92714,41.30461],[-73.92792,41.30443],[-73.92833,41.30417],[-73.92843,41.30409],[-73.92868,41.30389],[-73.92885,41.30387],[-73.92889,41.30385],[-73.92896,41.30373],[-73.92899,41.3037],[-73.92904,41.3037],[-73.92912,41.30374],[-73.92937,41.30371],[-73.92977,41.30358],[-73.93003,41.3034],[-73.93012,41.30328],[-73.93016,41.30325],[-73.93017,41.30322],[-73.93017,41.30319],[-73.93013,41.30311],[-73.93013,41.30306],[-73.93018,41.30299],[-73.93027,41.30291],[-73.93033,41.30274],[-73.93039,41.30269],[-73.93045,41.30268],[-73.93053,41.30268],[-73.93067,41.30272],[-73.93074,41.30277],[-73.93081,41.30277],[-73.93082,41.30273],[-73.93081,41.30269],[-73.93074,41.30263],[-73.93073,41.30259],[-73.93076,41.30254],[-73.9308,41.3025],[-73.93088,41.30246],[-73.93125,41.30233],[-73.93133,41.30225],[-73.93134,41.30217],[-73.93132,41.30206],[-73.93135,41.30201],[-73.93152,41.30188],[-73.93159,41.30187],[-73.93172,41.30193],[-73.93176,41.30194],[-73.93183,41.30192],[-73.93188,41.30188],[-73.93188,41.30183],[-73.93186,41.30178],[-73.93188,41.30174],[-73.93193,41.30168],[-73.93199,41.30168],[-73.93207,41.30171],[-73.93208,41.30174],[-73.93206,41.3018],[-73.93199,41.30189],[-73.93199,41.30194],[-73.93196,41.30199],[-73.93188,41.30206],[-73.93189,41.30209],[-73.93191,41.30209],[-73.93197,41.30207],[-73.93236,41.30184],[-73.93245,41.30173],[-73.93289,41.30153],[-73.9332,41.30132],[-73.93367,41.30091],[-73.93383,41.30072],[-73.93385,41.30068],[-73.93385,41.30062],[-73.93382,41.30053],[-73.93383,41.30049],[-73.9339,41.30041],[-73.93396,41.30039],[-73.93402,41.30035],[-73.93405,41.3003],[-73.93405,41.30026],[-73.93402,41.30023],[-73.93391,41.30017],[-73.9339,41.30014],[-73.93391,41.3001],[-73.93391,41.30005],[-73.93393,41.30001],[-73.93398,41.3],[-73.93402,41.3],[-73.9341,41.30002],[-73.93415,41.30002],[-73.93421,41.29999],[-73.93423,41.29996],[-73.93428,41.29984],[-73.93428,41.29978],[-73.93428,41.29972],[-73.93422,41.29967],[-73.93409,41.29961],[-73.93405,41.29958],[-73.93405,41.2995],[-73.93408,41.29935],[-73.93417,41.29921],[-73.9342,41.29915],[-73.93423,41.29911],[-73.93427,41.29909],[-73.93436,41.29909],[-73.93444,41.29909],[-73.93451,41.29906],[-73.93459,41.29898],[-73.93468,41.29898],[-73.9347,41.29895],[-73.9347,41.2989],[-73.93468,41.29888],[-73.93469,41.29885],[-73.93476,41.29882],[-73.93475,41.29879],[-73.93469,41.29879],[-73.93468,41.29876],[-73.93472,41.29871],[-73.93488,41.29864],[-73.93485,41.29842],[-73.93478,41.29835],[-73.93476,41.29827],[-73.93478,41.29822],[-73.93481,41.29819],[-73.93481,41.29815],[-73.93466,41.29817],[-73.93466,41.2982],[-73.93468,41.29827],[-73.93467,41.29832],[-73.93469,41.29836],[-73.93469,41.2984],[-73.93464,41.29839],[-73.93457,41.29836],[-73.93438,41.29814],[-73.93436,41.29802],[-73.93441,41.29791],[-73.93433,41.29767],[-73.93426,41.2976],[-73.93426,41.29756],[-73.93427,41.29739],[-73.93423,41.2973],[-73.9342,41.29704],[-73.93428,41.29686],[-73.93431,41.29682],[-73.93435,41.2968],[-73.93446,41.2968],[-73.93481,41.2969],[-73.93561,41.29724],[-73.93583,41.29734],[-73.93595,41.29737],[-73.936,41.29741],[-73.93603,41.29745],[-73.93602,41.29749],[-73.93599,41.2975],[-73.9359,41.2975],[-73.93583,41.29752],[-73.93583,41.29757],[-73.93586,41.29761],[-73.93612,41.29765],[-73.93625,41.29765],[-73.93639,41.29762],[-73.9366,41.29761],[-73.93664,41.29759],[-73.93665,41.29754],[-73.9366,41.29751],[-73.93662,41.29741],[-73.93642,41.29727],[-73.93619,41.29707],[-73.93581,41.2968],[-73.93572,41.29675],[-73.93568,41.29671],[-73.93569,41.29666],[-73.93582,41.2966],[-73.93592,41.29659],[-73.93605,41.29662],[-73.93683,41.29693],[-73.93714,41.29695],[-73.93744,41.29701],[-73.93754,41.29701],[-73.93763,41.29703],[-73.93777,41.29712],[-73.93787,41.29714],[-73.93798,41.29723],[-73.93804,41.29725],[-73.93855,41.29735],[-73.9399,41.29756],[-73.94075,41.29771],[-73.94083,41.29772],[-73.94091,41.29773],[-73.94103,41.29782],[-73.94109,41.29785],[-73.94123,41.29786],[-73.94135,41.29799],[-73.94144,41.29806],[-73.94168,41.29818],[-73.94174,41.29823],[-73.94176,41.2983],[-73.94186,41.2984],[-73.94208,41.2986],[-73.94217,41.29864],[-73.9426,41.2988],[-73.94292,41.29887],[-73.94315,41.29891],[-73.94356,41.29892],[-73.94424,41.29893],[-73.94456,41.29892],[-73.94473,41.29888],[-73.94477,41.29888],[-73.94479,41.29894],[-73.94482,41.29895],[-73.94487,41.29895],[-73.94493,41.29895],[-73.94497,41.29893],[-73.94503,41.299],[-73.94532,41.29892],[-73.9457,41.29884],[-73.946,41.2988],[-73.94653,41.29871],[-73.94651,41.29857],[-73.94648,41.2985],[-73.94642,41.29843],[-73.94627,41.29837],[-73.94608,41.29835],[-73.94595,41.2983],[-73.94587,41.29825],[-73.94571,41.2982],[-73.94512,41.29799],[-73.9452,41.29796],[-73.94522,41.29793],[-73.94524,41.29783],[-73.94522,41.29778],[-73.94516,41.29772],[-73.94502,41.29762],[-73.94497,41.29755],[-73.94487,41.29737],[-73.9448,41.29732],[-73.94478,41.29726],[-73.9448,41.29715],[-73.94482,41.29707],[-73.94481,41.2969],[-73.9448,41.29639],[-73.94485,41.29624],[-73.94503,41.29602],[-73.94505,41.29592],[-73.94503,41.29584],[-73.94497,41.29577],[-73.94497,41.29567],[-73.94501,41.29559],[-73.94523,41.29541],[-73.94523,41.29536],[-73.9453,41.29527],[-73.94571,41.29524],[-73.94908,41.2926],[-73.94658,41.291],[-73.94588,41.2895],[-73.94578,41.2876],[-73.94628,41.2862],[-73.94748,41.2846],[-73.95195,41.28083],[-73.95205,41.28074],[-73.95545,41.27787]]]},"properties":{"name":"WOODSIDE SCHOOL","schoolId":"362265003184"}},{"type":"Feature","geometry":{"type":"Polygon","coordinates":[[[-73.80259,40.91487],[-73.80272,40.91484],[-73.80422,40.91454],[-73.80543,40.9135],[-73.80693,40.91266],[-73.80783,40.91204],[-73.8095,40.91106],[-73.80975,40.91089],[-73.80992,40.91077],[-73.81043,40.91018],[-73.81366,40.91089],[-73.81366,40.91087],[-73.81368,40.91078],[-73.81373,40.91057],[-73.81374,40.91056],[-73.8138,40.91047],[-73.81384,40.91043],[-73.81385,40.91043],[-73.81397,40.91041],[-73.81399,40.9104],[-73.81408,40.91043],[-73.81412,40.91045],[-73.81427,40.9105],[-73.81441,40.91048],[-73.81445,40.91045],[-73.81449,40.91041],[-73.81453,40.91028],[-73.81454,40.91019],[-73.81446,40.90995],[-73.81434,40.90971],[-73.8143,40.90959],[-73.81419,40.90922],[-73.81384,40.90844],[-73.81377,40.9082],[-73.81374,40.90811],[-73.81372,40.90791],[-73.81376,40.90767],[-73.8138,40.90744],[-73.8138,40.90735],[-73.8138,40.90726],[-73.81379,40.9072],[-73.81367,40.90666],[-73.81367,40.90644],[-73.8137,40.90623],[-73.81373,40.90601],[-73.81374,40.90598],[-73.8138,40.90593],[-73.81391,40.90593],[-73.814,40.90595],[-73.81421,40.906],[-73.81427,40.90599],[-73.81429,40.90595],[-73.81427,40.90585],[-73.8142,40.90574],[-73.81406,40.90556],[-73.81405,40.90552],[-73.81399,40.9054],[-73.81399,40.90537],[-73.81398,40.90533],[-73.81398,40.90532],[-73.81398,40.9053],[-73.81404,40.90514],[-73.81406,40.90509],[-73.81417,40.90484],[-73.81439,40.90434],[-73.81457,40.90392],[-73.81472,40.90362],[-73.81473,40.90359],[-73.81489,40.90325],[-73.81501,40.90298],[-73.8151,40.90276],[-73.81514,40.90266],[-73.81517,40.90262],[-73.81523,40.90252],[-73.81516,40.90255],[-73.8151,40.9026],[-73.81484,40.90268],[-73.8148,40.90268],[-73.81476,40.90269],[-73.81475,40.90269],[-73.81468,40.90269],[-73.81467,40.90269],[-73.81428,40.9027],[-73.81351,40.90273],[-73.81166,40.90225],[-73.81018,40.90217],[-73.80897,40.90205],[-73.80873,40.90202],[-73.80871,40.90202],[-73.80819,40.90197],[-73.80752,40.90204],[-73.8071,40.9022],[-73.80637,40.90244],[-73.8047,40.90263],[-73.804,40.90262],[-73.80387,40.90261],[-73.8039,40.9026],[-73.80336,40.90255],[-73.80261,40.90247],[-73.80203,40.9024],[-73.80194,40.9024],[-73.80183,40.90239],[-73.80143,40.90242],[-73.80077,40.90243],[-73.80027,40.90252],[-73.7999,40.90262],[-73.79989,40.90262],[-73.79989,40.90263],[-73.79991,40.90263],[-73.79989,40.90264],[-73.79992,40.90279],[-73.80054,40.90533],[-73.80118,40.9083],[-73.80137,40.90913],[-73.80158,40.91004],[-73.80159,40.91012],[-73.80159,40.91013],[-73.80166,40.91063],[-73.80188,40.91178],[-73.80194,40.91197],[-73.80194,40.91198],[-73.80192,40.91203],[-73.80179,40.91247],[-73.80178,40.9126],[-73.8018,40.91273],[-73.80191,40.91288],[-73.802,40.91304],[-73.80207,40.91321],[-73.80213,40.91321],[-73.80229,40.91375],[-73.80258,40.91485],[-73.80259,40.91485],[-73.80259,40.91487]]]},"properties":{"name":"COLONIAL SCHOOL","schoolId":"362268003185"}},{"type":"Feature","geometry":{"type":"Polygon","coordinates":[[[-73.80488,40.92552],[-73.80492,40.92559],[-73.80492,40.9256],[-73.80493,40.92564],[-73.80497,40.92576],[-73.80501,40.92592],[-73.80502,40.92614],[-73.80539,40.92572],[-73.80546,40.92564],[-73.80558,40.92551],[-73.80579,40.92553],[-73.80646,40.92561],[-73.80648,40.92561],[-73.80666,40.9256],[-73.80676,40.92562],[-73.80742,40.92572],[-73.80745,40.9257],[-73.80759,40.92564],[-73.8079,40.9255],[-73.80796,40.92545],[-73.80799,40.92541],[-73.80802,40.92534],[-73.80806,40.92527],[-73.80811,40.9252],[-73.8082,40.92513],[-73.80822,40.92511],[-73.80837,40.92501],[-73.80856,40.92485],[-73.80885,40.9246],[-73.80918,40.92418],[-73.80929,40.92399],[-73.80932,40.92389],[-73.80931,40.92372],[-73.80935,40.92278],[-73.80934,40.92249],[-73.80935,40.92231],[-73.80937,40.9221],[-73.80969,40.92159],[-73.80976,40.92147],[-73.81,40.9211],[-73.81027,40.92067],[-73.81054,40.92017],[-73.81057,40.92011],[-73.81075,40.9197],[-73.81086,40.91949],[-73.81123,40.91874],[-73.81119,40.91854],[-73.81118,40.91849],[-73.81114,40.91827],[-73.81115,40.91819],[-73.81116,40.9179],[-73.81115,40.91784],[-73.81105,40.91769],[-73.81103,40.91767],[-73.81102,40.91765],[-73.81101,40.91762],[-73.81101,40.91761],[-73.81101,40.91756],[-73.81102,40.91755],[-73.81103,40.91749],[-73.81113,40.91731],[-73.81115,40.91722],[-73.81114,40.91715],[-73.81111,40.91709],[-73.81104,40.91702],[-73.81103,40.917],[-73.81101,40.91696],[-73.81101,40.91691],[-73.81101,40.9169],[-73.81109,40.91682],[-73.81118,40.91672],[-73.81123,40.91664],[-73.81123,40.91663],[-73.81126,40.91641],[-73.81136,40.91626],[-73.81139,40.91623],[-73.81141,40.91621],[-73.81148,40.91614],[-73.81163,40.91599],[-73.81167,40.91591],[-73.8117,40.91579],[-73.81175,40.91542],[-73.81183,40.91517],[-73.81186,40.91509],[-73.81187,40.91508],[-73.81198,40.91484],[-73.81202,40.91477],[-73.81203,40.91474],[-73.81204,40.91474],[-73.81208,40.91471],[-73.81215,40.9147],[-73.81225,40.91469],[-73.81231,40.9147],[-73.81244,40.91473],[-73.8126,40.91476],[-73.81262,40.91477],[-73.81303,40.91468],[-73.81336,40.91439],[-73.81338,40.91402],[-73.81351,40.91319],[-73.81385,40.91235],[-73.81387,40.91218],[-73.81385,40.91202],[-73.81379,40.91189],[-73.81375,40.91181],[-73.8137,40.91169],[-73.81368,40.91163],[-73.81365,40.91148],[-73.81363,40.91132],[-73.81363,40.9113],[-73.81367,40.91109],[-73.81367,40.911],[-73.81366,40.91089],[-73.81043,40.91018],[-73.80992,40.91077],[-73.80975,40.91089],[-73.8095,40.91106],[-73.80783,40.91204],[-73.80693,40.91266],[-73.80543,40.9135],[-73.80422,40.91454],[-73.80272,40.91484],[-73.80259,40.91487],[-73.80259,40.91485],[-73.80258,40.91485],[-73.80259,40.91488],[-73.80261,40.91496],[-73.80297,40.9168],[-73.80314,40.91752],[-73.80327,40.91808],[-73.80356,40.91918],[-73.80408,40.92087],[-73.80411,40.92097],[-73.80408,40.92101],[-73.80407,40.92102],[-73.804,40.92113],[-73.80392,40.92135],[-73.80389,40.92153],[-73.80393,40.92179],[-73.80409,40.9226],[-73.80417,40.92301],[-73.80423,40.92327],[-73.80441,40.92416],[-73.80447,40.9244],[-73.80471,40.92518],[-73.80474,40.92528],[-73.80477,40.9253],[-73.80478,40.92531],[-73.80481,40.92533],[-73.80488,40.92552]]]},"properties":{"name":"HUTCHINSON SCHOOL","schoolId":"362268003186"}},{"type":"Feature","geometry":{"type":"Polygon","coordinates":[[[-73.79194,40.88872],[-73.79314,40.88986],[-73.79372,40.89051],[-73.79372,40.89051],[-73.79392,40.89073],[-73.79402,40.89084],[-73.79475,40.89158],[-73.79726,40.89409],[-73.79726,40.89409],[-73.798,40.89483],[-73.79803,40.89487],[-73.79819,40.89508],[-73.79834,40.89527],[-73.79838,40.89531],[-73.79858,40.89551],[-73.79899,40.89842],[-73.79899,40.89861],[-73.79898,40.89862],[-73.80152,40.89734],[-73.80298,40.89715],[-73.81946,40.89021],[-73.81956,40.89017],[-73.8195,40.89016],[-73.81942,40.89013],[-73.81893,40.89],[-73.81873,40.88995],[-73.8185,40.88989],[-73.81762,40.88969],[-73.8176,40.88968],[-73.81673,40.88951],[-73.81661,40.88949],[-73.81655,40.88946],[-73.81648,40.88944],[-73.81648,40.88944],[-73.81621,40.88932],[-73.81611,40.88928],[-73.8156,40.88919],[-73.81533,40.88907],[-73.81517,40.88901],[-73.81505,40.88896],[-73.81376,40.88873],[-73.81366,40.88871],[-73.81364,40.8887],[-73.81362,40.8887],[-73.81265,40.88845],[-73.81243,40.88839],[-73.81127,40.8881],[-73.8111,40.88805],[-73.81107,40.88804],[-73.81107,40.88804],[-73.81107,40.88804],[-73.81095,40.88801],[-73.8109,40.88799],[-73.80994,40.8877],[-73.80992,40.88769],[-73.80946,40.88761],[-73.80932,40.88759],[-73.80872,40.88749],[-73.80835,40.88737],[-73.80795,40.88724],[-73.80757,40.88711],[-73.8064,40.88681],[-73.80573,40.88667],[-73.8054,40.8866],[-73.80534,40.88659],[-73.8053,40.88659],[-73.80479,40.88651],[-73.80477,40.88651],[-73.80468,40.88648],[-73.80461,40.88646],[-73.80447,40.88643],[-73.80419,40.88636],[-73.803,40.88604],[-73.80295,40.88603],[-73.80245,40.88588],[-73.8019,40.88572],[-73.80162,40.88564],[-73.79929,40.88502],[-73.7983,40.88475],[-73.79735,40.8845],[-73.7973,40.88449],[-73.7973,40.88449],[-73.7971,40.88449],[-73.79676,40.88441],[-73.79631,40.88431],[-73.79628,40.8843],[-73.79486,40.88392],[-73.79431,40.88379],[-73.79405,40.88373],[-73.79294,40.88342],[-73.7858,40.88161],[-73.7837,40.88109],[-73.78439,40.88161],[-73.7848,40.88193],[-73.78517,40.88223],[-73.78532,40.88235],[-73.78666,40.88359],[-73.7883,40.8851],[-73.78919,40.886],[-73.78986,40.88668],[-73.79068,40.88752],[-73.79194,40.88872]]]},"properties":{"name":"PROSPECT HILL SCHOOL","schoolId":"362268003189"}},{"type":"Feature","geometry":{"type":"Polygon","coordinates":[[[-73.79992,40.90279],[-73.79989,40.90264],[-73.79991,40.90263],[-73.79989,40.90263],[-73.79989,40.90262],[-73.7999,40.90262],[-73.80027,40.90252],[-73.80077,40.90243],[-73.80143,40.90242],[-73.80183,40.90239],[-73.80194,40.9024],[-73.80203,40.9024],[-73.80261,40.90247],[-73.80336,40.90255],[-73.8039,40.9026],[-73.80387,40.90261],[-73.804,40.90262],[-73.8047,40.90263],[-73.80637,40.90244],[-73.8071,40.9022],[-73.80752,40.90204],[-73.80819,40.90197],[-73.80871,40.90202],[-73.80873,40.90202],[-73.80897,40.90205],[-73.81018,40.90217],[-73.81166,40.90225],[-73.81351,40.90273],[-73.81428,40.9027],[-73.81467,40.90269],[-73.81468,40.90269],[-73.81475,40.90269],[-73.81476,40.90269],[-73.8148,40.90268],[-73.81484,40.90268],[-73.8151,40.9026],[-73.81516,40.90255],[-73.81523,40.90252],[-73.81531,40.90241],[-73.81541,40.90232],[-73.81545,40.9023],[-73.81578,40.90212],[-73.81591,40.90202],[-73.81602,40.90195],[-73.81607,40.9019],[-73.81612,40.90186],[-73.81635,40.90163],[-73.81657,40.90137],[-73.81742,40.90036],[-73.81755,40.90014],[-73.81756,40.89998],[-73.81753,40.89981],[-73.81737,40.89944],[-73.81732,40.89928],[-73.81734,40.89918],[-73.81741,40.89905],[-73.81767,40.89868],[-73.81791,40.89826],[-73.81802,40.89799],[-73.81803,40.89797],[-73.81817,40.89742],[-73.81826,40.89709],[-73.81827,40.89703],[-73.81827,40.89703],[-73.81823,40.89702],[-73.81822,40.89701],[-73.8182,40.897],[-73.81818,40.89697],[-73.81814,40.89692],[-73.81814,40.89685],[-73.81814,40.89684],[-73.81833,40.8966],[-73.81947,40.89581],[-73.82063,40.89539],[-73.82086,40.89531],[-73.82108,40.8952],[-73.82122,40.89505],[-73.8219,40.89413],[-73.8221,40.8938],[-73.82276,40.8927],[-73.82327,40.89137],[-73.82325,40.89121],[-73.823,40.89109],[-73.82296,40.89106],[-73.82272,40.891],[-73.8227,40.891],[-73.8217,40.89074],[-73.821,40.89055],[-73.81972,40.89021],[-73.81956,40.89017],[-73.81956,40.89017],[-73.81946,40.89021],[-73.80298,40.89715],[-73.80152,40.89734],[-73.79898,40.89862],[-73.79898,40.89866],[-73.79894,40.89954],[-73.7995,40.90111],[-73.79956,40.90186],[-73.79987,40.90255],[-73.79988,40.90262],[-73.79992,40.90279]]]},"properties":{"name":"SIWANOY SCHOOL","schoolId":"362268003190"}},{"type":"Feature","geometry":{"type":"Polygon","coordinates":[[[-73.81477,41.13],[-73.81458,41.12976],[-73.8129,41.12796],[-73.81262,41.12766],[-73.81219,41.12718],[-73.81102,41.12597],[-73.81035,41.1259],[-73.80747,41.12563],[-73.80671,41.12485],[-73.80651,41.12469],[-73.80621,41.12492],[-73.80614,41.12482],[-73.80598,41.12467],[-73.80586,41.12455],[-73.80559,41.12472],[-73.80469,41.12532],[-73.80455,41.12463],[-73.80434,41.12369],[-73.80392,41.12188],[-73.80323,41.11928],[-73.80135,41.11983],[-73.7997,41.12029],[-73.79881,41.12027],[-73.7958,41.12073],[-73.79525,41.12202],[-73.79524,41.12208],[-73.79535,41.12271],[-73.79545,41.12336],[-73.79529,41.12397],[-73.79493,41.12508],[-73.79489,41.12523],[-73.7951,41.12638],[-73.79445,41.12698],[-73.79395,41.12717],[-73.79365,41.12728],[-73.79348,41.12734],[-73.79307,41.12741],[-73.79297,41.12748],[-73.7929,41.12751],[-73.79234,41.12772],[-73.78921,41.12884],[-73.7875,41.12947],[-73.78677,41.12957],[-73.78616,41.12988],[-73.78532,41.13024],[-73.785,41.13039],[-73.78461,41.13052],[-73.78318,41.1311],[-73.78275,41.13135],[-73.78162,41.13201],[-73.78087,41.1322],[-73.77819,41.13281],[-73.77673,41.13302],[-73.77653,41.13301],[-73.77626,41.13307],[-73.77532,41.13331],[-73.775,41.1334],[-73.77452,41.13349],[-73.7741,41.13354],[-73.77353,41.13358],[-73.77313,41.13357],[-73.77284,41.13354],[-73.77254,41.13352],[-73.77226,41.13348],[-73.772,41.13339],[-73.77165,41.13322],[-73.77123,41.13295],[-73.77054,41.13255],[-73.77022,41.13236],[-73.77018,41.13234],[-73.77003,41.13228],[-73.76996,41.13227],[-73.7698,41.13229],[-73.7696,41.13232],[-73.7695,41.13233],[-73.76927,41.13236],[-73.76886,41.13243],[-73.76866,41.13247],[-73.76848,41.13246],[-73.76837,41.1324],[-73.76827,41.13231],[-73.76801,41.13194],[-73.7676,41.13124],[-73.76754,41.13115],[-73.76749,41.13112],[-73.76744,41.13108],[-73.76727,41.13107],[-73.76721,41.13107],[-73.76715,41.13108],[-73.76702,41.13114],[-73.76687,41.13122],[-73.76652,41.13152],[-73.76612,41.13185],[-73.76325,41.13411],[-73.76324,41.13444],[-73.76325,41.13459],[-73.76327,41.13473],[-73.76333,41.13494],[-73.76338,41.13503],[-73.76346,41.13516],[-73.7635,41.13524],[-73.76354,41.13531],[-73.76412,41.13658],[-73.76484,41.1383],[-73.76595,41.14075],[-73.76649,41.14228],[-73.76853,41.14247],[-73.76934,41.14249],[-73.76901,41.14352],[-73.76904,41.14419],[-73.76905,41.14439],[-73.76921,41.14468],[-73.76945,41.14486],[-73.76979,41.14469],[-73.77026,41.14472],[-73.77056,41.14445],[-73.77211,41.14408],[-73.77185,41.14529],[-73.77193,41.14549],[-73.77248,41.14674],[-73.77328,41.1477],[-73.77383,41.14836],[-73.77344,41.14837],[-73.77318,41.15008],[-73.77323,41.15035],[-73.77334,41.15061],[-73.77341,41.15091],[-73.77368,41.15147],[-73.77406,41.1514],[-73.77413,41.1524],[-73.77418,41.15311],[-73.77456,41.15327],[-73.77588,41.15386],[-73.77661,41.15418],[-73.7779,41.15475],[-73.77803,41.1548],[-73.77837,41.15495],[-73.77847,41.155],[-73.77853,41.15502],[-73.77885,41.15484],[-73.779,41.15476],[-73.77971,41.15439],[-73.78018,41.15413],[-73.78097,41.15361],[-73.78119,41.15326],[-73.78158,41.15338],[-73.78325,41.1539],[-73.78377,41.15334],[-73.78763,41.14912],[-73.78782,41.14892],[-73.78699,41.14802],[-73.79265,41.14354],[-73.79278,41.14344],[-73.79747,41.13973],[-73.79747,41.13923],[-73.79656,41.13895],[-73.79634,41.13887],[-73.79634,41.13876],[-73.79634,41.13871],[-73.79627,41.13838],[-73.79617,41.138],[-73.79633,41.13779],[-73.79644,41.13767],[-73.79656,41.13749],[-73.79763,41.13745],[-73.79818,41.13746],[-73.79892,41.13747],[-73.79957,41.13754],[-73.80049,41.13701],[-73.80096,41.1367],[-73.80123,41.13676],[-73.80164,41.13616],[-73.80208,41.13544],[-73.80219,41.13509],[-73.80232,41.13471],[-73.80237,41.13437],[-73.80241,41.13412],[-73.80235,41.13406],[-73.80224,41.13402],[-73.80166,41.13385],[-73.80121,41.13371],[-73.80065,41.13358],[-73.80046,41.13355],[-73.80028,41.13335],[-73.80006,41.13313],[-73.79977,41.1329],[-73.79974,41.13285],[-73.79946,41.1325],[-73.79922,41.13225],[-73.79931,41.13204],[-73.79935,41.13195],[-73.79942,41.13177],[-73.79952,41.13152],[-73.80095,41.13116],[-73.80094,41.13096],[-73.80094,41.1306],[-73.80095,41.13048],[-73.80105,41.13031],[-73.80114,41.13023],[-73.8012,41.13017],[-73.8014,41.13007],[-73.80169,41.12988],[-73.80176,41.12982],[-73.80189,41.12971],[-73.80201,41.12955],[-73.80207,41.12941],[-73.80227,41.12895],[-73.80237,41.12852],[-73.80236,41.1283],[-73.80225,41.12799],[-73.80209,41.12776],[-73.80278,41.12728],[-73.80336,41.12693],[-73.80353,41.12679],[-73.80394,41.12649],[-73.80401,41.12646],[-73.80447,41.12609],[-73.80472,41.12599],[-73.80503,41.12587],[-73.80521,41.12578],[-73.8088,41.12915],[-73.80966,41.12995],[-73.81356,41.12999],[-73.81439,41.13],[-73.81477,41.13]]]},"properties":{"name":"BEDFORD ROAD SCHOOL","schoolId":"362331003264"}},{"type":"Feature","geometry":{"type":"Polygon","coordinates":[[[-73.85752,41.09215],[-73.85754,41.09152],[-73.85733,41.09058],[-73.85722,41.09011],[-73.85711,41.0899],[-73.85693,41.08953],[-73.85677,41.0892],[-73.85665,41.08891],[-73.85648,41.08874],[-73.8562,41.08849],[-73.85588,41.0882],[-73.85578,41.08806],[-73.8556,41.08745],[-73.85562,41.0872],[-73.85568,41.08683],[-73.85545,41.08689],[-73.85522,41.08696],[-73.855,41.08706],[-73.85477,41.0872],[-73.85422,41.08759],[-73.85393,41.08777],[-73.85306,41.08819],[-73.8528,41.08833],[-73.85246,41.08856],[-73.85238,41.08861],[-73.85222,41.08876],[-73.85195,41.08818],[-73.85184,41.08801],[-73.85176,41.08792],[-73.85173,41.0879],[-73.85168,41.08786],[-73.85154,41.08778],[-73.85143,41.08774],[-73.85114,41.08766],[-73.85036,41.08754],[-73.8499,41.08745],[-73.8495,41.08735],[-73.8494,41.08733],[-73.84897,41.08719],[-73.8484,41.08701],[-73.84827,41.08697],[-73.84792,41.08684],[-73.84774,41.08679],[-73.84759,41.08674],[-73.8475,41.0867],[-73.84739,41.08662],[-73.84726,41.08653],[-73.84695,41.08633],[-73.84683,41.08628],[-73.84667,41.08622],[-73.84651,41.08617],[-73.84614,41.0861],[-73.84599,41.08605],[-73.8457,41.0859],[-73.84548,41.08577],[-73.84475,41.08521],[-73.84433,41.08496],[-73.84411,41.08488],[-73.8439,41.08482],[-73.84378,41.08478],[-73.8436,41.08475],[-73.84349,41.08476],[-73.84265,41.08486],[-73.84244,41.08486],[-73.84211,41.08484],[-73.84192,41.08478],[-73.84171,41.08469],[-73.84142,41.08447],[-73.84117,41.08433],[-73.84094,41.08429],[-73.8408,41.08427],[-73.84068,41.08429],[-73.84049,41.08434],[-73.84035,41.08445],[-73.84021,41.08461],[-73.84001,41.08487],[-73.83993,41.085],[-73.83983,41.08512],[-73.83969,41.08525],[-73.83956,41.08533],[-73.83937,41.08542],[-73.83921,41.08548],[-73.83906,41.08551],[-73.83883,41.08554],[-73.83862,41.08554],[-73.8384,41.08552],[-73.83821,41.08548],[-73.83782,41.08533],[-73.83695,41.08493],[-73.83613,41.08458],[-73.83522,41.08426],[-73.83524,41.0842],[-73.83538,41.08383],[-73.83571,41.08313],[-73.83613,41.08253],[-73.83632,41.08225],[-73.84172,41.0744],[-73.83393,41.07036],[-73.83452,41.06645],[-73.83242,41.06639],[-73.83161,41.06551],[-73.82649,41.06507],[-73.8263,41.065],[-73.82504,41.06491],[-73.82483,41.06489],[-73.82175,41.06464],[-73.8215,41.06439],[-73.82128,41.06405],[-73.82112,41.06382],[-73.82072,41.06322],[-73.8207,41.06316],[-73.8188,41.06292],[-73.8183,41.06281],[-73.81702,41.0626],[-73.81699,41.06266],[-73.81618,41.06371],[-73.8148,41.06386],[-73.81418,41.06356],[-73.81314,41.06356],[-73.81301,41.06365],[-73.81293,41.06367],[-73.81287,41.06364],[-73.81193,41.06396],[-73.81103,41.06411],[-73.81014,41.06417],[-73.80917,41.06425],[-73.80833,41.0643],[-73.80751,41.06433],[-73.80705,41.06436],[-73.80669,41.06438],[-73.80638,41.0644],[-73.80564,41.06443],[-73.80473,41.06444],[-73.80427,41.06445],[-73.80423,41.06255],[-73.8042,41.06188],[-73.80188,41.06121],[-73.79907,41.06137],[-73.79923,41.06189],[-73.79931,41.0621],[-73.79934,41.0622],[-73.79946,41.06251],[-73.79951,41.06261],[-73.79961,41.06293],[-73.79984,41.06386],[-73.79995,41.06445],[-73.80003,41.06499],[-73.80006,41.06516],[-73.80007,41.06528],[-73.80009,41.06548],[-73.80008,41.06564],[-73.80006,41.06581],[-73.79995,41.06634],[-73.7999,41.0669],[-73.79985,41.06761],[-73.79978,41.06831],[-73.79973,41.06854],[-73.79959,41.06906],[-73.79956,41.06923],[-73.79954,41.06948],[-73.79955,41.06991],[-73.79958,41.07041],[-73.79963,41.07093],[-73.79975,41.07164],[-73.79986,41.07237],[-73.79986,41.0725],[-73.79984,41.07268],[-73.79991,41.0732],[-73.80047,41.07703],[-73.80053,41.0774],[-73.80034,41.07764],[-73.8002,41.07782],[-73.79899,41.0781],[-73.79859,41.07816],[-73.79853,41.07833],[-73.79848,41.07838],[-73.79814,41.07861],[-73.79792,41.07875],[-73.79739,41.07903],[-73.7972,41.07915],[-73.79705,41.07925],[-73.79689,41.07941],[-73.79676,41.0796],[-73.79668,41.07976],[-73.79641,41.08029],[-73.79635,41.08045],[-73.79632,41.08063],[-73.79633,41.08094],[-73.79643,41.08176],[-73.79647,41.08219],[-73.79652,41.08265],[-73.79667,41.08367],[-73.79681,41.08419],[-73.79693,41.08448],[-73.79705,41.08472],[-73.79723,41.08502],[-73.79735,41.0852],[-73.7976,41.08552],[-73.79771,41.08589],[-73.7978,41.08673],[-73.7986,41.08677],[-73.79961,41.08754],[-73.79965,41.08765],[-73.79979,41.08834],[-73.80039,41.08818],[-73.8008,41.08821],[-73.80243,41.08779],[-73.80269,41.08782],[-73.8035,41.08646],[-73.80671,41.08717],[-73.80725,41.08727],[-73.80732,41.08729],[-73.80737,41.0873],[-73.8074,41.0873],[-73.80952,41.0876],[-73.81091,41.08782],[-73.81089,41.0883],[-73.81042,41.08835],[-73.80918,41.08846],[-73.80909,41.08846],[-73.80911,41.08856],[-73.80934,41.09006],[-73.8097,41.09173],[-73.81004,41.09449],[-73.8108,41.09449],[-73.81184,41.0945],[-73.8123,41.0945],[-73.81307,41.09451],[-73.81298,41.09513],[-73.81273,41.09644],[-73.81271,41.09656],[-73.81264,41.09728],[-73.81128,41.11502],[-73.81101,41.11854],[-73.811,41.11873],[-73.81214,41.11872],[-73.81293,41.11672],[-73.81313,41.11633],[-73.81329,41.11587],[-73.81347,41.1159],[-73.81554,41.11616],[-73.81533,41.11847],[-73.81432,41.11888],[-73.81404,41.11897],[-73.80891,41.12067],[-73.80861,41.12075],[-73.80834,41.12082],[-73.80841,41.12093],[-73.80869,41.12141],[-73.80911,41.12214],[-73.80933,41.12268],[-73.8094,41.1229],[-73.80941,41.12295],[-73.80855,41.12347],[-73.80843,41.12353],[-73.80763,41.12401],[-73.80685,41.12447],[-73.80673,41.12454],[-73.80664,41.12461],[-73.80651,41.12469],[-73.80671,41.12485],[-73.80747,41.12563],[-73.81035,41.1259],[-73.81102,41.12597],[-73.81082,41.12576],[-73.81066,41.12558],[-73.81101,41.12551],[-73.81114,41.12549],[-73.81136,41.12544],[-73.81149,41.12541],[-73.81596,41.12449],[-73.81733,41.12423],[-73.81765,41.12417],[-73.81797,41.12411],[-73.82208,41.12333],[-73.82212,41.12335],[-73.82216,41.12337],[-73.82624,41.12258],[-73.82656,41.12251],[-73.8275,41.12233],[-73.82799,41.12226],[-73.82835,41.12239],[-73.8289,41.12274],[-73.82909,41.12287],[-73.82958,41.12327],[-73.83049,41.12378],[-73.8306,41.12383],[-73.83158,41.12422],[-73.8325,41.12448],[-73.83316,41.12442],[-73.83329,41.1241],[-73.83343,41.12374],[-73.83354,41.12292],[-73.83375,41.12219],[-73.83384,41.12168],[-73.83415,41.12112],[-73.83444,41.12108],[-73.8366,41.12132],[-73.83763,41.12144],[-73.83829,41.12154],[-73.83965,41.12175],[-73.84083,41.12193],[-73.84477,41.12237],[-73.84498,41.12194],[-73.8453,41.12105],[-73.84542,41.12065],[-73.84561,41.12027],[-73.84584,41.11919],[-73.84639,41.11825],[-73.84709,41.11717],[-73.84732,41.11674],[-73.84868,41.11464],[-73.84926,41.11363],[-73.84945,41.11296],[-73.84957,41.11202],[-73.84975,41.11162],[-73.85076,41.10952],[-73.85094,41.10892],[-73.85095,41.10849],[-73.85088,41.10818],[-73.85084,41.10801],[-73.85213,41.10479],[-73.85303,41.10241],[-73.85314,41.10241],[-73.8532,41.10243],[-73.85327,41.1025],[-73.85335,41.10253],[-73.85355,41.10259],[-73.85365,41.10259],[-73.85378,41.10258],[-73.85406,41.10249],[-73.85415,41.10247],[-73.85428,41.10247],[-73.8544,41.1025],[-73.8546,41.10256],[-73.85463,41.10227],[-73.85466,41.10215],[-73.85476,41.10201],[-73.85492,41.10186],[-73.85527,41.10136],[-73.85575,41.10072],[-73.85582,41.10058],[-73.85595,41.1004],[-73.85606,41.10034],[-73.8563,41.1003],[-73.85642,41.10026],[-73.85651,41.10019],[-73.85658,41.1001],[-73.85664,41.09998],[-73.85679,41.09949],[-73.85682,41.09945],[-73.8573,41.09882],[-73.85694,41.09865],[-73.85683,41.09834],[-73.85676,41.09838],[-73.85682,41.09805],[-73.85691,41.09788],[-73.85688,41.09774],[-73.85675,41.09755],[-73.85644,41.09729],[-73.85628,41.09707],[-73.85626,41.097],[-73.85619,41.0968],[-73.85752,41.09233],[-73.85752,41.09215]]]},"properties":{"name":"POCANTICO HILLS CENTRAL SCHOOL","schoolId":"362334003267"}},{"type":"Feature","geometry":{"type":"Polygon","coordinates":[[[-73.65978,40.99881],[-73.66018,40.99906],[-73.66037,40.99944],[-73.66047,40.99953],[-73.66075,40.99966],[-73.66086,40.9997],[-73.66203,40.99993],[-73.6626,41.00001],[-73.66304,41.00009],[-73.66317,41.00011],[-73.66329,41.00014],[-73.66334,41.00016],[-73.66386,41.0003],[-73.6645,41.00059],[-73.66466,41.00066],[-73.66484,41.00078],[-73.6652,41.00106],[-73.66561,41.00138],[-73.66583,41.00158],[-73.66609,41.00179],[-73.66659,41.00219],[-73.66666,41.00224],[-73.66691,41.00238],[-73.66715,41.0025],[-73.66802,41.00288],[-73.66878,41.00323],[-73.66917,41.00339],[-73.66956,41.00356],[-73.67003,41.00377],[-73.67037,41.0039],[-73.67073,41.00404],[-73.6712,41.00422],[-73.67199,41.00452],[-73.67384,41.00523],[-73.67405,41.00529],[-73.67414,41.0053],[-73.67423,41.0051],[-73.67451,41.00439],[-73.67455,41.00425],[-73.67455,41.00387],[-73.67453,41.00351],[-73.6745,41.003],[-73.67448,41.00272],[-73.6745,41.0024],[-73.67455,41.00214],[-73.67462,41.00198],[-73.67464,41.00193],[-73.67473,41.00179],[-73.67528,41.00103],[-73.67548,41.00064],[-73.67552,41.0005],[-73.67554,41.00039],[-73.67556,41.00018],[-73.67552,40.99993],[-73.67694,40.99978],[-73.67735,40.99973],[-73.67813,40.99965],[-73.67855,40.9996],[-73.67862,40.99958],[-73.67865,40.99955],[-73.6787,40.99951],[-73.67875,40.99942],[-73.67882,40.99932],[-73.67889,40.99919],[-73.67917,40.99869],[-73.67932,40.99843],[-73.6794,40.99828],[-73.67968,40.99783],[-73.68155,40.99896],[-73.68175,40.99913],[-73.68195,40.99928],[-73.68224,40.9995],[-73.68243,40.99964],[-73.68257,40.99973],[-73.68313,41.00004],[-73.68327,41.00011],[-73.68347,41.00021],[-73.68369,41.00032],[-73.68394,41.00045],[-73.68413,41.00053],[-73.68449,41.00067],[-73.68481,41.00079],[-73.68481,41.00088],[-73.68481,41.00079],[-73.68483,41.00071],[-73.68482,41.00062],[-73.68481,41.00047],[-73.68477,41.00033],[-73.68464,41.00007],[-73.68461,41.00003],[-73.68467,40.99975],[-73.68469,40.99965],[-73.68477,40.99952],[-73.6848,40.9995],[-73.685,40.99936],[-73.68522,40.99913],[-73.68526,40.99898],[-73.68527,40.99887],[-73.68527,40.99878],[-73.68527,40.99878],[-73.68523,40.99863],[-73.68523,40.99863],[-73.68523,40.99863],[-73.68514,40.99833],[-73.68501,40.99784],[-73.68495,40.99772],[-73.68495,40.9977],[-73.68495,40.9977],[-73.68378,40.99766],[-73.68234,40.99761],[-73.68234,40.9976],[-73.68236,40.99758],[-73.68256,40.9973],[-73.68291,40.99692],[-73.68292,40.9969],[-73.68301,40.9968],[-73.68308,40.99671],[-73.68309,40.9967],[-73.68335,40.99631],[-73.68358,40.99595],[-73.68382,40.99551],[-73.68357,40.99545],[-73.68304,40.99536],[-73.68292,40.99534],[-73.68265,40.99529],[-73.68213,40.99518],[-73.682,40.99517],[-73.68176,40.99513],[-73.68145,40.99509],[-73.68066,40.99493],[-73.68002,40.99482],[-73.67966,40.99472],[-73.67962,40.99471],[-73.6797,40.99425],[-73.67975,40.994],[-73.67972,40.99363],[-73.67972,40.99363],[-73.67798,40.99271],[-73.67774,40.99258],[-73.67742,40.99242],[-73.67694,40.99216],[-73.67657,40.99202],[-73.6746,40.99094],[-73.67365,40.99063],[-73.6731,40.99044],[-73.67173,40.98972],[-73.67108,40.98938],[-73.67098,40.98936],[-73.67022,40.98921],[-73.66965,40.98909],[-73.6692,40.98897],[-73.66918,40.98897],[-73.66918,40.98897],[-73.66717,40.98821],[-73.66701,40.98814],[-73.66684,40.98807],[-73.66671,40.98802],[-73.6661,40.98777],[-73.66607,40.98776],[-73.66595,40.98771],[-73.66583,40.9877],[-73.66577,40.9877],[-73.66486,40.98738],[-73.6634,40.98686],[-73.66301,40.98672],[-73.66297,40.98671],[-73.66217,40.9865],[-73.65778,40.98554],[-73.65762,40.98551],[-73.65938,40.98758],[-73.65967,40.98792],[-73.65966,40.98794],[-73.65953,40.98811],[-73.65948,40.9882],[-73.65929,40.98846],[-73.65891,40.989],[-73.65888,40.98903],[-73.65878,40.98914],[-73.65863,40.98927],[-73.6578,40.99025],[-73.65726,40.99089],[-73.65726,40.99089],[-73.65726,40.99089],[-73.65723,40.99092],[-73.65797,40.99201],[-73.65903,40.99326],[-73.65904,40.99327],[-73.65911,40.99335],[-73.65932,40.99371],[-73.65949,40.99398],[-73.65959,40.99415],[-73.6596,40.99419],[-73.65964,40.99435],[-73.65965,40.99444],[-73.65965,40.99446],[-73.65958,40.99492],[-73.65952,40.99538],[-73.65951,40.99544],[-73.6595,40.99553],[-73.65938,40.99652],[-73.65931,40.99718],[-73.65931,40.99718],[-73.65931,40.99718],[-73.65978,40.99881]]]},"properties":{"name":"JOHN F KENNEDY MAGNET SCHOOL","schoolId":"362346003273"}},{"type":"Feature","geometry":{"type":"Polygon","coordinates":[[[-73.65612,41.01314],[-73.65621,41.0133],[-73.65629,41.01345],[-73.65687,41.01447],[-73.6569,41.01453],[-73.65737,41.01511],[-73.65785,41.01577],[-73.65787,41.01581],[-73.65814,41.01611],[-73.65819,41.01616],[-73.65868,41.01671],[-73.65871,41.01675],[-73.65877,41.01684],[-73.65893,41.01708],[-73.65899,41.01719],[-73.65908,41.01728],[-73.65921,41.01742],[-73.65945,41.01766],[-73.65956,41.01776],[-73.65992,41.01808],[-73.66026,41.01838],[-73.66029,41.01841],[-73.66031,41.01842],[-73.66046,41.01855],[-73.66172,41.01966],[-73.66174,41.01968],[-73.66185,41.01978],[-73.66262,41.02046],[-73.66267,41.02051],[-73.66274,41.02057],[-73.66276,41.02058],[-73.66351,41.02156],[-73.66352,41.02157],[-73.66361,41.02167],[-73.66386,41.02195],[-73.66386,41.02195],[-73.66408,41.0222],[-73.66415,41.02227],[-73.66418,41.02229],[-73.66448,41.02272],[-73.66467,41.02301],[-73.66518,41.02363],[-73.66519,41.02364],[-73.66524,41.02371],[-73.66526,41.02373],[-73.66561,41.02415],[-73.66654,41.0253],[-73.66662,41.0254],[-73.66671,41.02551],[-73.66672,41.02551],[-73.66682,41.02523],[-73.66683,41.02519],[-73.66765,41.02471],[-73.66785,41.0246],[-73.6687,41.02412],[-73.67045,41.02308],[-73.67111,41.02269],[-73.67154,41.02244],[-73.67335,41.02131],[-73.6748,41.02042],[-73.6748,41.02042],[-73.67626,41.01952],[-73.67626,41.01952],[-73.67625,41.01952],[-73.67471,41.01825],[-73.67438,41.01765],[-73.67432,41.01753],[-73.67413,41.01717],[-73.67379,41.01648],[-73.67343,41.01579],[-73.67307,41.01493],[-73.67318,41.0149],[-73.67327,41.01487],[-73.67331,41.01483],[-73.67339,41.01473],[-73.67342,41.01467],[-73.67343,41.01455],[-73.67342,41.01441],[-73.6734,41.01417],[-73.6733,41.01373],[-73.67312,41.01324],[-73.67307,41.01312],[-73.67289,41.01279],[-73.67267,41.01247],[-73.67255,41.01236],[-73.67239,41.01223],[-73.67222,41.01212],[-73.67198,41.01198],[-73.67167,41.01183],[-73.67143,41.01174],[-73.67132,41.01166],[-73.6712,41.01156],[-73.671,41.01137],[-73.67092,41.01129],[-73.67068,41.01097],[-73.67063,41.01091],[-73.67048,41.01071],[-73.6701,41.01022],[-73.66972,41.00968],[-73.66896,41.00863],[-73.66868,41.00823],[-73.66855,41.00806],[-73.66847,41.00795],[-73.66802,41.00735],[-73.66793,41.00726],[-73.66784,41.00718],[-73.66774,41.00712],[-73.66763,41.0071],[-73.6675,41.00708],[-73.66764,41.00678],[-73.66779,41.00639],[-73.66796,41.00604],[-73.66813,41.00569],[-73.66849,41.00498],[-73.66854,41.00488],[-73.66862,41.00469],[-73.6688,41.00428],[-73.66917,41.00339],[-73.66878,41.00323],[-73.66802,41.00288],[-73.66715,41.0025],[-73.66691,41.00238],[-73.66666,41.00224],[-73.66659,41.00219],[-73.66655,41.00225],[-73.66649,41.00254],[-73.66643,41.00298],[-73.66625,41.00352],[-73.66618,41.00371],[-73.66589,41.00443],[-73.66559,41.00517],[-73.66533,41.00589],[-73.66519,41.00629],[-73.66509,41.00653],[-73.66496,41.00684],[-73.66474,41.0075],[-73.66466,41.00777],[-73.66465,41.00788],[-73.66465,41.00795],[-73.66467,41.00806],[-73.66468,41.00812],[-73.66472,41.0082],[-73.66449,41.00844],[-73.66272,41.0094],[-73.66265,41.00949],[-73.66243,41.01039],[-73.66212,41.01107],[-73.66145,41.01171],[-73.66091,41.01204],[-73.66059,41.01227],[-73.66036,41.01264],[-73.66026,41.01294],[-73.6601,41.01295],[-73.65988,41.01297],[-73.65942,41.01301],[-73.65926,41.01303],[-73.65911,41.01303],[-73.65888,41.01302],[-73.65878,41.013],[-73.65866,41.01299],[-73.65852,41.01295],[-73.65814,41.01284],[-73.6581,41.0128],[-73.65758,41.01249],[-73.65692,41.01216],[-73.65677,41.0121],[-73.65651,41.01199],[-73.65619,41.01189],[-73.65611,41.01187],[-73.65601,41.01183],[-73.6553,41.01166],[-73.65528,41.01174],[-73.65524,41.01186],[-73.65524,41.01192],[-73.65526,41.01225],[-73.65532,41.01235],[-73.65541,41.01245],[-73.65565,41.01269],[-73.65612,41.01314]]]},"properties":{"name":"KING STREET SCHOOL","schoolId":"362346003274"}},{"type":"Feature","geometry":{"type":"Polygon","coordinates":[[[-73.67625,41.01952],[-73.67626,41.01952],[-73.67659,41.01932],[-73.67672,41.01924],[-73.67737,41.01883],[-73.67754,41.01852],[-73.67764,41.01807],[-73.67771,41.01772],[-73.6778,41.01651],[-73.67793,41.01483],[-73.67797,41.01469],[-73.67798,41.01465],[-73.67801,41.01456],[-73.67804,41.01357],[-73.67804,41.01357],[-73.67806,41.01357],[-73.67927,41.01353],[-73.67998,41.0135],[-73.68029,41.01349],[-73.68063,41.0135],[-73.68083,41.01353],[-73.68101,41.01355],[-73.68107,41.01356],[-73.68259,41.01353],[-73.68416,41.0135],[-73.68563,41.0134],[-73.68662,41.01334],[-73.68699,41.01331],[-73.6877,41.01319],[-73.6877,41.01319],[-73.68781,41.01315],[-73.68818,41.013],[-73.68827,41.013],[-73.68897,41.01295],[-73.68927,41.01293],[-73.68974,41.0129],[-73.69017,41.01288],[-73.69138,41.01236],[-73.69172,41.01234],[-73.69186,41.01233],[-73.69211,41.01233],[-73.69233,41.01232],[-73.69259,41.01233],[-73.69279,41.01236],[-73.69279,41.01236],[-73.69279,41.01236],[-73.69286,41.01241],[-73.69289,41.01249],[-73.69297,41.01258],[-73.69303,41.01259],[-73.69315,41.0126],[-73.69369,41.01263],[-73.6937,41.01262],[-73.6938,41.01236],[-73.69392,41.0121],[-73.69404,41.01194],[-73.69423,41.01178],[-73.69426,41.01176],[-73.69462,41.01149],[-73.69484,41.0113],[-73.69492,41.01119],[-73.69493,41.01117],[-73.69499,41.01101],[-73.69499,41.01098],[-73.69498,41.01077],[-73.69492,41.01051],[-73.69491,41.01046],[-73.69489,41.01041],[-73.69457,41.0097],[-73.69407,41.00864],[-73.69394,41.00846],[-73.69393,41.00845],[-73.69375,41.00831],[-73.69359,41.00814],[-73.69358,41.00813],[-73.69357,41.00812],[-73.69342,41.00793],[-73.69333,41.00779],[-73.69328,41.00769],[-73.69326,41.00764],[-73.69308,41.0074],[-73.69284,41.00714],[-73.69271,41.00702],[-73.6927,41.00701],[-73.69269,41.00701],[-73.69264,41.00701],[-73.69247,41.00704],[-73.69244,41.00704],[-73.69234,41.00705],[-73.69227,41.00704],[-73.69219,41.00699],[-73.69215,41.00691],[-73.69216,41.00684],[-73.69219,41.00676],[-73.69224,41.00668],[-73.69225,41.00668],[-73.69225,41.00666],[-73.69227,41.00658],[-73.6923,41.00654],[-73.69235,41.00646],[-73.69238,41.00636],[-73.6924,41.00627],[-73.6924,41.00626],[-73.69245,41.00557],[-73.69244,41.00553],[-73.69247,41.00549],[-73.69248,41.00545],[-73.69249,41.0054],[-73.6925,41.00535],[-73.69251,41.0052],[-73.6925,41.00493],[-73.69248,41.00473],[-73.69246,41.00459],[-73.69242,41.00448],[-73.69241,41.00445],[-73.69241,41.00444],[-73.69235,41.00439],[-73.69217,41.00427],[-73.69208,41.00422],[-73.69154,41.00393],[-73.69114,41.00371],[-73.69102,41.00365],[-73.69102,41.00365],[-73.69133,41.0036],[-73.69139,41.00336],[-73.69147,41.00301],[-73.6914,41.00288],[-73.69133,41.00278],[-73.69077,41.00256],[-73.69013,41.00231],[-73.68924,41.00221],[-73.68881,41.0024],[-73.68865,41.0025],[-73.68852,41.00258],[-73.68846,41.0026],[-73.6884,41.00261],[-73.68833,41.00266],[-73.68831,41.00268],[-73.6883,41.0027],[-73.68817,41.00287],[-73.68816,41.00298],[-73.6882,41.00309],[-73.68827,41.00315],[-73.6883,41.00317],[-73.6883,41.00317],[-73.6883,41.00317],[-73.68757,41.00348],[-73.68757,41.00348],[-73.68737,41.00352],[-73.6872,41.00352],[-73.68708,41.00351],[-73.68667,41.0034],[-73.68634,41.00327],[-73.68613,41.0031],[-73.68608,41.00297],[-73.68604,41.00286],[-73.68581,41.00259],[-73.68576,41.00253],[-73.68574,41.00252],[-73.68574,41.00252],[-73.68535,41.00219],[-73.68526,41.00211],[-73.68515,41.00189],[-73.68507,41.00176],[-73.68507,41.00176],[-73.68476,41.00153],[-73.68476,41.00151],[-73.68473,41.00144],[-73.68471,41.00135],[-73.68471,41.00133],[-73.68477,41.00107],[-73.6848,41.00093],[-73.68481,41.00088],[-73.68481,41.00079],[-73.68449,41.00067],[-73.68413,41.00053],[-73.68394,41.00045],[-73.68369,41.00032],[-73.68347,41.00021],[-73.68327,41.00011],[-73.68313,41.00004],[-73.68257,40.99973],[-73.68243,40.99964],[-73.68224,40.9995],[-73.68195,40.99928],[-73.68175,40.99913],[-73.68155,40.99896],[-73.67968,40.99783],[-73.6794,40.99828],[-73.67932,40.99843],[-73.67917,40.99869],[-73.67889,40.99919],[-73.67882,40.99932],[-73.67875,40.99942],[-73.6787,40.99951],[-73.67865,40.99955],[-73.67862,40.99958],[-73.67855,40.9996],[-73.67813,40.99965],[-73.67735,40.99973],[-73.67694,40.99978],[-73.67552,40.99993],[-73.67556,41.00018],[-73.67554,41.00039],[-73.67552,41.0005],[-73.67548,41.00064],[-73.67528,41.00103],[-73.67473,41.00179],[-73.67464,41.00193],[-73.67462,41.00198],[-73.67455,41.00214],[-73.6745,41.0024],[-73.67448,41.00272],[-73.6745,41.003],[-73.67453,41.00351],[-73.67455,41.00387],[-73.67455,41.00425],[-73.67451,41.00439],[-73.67423,41.0051],[-73.67414,41.0053],[-73.67405,41.00529],[-73.67384,41.00523],[-73.67199,41.00452],[-73.6712,41.00422],[-73.67073,41.00404],[-73.67037,41.0039],[-73.67003,41.00377],[-73.66956,41.00356],[-73.66917,41.00339],[-73.6688,41.00428],[-73.66862,41.00469],[-73.66854,41.00488],[-73.66849,41.00498],[-73.66813,41.00569],[-73.66796,41.00604],[-73.66779,41.00639],[-73.66764,41.00678],[-73.6675,41.00708],[-73.66763,41.0071],[-73.66774,41.00712],[-73.66784,41.00718],[-73.66793,41.00726],[-73.66802,41.00735],[-73.66847,41.00795],[-73.66855,41.00806],[-73.66868,41.00823],[-73.66896,41.00863],[-73.66972,41.00968],[-73.6701,41.01022],[-73.67048,41.01071],[-73.67063,41.01091],[-73.67068,41.01097],[-73.67092,41.01129],[-73.671,41.01137],[-73.6712,41.01156],[-73.67132,41.01166],[-73.67143,41.01174],[-73.67167,41.01183],[-73.67198,41.01198],[-73.67222,41.01212],[-73.67239,41.01223],[-73.67255,41.01236],[-73.67267,41.01247],[-73.67289,41.01279],[-73.67307,41.01312],[-73.67312,41.01324],[-73.6733,41.01373],[-73.6734,41.01417],[-73.67342,41.01441],[-73.67343,41.01455],[-73.67342,41.01467],[-73.67339,41.01473],[-73.67331,41.01483],[-73.67327,41.01487],[-73.67318,41.0149],[-73.67307,41.01493],[-73.67343,41.01579],[-73.67379,41.01648],[-73.67413,41.01717],[-73.67432,41.01753],[-73.67438,41.01765],[-73.67471,41.01825],[-73.67625,41.01952]]]},"properties":{"name":"PARK AVENUE SCHOOL","schoolId":"362346003276"}},{"type":"Feature","geometry":{"type":"Polygon","coordinates":[[[-73.65942,40.99756],[-73.65973,40.99866],[-73.65974,40.99869],[-73.65994,40.99941],[-73.66006,40.99982],[-73.66014,41.00009],[-73.66021,41.00037],[-73.66024,41.00043],[-73.66027,41.00049],[-73.66018,41.00063],[-73.66013,41.00069],[-73.65975,41.00141],[-73.65975,41.00141],[-73.65969,41.00152],[-73.65888,41.00332],[-73.65856,41.00403],[-73.65838,41.0043],[-73.65808,41.00476],[-73.65802,41.00488],[-73.65796,41.005],[-73.65792,41.00509],[-73.65788,41.00517],[-73.65778,41.00534],[-73.65769,41.00552],[-73.6574,41.00607],[-73.65722,41.00641],[-73.65685,41.00722],[-73.65607,41.00893],[-73.65554,41.01079],[-73.6553,41.01166],[-73.65601,41.01183],[-73.65611,41.01187],[-73.65619,41.01189],[-73.65651,41.01199],[-73.65677,41.0121],[-73.65692,41.01216],[-73.65758,41.01249],[-73.6581,41.0128],[-73.65814,41.01284],[-73.65852,41.01295],[-73.65866,41.01299],[-73.65878,41.013],[-73.65888,41.01302],[-73.65911,41.01303],[-73.65926,41.01303],[-73.65942,41.01301],[-73.65988,41.01297],[-73.6601,41.01295],[-73.66026,41.01294],[-73.66036,41.01264],[-73.66059,41.01227],[-73.66091,41.01204],[-73.66145,41.01171],[-73.66212,41.01107],[-73.66243,41.01039],[-73.66265,41.00949],[-73.66272,41.0094],[-73.66449,41.00844],[-73.66472,41.0082],[-73.66468,41.00812],[-73.66467,41.00806],[-73.66465,41.00795],[-73.66465,41.00788],[-73.66466,41.00777],[-73.66474,41.0075],[-73.66496,41.00684],[-73.66509,41.00653],[-73.66519,41.00629],[-73.66533,41.00589],[-73.66559,41.00517],[-73.66589,41.00443],[-73.66618,41.00371],[-73.66625,41.00352],[-73.66643,41.00298],[-73.66649,41.00254],[-73.66655,41.00225],[-73.66659,41.00219],[-73.66609,41.00179],[-73.66583,41.00158],[-73.66561,41.00138],[-73.6652,41.00106],[-73.66484,41.00078],[-73.66466,41.00066],[-73.6645,41.00059],[-73.66386,41.0003],[-73.66334,41.00016],[-73.66329,41.00014],[-73.66317,41.00011],[-73.66304,41.00009],[-73.6626,41.00001],[-73.66203,40.99993],[-73.66086,40.9997],[-73.66075,40.99966],[-73.66047,40.99953],[-73.66037,40.99944],[-73.66018,40.99906],[-73.65978,40.99881],[-73.65931,40.99718],[-73.65942,40.99756]]]},"properties":{"name":"THOMAS A EDISON SCHOOL","schoolId":"362346003279"}},{"type":"Feature","geometry":{"type":"Polygon","coordinates":[[[-73.70673,41.06329],[-73.70673,41.06325],[-73.70664,41.06309],[-73.70641,41.06287],[-73.70635,41.06281],[-73.70608,41.06265],[-73.7057,41.06245],[-73.70497,41.06193],[-73.70482,41.06174],[-73.70473,41.06163],[-73.70461,41.06152],[-73.70459,41.06147],[-73.70459,41.06141],[-73.70479,41.06078],[-73.70487,41.06067],[-73.70502,41.06045],[-73.70515,41.06013],[-73.70521,41.06002],[-73.70525,41.05996],[-73.7054,41.05974],[-73.70542,41.05969],[-73.70543,41.05962],[-73.70542,41.05947],[-73.70542,41.05936],[-73.70544,41.05927],[-73.70548,41.05919],[-73.70565,41.0589],[-73.70602,41.05855],[-73.70613,41.05835],[-73.70618,41.05825],[-73.70622,41.05798],[-73.70622,41.05786],[-73.70627,41.05772],[-73.70635,41.05757],[-73.70637,41.05752],[-73.70639,41.05744],[-73.70637,41.05736],[-73.70625,41.05714],[-73.70587,41.05673],[-73.70566,41.05655],[-73.70499,41.05599],[-73.70389,41.05519],[-73.70364,41.05487],[-73.7035,41.05478],[-73.70337,41.05474],[-73.70322,41.05472],[-73.70307,41.05473],[-73.70275,41.05481],[-73.70245,41.05496],[-73.7023,41.05499],[-73.70215,41.05498],[-73.70175,41.05485],[-73.7015,41.05483],[-73.70015,41.05491],[-73.69982,41.05488],[-73.69961,41.05485],[-73.69957,41.05484],[-73.69924,41.05474],[-73.69899,41.05461],[-73.69879,41.05448],[-73.69863,41.05434],[-73.69845,41.05426],[-73.69824,41.05421],[-73.69802,41.05414],[-73.6979,41.05403],[-73.69786,41.05394],[-73.69786,41.05383],[-73.69796,41.05305],[-73.69796,41.05292],[-73.69792,41.05285],[-73.69782,41.05276],[-73.69774,41.05271],[-73.69755,41.05244],[-73.69748,41.0522],[-73.69748,41.05207],[-73.69777,41.05185],[-73.69776,41.05178],[-73.69759,41.05165],[-73.69752,41.05157],[-73.69748,41.05154],[-73.6974,41.05156],[-73.69729,41.05156],[-73.69719,41.05152],[-73.69715,41.05149],[-73.69712,41.05135],[-73.69702,41.05124],[-73.69691,41.05117],[-73.69678,41.05113],[-73.69671,41.05109],[-73.69669,41.05098],[-73.69671,41.05092],[-73.69671,41.05083],[-73.69669,41.05077],[-73.69653,41.0506],[-73.69647,41.05049],[-73.69638,41.05027],[-73.69632,41.05019],[-73.69613,41.05012],[-73.69601,41.04998],[-73.69595,41.04987],[-73.69591,41.04974],[-73.69589,41.04963],[-73.69585,41.04956],[-73.6957,41.04946],[-73.69566,41.0494],[-73.69564,41.04923],[-73.69559,41.04917],[-73.69545,41.04906],[-73.69542,41.04897],[-73.69542,41.04891],[-73.6954,41.04884],[-73.69529,41.04873],[-73.69496,41.0485],[-73.69472,41.04805],[-73.69457,41.04782],[-73.69444,41.04781],[-73.69418,41.04781],[-73.69407,41.04777],[-73.69402,41.0477],[-73.69394,41.04724],[-73.69365,41.04685],[-73.69349,41.04668],[-73.69337,41.04652],[-73.69309,41.04639],[-73.69259,41.04627],[-73.69258,41.04618],[-73.69257,41.04607],[-73.69259,41.04594],[-73.6927,41.04566],[-73.69274,41.04537],[-73.69274,41.04525],[-73.69271,41.04499],[-73.69264,41.04472],[-73.69251,41.04442],[-73.69239,41.04422],[-73.69226,41.04395],[-73.69222,41.04372],[-73.69219,41.04315],[-73.69213,41.04302],[-73.69188,41.04273],[-73.69179,41.04256],[-73.69176,41.04234],[-73.69176,41.04218],[-73.6918,41.04182],[-73.69178,41.04163],[-73.69172,41.0414],[-73.69163,41.04123],[-73.69139,41.04089],[-73.69114,41.04062],[-73.69082,41.04032],[-73.69076,41.04026],[-73.69056,41.0401],[-73.6904,41.03994],[-73.69026,41.03975],[-73.69014,41.03954],[-73.69008,41.03934],[-73.68994,41.03873],[-73.6898,41.03817],[-73.68975,41.03789],[-73.68977,41.03776],[-73.68983,41.03743],[-73.68986,41.0367],[-73.68992,41.03638],[-73.68991,41.03626],[-73.68989,41.03618],[-73.68973,41.03605],[-73.68963,41.03596],[-73.68958,41.03587],[-73.68957,41.0356],[-73.68959,41.03551],[-73.68964,41.03549],[-73.6898,41.03546],[-73.68989,41.03544],[-73.68998,41.03536],[-73.69002,41.03524],[-73.69001,41.03513],[-73.68996,41.03499],[-73.68965,41.03468],[-73.68963,41.03464],[-73.6896,41.03459],[-73.68937,41.03445],[-73.68926,41.03357],[-73.68919,41.03262],[-73.68917,41.03185],[-73.68918,41.0316],[-73.68921,41.03139],[-73.68921,41.0312],[-73.68913,41.03044],[-73.68916,41.03003],[-73.68909,41.02946],[-73.68899,41.02895],[-73.68897,41.0288],[-73.68897,41.02858],[-73.68899,41.02843],[-73.68888,41.02831],[-73.6889,41.02819],[-73.68897,41.02813],[-73.68909,41.02811],[-73.68915,41.02804],[-73.68917,41.02794],[-73.68917,41.02779],[-73.6892,41.0276],[-73.6892,41.02742],[-73.68918,41.02727],[-73.68918,41.02721],[-73.68917,41.02711],[-73.68923,41.02702],[-73.68934,41.02687],[-73.6895,41.02673],[-73.68987,41.02644],[-73.68998,41.02637],[-73.69012,41.02633],[-73.69036,41.02632],[-73.69051,41.02631],[-73.69065,41.0263],[-73.69078,41.02636],[-73.69086,41.02638],[-73.69094,41.02632],[-73.69098,41.02623],[-73.69141,41.02584],[-73.69151,41.02574],[-73.69158,41.02564],[-73.69184,41.02536],[-73.69214,41.02506],[-73.69253,41.02471],[-73.69261,41.02467],[-73.69259,41.02458],[-73.6926,41.02449],[-73.69261,41.02437],[-73.69266,41.02423],[-73.69272,41.02416],[-73.69286,41.02405],[-73.69389,41.02354],[-73.694,41.02344],[-73.69431,41.02307],[-73.69438,41.02298],[-73.69462,41.0226],[-73.69465,41.02252],[-73.69456,41.02147],[-73.6945,41.02105],[-73.69454,41.02083],[-73.69468,41.02063],[-73.69495,41.02025],[-73.69513,41.01997],[-73.69518,41.01966],[-73.69539,41.01958],[-73.69555,41.01946],[-73.69564,41.01928],[-73.69561,41.01904],[-73.69552,41.01879],[-73.69536,41.01856],[-73.69503,41.01842],[-73.69493,41.01843],[-73.69472,41.01839],[-73.69401,41.0184],[-73.69377,41.0183],[-73.69367,41.01824],[-73.69362,41.01813],[-73.69355,41.01791],[-73.69341,41.0177],[-73.69324,41.01756],[-73.69297,41.01742],[-73.69284,41.01729],[-73.69233,41.01649],[-73.69222,41.01625],[-73.69219,41.01609],[-73.6922,41.01594],[-73.69251,41.01519],[-73.69256,41.01501],[-73.69261,41.01486],[-73.69281,41.01448],[-73.69317,41.01398],[-73.69332,41.01379],[-73.69367,41.01333],[-73.69381,41.01317],[-73.69383,41.01312],[-73.69385,41.01301],[-73.69383,41.01296],[-73.6938,41.01292],[-73.69368,41.01285],[-73.69366,41.01277],[-73.69367,41.01269],[-73.69369,41.01263],[-73.69315,41.0126],[-73.69297,41.01258],[-73.69289,41.01249],[-73.69286,41.01241],[-73.69279,41.01236],[-73.69259,41.01233],[-73.69233,41.01232],[-73.69211,41.01233],[-73.69186,41.01233],[-73.69138,41.01236],[-73.69017,41.01288],[-73.68927,41.01293],[-73.68827,41.013],[-73.68818,41.013],[-73.6877,41.01319],[-73.68699,41.01331],[-73.68662,41.01334],[-73.68416,41.0135],[-73.68107,41.01356],[-73.68083,41.01353],[-73.68063,41.0135],[-73.68029,41.01349],[-73.67927,41.01353],[-73.67806,41.01357],[-73.67804,41.01357],[-73.67801,41.01456],[-73.67798,41.01465],[-73.67793,41.01483],[-73.67771,41.01772],[-73.67754,41.01852],[-73.67737,41.01883],[-73.67672,41.01924],[-73.67659,41.01932],[-73.67626,41.01952],[-73.67335,41.02131],[-73.67154,41.02244],[-73.67045,41.02308],[-73.6687,41.02412],[-73.66765,41.02471],[-73.66683,41.02519],[-73.66672,41.02551],[-73.66678,41.02559],[-73.66917,41.02851],[-73.66973,41.02934],[-73.66977,41.02941],[-73.67028,41.02996],[-73.67038,41.03007],[-73.67038,41.03008],[-73.67051,41.0305],[-73.67059,41.03079],[-73.67061,41.03084],[-73.67063,41.03088],[-73.67069,41.03096],[-73.67098,41.03139],[-73.67102,41.03146],[-73.67106,41.03151],[-73.67108,41.03154],[-73.67135,41.03186],[-73.67141,41.03193],[-73.67177,41.03235],[-73.67183,41.03243],[-73.67193,41.03254],[-73.67272,41.03348],[-73.6731,41.03392],[-73.67371,41.03465],[-73.67452,41.03563],[-73.67481,41.03595],[-73.67492,41.03609],[-73.67499,41.03618],[-73.6751,41.03631],[-73.67512,41.03634],[-73.67519,41.03642],[-73.67523,41.03645],[-73.67531,41.03655],[-73.67533,41.03657],[-73.67535,41.03658],[-73.6754,41.03664],[-73.67549,41.03673],[-73.6755,41.03675],[-73.67555,41.03679],[-73.67558,41.03682],[-73.6756,41.03684],[-73.67565,41.0369],[-73.67574,41.03701],[-73.67592,41.03731],[-73.67609,41.03751],[-73.67619,41.03763],[-73.67623,41.03769],[-73.67649,41.03799],[-73.67658,41.03811],[-73.67706,41.03866],[-73.67745,41.03911],[-73.67746,41.03913],[-73.67854,41.04038],[-73.67856,41.04041],[-73.67878,41.04074],[-73.67891,41.04091],[-73.67928,41.04139],[-73.67951,41.04166],[-73.67976,41.04193],[-73.67977,41.04195],[-73.68185,41.04398],[-73.68247,41.04471],[-73.68295,41.04531],[-73.68296,41.04532],[-73.68572,41.04885],[-73.68677,41.05018],[-73.68683,41.05027],[-73.6869,41.05036],[-73.68696,41.05043],[-73.68701,41.0505],[-73.68717,41.05071],[-73.68789,41.05154],[-73.68842,41.05203],[-73.68885,41.05255],[-73.68953,41.05353],[-73.68983,41.05391],[-73.69072,41.05506],[-73.69102,41.05544],[-73.69125,41.05574],[-73.69148,41.05603],[-73.69235,41.05715],[-73.69287,41.05772],[-73.69304,41.05793],[-73.69315,41.05807],[-73.69349,41.05848],[-73.69395,41.05901],[-73.69421,41.05934],[-73.69468,41.0598],[-73.69617,41.0616],[-73.69625,41.0617],[-73.69642,41.0619],[-73.69648,41.06198],[-73.70156,41.0682],[-73.70507,41.0725],[-73.70557,41.07313],[-73.70571,41.07331],[-73.70631,41.07408],[-73.70638,41.07388],[-73.70641,41.07363],[-73.70644,41.07338],[-73.70656,41.07292],[-73.70639,41.07226],[-73.70621,41.07184],[-73.70597,41.07131],[-73.70576,41.0706],[-73.70565,41.07006],[-73.70553,41.06957],[-73.70534,41.06892],[-73.7053,41.06857],[-73.7053,41.06812],[-73.7054,41.06772],[-73.70534,41.06746],[-73.70534,41.06716],[-73.7053,41.06689],[-73.70516,41.06667],[-73.70501,41.06649],[-73.7047,41.06622],[-73.70452,41.06614],[-73.70431,41.06596],[-73.70412,41.06583],[-73.70406,41.0657],[-73.70402,41.06555],[-73.70396,41.06542],[-73.70396,41.06521],[-73.70389,41.06477],[-73.70402,41.06463],[-73.70406,41.06455],[-73.70412,41.06441],[-73.70441,41.06424],[-73.70488,41.06393],[-73.70515,41.0638],[-73.70527,41.06372],[-73.7054,41.06362],[-73.70551,41.06349],[-73.70565,41.0633],[-73.70569,41.06317],[-73.70569,41.06299],[-73.70587,41.06299],[-73.70594,41.06312],[-73.70594,41.0633],[-73.7067,41.06343],[-73.70673,41.06329]]]},"properties":{"name":"BRUNO M PONTERIO RIDGE STREET SCHOOL","schoolId":"362463003351"}},{"type":"Feature","geometry":{"type":"Polygon","coordinates":[[[-73.65637,40.98421],[-73.65638,40.98422],[-73.65641,40.98424],[-73.65642,40.98425],[-73.6567,40.98446],[-73.65677,40.98452],[-73.65691,40.98468],[-73.65739,40.98524],[-73.65762,40.98551],[-73.65762,40.98551],[-73.65778,40.98554],[-73.65778,40.98554],[-73.65778,40.98554],[-73.66217,40.9865],[-73.66297,40.98671],[-73.66301,40.98672],[-73.6634,40.98686],[-73.66486,40.98738],[-73.66577,40.9877],[-73.66583,40.9877],[-73.66595,40.98771],[-73.66607,40.98776],[-73.6661,40.98777],[-73.66671,40.98802],[-73.66684,40.98807],[-73.66701,40.98814],[-73.66717,40.98821],[-73.66918,40.98897],[-73.66918,40.98897],[-73.6692,40.98897],[-73.66965,40.98909],[-73.67022,40.98921],[-73.67098,40.98936],[-73.67098,40.98936],[-73.67098,40.98936],[-73.67108,40.98938],[-73.67173,40.98972],[-73.6731,40.99044],[-73.67365,40.99063],[-73.6746,40.99094],[-73.67657,40.99202],[-73.67694,40.99216],[-73.67742,40.99242],[-73.67774,40.99258],[-73.67798,40.99271],[-73.67972,40.99363],[-73.67972,40.99363],[-73.67972,40.99364],[-73.67975,40.994],[-73.6797,40.99425],[-73.6797,40.99425],[-73.6797,40.99425],[-73.67962,40.99471],[-73.67962,40.99471],[-73.67966,40.99472],[-73.68002,40.99482],[-73.68066,40.99493],[-73.68145,40.99509],[-73.68176,40.99513],[-73.682,40.99517],[-73.68213,40.99518],[-73.68265,40.99529],[-73.68292,40.99534],[-73.68304,40.99536],[-73.68357,40.99545],[-73.68382,40.99551],[-73.68382,40.99551],[-73.68358,40.99595],[-73.68335,40.99631],[-73.68309,40.9967],[-73.68308,40.99671],[-73.68301,40.9968],[-73.68292,40.9969],[-73.68291,40.99692],[-73.68256,40.9973],[-73.68236,40.99758],[-73.68234,40.9976],[-73.68234,40.99761],[-73.68234,40.99761],[-73.68378,40.99766],[-73.68494,40.9977],[-73.68495,40.9977],[-73.68494,40.99769],[-73.68491,40.99762],[-73.68485,40.99757],[-73.68482,40.99753],[-73.68477,40.99745],[-73.68476,40.99744],[-73.68476,40.99744],[-73.68476,40.99744],[-73.68476,40.99718],[-73.68479,40.99688],[-73.68484,40.99674],[-73.68496,40.9965],[-73.68497,40.99648],[-73.68511,40.99621],[-73.68521,40.99607],[-73.68549,40.99569],[-73.68551,40.99562],[-73.68562,40.99517],[-73.68571,40.99492],[-73.68571,40.99492],[-73.68631,40.99417],[-73.6866,40.99394],[-73.68662,40.99391],[-73.68666,40.99386],[-73.68667,40.99385],[-73.68668,40.99375],[-73.68668,40.99374],[-73.68666,40.9937],[-73.68656,40.99344],[-73.68648,40.99331],[-73.68648,40.9933],[-73.68646,40.9932],[-73.68646,40.99319],[-73.68645,40.99296],[-73.68648,40.99289],[-73.68648,40.99288],[-73.68648,40.99281],[-73.68648,40.99273],[-73.68648,40.99272],[-73.68645,40.99266],[-73.68639,40.99259],[-73.68631,40.99246],[-73.68629,40.99243],[-73.68614,40.99225],[-73.68609,40.99218],[-73.68604,40.99209],[-73.68604,40.99209],[-73.68603,40.99203],[-73.68603,40.99202],[-73.6861,40.992],[-73.6861,40.992],[-73.68606,40.99196],[-73.68607,40.99196],[-73.68584,40.99172],[-73.68508,40.99093],[-73.68514,40.98806],[-73.68517,40.98657],[-73.68445,40.98531],[-73.68458,40.98494],[-73.68476,40.98443],[-73.68481,40.98382],[-73.68465,40.98323],[-73.68463,40.98319],[-73.68436,40.98258],[-73.68413,40.98207],[-73.68412,40.98206],[-73.68384,40.98127],[-73.68382,40.98115],[-73.68382,40.98055],[-73.68403,40.98009],[-73.68424,40.97972],[-73.68425,40.97969],[-73.68488,40.97857],[-73.68493,40.97847],[-73.68536,40.9777],[-73.68623,40.97635],[-73.68649,40.97599],[-73.6863,40.97626],[-73.68701,40.97525],[-73.68701,40.97524],[-73.68701,40.97524],[-73.68742,40.97494],[-73.68756,40.97485],[-73.68756,40.97485],[-73.69324,40.97181],[-73.69044,40.97016],[-73.69015,40.97019],[-73.69005,40.9702],[-73.69005,40.9702],[-73.69005,40.9702],[-73.68947,40.97006],[-73.68869,40.9697],[-73.68839,40.96938],[-73.68735,40.96921],[-73.68724,40.96919],[-73.68723,40.96905],[-73.68548,40.96861],[-73.68541,40.96866],[-73.68535,40.96873],[-73.68528,40.96877],[-73.68528,40.96877],[-73.68468,40.96875],[-73.68436,40.96874],[-73.68457,40.96822],[-73.68465,40.96801],[-73.68409,40.96779],[-73.68406,40.96743],[-73.68406,40.96743],[-73.68399,40.96724],[-73.68384,40.96679],[-73.6837,40.96637],[-73.68309,40.96622],[-73.68099,40.96572],[-73.68029,40.96551],[-73.67974,40.96529],[-73.67953,40.9652],[-73.67953,40.9652],[-73.67953,40.9652],[-73.6795,40.96502],[-73.6795,40.96502],[-73.67886,40.96458],[-73.67821,40.96394],[-73.67781,40.96353],[-73.67664,40.96261],[-73.63968,40.93523],[-73.63967,40.93523],[-73.63967,40.93523],[-73.62815,40.94199],[-73.62296,40.94504],[-73.61945,40.9471],[-73.61309,40.95083],[-73.613,40.95089],[-73.6129,40.95094],[-73.61289,40.95095],[-73.61289,40.95095],[-73.61289,40.95096],[-73.6129,40.95096],[-73.64621,40.97644],[-73.64802,40.97782],[-73.64983,40.97921],[-73.65637,40.98421]],[[-73.68376,40.98091],[-73.68376,40.98091],[-73.68376,40.98091],[-73.68376,40.98091],[-73.68376,40.98091]]]},"properties":{"name":"MIDLAND SCHOOL","schoolId":"362526003489"}},{"type":"Feature","geometry":{"type":"Polygon","coordinates":[[[-73.69005,40.9702],[-73.69015,40.97019],[-73.69044,40.97016],[-73.69068,40.96964],[-73.69147,40.96796],[-73.69184,40.96669],[-73.69185,40.96665],[-73.69215,40.96563],[-73.6925,40.96506],[-73.69304,40.96419],[-73.69434,40.96288],[-73.69597,40.96123],[-73.69622,40.96045],[-73.69509,40.95933],[-73.69399,40.9587],[-73.69199,40.95755],[-73.69199,40.95755],[-73.69199,40.95755],[-73.69641,40.94977],[-73.69641,40.94977],[-73.69884,40.94541],[-73.70247,40.93888],[-73.71048,40.92451],[-73.71002,40.91962],[-73.71002,40.91962],[-73.70958,40.91478],[-73.70962,40.90538],[-73.70968,40.89419],[-73.70968,40.89418],[-73.70968,40.89418],[-73.70294,40.8981],[-73.69897,40.9004],[-73.69445,40.90306],[-73.63967,40.93523],[-73.63967,40.93523],[-73.63968,40.93523],[-73.67664,40.96261],[-73.67781,40.96353],[-73.67821,40.96394],[-73.67886,40.96458],[-73.6795,40.96502],[-73.6795,40.96502],[-73.67953,40.9652],[-73.67953,40.9652],[-73.67953,40.9652],[-73.67974,40.96529],[-73.68029,40.96551],[-73.68099,40.96572],[-73.68309,40.96622],[-73.6837,40.96637],[-73.68384,40.96679],[-73.68399,40.96724],[-73.68406,40.96743],[-73.68406,40.96743],[-73.68409,40.96779],[-73.68465,40.96801],[-73.68457,40.96822],[-73.68436,40.96874],[-73.68468,40.96875],[-73.68528,40.96877],[-73.68528,40.96877],[-73.68535,40.96873],[-73.68541,40.96866],[-73.68548,40.96861],[-73.68723,40.96905],[-73.68724,40.96919],[-73.68735,40.96921],[-73.68839,40.96938],[-73.68869,40.9697],[-73.68947,40.97006],[-73.69005,40.9702],[-73.69005,40.9702],[-73.69005,40.9702]]]},"properties":{"name":"MILTON SCHOOL","schoolId":"362526003490"}},{"type":"Feature","geometry":{"type":"MultiPolygon","coordinates":[[[[-73.68382,40.98115],[-73.68384,40.98127],[-73.68412,40.98206],[-73.68413,40.98207],[-73.68436,40.98258],[-73.68463,40.98319],[-73.68465,40.98323],[-73.68481,40.98382],[-73.68476,40.98443],[-73.68458,40.98494],[-73.68445,40.98531],[-73.68517,40.98657],[-73.68514,40.98806],[-73.68508,40.99093],[-73.68584,40.99172],[-73.68607,40.99196],[-73.68606,40.99196],[-73.6861,40.992],[-73.6861,40.992],[-73.68603,40.99202],[-73.68603,40.99203],[-73.68603,40.99202],[-73.68611,40.992],[-73.68863,40.99123],[-73.68935,40.99102],[-73.68941,40.991],[-73.69256,40.99026],[-73.69296,40.99015],[-73.69572,40.98944],[-73.69609,40.98935],[-73.69731,40.98789],[-73.69802,40.98705],[-73.69802,40.98705],[-73.69804,40.98703],[-73.69808,40.98695],[-73.69861,40.98619],[-73.69863,40.98617],[-73.69896,40.98578],[-73.70058,40.9839],[-73.70071,40.98371],[-73.70091,40.98342],[-73.70172,40.98082],[-73.70172,40.98081],[-73.70177,40.98088],[-73.7018,40.98092],[-73.7018,40.98091],[-73.70181,40.98089],[-73.70182,40.98087],[-73.70188,40.9807],[-73.70494,40.97622],[-73.70562,40.97518],[-73.70594,40.97468],[-73.70604,40.97455],[-73.70627,40.974],[-73.70646,40.97354],[-73.70775,40.97231],[-73.70883,40.97112],[-73.70883,40.97112],[-73.70883,40.97104],[-73.70889,40.97098],[-73.70891,40.97095],[-73.70892,40.97092],[-73.70892,40.97089],[-73.70917,40.97037],[-73.70924,40.97023],[-73.70924,40.97022],[-73.70854,40.97039],[-73.70842,40.97043],[-73.70803,40.97054],[-73.70795,40.97057],[-73.70746,40.97074],[-73.70732,40.9708],[-73.70667,40.97108],[-73.70665,40.97109],[-73.70664,40.97109],[-73.70614,40.97135],[-73.70535,40.97182],[-73.70535,40.97182],[-73.70524,40.97188],[-73.70502,40.97205],[-73.70331,40.97318],[-73.70326,40.97322],[-73.70325,40.97322],[-73.70324,40.9732],[-73.70315,40.97309],[-73.7031,40.97306],[-73.70302,40.973],[-73.70302,40.973],[-73.70302,40.973],[-73.70302,40.973],[-73.70302,40.973],[-73.70301,40.97291],[-73.70308,40.97281],[-73.70309,40.97281],[-73.70309,40.97281],[-73.70317,40.97276],[-73.70329,40.97272],[-73.70335,40.97269],[-73.7035,40.97262],[-73.70355,40.97259],[-73.70356,40.97257],[-73.70361,40.97251],[-73.70366,40.97246],[-73.70376,40.97229],[-73.7038,40.97215],[-73.7038,40.97215],[-73.7038,40.97213],[-73.70381,40.97203],[-73.70381,40.97202],[-73.70378,40.97198],[-73.70376,40.97194],[-73.70373,40.97186],[-73.70373,40.97185],[-73.70375,40.97172],[-73.70375,40.97171],[-73.704,40.97134],[-73.70466,40.97073],[-73.70479,40.97058],[-73.70482,40.97054],[-73.70484,40.97051],[-73.70495,40.97034],[-73.70505,40.97017],[-73.70516,40.96993],[-73.70537,40.96946],[-73.70538,40.9694],[-73.7054,40.96934],[-73.70546,40.96925],[-73.70546,40.96925],[-73.70576,40.96894],[-73.70576,40.96893],[-73.70612,40.96868],[-73.70636,40.96836],[-73.70644,40.96827],[-73.70651,40.96819],[-73.70702,40.96735],[-73.70728,40.96655],[-73.70733,40.9664],[-73.70735,40.96636],[-73.70773,40.96573],[-73.70776,40.96569],[-73.70805,40.96525],[-73.70815,40.96516],[-73.70849,40.96486],[-73.70853,40.96481],[-73.70855,40.96478],[-73.70862,40.96472],[-73.70873,40.96469],[-73.70892,40.96467],[-73.70892,40.96466],[-73.70892,40.96466],[-73.70893,40.96466],[-73.70909,40.96455],[-73.70929,40.96439],[-73.70951,40.96425],[-73.70952,40.96424],[-73.7095,40.96423],[-73.70949,40.96422],[-73.7096,40.96419],[-73.70974,40.9641],[-73.70979,40.96407],[-73.70996,40.96399],[-73.71002,40.96397],[-73.71026,40.96393],[-73.71047,40.96388],[-73.71059,40.96385],[-73.71064,40.96383],[-73.71075,40.96378],[-73.71103,40.96363],[-73.71147,40.96337],[-73.71147,40.96337],[-73.7117,40.96329],[-73.71182,40.96327],[-73.71183,40.96327],[-73.71191,40.96322],[-73.71194,40.96311],[-73.71196,40.96307],[-73.71197,40.96305],[-73.71223,40.96294],[-73.71224,40.96294],[-73.71166,40.96244],[-73.70978,40.9608],[-73.70947,40.96054],[-73.70875,40.95995],[-73.70768,40.95907],[-73.70629,40.95792],[-73.70408,40.9561],[-73.70355,40.95567],[-73.69788,40.95101],[-73.69721,40.95044],[-73.69641,40.94977],[-73.69641,40.94977],[-73.69199,40.95755],[-73.69199,40.95755],[-73.69199,40.95755],[-73.69399,40.9587],[-73.69509,40.95933],[-73.69622,40.96045],[-73.69597,40.96123],[-73.69434,40.96288],[-73.69304,40.96419],[-73.6925,40.96506],[-73.69215,40.96563],[-73.69185,40.96665],[-73.69147,40.96796],[-73.69068,40.96964],[-73.69044,40.97016],[-73.69324,40.97181],[-73.68756,40.97485],[-73.68756,40.97485],[-73.68742,40.97494],[-73.68701,40.97524],[-73.68701,40.97524],[-73.68701,40.97525],[-73.6863,40.97626],[-73.68649,40.97599],[-73.68623,40.97635],[-73.68536,40.9777],[-73.68493,40.97847],[-73.68488,40.97857],[-73.68425,40.97969],[-73.68424,40.97972],[-73.68403,40.98009],[-73.68382,40.98055],[-73.68382,40.98115]]],[[[-73.68376,40.98091],[-73.68376,40.98091],[-73.68376,40.98091],[-73.68376,40.98091],[-73.68376,40.98091]]]]},"properties":{"name":"OSBORN SCHOOL","schoolId":"362526003491"}},{"type":"Feature","geometry":{"type":"Polygon","coordinates":[[[-73.73672,40.95553],[-73.73672,40.95537],[-73.7367,40.95534],[-73.73667,40.95527],[-73.73659,40.95516],[-73.73649,40.9551],[-73.73645,40.95507],[-73.73622,40.95498],[-73.7358,40.95486],[-73.73565,40.95481],[-73.73556,40.95479],[-73.73527,40.95472],[-73.73499,40.95462],[-73.73489,40.95458],[-73.73479,40.95453],[-73.73468,40.95441],[-73.7346,40.9543],[-73.73451,40.95412],[-73.73446,40.95382],[-73.73443,40.95368],[-73.7344,40.9531],[-73.73441,40.95267],[-73.7345,40.95234],[-73.73454,40.95222],[-73.73457,40.95206],[-73.73455,40.95193],[-73.73448,40.9518],[-73.73438,40.95174],[-73.73408,40.95164],[-73.73363,40.95153],[-73.73277,40.95141],[-73.73264,40.95134],[-73.73252,40.95116],[-73.73233,40.95083],[-73.73199,40.95025],[-73.73191,40.95005],[-73.7319,40.94984],[-73.73203,40.94962],[-73.73226,40.94949],[-73.73241,40.94939],[-73.73256,40.94921],[-73.73262,40.9491],[-73.73262,40.94889],[-73.73263,40.94876],[-73.73264,40.94861],[-73.73265,40.94836],[-73.73256,40.94818],[-73.73237,40.94801],[-73.73223,40.94782],[-73.73219,40.94762],[-73.73218,40.94757],[-73.73081,40.94667],[-73.73025,40.9463],[-73.72871,40.94529],[-73.72815,40.94493],[-73.72815,40.94487],[-73.72807,40.94468],[-73.72776,40.94419],[-73.7277,40.94407],[-73.72688,40.94211],[-73.72608,40.94121],[-73.72567,40.94109],[-73.72168,40.93991],[-73.71985,40.93907],[-73.71688,40.93771],[-73.71385,40.93498],[-73.71178,40.93311],[-73.71048,40.92451],[-73.70247,40.93888],[-73.69884,40.94541],[-73.69641,40.94977],[-73.69721,40.95044],[-73.69788,40.95101],[-73.70408,40.9561],[-73.70629,40.95792],[-73.70768,40.95907],[-73.70875,40.95995],[-73.70947,40.96054],[-73.70978,40.9608],[-73.71224,40.96294],[-73.71233,40.96291],[-73.71251,40.96268],[-73.7127,40.96248],[-73.7132,40.96198],[-73.71376,40.96137],[-73.71465,40.9605],[-73.71524,40.95992],[-73.71558,40.9595],[-73.71571,40.95929],[-73.71775,40.96003],[-73.71785,40.96006],[-73.7178,40.95995],[-73.71932,40.96048],[-73.71968,40.96064],[-73.71979,40.96077],[-73.71997,40.96076],[-73.72062,40.96098],[-73.72154,40.96114],[-73.72173,40.9612],[-73.7236,40.9618],[-73.72458,40.96212],[-73.72477,40.96219],[-73.72531,40.96236],[-73.7262,40.96264],[-73.72723,40.96295],[-73.72968,40.96377],[-73.72983,40.96381],[-73.73032,40.96383],[-73.73067,40.96369],[-73.73151,40.96336],[-73.73209,40.96313],[-73.73214,40.96311],[-73.73318,40.9625],[-73.73333,40.96242],[-73.73367,40.9621],[-73.73421,40.96188],[-73.73443,40.9617],[-73.73452,40.96157],[-73.7346,40.96144],[-73.73477,40.96122],[-73.7349,40.96107],[-73.73507,40.96092],[-73.7354,40.96065],[-73.7355,40.9605],[-73.7355,40.96032],[-73.73548,40.96002],[-73.73547,40.96001],[-73.73533,40.95975],[-73.73517,40.9596],[-73.73497,40.95943],[-73.73492,40.95928],[-73.73491,40.9591],[-73.73494,40.95896],[-73.73495,40.95888],[-73.73503,40.95867],[-73.73519,40.95834],[-73.73529,40.95817],[-73.73558,40.95789],[-73.73612,40.95731],[-73.73617,40.95726],[-73.73628,40.95699],[-73.73641,40.95676],[-73.73645,40.95658],[-73.73651,40.95636],[-73.73667,40.95608],[-73.7367,40.95595],[-73.73671,40.9558],[-73.73672,40.95553]]]},"properties":{"name":"DANIEL WARREN ELEMENTARY SCHOOL","schoolId":"362529002771"}},{"type":"Feature","geometry":{"type":"Polygon","coordinates":[[[-73.73672,40.95553],[-73.73672,40.95537],[-73.7367,40.95534],[-73.73667,40.95527],[-73.73659,40.95516],[-73.73649,40.9551],[-73.73645,40.95507],[-73.73622,40.95498],[-73.7358,40.95486],[-73.73565,40.95481],[-73.73556,40.95479],[-73.73527,40.95472],[-73.73499,40.95462],[-73.73489,40.95458],[-73.73479,40.95453],[-73.73468,40.95441],[-73.7346,40.9543],[-73.73451,40.95412],[-73.73446,40.95382],[-73.73443,40.95368],[-73.7344,40.9531],[-73.73441,40.95267],[-73.7345,40.95234],[-73.73454,40.95222],[-73.73457,40.95206],[-73.73455,40.95193],[-73.73448,40.9518],[-73.73438,40.95174],[-73.73408,40.95164],[-73.73363,40.95153],[-73.73277,40.95141],[-73.73264,40.95134],[-73.73252,40.95116],[-73.73233,40.95083],[-73.73199,40.95025],[-73.73191,40.95005],[-73.7319,40.94984],[-73.73203,40.94962],[-73.73226,40.94949],[-73.73241,40.94939],[-73.73256,40.94921],[-73.73262,40.9491],[-73.73262,40.94889],[-73.73263,40.94876],[-73.73264,40.94861],[-73.73265,40.94836],[-73.73256,40.94818],[-73.73237,40.94801],[-73.73223,40.94782],[-73.73219,40.94762],[-73.73218,40.94757],[-73.73081,40.94667],[-73.73025,40.9463],[-73.72871,40.94529],[-73.72815,40.94493],[-73.72815,40.94487],[-73.72807,40.94468],[-73.72776,40.94419],[-73.7277,40.94407],[-73.72688,40.94211],[-73.72608,40.94121],[-73.72567,40.94109],[-73.72168,40.93991],[-73.71985,40.93907],[-73.71688,40.93771],[-73.71385,40.93498],[-73.71178,40.93311],[-73.71048,40.92451],[-73.70247,40.93888],[-73.69884,40.94541],[-73.69641,40.94977],[-73.69721,40.95044],[-73.69788,40.95101],[-73.70408,40.9561],[-73.70629,40.95792],[-73.70768,40.95907],[-73.70875,40.95995],[-73.70947,40.96054],[-73.70978,40.9608],[-73.71224,40.96294],[-73.71233,40.96291],[-73.71251,40.96268],[-73.7127,40.96248],[-73.7132,40.96198],[-73.71376,40.96137],[-73.71465,40.9605],[-73.71524,40.95992],[-73.71558,40.9595],[-73.71571,40.95929],[-73.71775,40.96003],[-73.71785,40.96006],[-73.7178,40.95995],[-73.71932,40.96048],[-73.71968,40.96064],[-73.71979,40.96077],[-73.71997,40.96076],[-73.72062,40.96098],[-73.72154,40.96114],[-73.72173,40.9612],[-73.7236,40.9618],[-73.72458,40.96212],[-73.72477,40.96219],[-73.72531,40.96236],[-73.7262,40.96264],[-73.72723,40.96295],[-73.72968,40.96377],[-73.72983,40.96381],[-73.73032,40.96383],[-73.73067,40.96369],[-73.73151,40.96336],[-73.73209,40.96313],[-73.73214,40.96311],[-73.73318,40.9625],[-73.73333,40.96242],[-73.73367,40.9621],[-73.73421,40.96188],[-73.73443,40.9617],[-73.73452,40.96157],[-73.7346,40.96144],[-73.73477,40.96122],[-73.7349,40.96107],[-73.73507,40.96092],[-73.7354,40.96065],[-73.7355,40.9605],[-73.7355,40.96032],[-73.73548,40.96002],[-73.73547,40.96001],[-73.73533,40.95975],[-73.73517,40.9596],[-73.73497,40.95943],[-73.73492,40.95928],[-73.73491,40.9591],[-73.73494,40.95896],[-73.73495,40.95888],[-73.73503,40.95867],[-73.73519,40.95834],[-73.73529,40.95817],[-73.73558,40.95789],[-73.73612,40.95731],[-73.73617,40.95726],[-73.73628,40.95699],[-73.73641,40.95676],[-73.73645,40.95658],[-73.73651,40.95636],[-73.73667,40.95608],[-73.7367,40.95595],[-73.73671,40.9558],[-73.73672,40.95553]]]},"properties":{"name":"F E BELLOWS ELEMENTARY SCHOOL","schoolId":"362529003494"}},{"type":"Feature","geometry":{"type":"Polygon","coordinates":[[[-73.79485,40.98776],[-73.79503,40.98787],[-73.79523,40.98798],[-73.79544,40.98811],[-73.79566,40.98824],[-73.79587,40.98834],[-73.796,40.9884],[-73.7961,40.98844],[-73.79612,40.98845],[-73.79615,40.98846],[-73.79617,40.98847],[-73.7962,40.98848],[-73.79622,40.98848],[-73.79625,40.98849],[-73.79627,40.98849],[-73.7963,40.9885],[-73.79632,40.9885],[-73.79634,40.9885],[-73.7964,40.9885],[-73.79663,40.98849],[-73.79674,40.98816],[-73.79689,40.98771],[-73.79722,40.98768],[-73.79723,40.98769],[-73.79724,40.98769],[-73.79725,40.98769],[-73.79726,40.98769],[-73.79739,40.98771],[-73.79776,40.98774],[-73.79813,40.98778],[-73.79841,40.9878],[-73.79846,40.98748],[-73.79877,40.98724],[-73.7988,40.98722],[-73.79928,40.98686],[-73.79957,40.98665],[-73.79957,40.98661],[-73.79957,40.98661],[-73.79954,40.98657],[-73.79951,40.98653],[-73.7995,40.98649],[-73.79949,40.98648],[-73.79948,40.98644],[-73.79985,40.98617],[-73.80014,40.98595],[-73.8005,40.98567],[-73.80086,40.98574],[-73.80098,40.98542],[-73.80108,40.98506],[-73.80116,40.9848],[-73.8012,40.98464],[-73.8012,40.98463],[-73.8012,40.98462],[-73.80121,40.98461],[-73.80121,40.9846],[-73.80121,40.98459],[-73.80121,40.98458],[-73.80121,40.98457],[-73.80121,40.98456],[-73.8012,40.98455],[-73.8012,40.98454],[-73.8012,40.98453],[-73.8012,40.98452],[-73.8012,40.98451],[-73.80119,40.9845],[-73.80119,40.98449],[-73.80118,40.98449],[-73.80118,40.98448],[-73.80117,40.98447],[-73.80117,40.98446],[-73.80116,40.98445],[-73.80116,40.98444],[-73.80115,40.98443],[-73.80114,40.98442],[-73.80114,40.98442],[-73.80113,40.98441],[-73.80112,40.9844],[-73.80111,40.98439],[-73.8011,40.98439],[-73.80109,40.98438],[-73.80108,40.98437],[-73.80107,40.98437],[-73.80106,40.98436],[-73.80105,40.98436],[-73.80104,40.98435],[-73.80103,40.98434],[-73.80102,40.98434],[-73.80101,40.98433],[-73.801,40.98433],[-73.80099,40.98433],[-73.80097,40.98432],[-73.80096,40.98432],[-73.80095,40.98432],[-73.80094,40.98431],[-73.80093,40.98431],[-73.80091,40.98431],[-73.8009,40.98431],[-73.80087,40.9842],[-73.80086,40.98416],[-73.80083,40.98388],[-73.80081,40.98373],[-73.80081,40.9837],[-73.80081,40.98368],[-73.80105,40.98316],[-73.80107,40.98311],[-73.80113,40.98295],[-73.80127,40.98262],[-73.80134,40.98247],[-73.80145,40.98222],[-73.80152,40.98202],[-73.80159,40.98185],[-73.80169,40.98162],[-73.80177,40.98141],[-73.80197,40.98146],[-73.80216,40.98151],[-73.80232,40.98112],[-73.80248,40.98116],[-73.80254,40.98102],[-73.80256,40.98095],[-73.80258,40.98093],[-73.80258,40.98093],[-73.80222,40.98066],[-73.80162,40.98011],[-73.80162,40.98011],[-73.80162,40.98011],[-73.80162,40.98011],[-73.80119,40.97971],[-73.80111,40.97966],[-73.80048,40.97921],[-73.80041,40.97913],[-73.80038,40.9791],[-73.80038,40.9791],[-73.80027,40.979],[-73.80003,40.97866],[-73.80003,40.97866],[-73.79998,40.97858],[-73.79981,40.97845],[-73.79981,40.97845],[-73.79965,40.97833],[-73.79935,40.97811],[-73.79935,40.97811],[-73.79935,40.97811],[-73.79897,40.97783],[-73.7987,40.97762],[-73.7987,40.97762],[-73.7983,40.97731],[-73.7976,40.97681],[-73.7976,40.97681],[-73.79757,40.97679],[-73.79757,40.97679],[-73.79699,40.97618],[-73.7969,40.97603],[-73.79678,40.97581],[-73.79657,40.97575],[-73.7963,40.97567],[-73.79567,40.97551],[-73.79541,40.97548],[-73.79541,40.97548],[-73.79541,40.97548],[-73.79446,40.9754],[-73.79392,40.97535],[-73.79352,40.97531],[-73.79337,40.97526],[-73.7931,40.97516],[-73.7931,40.97516],[-73.79309,40.97517],[-73.79301,40.97524],[-73.79289,40.97535],[-73.79289,40.97535],[-73.79214,40.97593],[-73.79213,40.97593],[-73.79213,40.97593],[-73.79189,40.97612],[-73.79178,40.9762],[-73.79178,40.9762],[-73.79173,40.97624],[-73.79132,40.97652],[-73.79127,40.97654],[-73.79127,40.97654],[-73.79119,40.97659],[-73.79114,40.97664],[-73.79101,40.97686],[-73.79093,40.97699],[-73.79086,40.97706],[-73.79069,40.97718],[-73.79058,40.97724],[-73.79048,40.97729],[-73.79046,40.97732],[-73.79043,40.9774],[-73.79043,40.97741],[-73.79044,40.97746],[-73.79053,40.97769],[-73.79053,40.97769],[-73.79058,40.97781],[-73.79061,40.97787],[-73.79065,40.97795],[-73.79065,40.97795],[-73.79084,40.97839],[-73.79102,40.97869],[-73.79102,40.97869],[-73.79103,40.97872],[-73.79121,40.97902],[-73.79124,40.97907],[-73.79125,40.97909],[-73.79127,40.97914],[-73.79129,40.97918],[-73.79131,40.97928],[-73.79131,40.9794],[-73.79126,40.97988],[-73.79126,40.97995],[-73.79125,40.97996],[-73.79125,40.98],[-73.79124,40.98003],[-73.79123,40.98007],[-73.79121,40.98009],[-73.79119,40.98011],[-73.79088,40.98028],[-73.79084,40.98031],[-73.79082,40.98033],[-73.79061,40.98062],[-73.79023,40.98115],[-73.79021,40.98117],[-73.79021,40.98117],[-73.79012,40.98129],[-73.7901,40.98131],[-73.79009,40.98132],[-73.79003,40.9814],[-73.78997,40.98147],[-73.78994,40.98151],[-73.78958,40.98196],[-73.78944,40.98213],[-73.78902,40.98272],[-73.78849,40.98358],[-73.78823,40.98401],[-73.78769,40.98465],[-73.78757,40.98477],[-73.78751,40.9848],[-73.78751,40.9848],[-73.78741,40.98486],[-73.7873,40.98489],[-73.7873,40.98489],[-73.78721,40.9849],[-73.78717,40.98493],[-73.78713,40.98498],[-73.7871,40.98507],[-73.78707,40.98525],[-73.78704,40.98532],[-73.78704,40.98533],[-73.78702,40.98537],[-73.78702,40.98537],[-73.78698,40.98545],[-73.78694,40.98549],[-73.78703,40.98543],[-73.7872,40.98529],[-73.78742,40.98535],[-73.78773,40.98553],[-73.78773,40.98554],[-73.78774,40.98555],[-73.78774,40.98556],[-73.78774,40.98556],[-73.78775,40.98557],[-73.78776,40.98558],[-73.78776,40.98558],[-73.78777,40.98559],[-73.78789,40.9857],[-73.78801,40.98577],[-73.78813,40.98585],[-73.78821,40.98589],[-73.78833,40.98594],[-73.78835,40.98594],[-73.78882,40.98601],[-73.78883,40.98602],[-73.78883,40.98602],[-73.78884,40.98603],[-73.78885,40.98603],[-73.78886,40.98604],[-73.78886,40.98604],[-73.78887,40.98605],[-73.78888,40.98605],[-73.78889,40.98606],[-73.78891,40.98607],[-73.78892,40.98607],[-73.78938,40.98616],[-73.78978,40.98623],[-73.79016,40.98631],[-73.79054,40.9864],[-73.79073,40.98644],[-73.79098,40.9865],[-73.79111,40.98653],[-73.79149,40.98661],[-73.79167,40.98665],[-73.79261,40.98687],[-73.79303,40.98696],[-73.79324,40.98702],[-73.79373,40.98716],[-73.79399,40.98724],[-73.79412,40.98731],[-73.79433,40.98744],[-73.7945,40.98755],[-73.79465,40.98764],[-73.79485,40.98776]]]},"properties":{"name":"EDGEWOOD SCHOOL","schoolId":"362595003560"}},{"type":"Feature","geometry":{"type":"Polygon","coordinates":[[[-73.81001,40.98726],[-73.80913,40.98659],[-73.80907,40.98655],[-73.80907,40.98654],[-73.80891,40.98642],[-73.80872,40.98628],[-73.80871,40.98628],[-73.80845,40.98609],[-73.80761,40.98532],[-73.8066,40.9844],[-73.80499,40.98323],[-73.80479,40.98294],[-73.80474,40.98288],[-73.8038,40.98202],[-73.80297,40.98121],[-73.80258,40.98093],[-73.80258,40.98093],[-73.80256,40.98095],[-73.80254,40.98102],[-73.80248,40.98116],[-73.80232,40.98112],[-73.80216,40.98151],[-73.80197,40.98146],[-73.80177,40.98141],[-73.80169,40.98162],[-73.80159,40.98185],[-73.80152,40.98202],[-73.80145,40.98222],[-73.80134,40.98247],[-73.80127,40.98262],[-73.80113,40.98295],[-73.80107,40.98311],[-73.80105,40.98316],[-73.80081,40.98368],[-73.80081,40.9837],[-73.80081,40.98373],[-73.80083,40.98388],[-73.80086,40.98416],[-73.80087,40.9842],[-73.8009,40.98431],[-73.80091,40.98431],[-73.80093,40.98431],[-73.80094,40.98431],[-73.80095,40.98432],[-73.80096,40.98432],[-73.80097,40.98432],[-73.80099,40.98433],[-73.801,40.98433],[-73.80101,40.98433],[-73.80102,40.98434],[-73.80103,40.98434],[-73.80104,40.98435],[-73.80105,40.98436],[-73.80106,40.98436],[-73.80107,40.98437],[-73.80108,40.98437],[-73.80109,40.98438],[-73.8011,40.98439],[-73.80111,40.98439],[-73.80112,40.9844],[-73.80113,40.98441],[-73.80114,40.98442],[-73.80114,40.98442],[-73.80115,40.98443],[-73.80116,40.98444],[-73.80116,40.98445],[-73.80117,40.98446],[-73.80117,40.98447],[-73.80118,40.98448],[-73.80118,40.98449],[-73.80119,40.98449],[-73.80119,40.9845],[-73.8012,40.98451],[-73.8012,40.98452],[-73.8012,40.98453],[-73.8012,40.98454],[-73.8012,40.98455],[-73.80121,40.98456],[-73.80121,40.98457],[-73.80121,40.98458],[-73.80121,40.98459],[-73.80121,40.9846],[-73.80121,40.98461],[-73.8012,40.98462],[-73.8012,40.98463],[-73.8012,40.98464],[-73.80116,40.9848],[-73.80108,40.98506],[-73.80098,40.98542],[-73.80086,40.98574],[-73.8005,40.98567],[-73.80014,40.98595],[-73.79985,40.98617],[-73.79948,40.98644],[-73.79949,40.98648],[-73.7995,40.98649],[-73.79951,40.98653],[-73.79954,40.98657],[-73.79957,40.98661],[-73.79957,40.98661],[-73.79957,40.98665],[-73.79928,40.98686],[-73.7988,40.98722],[-73.79877,40.98724],[-73.79846,40.98748],[-73.79841,40.9878],[-73.79813,40.98778],[-73.79776,40.98774],[-73.79739,40.98771],[-73.79726,40.98769],[-73.79725,40.98769],[-73.79724,40.98769],[-73.79723,40.98769],[-73.79722,40.98768],[-73.79689,40.98771],[-73.79674,40.98816],[-73.79663,40.98849],[-73.79636,40.98897],[-73.79635,40.98898],[-73.79622,40.98914],[-73.79608,40.98931],[-73.796,40.98941],[-73.79585,40.9896],[-73.79577,40.9897],[-73.79548,40.99004],[-73.79525,40.99031],[-73.79509,40.99049],[-73.79502,40.99057],[-73.79501,40.9906],[-73.79483,40.9908],[-73.79461,40.99105],[-73.7945,40.99119],[-73.79424,40.99151],[-73.794,40.99179],[-73.79392,40.99189],[-73.79364,40.99223],[-73.79341,40.9925],[-73.79312,40.99284],[-73.79311,40.99285],[-73.79311,40.99286],[-73.7931,40.99286],[-73.7931,40.99287],[-73.79309,40.99287],[-73.79309,40.99288],[-73.79286,40.99314],[-73.79286,40.99315],[-73.79285,40.99315],[-73.79253,40.99352],[-73.79246,40.9936],[-73.79218,40.99393],[-73.79217,40.99393],[-73.79181,40.99435],[-73.79162,40.99453],[-73.79162,40.99453],[-73.79162,40.99454],[-73.79162,40.99454],[-73.79162,40.99455],[-73.79162,40.99455],[-73.79162,40.99456],[-73.79161,40.99456],[-73.79161,40.99457],[-73.79161,40.99457],[-73.79161,40.99458],[-73.7916,40.99458],[-73.7916,40.99459],[-73.79159,40.99459],[-73.79159,40.99459],[-73.79158,40.99461],[-73.7914,40.99481],[-73.79133,40.9949],[-73.79096,40.99533],[-73.7907,40.99562],[-73.79039,40.99598],[-73.79038,40.99599],[-73.79037,40.99599],[-73.79036,40.996],[-73.79035,40.996],[-73.79034,40.99601],[-73.79013,40.9962],[-73.79013,40.99621],[-73.79013,40.99621],[-73.79013,40.99622],[-73.79013,40.99622],[-73.79013,40.99623],[-73.79013,40.99623],[-73.79013,40.99624],[-73.79013,40.99624],[-73.79013,40.99625],[-73.79013,40.99625],[-73.79012,40.99626],[-73.79012,40.99626],[-73.79012,40.99627],[-73.7898,40.99662],[-73.78944,40.9965],[-73.78935,40.99647],[-73.78907,40.99639],[-73.78894,40.99635],[-73.78853,40.99683],[-73.78839,40.99679],[-73.78788,40.99663],[-73.78783,40.99661],[-73.78777,40.9966],[-73.78761,40.99651],[-73.78754,40.99694],[-73.78753,40.99706],[-73.78749,40.99734],[-73.78745,40.99741],[-73.78742,40.99762],[-73.78739,40.99785],[-73.78736,40.99806],[-73.78772,40.99821],[-73.78793,40.9983],[-73.78802,40.99834],[-73.78804,40.99834],[-73.78823,40.99842],[-73.78831,40.99858],[-73.78825,40.99865],[-73.78793,40.999],[-73.7878,40.99915],[-73.78754,40.99907],[-73.78754,40.99906],[-73.78753,40.99905],[-73.78752,40.99905],[-73.78751,40.99904],[-73.78751,40.99904],[-73.7875,40.99903],[-73.78725,40.99893],[-73.78724,40.99893],[-73.78723,40.99892],[-73.78721,40.99892],[-73.78719,40.99891],[-73.78718,40.99891],[-73.78716,40.9989],[-73.78715,40.99889],[-73.78714,40.99889],[-73.78712,40.99888],[-73.78711,40.99887],[-73.7871,40.99886],[-73.78708,40.99886],[-73.78707,40.99885],[-73.78704,40.99887],[-73.78648,40.99927],[-73.78625,40.99919],[-73.78613,40.99937],[-73.786,40.99955],[-73.78575,40.99992],[-73.7858,40.99994],[-73.78599,41.00001],[-73.78616,41.00008],[-73.78609,41.00015],[-73.78594,41.00031],[-73.78584,41.00042],[-73.78571,41.00057],[-73.78554,41.00076],[-73.78533,41.00099],[-73.78522,41.0011],[-73.78517,41.00122],[-73.78508,41.00148],[-73.78433,41.00119],[-73.78432,41.00123],[-73.7843,41.00142],[-73.78424,41.00175],[-73.78439,41.0018],[-73.78428,41.00219],[-73.78423,41.00219],[-73.78415,41.00253],[-73.78414,41.00259],[-73.7841,41.00274],[-73.78393,41.00305],[-73.78383,41.00325],[-73.78375,41.00339],[-73.78375,41.00359],[-73.78375,41.00366],[-73.78398,41.00371],[-73.78428,41.00377],[-73.78432,41.00378],[-73.78462,41.0039],[-73.78498,41.00405],[-73.78476,41.00471],[-73.78483,41.00474],[-73.78538,41.00499],[-73.78715,41.00582],[-73.78722,41.00585],[-73.7883,41.0063],[-73.78945,41.00678],[-73.79442,41.00889],[-73.79445,41.00891],[-73.79482,41.00907],[-73.79516,41.00921],[-73.79516,41.00921],[-73.79517,41.00922],[-73.79517,41.00922],[-73.79518,41.00922],[-73.79518,41.00922],[-73.79519,41.00922],[-73.7952,41.00922],[-73.7952,41.00922],[-73.7952,41.00922],[-73.79521,41.00922],[-73.79521,41.00922],[-73.79522,41.00922],[-73.79522,41.00922],[-73.79523,41.00922],[-73.79523,41.00922],[-73.79524,41.00922],[-73.79524,41.00922],[-73.79525,41.00922],[-73.79525,41.00922],[-73.79526,41.00922],[-73.79526,41.00922],[-73.79527,41.00922],[-73.79527,41.00922],[-73.79528,41.00922],[-73.79528,41.00921],[-73.79529,41.00921],[-73.79529,41.00921],[-73.7953,41.00921],[-73.7953,41.00921],[-73.7953,41.0092],[-73.79531,41.0092],[-73.79531,41.0092],[-73.79532,41.0092],[-73.79532,41.0092],[-73.79532,41.00919],[-73.79532,41.00919],[-73.79533,41.00919],[-73.79533,41.00919],[-73.79533,41.00918],[-73.79534,41.00918],[-73.79534,41.00918],[-73.79534,41.00917],[-73.79535,41.00917],[-73.79535,41.00916],[-73.79535,41.00916],[-73.79535,41.00916],[-73.79536,41.00915],[-73.79536,41.00915],[-73.79538,41.00911],[-73.7954,41.00909],[-73.79541,41.00907],[-73.79543,41.00904],[-73.79544,41.00902],[-73.79546,41.009],[-73.79547,41.00898],[-73.79549,41.00896],[-73.79551,41.00894],[-73.79552,41.00892],[-73.79554,41.0089],[-73.79555,41.00889],[-73.79556,41.00888],[-73.79558,41.00887],[-73.79559,41.00886],[-73.7956,41.00885],[-73.79561,41.00883],[-73.79563,41.00882],[-73.79564,41.00881],[-73.79565,41.0088],[-73.79567,41.00879],[-73.79568,41.00878],[-73.79569,41.00877],[-73.79578,41.00871],[-73.796,41.00854],[-73.79622,41.00837],[-73.79645,41.0082],[-73.7967,41.008],[-73.79698,41.00778],[-73.79715,41.00765],[-73.79718,41.00763],[-73.79721,41.0076],[-73.79724,41.00757],[-73.79727,41.00755],[-73.7973,41.00752],[-73.79733,41.00749],[-73.79736,41.00746],[-73.79739,41.00743],[-73.79742,41.00741],[-73.79745,41.00738],[-73.79745,41.00737],[-73.79749,41.00732],[-73.79752,41.00729],[-73.79754,41.00726],[-73.79759,41.0072],[-73.79763,41.00714],[-73.79771,41.00703],[-73.79773,41.007],[-73.79775,41.00697],[-73.79777,41.00695],[-73.79779,41.00692],[-73.7978,41.00689],[-73.79782,41.00686],[-73.79783,41.00684],[-73.79785,41.0068],[-73.7979,41.0067],[-73.79793,41.00664],[-73.79797,41.00657],[-73.79801,41.00651],[-73.79803,41.00648],[-73.79805,41.00645],[-73.79807,41.00642],[-73.79809,41.00639],[-73.79811,41.00636],[-73.79814,41.00632],[-73.79817,41.0063],[-73.79819,41.00627],[-73.79822,41.00624],[-73.79825,41.00621],[-73.79827,41.00618],[-73.7983,41.00616],[-73.79831,41.00615],[-73.79832,41.00614],[-73.79832,41.00614],[-73.79833,41.00613],[-73.79833,41.00613],[-73.79834,41.00612],[-73.79835,41.00612],[-73.79836,41.00611],[-73.79836,41.00611],[-73.79838,41.00609],[-73.7984,41.00608],[-73.79842,41.00607],[-73.79843,41.00605],[-73.79845,41.00604],[-73.79847,41.00602],[-73.79848,41.00601],[-73.7985,41.00599],[-73.79851,41.00598],[-73.79853,41.00596],[-73.79858,41.0059],[-73.79864,41.00583],[-73.79884,41.00557],[-73.79899,41.00537],[-73.79914,41.00516],[-73.79928,41.00495],[-73.79941,41.00475],[-73.79954,41.00456],[-73.79968,41.00435],[-73.79979,41.00418],[-73.79988,41.00405],[-73.79998,41.00391],[-73.80002,41.00385],[-73.80005,41.00378],[-73.80009,41.00371],[-73.80012,41.00365],[-73.80016,41.00358],[-73.80019,41.00351],[-73.80021,41.00345],[-73.80024,41.00338],[-73.80024,41.00337],[-73.80025,41.00337],[-73.80025,41.00337],[-73.80025,41.00337],[-73.80025,41.00336],[-73.80025,41.00336],[-73.80025,41.00336],[-73.80025,41.00335],[-73.80025,41.00335],[-73.80025,41.00335],[-73.80026,41.00334],[-73.80026,41.00334],[-73.80026,41.00334],[-73.80026,41.00333],[-73.80026,41.00333],[-73.80026,41.00333],[-73.80026,41.00332],[-73.80026,41.00332],[-73.80026,41.00332],[-73.80026,41.00331],[-73.80026,41.00331],[-73.80026,41.00331],[-73.80026,41.0033],[-73.80026,41.0033],[-73.80026,41.0033],[-73.80026,41.00329],[-73.80026,41.00329],[-73.80026,41.00329],[-73.80026,41.00328],[-73.80026,41.00328],[-73.80026,41.00328],[-73.80026,41.00327],[-73.80026,41.00327],[-73.80025,41.00327],[-73.80025,41.00326],[-73.80025,41.00326],[-73.80025,41.00326],[-73.80025,41.00325],[-73.80025,41.00325],[-73.80025,41.00325],[-73.80025,41.00325],[-73.80024,41.00324],[-73.80024,41.00324],[-73.80024,41.00324],[-73.80024,41.00323],[-73.80024,41.00323],[-73.80024,41.00323],[-73.80023,41.00322],[-73.80023,41.00322],[-73.80023,41.00322],[-73.80023,41.00322],[-73.80023,41.00321],[-73.80022,41.00321],[-73.80022,41.00321],[-73.80022,41.0032],[-73.80022,41.0032],[-73.80021,41.0032],[-73.80021,41.0032],[-73.80021,41.00319],[-73.80021,41.00319],[-73.8002,41.00319],[-73.8002,41.00319],[-73.8002,41.00318],[-73.8002,41.00318],[-73.80019,41.00318],[-73.80019,41.00318],[-73.80019,41.00317],[-73.80018,41.00317],[-73.80018,41.00317],[-73.80018,41.00317],[-73.80017,41.00316],[-73.80017,41.00316],[-73.80017,41.00316],[-73.80016,41.00316],[-73.80016,41.00316],[-73.80016,41.00315],[-73.80015,41.00315],[-73.80015,41.00315],[-73.80015,41.00315],[-73.80014,41.00315],[-73.80009,41.00312],[-73.79972,41.00292],[-73.79969,41.00291],[-73.79969,41.00291],[-73.79968,41.00291],[-73.79968,41.0029],[-73.79968,41.0029],[-73.79968,41.0029],[-73.79967,41.0029],[-73.79967,41.0029],[-73.79967,41.00289],[-73.79967,41.00289],[-73.79966,41.00289],[-73.79966,41.00289],[-73.79966,41.00289],[-73.79966,41.00288],[-73.79965,41.00288],[-73.79965,41.00288],[-73.79965,41.00288],[-73.79965,41.00287],[-73.79965,41.00287],[-73.79964,41.00287],[-73.79964,41.00287],[-73.79964,41.00287],[-73.79964,41.00286],[-73.79964,41.00286],[-73.79964,41.00286],[-73.79963,41.00286],[-73.79963,41.00285],[-73.79963,41.00285],[-73.79963,41.00285],[-73.79963,41.00285],[-73.79963,41.00284],[-73.79963,41.00284],[-73.79963,41.00284],[-73.79962,41.00284],[-73.79962,41.00283],[-73.79962,41.00283],[-73.79962,41.00283],[-73.79962,41.00283],[-73.79962,41.00282],[-73.79962,41.00282],[-73.79962,41.00282],[-73.79962,41.00282],[-73.79962,41.00281],[-73.79962,41.00281],[-73.79962,41.00281],[-73.79962,41.0028],[-73.79962,41.0028],[-73.79962,41.0028],[-73.79962,41.0028],[-73.79962,41.00279],[-73.79962,41.00279],[-73.79962,41.00279],[-73.79962,41.00279],[-73.79962,41.00278],[-73.79962,41.00278],[-73.79962,41.00278],[-73.79962,41.00277],[-73.79962,41.00277],[-73.79962,41.00277],[-73.79962,41.00277],[-73.79962,41.00276],[-73.79962,41.00276],[-73.79962,41.00276],[-73.79962,41.00276],[-73.79962,41.00275],[-73.79962,41.00275],[-73.79962,41.00275],[-73.79962,41.00275],[-73.79963,41.00274],[-73.79963,41.00274],[-73.79963,41.00274],[-73.79963,41.00274],[-73.79963,41.00273],[-73.79963,41.00273],[-73.79963,41.00273],[-73.79963,41.00273],[-73.79964,41.00272],[-73.79964,41.00272],[-73.79964,41.00272],[-73.79964,41.00272],[-73.79964,41.00271],[-73.79964,41.00271],[-73.79965,41.00271],[-73.79965,41.00271],[-73.79965,41.0027],[-73.79965,41.0027],[-73.79971,41.00262],[-73.79988,41.0024],[-73.80004,41.00218],[-73.80005,41.00218],[-73.80005,41.00217],[-73.80005,41.00217],[-73.80006,41.00217],[-73.80006,41.00216],[-73.80006,41.00216],[-73.80007,41.00215],[-73.80007,41.00215],[-73.80007,41.00215],[-73.80007,41.00214],[-73.80008,41.00214],[-73.80008,41.00213],[-73.80008,41.00213],[-73.80008,41.00212],[-73.80009,41.00212],[-73.80009,41.00212],[-73.80009,41.00211],[-73.80009,41.00211],[-73.80009,41.0021],[-73.80009,41.0021],[-73.8001,41.00209],[-73.8001,41.00209],[-73.8001,41.00208],[-73.8001,41.00208],[-73.8001,41.00207],[-73.8001,41.00207],[-73.8001,41.00207],[-73.8001,41.00206],[-73.8001,41.00206],[-73.8001,41.00205],[-73.80011,41.00205],[-73.80011,41.00204],[-73.80011,41.00204],[-73.80011,41.00203],[-73.80011,41.00203],[-73.80011,41.00202],[-73.80011,41.00202],[-73.80011,41.00201],[-73.8001,41.00201],[-73.8001,41.00201],[-73.8001,41.002],[-73.8001,41.002],[-73.8001,41.00199],[-73.8001,41.00199],[-73.8001,41.00198],[-73.8001,41.00198],[-73.8001,41.00197],[-73.8001,41.00197],[-73.80009,41.00196],[-73.80009,41.00196],[-73.80009,41.00195],[-73.80009,41.00195],[-73.80009,41.00195],[-73.80009,41.00194],[-73.80008,41.00194],[-73.80008,41.00193],[-73.80008,41.00193],[-73.80008,41.00192],[-73.80007,41.00192],[-73.80007,41.00192],[-73.80007,41.00191],[-73.80007,41.00191],[-73.80006,41.0019],[-73.80006,41.0019],[-73.80006,41.0019],[-73.80005,41.00189],[-73.80005,41.00189],[-73.80005,41.00188],[-73.80004,41.00188],[-73.80004,41.00188],[-73.80004,41.00187],[-73.80003,41.00187],[-73.80003,41.00186],[-73.80003,41.00186],[-73.80002,41.00186],[-73.80002,41.00185],[-73.80001,41.00185],[-73.80001,41.00184],[-73.79982,41.00168],[-73.79987,41.0016],[-73.79996,41.00147],[-73.80004,41.00134],[-73.80012,41.0012],[-73.80021,41.00105],[-73.80021,41.00103],[-73.80022,41.00102],[-73.80022,41.001],[-73.80023,41.00099],[-73.80024,41.00098],[-73.80024,41.00096],[-73.80025,41.00095],[-73.80026,41.00094],[-73.80027,41.00093],[-73.80027,41.00091],[-73.80028,41.0009],[-73.80029,41.00089],[-73.8003,41.00088],[-73.80031,41.00086],[-73.80032,41.00085],[-73.80033,41.00084],[-73.80034,41.00083],[-73.80035,41.00082],[-73.80036,41.00081],[-73.80037,41.0008],[-73.80038,41.00078],[-73.80039,41.00077],[-73.80041,41.00076],[-73.80042,41.00075],[-73.80043,41.00074],[-73.80044,41.00073],[-73.80045,41.00072],[-73.80047,41.00071],[-73.80048,41.0007],[-73.80049,41.00069],[-73.80051,41.00068],[-73.80052,41.00067],[-73.80053,41.00066],[-73.80062,41.0006],[-73.80065,41.00059],[-73.80067,41.00058],[-73.80068,41.00058],[-73.80094,41.00052],[-73.80095,41.00052],[-73.80096,41.00052],[-73.80097,41.00052],[-73.80098,41.00051],[-73.80099,41.00051],[-73.801,41.00051],[-73.80101,41.00051],[-73.80101,41.00051],[-73.80102,41.00051],[-73.80103,41.00051],[-73.80104,41.0005],[-73.80105,41.0005],[-73.80106,41.0005],[-73.80109,41.0005],[-73.80111,41.0005],[-73.80113,41.00049],[-73.80115,41.00049],[-73.80117,41.00049],[-73.80119,41.00049],[-73.8012,41.00049],[-73.80122,41.00049],[-73.80124,41.00048],[-73.80126,41.00048],[-73.80128,41.00048],[-73.8013,41.00048],[-73.80132,41.00048],[-73.80134,41.00048],[-73.80136,41.00049],[-73.80138,41.00049],[-73.80139,41.00049],[-73.80141,41.00049],[-73.80143,41.00049],[-73.80145,41.00049],[-73.80147,41.00049],[-73.80149,41.0005],[-73.80151,41.0005],[-73.80153,41.0005],[-73.80154,41.00051],[-73.80155,41.00051],[-73.80156,41.00051],[-73.80157,41.00051],[-73.80158,41.00051],[-73.80159,41.00051],[-73.8016,41.00052],[-73.80161,41.00052],[-73.80163,41.00052],[-73.80164,41.00052],[-73.80165,41.00052],[-73.80166,41.00052],[-73.80167,41.00052],[-73.80168,41.00052],[-73.80169,41.00052],[-73.80171,41.00052],[-73.80172,41.00052],[-73.80173,41.00052],[-73.80174,41.00052],[-73.80175,41.00052],[-73.80176,41.00052],[-73.80177,41.00052],[-73.80178,41.00052],[-73.8018,41.00052],[-73.80181,41.00051],[-73.80182,41.00051],[-73.80183,41.00051],[-73.80184,41.00051],[-73.80185,41.00051],[-73.80186,41.00051],[-73.80187,41.0005],[-73.80189,41.0005],[-73.8019,41.0005],[-73.80191,41.0005],[-73.80192,41.00049],[-73.80193,41.00049],[-73.80194,41.00049],[-73.80195,41.00048],[-73.80196,41.00048],[-73.80197,41.00048],[-73.80198,41.00047],[-73.80199,41.00047],[-73.802,41.00047],[-73.80201,41.00046],[-73.80202,41.00046],[-73.80203,41.00045],[-73.80204,41.00045],[-73.80205,41.00044],[-73.80206,41.00044],[-73.80208,41.00043],[-73.80209,41.00043],[-73.8021,41.00042],[-73.80211,41.00041],[-73.80212,41.00041],[-73.80213,41.0004],[-73.80214,41.00039],[-73.80215,41.00039],[-73.80216,41.00038],[-73.80217,41.00037],[-73.80218,41.00037],[-73.80218,41.00036],[-73.80219,41.00035],[-73.8022,41.00035],[-73.80221,41.00034],[-73.80222,41.00033],[-73.80223,41.00032],[-73.80224,41.00031],[-73.80224,41.00031],[-73.80225,41.0003],[-73.80226,41.00029],[-73.80227,41.00028],[-73.80227,41.00027],[-73.80228,41.00027],[-73.80228,41.00026],[-73.80229,41.00026],[-73.80229,41.00025],[-73.8023,41.00024],[-73.80231,41.00023],[-73.80237,41.00013],[-73.80243,41.00002],[-73.80246,40.99997],[-73.8026,40.9997],[-73.80274,40.99943],[-73.80288,40.99916],[-73.80302,40.99889],[-73.80316,40.99861],[-73.8033,40.99834],[-73.80333,40.99826],[-73.80344,40.99805],[-73.80358,40.99776],[-73.80377,40.99737],[-73.80393,40.99703],[-73.804,40.99691],[-73.80442,40.99604],[-73.8045,40.99588],[-73.80448,40.99588],[-73.80416,40.99575],[-73.80394,40.99567],[-73.80396,40.99557],[-73.80396,40.99554],[-73.80396,40.99553],[-73.80397,40.99552],[-73.80397,40.99551],[-73.80397,40.9955],[-73.80397,40.99548],[-73.80397,40.99548],[-73.80398,40.99547],[-73.80398,40.99546],[-73.80398,40.99545],[-73.80399,40.99544],[-73.80399,40.99542],[-73.80399,40.99541],[-73.804,40.9954],[-73.80401,40.99539],[-73.80401,40.99538],[-73.80401,40.99537],[-73.80402,40.99536],[-73.80402,40.99536],[-73.80402,40.99535],[-73.80403,40.99534],[-73.80403,40.99534],[-73.80404,40.99533],[-73.80404,40.99532],[-73.80405,40.99532],[-73.80405,40.99531],[-73.80406,40.9953],[-73.80406,40.9953],[-73.80407,40.99529],[-73.80408,40.99528],[-73.80408,40.99528],[-73.80409,40.99527],[-73.80409,40.99527],[-73.8041,40.99526],[-73.80411,40.99525],[-73.80411,40.99525],[-73.80412,40.99524],[-73.80413,40.99524],[-73.80413,40.99523],[-73.80414,40.99523],[-73.80415,40.99522],[-73.80416,40.99521],[-73.80417,40.99521],[-73.80418,40.9952],[-73.80418,40.9952],[-73.80419,40.99519],[-73.8042,40.99519],[-73.80421,40.99518],[-73.80421,40.99518],[-73.80422,40.99517],[-73.80423,40.99517],[-73.80424,40.99517],[-73.80425,40.99516],[-73.80426,40.99516],[-73.80426,40.99515],[-73.80427,40.99515],[-73.80437,40.99511],[-73.80446,40.99507],[-73.80458,40.99501],[-73.80464,40.99499],[-73.80466,40.99498],[-73.80467,40.99497],[-73.80469,40.99496],[-73.8047,40.99495],[-73.80472,40.99494],[-73.80474,40.99493],[-73.80475,40.99492],[-73.80477,40.99492],[-73.80478,40.99491],[-73.8048,40.9949],[-73.80481,40.99489],[-73.80483,40.99488],[-73.80485,40.99486],[-73.80486,40.99485],[-73.80487,40.99484],[-73.80488,40.99483],[-73.80489,40.99482],[-73.8049,40.99481],[-73.80491,40.9948],[-73.80492,40.99478],[-73.80493,40.99477],[-73.80494,40.99476],[-73.80495,40.99475],[-73.80496,40.99474],[-73.80497,40.99472],[-73.80499,40.9947],[-73.805,40.99469],[-73.80502,40.99467],[-73.80504,40.99465],[-73.80505,40.99464],[-73.80507,40.99462],[-73.80509,40.9946],[-73.8051,40.99459],[-73.80512,40.99457],[-73.80514,40.99456],[-73.80516,40.99454],[-73.80518,40.99452],[-73.8052,40.99451],[-73.80521,40.9945],[-73.80523,40.99448],[-73.80525,40.99447],[-73.80527,40.99446],[-73.80528,40.99445],[-73.80529,40.99444],[-73.80531,40.99443],[-73.80532,40.99442],[-73.80533,40.99441],[-73.80535,40.9944],[-73.80543,40.99429],[-73.80551,40.99417],[-73.8056,40.99405],[-73.80564,40.99399],[-73.80574,40.99385],[-73.80582,40.99374],[-73.80592,40.99359],[-73.80599,40.9935],[-73.80609,40.99335],[-73.80617,40.99325],[-73.80627,40.99311],[-73.80635,40.99298],[-73.80638,40.99294],[-73.80644,40.99284],[-73.80652,40.99269],[-73.80666,40.99243],[-73.80677,40.99222],[-73.80683,40.99211],[-73.80695,40.99188],[-73.80723,40.99195],[-73.80757,40.99203],[-73.80762,40.99188],[-73.80765,40.9918],[-73.80766,40.99177],[-73.80781,40.99172],[-73.80783,40.99171],[-73.80796,40.99167],[-73.80811,40.99162],[-73.80814,40.99161],[-73.80817,40.9916],[-73.80819,40.99152],[-73.8082,40.99148],[-73.80821,40.99141],[-73.80824,40.99128],[-73.80826,40.99119],[-73.80821,40.99118],[-73.80824,40.99106],[-73.80834,40.99085],[-73.80846,40.99055],[-73.80851,40.99038],[-73.80852,40.99037],[-73.80853,40.99029],[-73.80858,40.99003],[-73.80866,40.99004],[-73.80871,40.98993],[-73.80879,40.98981],[-73.80885,40.98975],[-73.80886,40.98974],[-73.80907,40.98954],[-73.80908,40.98938],[-73.80953,40.98912],[-73.80955,40.98911],[-73.80964,40.98896],[-73.80969,40.98876],[-73.8097,40.98872],[-73.80972,40.98863],[-73.80981,40.98826],[-73.80986,40.98807],[-73.80999,40.98736],[-73.81,40.98727],[-73.81001,40.98726]]]},"properties":{"name":"FOX MEADOW SCHOOL","schoolId":"362595003561"}},{"type":"Feature","geometry":{"type":"Polygon","coordinates":[[[-73.77313,41.00943],[-73.77325,41.00946],[-73.77337,41.0095],[-73.77337,41.00951],[-73.77369,41.00989],[-73.77369,41.00989],[-73.77434,41.01067],[-73.77451,41.01087],[-73.77451,41.01087],[-73.77476,41.01117],[-73.7767,41.01351],[-73.77764,41.01425],[-73.77764,41.01425],[-73.77878,41.01515],[-73.77981,41.01577],[-73.7803,41.01607],[-73.78074,41.01639],[-73.78084,41.01647],[-73.78091,41.01653],[-73.78092,41.01654],[-73.78092,41.01654],[-73.78102,41.01672],[-73.78126,41.01694],[-73.78143,41.01711],[-73.78143,41.01711],[-73.7817,41.01738],[-73.78175,41.01744],[-73.78177,41.0175],[-73.78177,41.0175],[-73.78181,41.01759],[-73.78196,41.01784],[-73.78212,41.01804],[-73.78236,41.01827],[-73.78236,41.01827],[-73.78254,41.01844],[-73.78271,41.01888],[-73.78271,41.01888],[-73.78316,41.02007],[-73.78403,41.02061],[-73.78425,41.02072],[-73.78446,41.02095],[-73.78446,41.02095],[-73.7846,41.02109],[-73.7848,41.02115],[-73.7848,41.02115],[-73.78501,41.0212],[-73.78511,41.02123],[-73.7852,41.02135],[-73.7852,41.02135],[-73.7853,41.02148],[-73.78529,41.02152],[-73.78529,41.02152],[-73.78529,41.02153],[-73.7856,41.02158],[-73.78612,41.02166],[-73.78612,41.02166],[-73.78638,41.02171],[-73.78688,41.02121],[-73.78688,41.0212],[-73.7866,41.02055],[-73.7866,41.02054],[-73.78658,41.0205],[-73.78658,41.02049],[-73.78657,41.02048],[-73.78657,41.02048],[-73.78718,41.01986],[-73.78802,41.01901],[-73.78874,41.01833],[-73.7888,41.01826],[-73.7888,41.01826],[-73.78882,41.01823],[-73.78904,41.01798],[-73.78904,41.01798],[-73.78925,41.01773],[-73.78926,41.01767],[-73.78926,41.01767],[-73.78927,41.01762],[-73.78927,41.01748],[-73.78928,41.01735],[-73.7893,41.01704],[-73.78937,41.01684],[-73.78937,41.01684],[-73.78943,41.01665],[-73.78976,41.01572],[-73.78977,41.01569],[-73.78983,41.01559],[-73.78992,41.01549],[-73.78997,41.01544],[-73.79042,41.01517],[-73.79091,41.01489],[-73.79111,41.01472],[-73.79139,41.01449],[-73.79232,41.01369],[-73.79281,41.01331],[-73.79281,41.01331],[-73.79292,41.01322],[-73.7931,41.01312],[-73.79314,41.01311],[-73.79325,41.01307],[-73.79334,41.01305],[-73.79347,41.01303],[-73.79365,41.01296],[-73.79365,41.01296],[-73.79369,41.01295],[-73.79369,41.01295],[-73.79372,41.01293],[-73.79372,41.01293],[-73.79381,41.01285],[-73.79453,41.01194],[-73.79453,41.01194],[-73.7947,41.01173],[-73.79493,41.0114],[-73.79493,41.0114],[-73.79504,41.01125],[-73.7951,41.01117],[-73.79533,41.01084],[-73.79562,41.01045],[-73.79585,41.01022],[-73.79595,41.01014],[-73.79603,41.0101],[-73.79643,41.00986],[-73.79651,41.00978],[-73.79651,41.00978],[-73.79655,41.00975],[-73.79656,41.00973],[-73.79658,41.00971],[-73.79663,41.00966],[-73.79667,41.00962],[-73.79675,41.00949],[-73.79678,41.00941],[-73.7968,41.00936],[-73.79682,41.00921],[-73.79685,41.00868],[-73.79685,41.00867],[-73.79689,41.00861],[-73.79689,41.00861],[-73.79694,41.00852],[-73.79751,41.00822],[-73.79751,41.00822],[-73.79751,41.00822],[-73.79797,41.00798],[-73.79821,41.00783],[-73.7983,41.00776],[-73.79832,41.00774],[-73.79842,41.00763],[-73.79842,41.00763],[-73.79845,41.00759],[-73.79863,41.00736],[-73.79863,41.00736],[-73.79884,41.00709],[-73.79969,41.00574],[-73.79986,41.0055],[-73.79986,41.0055],[-73.8001,41.00516],[-73.80039,41.00473],[-73.80039,41.00473],[-73.80058,41.00447],[-73.80069,41.0043],[-73.80093,41.00395],[-73.80145,41.00319],[-73.80271,41.00124],[-73.80309,41.00059],[-73.80309,41.00059],[-73.8034,41.00004],[-73.80479,40.99733],[-73.80488,40.99717],[-73.80506,40.99688],[-73.80514,40.99678],[-73.80514,40.99677],[-73.80514,40.99677],[-73.80518,40.99666],[-73.80523,40.99649],[-73.80529,40.99595],[-73.80529,40.99594],[-73.80529,40.99594],[-73.80536,40.99578],[-73.80539,40.99574],[-73.80539,40.99574],[-73.80543,40.99568],[-73.80558,40.99551],[-73.80563,40.99547],[-73.80584,40.99526],[-73.80602,40.99512],[-73.80602,40.99512],[-73.80616,40.99501],[-73.80641,40.99489],[-73.80641,40.99489],[-73.80645,40.99488],[-73.80681,40.9947],[-73.80696,40.99459],[-73.80707,40.99446],[-73.80707,40.99446],[-73.80715,40.99435],[-73.80719,40.99421],[-73.8072,40.99415],[-73.8072,40.99415],[-73.80721,40.99408],[-73.80723,40.99393],[-73.80729,40.99372],[-73.80739,40.99356],[-73.80741,40.99351],[-73.8076,40.99313],[-73.8076,40.99313],[-73.80761,40.99311],[-73.80775,40.99291],[-73.80843,40.99182],[-73.80858,40.99155],[-73.80861,40.99149],[-73.80863,40.99146],[-73.80866,40.99141],[-73.80873,40.99126],[-73.80873,40.99126],[-73.80892,40.99083],[-73.80902,40.99058],[-73.80907,40.99041],[-73.80907,40.99041],[-73.80907,40.99039],[-73.80907,40.99039],[-73.80908,40.99017],[-73.80911,40.99005],[-73.80915,40.99],[-73.80915,40.99],[-73.80915,40.98999],[-73.80915,40.98999],[-73.80916,40.98999],[-73.80916,40.98999],[-73.80921,40.98996],[-73.80934,40.98991],[-73.80951,40.98982],[-73.80964,40.98973],[-73.80973,40.98967],[-73.80987,40.98949],[-73.80995,40.9893],[-73.81016,40.9889],[-73.81039,40.98847],[-73.81039,40.98847],[-73.81039,40.98847],[-73.81043,40.9884],[-73.81069,40.98792],[-73.81068,40.98792],[-73.81037,40.9876],[-73.8101,40.98733],[-73.81001,40.98726],[-73.81,40.98727],[-73.80999,40.98736],[-73.80986,40.98807],[-73.80981,40.98826],[-73.80972,40.98863],[-73.8097,40.98872],[-73.80969,40.98876],[-73.80964,40.98896],[-73.80955,40.98911],[-73.80953,40.98912],[-73.80908,40.98938],[-73.80907,40.98954],[-73.80886,40.98974],[-73.80885,40.98975],[-73.80879,40.98981],[-73.80871,40.98993],[-73.80866,40.99004],[-73.80858,40.99003],[-73.80853,40.99029],[-73.80852,40.99037],[-73.80851,40.99038],[-73.80846,40.99055],[-73.80834,40.99085],[-73.80824,40.99106],[-73.80821,40.99118],[-73.80826,40.99119],[-73.80824,40.99128],[-73.80821,40.99141],[-73.8082,40.99148],[-73.80819,40.99152],[-73.80817,40.9916],[-73.80814,40.99161],[-73.80811,40.99162],[-73.80796,40.99167],[-73.80783,40.99171],[-73.80781,40.99172],[-73.80766,40.99177],[-73.80765,40.9918],[-73.80762,40.99188],[-73.80757,40.99203],[-73.80723,40.99195],[-73.80695,40.99188],[-73.80683,40.99211],[-73.80677,40.99222],[-73.80666,40.99243],[-73.80652,40.99269],[-73.80644,40.99284],[-73.80638,40.99294],[-73.80635,40.99298],[-73.80627,40.99311],[-73.80617,40.99325],[-73.80609,40.99335],[-73.80599,40.9935],[-73.80592,40.99359],[-73.80582,40.99374],[-73.80574,40.99385],[-73.80564,40.99399],[-73.8056,40.99405],[-73.80551,40.99417],[-73.80543,40.99429],[-73.80535,40.9944],[-73.80533,40.99441],[-73.80532,40.99442],[-73.80531,40.99443],[-73.80529,40.99444],[-73.80528,40.99445],[-73.80527,40.99446],[-73.80525,40.99447],[-73.80523,40.99448],[-73.80521,40.9945],[-73.8052,40.99451],[-73.80518,40.99452],[-73.80516,40.99454],[-73.80514,40.99456],[-73.80512,40.99457],[-73.8051,40.99459],[-73.80509,40.9946],[-73.80507,40.99462],[-73.80505,40.99464],[-73.80504,40.99465],[-73.80502,40.99467],[-73.805,40.99469],[-73.80499,40.9947],[-73.80497,40.99472],[-73.80496,40.99474],[-73.80495,40.99475],[-73.80494,40.99476],[-73.80493,40.99477],[-73.80492,40.99478],[-73.80491,40.9948],[-73.8049,40.99481],[-73.80489,40.99482],[-73.80488,40.99483],[-73.80487,40.99484],[-73.80486,40.99485],[-73.80485,40.99486],[-73.80483,40.99488],[-73.80481,40.99489],[-73.8048,40.9949],[-73.80478,40.99491],[-73.80477,40.99492],[-73.80475,40.99492],[-73.80474,40.99493],[-73.80472,40.99494],[-73.8047,40.99495],[-73.80469,40.99496],[-73.80467,40.99497],[-73.80466,40.99498],[-73.80464,40.99499],[-73.80458,40.99501],[-73.80446,40.99507],[-73.80437,40.99511],[-73.80427,40.99515],[-73.80426,40.99515],[-73.80426,40.99516],[-73.80425,40.99516],[-73.80424,40.99517],[-73.80423,40.99517],[-73.80422,40.99517],[-73.80421,40.99518],[-73.80421,40.99518],[-73.8042,40.99519],[-73.80419,40.99519],[-73.80418,40.9952],[-73.80418,40.9952],[-73.80417,40.99521],[-73.80416,40.99521],[-73.80415,40.99522],[-73.80414,40.99523],[-73.80413,40.99523],[-73.80413,40.99524],[-73.80412,40.99524],[-73.80411,40.99525],[-73.80411,40.99525],[-73.8041,40.99526],[-73.80409,40.99527],[-73.80409,40.99527],[-73.80408,40.99528],[-73.80408,40.99528],[-73.80407,40.99529],[-73.80406,40.9953],[-73.80406,40.9953],[-73.80405,40.99531],[-73.80405,40.99532],[-73.80404,40.99532],[-73.80404,40.99533],[-73.80403,40.99534],[-73.80403,40.99534],[-73.80402,40.99535],[-73.80402,40.99536],[-73.80402,40.99536],[-73.80401,40.99537],[-73.80401,40.99538],[-73.80401,40.99539],[-73.804,40.9954],[-73.80399,40.99541],[-73.80399,40.99542],[-73.80399,40.99544],[-73.80398,40.99545],[-73.80398,40.99546],[-73.80398,40.99547],[-73.80397,40.99548],[-73.80397,40.99548],[-73.80397,40.9955],[-73.80397,40.99551],[-73.80397,40.99552],[-73.80396,40.99553],[-73.80396,40.99554],[-73.80396,40.99557],[-73.80394,40.99567],[-73.80416,40.99575],[-73.80448,40.99588],[-73.8045,40.99588],[-73.80442,40.99604],[-73.804,40.99691],[-73.80393,40.99703],[-73.80377,40.99737],[-73.80358,40.99776],[-73.80344,40.99805],[-73.80333,40.99826],[-73.8033,40.99834],[-73.80316,40.99861],[-73.80302,40.99889],[-73.80288,40.99916],[-73.80274,40.99943],[-73.8026,40.9997],[-73.80246,40.99997],[-73.80243,41.00002],[-73.80237,41.00013],[-73.80231,41.00023],[-73.8023,41.00024],[-73.80229,41.00025],[-73.80229,41.00026],[-73.80228,41.00026],[-73.80228,41.00027],[-73.80227,41.00027],[-73.80227,41.00028],[-73.80226,41.00029],[-73.80225,41.0003],[-73.80224,41.00031],[-73.80224,41.00031],[-73.80223,41.00032],[-73.80222,41.00033],[-73.80221,41.00034],[-73.8022,41.00035],[-73.80219,41.00035],[-73.80218,41.00036],[-73.80218,41.00037],[-73.80217,41.00037],[-73.80216,41.00038],[-73.80215,41.00039],[-73.80214,41.00039],[-73.80213,41.0004],[-73.80212,41.00041],[-73.80211,41.00041],[-73.8021,41.00042],[-73.80209,41.00043],[-73.80208,41.00043],[-73.80206,41.00044],[-73.80205,41.00044],[-73.80204,41.00045],[-73.80203,41.00045],[-73.80202,41.00046],[-73.80201,41.00046],[-73.802,41.00047],[-73.80199,41.00047],[-73.80198,41.00047],[-73.80197,41.00048],[-73.80196,41.00048],[-73.80195,41.00048],[-73.80194,41.00049],[-73.80193,41.00049],[-73.80192,41.00049],[-73.80191,41.0005],[-73.8019,41.0005],[-73.80189,41.0005],[-73.80187,41.0005],[-73.80186,41.00051],[-73.80185,41.00051],[-73.80184,41.00051],[-73.80183,41.00051],[-73.80182,41.00051],[-73.80181,41.00051],[-73.8018,41.00052],[-73.80178,41.00052],[-73.80177,41.00052],[-73.80176,41.00052],[-73.80175,41.00052],[-73.80174,41.00052],[-73.80173,41.00052],[-73.80172,41.00052],[-73.80171,41.00052],[-73.80169,41.00052],[-73.80168,41.00052],[-73.80167,41.00052],[-73.80166,41.00052],[-73.80165,41.00052],[-73.80164,41.00052],[-73.80163,41.00052],[-73.80161,41.00052],[-73.8016,41.00052],[-73.80159,41.00051],[-73.80158,41.00051],[-73.80157,41.00051],[-73.80156,41.00051],[-73.80155,41.00051],[-73.80154,41.00051],[-73.80153,41.0005],[-73.80151,41.0005],[-73.80149,41.0005],[-73.80147,41.00049],[-73.80145,41.00049],[-73.80143,41.00049],[-73.80141,41.00049],[-73.80139,41.00049],[-73.80138,41.00049],[-73.80136,41.00049],[-73.80134,41.00048],[-73.80132,41.00048],[-73.8013,41.00048],[-73.80128,41.00048],[-73.80126,41.00048],[-73.80124,41.00048],[-73.80122,41.00049],[-73.8012,41.00049],[-73.80119,41.00049],[-73.80117,41.00049],[-73.80115,41.00049],[-73.80113,41.00049],[-73.80111,41.0005],[-73.80109,41.0005],[-73.80106,41.0005],[-73.80105,41.0005],[-73.80104,41.0005],[-73.80103,41.00051],[-73.80102,41.00051],[-73.80101,41.00051],[-73.80101,41.00051],[-73.801,41.00051],[-73.80099,41.00051],[-73.80098,41.00051],[-73.80097,41.00052],[-73.80096,41.00052],[-73.80095,41.00052],[-73.80094,41.00052],[-73.80068,41.00058],[-73.80067,41.00058],[-73.80065,41.00059],[-73.80062,41.0006],[-73.80053,41.00066],[-73.80052,41.00067],[-73.80051,41.00068],[-73.80049,41.00069],[-73.80048,41.0007],[-73.80047,41.00071],[-73.80045,41.00072],[-73.80044,41.00073],[-73.80043,41.00074],[-73.80042,41.00075],[-73.80041,41.00076],[-73.80039,41.00077],[-73.80038,41.00078],[-73.80037,41.0008],[-73.80036,41.00081],[-73.80035,41.00082],[-73.80034,41.00083],[-73.80033,41.00084],[-73.80032,41.00085],[-73.80031,41.00086],[-73.8003,41.00088],[-73.80029,41.00089],[-73.80028,41.0009],[-73.80027,41.00091],[-73.80027,41.00093],[-73.80026,41.00094],[-73.80025,41.00095],[-73.80024,41.00096],[-73.80024,41.00098],[-73.80023,41.00099],[-73.80022,41.001],[-73.80022,41.00102],[-73.80021,41.00103],[-73.80021,41.00105],[-73.80012,41.0012],[-73.80004,41.00134],[-73.79996,41.00147],[-73.79987,41.0016],[-73.79982,41.00168],[-73.80001,41.00184],[-73.80001,41.00185],[-73.80002,41.00185],[-73.80002,41.00186],[-73.80003,41.00186],[-73.80003,41.00186],[-73.80003,41.00187],[-73.80004,41.00187],[-73.80004,41.00188],[-73.80004,41.00188],[-73.80005,41.00188],[-73.80005,41.00189],[-73.80005,41.00189],[-73.80006,41.0019],[-73.80006,41.0019],[-73.80006,41.0019],[-73.80007,41.00191],[-73.80007,41.00191],[-73.80007,41.00192],[-73.80007,41.00192],[-73.80008,41.00192],[-73.80008,41.00193],[-73.80008,41.00193],[-73.80008,41.00194],[-73.80009,41.00194],[-73.80009,41.00195],[-73.80009,41.00195],[-73.80009,41.00195],[-73.80009,41.00196],[-73.80009,41.00196],[-73.8001,41.00197],[-73.8001,41.00197],[-73.8001,41.00198],[-73.8001,41.00198],[-73.8001,41.00199],[-73.8001,41.00199],[-73.8001,41.002],[-73.8001,41.002],[-73.8001,41.00201],[-73.8001,41.00201],[-73.80011,41.00201],[-73.80011,41.00202],[-73.80011,41.00202],[-73.80011,41.00203],[-73.80011,41.00203],[-73.80011,41.00204],[-73.80011,41.00204],[-73.80011,41.00205],[-73.8001,41.00205],[-73.8001,41.00206],[-73.8001,41.00206],[-73.8001,41.00207],[-73.8001,41.00207],[-73.8001,41.00207],[-73.8001,41.00208],[-73.8001,41.00208],[-73.8001,41.00209],[-73.8001,41.00209],[-73.80009,41.0021],[-73.80009,41.0021],[-73.80009,41.00211],[-73.80009,41.00211],[-73.80009,41.00212],[-73.80009,41.00212],[-73.80008,41.00212],[-73.80008,41.00213],[-73.80008,41.00213],[-73.80008,41.00214],[-73.80007,41.00214],[-73.80007,41.00215],[-73.80007,41.00215],[-73.80007,41.00215],[-73.80006,41.00216],[-73.80006,41.00216],[-73.80006,41.00217],[-73.80005,41.00217],[-73.80005,41.00217],[-73.80005,41.00218],[-73.80004,41.00218],[-73.79988,41.0024],[-73.79971,41.00262],[-73.79965,41.0027],[-73.79965,41.0027],[-73.79965,41.00271],[-73.79965,41.00271],[-73.79964,41.00271],[-73.79964,41.00271],[-73.79964,41.00272],[-73.79964,41.00272],[-73.79964,41.00272],[-73.79964,41.00272],[-73.79963,41.00273],[-73.79963,41.00273],[-73.79963,41.00273],[-73.79963,41.00273],[-73.79963,41.00274],[-73.79963,41.00274],[-73.79963,41.00274],[-73.79963,41.00274],[-73.79962,41.00275],[-73.79962,41.00275],[-73.79962,41.00275],[-73.79962,41.00275],[-73.79962,41.00276],[-73.79962,41.00276],[-73.79962,41.00276],[-73.79962,41.00276],[-73.79962,41.00277],[-73.79962,41.00277],[-73.79962,41.00277],[-73.79962,41.00277],[-73.79962,41.00278],[-73.79962,41.00278],[-73.79962,41.00278],[-73.79962,41.00279],[-73.79962,41.00279],[-73.79962,41.00279],[-73.79962,41.00279],[-73.79962,41.0028],[-73.79962,41.0028],[-73.79962,41.0028],[-73.79962,41.0028],[-73.79962,41.00281],[-73.79962,41.00281],[-73.79962,41.00281],[-73.79962,41.00282],[-73.79962,41.00282],[-73.79962,41.00282],[-73.79962,41.00282],[-73.79962,41.00283],[-73.79962,41.00283],[-73.79962,41.00283],[-73.79962,41.00283],[-73.79962,41.00284],[-73.79963,41.00284],[-73.79963,41.00284],[-73.79963,41.00284],[-73.79963,41.00285],[-73.79963,41.00285],[-73.79963,41.00285],[-73.79963,41.00285],[-73.79963,41.00286],[-73.79964,41.00286],[-73.79964,41.00286],[-73.79964,41.00286],[-73.79964,41.00287],[-73.79964,41.00287],[-73.79964,41.00287],[-73.79965,41.00287],[-73.79965,41.00287],[-73.79965,41.00288],[-73.79965,41.00288],[-73.79965,41.00288],[-73.79966,41.00288],[-73.79966,41.00289],[-73.79966,41.00289],[-73.79966,41.00289],[-73.79967,41.00289],[-73.79967,41.00289],[-73.79967,41.0029],[-73.79967,41.0029],[-73.79968,41.0029],[-73.79968,41.0029],[-73.79968,41.0029],[-73.79968,41.00291],[-73.79969,41.00291],[-73.79969,41.00291],[-73.79972,41.00292],[-73.80009,41.00312],[-73.80014,41.00315],[-73.80015,41.00315],[-73.80015,41.00315],[-73.80015,41.00315],[-73.80016,41.00315],[-73.80016,41.00316],[-73.80016,41.00316],[-73.80017,41.00316],[-73.80017,41.00316],[-73.80017,41.00316],[-73.80018,41.00317],[-73.80018,41.00317],[-73.80018,41.00317],[-73.80019,41.00317],[-73.80019,41.00318],[-73.80019,41.00318],[-73.8002,41.00318],[-73.8002,41.00318],[-73.8002,41.00319],[-73.8002,41.00319],[-73.80021,41.00319],[-73.80021,41.00319],[-73.80021,41.0032],[-73.80021,41.0032],[-73.80022,41.0032],[-73.80022,41.0032],[-73.80022,41.00321],[-73.80022,41.00321],[-73.80023,41.00321],[-73.80023,41.00322],[-73.80023,41.00322],[-73.80023,41.00322],[-73.80023,41.00322],[-73.80024,41.00323],[-73.80024,41.00323],[-73.80024,41.00323],[-73.80024,41.00324],[-73.80024,41.00324],[-73.80024,41.00324],[-73.80025,41.00325],[-73.80025,41.00325],[-73.80025,41.00325],[-73.80025,41.00325],[-73.80025,41.00326],[-73.80025,41.00326],[-73.80025,41.00326],[-73.80025,41.00327],[-73.80026,41.00327],[-73.80026,41.00327],[-73.80026,41.00328],[-73.80026,41.00328],[-73.80026,41.00328],[-73.80026,41.00329],[-73.80026,41.00329],[-73.80026,41.00329],[-73.80026,41.0033],[-73.80026,41.0033],[-73.80026,41.0033],[-73.80026,41.00331],[-73.80026,41.00331],[-73.80026,41.00331],[-73.80026,41.00332],[-73.80026,41.00332],[-73.80026,41.00332],[-73.80026,41.00333],[-73.80026,41.00333],[-73.80026,41.00333],[-73.80026,41.00334],[-73.80026,41.00334],[-73.80026,41.00334],[-73.80025,41.00335],[-73.80025,41.00335],[-73.80025,41.00335],[-73.80025,41.00336],[-73.80025,41.00336],[-73.80025,41.00336],[-73.80025,41.00337],[-73.80025,41.00337],[-73.80025,41.00337],[-73.80024,41.00337],[-73.80024,41.00338],[-73.80021,41.00345],[-73.80019,41.00351],[-73.80016,41.00358],[-73.80012,41.00365],[-73.80009,41.00371],[-73.80005,41.00378],[-73.80002,41.00385],[-73.79998,41.00391],[-73.79988,41.00405],[-73.79979,41.00418],[-73.79968,41.00435],[-73.79954,41.00456],[-73.79941,41.00475],[-73.79928,41.00495],[-73.79914,41.00516],[-73.79899,41.00537],[-73.79884,41.00557],[-73.79864,41.00583],[-73.79858,41.0059],[-73.79853,41.00596],[-73.79851,41.00598],[-73.7985,41.00599],[-73.79848,41.00601],[-73.79847,41.00602],[-73.79845,41.00604],[-73.79843,41.00605],[-73.79842,41.00607],[-73.7984,41.00608],[-73.79838,41.00609],[-73.79836,41.00611],[-73.79836,41.00611],[-73.79835,41.00612],[-73.79834,41.00612],[-73.79833,41.00613],[-73.79833,41.00613],[-73.79832,41.00614],[-73.79832,41.00614],[-73.79831,41.00615],[-73.7983,41.00616],[-73.79827,41.00618],[-73.79825,41.00621],[-73.79822,41.00624],[-73.79819,41.00627],[-73.79817,41.0063],[-73.79814,41.00632],[-73.79811,41.00636],[-73.79809,41.00639],[-73.79807,41.00642],[-73.79805,41.00645],[-73.79803,41.00648],[-73.79801,41.00651],[-73.79797,41.00657],[-73.79793,41.00664],[-73.7979,41.0067],[-73.79785,41.0068],[-73.79783,41.00684],[-73.79782,41.00686],[-73.7978,41.00689],[-73.79779,41.00692],[-73.79777,41.00695],[-73.79775,41.00697],[-73.79773,41.007],[-73.79771,41.00703],[-73.79763,41.00714],[-73.79759,41.0072],[-73.79754,41.00726],[-73.79752,41.00729],[-73.79749,41.00732],[-73.79745,41.00737],[-73.79745,41.00738],[-73.79742,41.00741],[-73.79739,41.00743],[-73.79736,41.00746],[-73.79733,41.00749],[-73.7973,41.00752],[-73.79727,41.00755],[-73.79724,41.00757],[-73.79721,41.0076],[-73.79718,41.00763],[-73.79715,41.00765],[-73.79698,41.00778],[-73.7967,41.008],[-73.79645,41.0082],[-73.79622,41.00837],[-73.796,41.00854],[-73.79578,41.00871],[-73.79569,41.00877],[-73.79568,41.00878],[-73.79567,41.00879],[-73.79565,41.0088],[-73.79564,41.00881],[-73.79563,41.00882],[-73.79561,41.00883],[-73.7956,41.00885],[-73.79559,41.00886],[-73.79558,41.00887],[-73.79556,41.00888],[-73.79555,41.00889],[-73.79554,41.0089],[-73.79552,41.00892],[-73.79551,41.00894],[-73.79549,41.00896],[-73.79547,41.00898],[-73.79546,41.009],[-73.79544,41.00902],[-73.79543,41.00904],[-73.79541,41.00907],[-73.7954,41.00909],[-73.79538,41.00911],[-73.79536,41.00915],[-73.79536,41.00915],[-73.79535,41.00916],[-73.79535,41.00916],[-73.79535,41.00916],[-73.79535,41.00917],[-73.79534,41.00917],[-73.79534,41.00918],[-73.79534,41.00918],[-73.79533,41.00918],[-73.79533,41.00919],[-73.79533,41.00919],[-73.79532,41.00919],[-73.79532,41.00919],[-73.79532,41.0092],[-73.79532,41.0092],[-73.79531,41.0092],[-73.79531,41.0092],[-73.7953,41.0092],[-73.7953,41.00921],[-73.7953,41.00921],[-73.79529,41.00921],[-73.79529,41.00921],[-73.79528,41.00921],[-73.79528,41.00922],[-73.79527,41.00922],[-73.79527,41.00922],[-73.79526,41.00922],[-73.79526,41.00922],[-73.79525,41.00922],[-73.79525,41.00922],[-73.79524,41.00922],[-73.79524,41.00922],[-73.79523,41.00922],[-73.79523,41.00922],[-73.79522,41.00922],[-73.79522,41.00922],[-73.79521,41.00922],[-73.79521,41.00922],[-73.7952,41.00922],[-73.7952,41.00922],[-73.7952,41.00922],[-73.79519,41.00922],[-73.79518,41.00922],[-73.79518,41.00922],[-73.79517,41.00922],[-73.79517,41.00922],[-73.79516,41.00921],[-73.79516,41.00921],[-73.79482,41.00907],[-73.79445,41.00891],[-73.79442,41.00889],[-73.78945,41.00678],[-73.7883,41.0063],[-73.78722,41.00585],[-73.78715,41.00582],[-73.78538,41.00499],[-73.78483,41.00474],[-73.78476,41.00471],[-73.7847,41.00487],[-73.7845,41.00549],[-73.78444,41.00568],[-73.78437,41.00591],[-73.78412,41.00575],[-73.78382,41.00562],[-73.7836,41.00553],[-73.78339,41.00543],[-73.78316,41.00533],[-73.78303,41.00528],[-73.78302,41.00527],[-73.78302,41.00527],[-73.78301,41.00527],[-73.783,41.00527],[-73.78276,41.00516],[-73.78284,41.00496],[-73.78283,41.00495],[-73.78283,41.00494],[-73.78283,41.00493],[-73.78282,41.00493],[-73.78282,41.00492],[-73.78282,41.00492],[-73.78247,41.00484],[-73.78246,41.00484],[-73.78218,41.00472],[-73.78198,41.00464],[-73.7819,41.0046],[-73.78183,41.00457],[-73.78162,41.00446],[-73.78161,41.00445],[-73.78135,41.00433],[-73.78109,41.00421],[-73.78071,41.00402],[-73.78053,41.00391],[-73.78044,41.00383],[-73.78036,41.00377],[-73.78031,41.00371],[-73.78026,41.00366],[-73.77998,41.00365],[-73.77937,41.00382],[-73.77925,41.00386],[-73.77893,41.00395],[-73.77891,41.00396],[-73.77859,41.00405],[-73.7782,41.00416],[-73.778,41.00422],[-73.7778,41.00428],[-73.77777,41.00429],[-73.77747,41.00437],[-73.77751,41.00446],[-73.77715,41.00457],[-73.77717,41.00461],[-73.77726,41.00478],[-73.77732,41.00485],[-73.77688,41.005],[-73.77685,41.00501],[-73.77672,41.00505],[-73.77626,41.00521],[-73.77611,41.00526],[-73.77598,41.0053],[-73.77565,41.00538],[-73.77523,41.00548],[-73.77469,41.00563],[-73.77467,41.00563],[-73.77451,41.00567],[-73.77401,41.0058],[-73.77397,41.00581],[-73.77345,41.00594],[-73.77331,41.00598],[-73.77324,41.006],[-73.77347,41.00636],[-73.77348,41.00638],[-73.7735,41.00642],[-73.77351,41.00642],[-73.77354,41.00642],[-73.77369,41.00639],[-73.7737,41.00639],[-73.77371,41.00639],[-73.77374,41.00638],[-73.77377,41.00638],[-73.7738,41.00638],[-73.77383,41.00638],[-73.77385,41.00638],[-73.77388,41.00638],[-73.77391,41.00638],[-73.77394,41.00638],[-73.77395,41.00638],[-73.77396,41.00638],[-73.77396,41.00638],[-73.77397,41.00639],[-73.77398,41.00639],[-73.77398,41.00639],[-73.77399,41.00639],[-73.774,41.00639],[-73.77401,41.0064],[-73.77401,41.0064],[-73.77402,41.0064],[-73.77402,41.00641],[-73.77403,41.00641],[-73.77404,41.00641],[-73.77404,41.00642],[-73.77405,41.00642],[-73.77405,41.00643],[-73.77406,41.00643],[-73.77406,41.00643],[-73.77407,41.00644],[-73.77407,41.00644],[-73.77408,41.00645],[-73.77408,41.00645],[-73.77408,41.00646],[-73.77409,41.00646],[-73.77409,41.00647],[-73.77409,41.00647],[-73.7741,41.00648],[-73.7741,41.00648],[-73.7741,41.00649],[-73.7741,41.0065],[-73.77411,41.0065],[-73.77411,41.00651],[-73.77411,41.00652],[-73.77411,41.00655],[-73.77412,41.00657],[-73.77412,41.00659],[-73.77412,41.00662],[-73.77412,41.00664],[-73.77412,41.00666],[-73.77411,41.00669],[-73.77411,41.00673],[-73.77411,41.00682],[-73.77412,41.0069],[-73.77407,41.00691],[-73.77379,41.00699],[-73.7733,41.00713],[-73.77303,41.00721],[-73.77297,41.00723],[-73.77276,41.00729],[-73.77251,41.00736],[-73.77225,41.00743],[-73.77237,41.00769],[-73.77211,41.00776],[-73.7723,41.00818],[-73.77227,41.00819],[-73.77224,41.0082],[-73.77222,41.00821],[-73.77219,41.00822],[-73.77216,41.00822],[-73.77213,41.00823],[-73.7721,41.00824],[-73.77209,41.00824],[-73.77208,41.00824],[-73.77207,41.00824],[-73.77193,41.00829],[-73.77192,41.00829],[-73.77196,41.00837],[-73.77199,41.00843],[-73.77199,41.00843],[-73.77203,41.00854],[-73.77205,41.00862],[-73.77205,41.00862],[-73.77207,41.00869],[-73.77206,41.00872],[-73.77206,41.00873],[-73.77206,41.00873],[-73.77247,41.009],[-73.77313,41.00943]]]},"properties":{"name":"GREENACRES SCHOOL","schoolId":"362595003562"}},{"type":"Feature","geometry":{"type":"Polygon","coordinates":[[[-73.77156,41.0075],[-73.77192,41.00829],[-73.77193,41.00829],[-73.77207,41.00824],[-73.77208,41.00824],[-73.77209,41.00824],[-73.7721,41.00824],[-73.77213,41.00823],[-73.77216,41.00822],[-73.77219,41.00822],[-73.77222,41.00821],[-73.77224,41.0082],[-73.77227,41.00819],[-73.7723,41.00818],[-73.77211,41.00776],[-73.77237,41.00769],[-73.77225,41.00743],[-73.77204,41.00749],[-73.77181,41.00702],[-73.77181,41.00701],[-73.77179,41.00698],[-73.77211,41.00688],[-73.77209,41.00685],[-73.77209,41.00684],[-73.77204,41.00673],[-73.77186,41.00636],[-73.77273,41.00615],[-73.77283,41.00613],[-73.77284,41.00612],[-73.77302,41.00608],[-73.77301,41.00606],[-73.77324,41.006],[-73.77331,41.00598],[-73.77345,41.00594],[-73.77397,41.00581],[-73.77401,41.0058],[-73.77451,41.00567],[-73.77467,41.00563],[-73.77469,41.00563],[-73.77523,41.00548],[-73.77565,41.00538],[-73.77598,41.0053],[-73.77611,41.00526],[-73.77626,41.00521],[-73.77672,41.00505],[-73.77685,41.00501],[-73.77688,41.005],[-73.77732,41.00485],[-73.77726,41.00478],[-73.77717,41.00461],[-73.77715,41.00457],[-73.77751,41.00446],[-73.77747,41.00437],[-73.77777,41.00429],[-73.7778,41.00428],[-73.778,41.00422],[-73.7782,41.00416],[-73.77859,41.00405],[-73.77891,41.00396],[-73.77893,41.00395],[-73.77925,41.00386],[-73.77937,41.00382],[-73.77998,41.00365],[-73.78026,41.00366],[-73.78031,41.00371],[-73.78036,41.00377],[-73.78044,41.00383],[-73.78053,41.00391],[-73.78071,41.00402],[-73.78109,41.00421],[-73.78135,41.00433],[-73.78161,41.00445],[-73.78162,41.00446],[-73.78183,41.00457],[-73.7819,41.0046],[-73.78198,41.00464],[-73.78218,41.00472],[-73.78246,41.00484],[-73.78247,41.00484],[-73.78282,41.00492],[-73.78291,41.00494],[-73.78292,41.00494],[-73.78293,41.00495],[-73.78293,41.00495],[-73.78294,41.00495],[-73.78294,41.00495],[-73.78295,41.00495],[-73.78296,41.00495],[-73.78296,41.00495],[-73.78297,41.00495],[-73.78297,41.00495],[-73.78298,41.00495],[-73.78299,41.00495],[-73.78299,41.00495],[-73.783,41.00495],[-73.78312,41.00493],[-73.7837,41.0048],[-73.78403,41.00473],[-73.78406,41.00463],[-73.78413,41.00435],[-73.78421,41.00403],[-73.78428,41.00377],[-73.78398,41.00371],[-73.78375,41.00366],[-73.78375,41.00359],[-73.78375,41.00339],[-73.78383,41.00325],[-73.78393,41.00305],[-73.7841,41.00274],[-73.78414,41.00259],[-73.78415,41.00253],[-73.78423,41.00219],[-73.78428,41.00219],[-73.78439,41.0018],[-73.78424,41.00175],[-73.7843,41.00142],[-73.78432,41.00123],[-73.78433,41.00119],[-73.78508,41.00148],[-73.78517,41.00122],[-73.78522,41.0011],[-73.78533,41.00099],[-73.78554,41.00076],[-73.78571,41.00057],[-73.78584,41.00042],[-73.78594,41.00031],[-73.78609,41.00015],[-73.78616,41.00008],[-73.78599,41.00001],[-73.7858,40.99994],[-73.78575,40.99992],[-73.786,40.99955],[-73.78613,40.99937],[-73.78625,40.99919],[-73.78648,40.99927],[-73.78704,40.99887],[-73.78707,40.99885],[-73.78708,40.99886],[-73.7871,40.99886],[-73.78711,40.99887],[-73.78712,40.99888],[-73.78714,40.99889],[-73.78715,40.99889],[-73.78716,40.9989],[-73.78718,40.99891],[-73.78719,40.99891],[-73.78721,40.99892],[-73.78723,40.99892],[-73.78724,40.99893],[-73.78725,40.99893],[-73.7875,40.99903],[-73.78751,40.99904],[-73.78751,40.99904],[-73.78752,40.99905],[-73.78753,40.99905],[-73.78754,40.99906],[-73.78754,40.99907],[-73.7878,40.99915],[-73.78793,40.999],[-73.78825,40.99865],[-73.78831,40.99858],[-73.78823,40.99842],[-73.78804,40.99834],[-73.78802,40.99834],[-73.78793,40.9983],[-73.78772,40.99821],[-73.78736,40.99806],[-73.78739,40.99785],[-73.78742,40.99762],[-73.78745,40.99741],[-73.78749,40.99734],[-73.78753,40.99706],[-73.78754,40.99694],[-73.78761,40.99651],[-73.78777,40.9966],[-73.78783,40.99661],[-73.78788,40.99663],[-73.78839,40.99679],[-73.78853,40.99683],[-73.78894,40.99635],[-73.78907,40.99639],[-73.78935,40.99647],[-73.78944,40.9965],[-73.7898,40.99662],[-73.79012,40.99627],[-73.79012,40.99626],[-73.79012,40.99626],[-73.79013,40.99625],[-73.79013,40.99625],[-73.79013,40.99624],[-73.79013,40.99624],[-73.79013,40.99623],[-73.79013,40.99623],[-73.79013,40.99622],[-73.79013,40.99622],[-73.79013,40.99621],[-73.79013,40.99621],[-73.79013,40.9962],[-73.79034,40.99601],[-73.79035,40.996],[-73.79036,40.996],[-73.79037,40.99599],[-73.79038,40.99599],[-73.79039,40.99598],[-73.7907,40.99562],[-73.79096,40.99533],[-73.79133,40.9949],[-73.7914,40.99481],[-73.79158,40.99461],[-73.79159,40.99459],[-73.79159,40.99459],[-73.7916,40.99459],[-73.7916,40.99458],[-73.79161,40.99458],[-73.79161,40.99457],[-73.79161,40.99457],[-73.79161,40.99456],[-73.79162,40.99456],[-73.79162,40.99455],[-73.79162,40.99455],[-73.79162,40.99454],[-73.79162,40.99454],[-73.79162,40.99453],[-73.79162,40.99453],[-73.79181,40.99435],[-73.79217,40.99393],[-73.79218,40.99393],[-73.79246,40.9936],[-73.79253,40.99352],[-73.79285,40.99315],[-73.79286,40.99315],[-73.79286,40.99314],[-73.79309,40.99288],[-73.79309,40.99287],[-73.7931,40.99287],[-73.7931,40.99286],[-73.79311,40.99286],[-73.79311,40.99285],[-73.79312,40.99284],[-73.79341,40.9925],[-73.79364,40.99223],[-73.79392,40.99189],[-73.794,40.99179],[-73.79424,40.99151],[-73.7945,40.99119],[-73.79461,40.99105],[-73.79483,40.9908],[-73.79501,40.9906],[-73.79502,40.99057],[-73.79509,40.99049],[-73.79525,40.99031],[-73.79548,40.99004],[-73.79577,40.9897],[-73.79585,40.9896],[-73.796,40.98941],[-73.79608,40.98931],[-73.79622,40.98914],[-73.79635,40.98898],[-73.79636,40.98897],[-73.79663,40.98849],[-73.7964,40.9885],[-73.79634,40.9885],[-73.79632,40.9885],[-73.7963,40.9885],[-73.79627,40.98849],[-73.79625,40.98849],[-73.79622,40.98848],[-73.7962,40.98848],[-73.79617,40.98847],[-73.79615,40.98846],[-73.79612,40.98845],[-73.7961,40.98844],[-73.796,40.9884],[-73.79587,40.98834],[-73.79566,40.98824],[-73.79544,40.98811],[-73.79523,40.98798],[-73.79503,40.98787],[-73.79485,40.98776],[-73.79465,40.98764],[-73.7945,40.98755],[-73.79433,40.98744],[-73.79412,40.98731],[-73.79399,40.98724],[-73.79373,40.98716],[-73.79324,40.98702],[-73.79303,40.98696],[-73.79261,40.98687],[-73.79167,40.98665],[-73.79149,40.98661],[-73.79111,40.98653],[-73.79098,40.9865],[-73.79073,40.98644],[-73.79054,40.9864],[-73.79016,40.98631],[-73.78978,40.98623],[-73.78938,40.98616],[-73.78892,40.98607],[-73.78891,40.98607],[-73.78889,40.98606],[-73.78888,40.98605],[-73.78887,40.98605],[-73.78886,40.98604],[-73.78886,40.98604],[-73.78885,40.98603],[-73.78884,40.98603],[-73.78883,40.98602],[-73.78883,40.98602],[-73.78882,40.98601],[-73.78835,40.98594],[-73.78833,40.98594],[-73.78821,40.98589],[-73.78813,40.98585],[-73.78801,40.98577],[-73.78789,40.9857],[-73.78777,40.98559],[-73.78776,40.98558],[-73.78776,40.98558],[-73.78775,40.98557],[-73.78774,40.98556],[-73.78774,40.98556],[-73.78774,40.98555],[-73.78773,40.98554],[-73.78773,40.98553],[-73.78742,40.98535],[-73.7872,40.98529],[-73.78703,40.98543],[-73.78694,40.98549],[-73.78698,40.98545],[-73.78702,40.98537],[-73.78698,40.98545],[-73.78689,40.98554],[-73.78689,40.98554],[-73.78653,40.98589],[-73.78663,40.98614],[-73.78671,40.98633],[-73.78662,40.98633],[-73.78657,40.98634],[-73.78651,40.98636],[-73.7865,40.98638],[-73.78649,40.98639],[-73.78643,40.98691],[-73.7864,40.98744],[-73.7864,40.98753],[-73.7864,40.98757],[-73.7864,40.98757],[-73.78476,40.98789],[-73.7812,40.98859],[-73.78098,40.98862],[-73.77867,40.98871],[-73.7785,40.9883],[-73.77816,40.98746],[-73.77816,40.98746],[-73.77758,40.98601],[-73.77749,40.98562],[-73.77749,40.98562],[-73.77748,40.98558],[-73.77735,40.98531],[-73.77735,40.98531],[-73.77671,40.98406],[-73.7766,40.98399],[-73.77656,40.98398],[-73.77646,40.98393],[-73.77646,40.98393],[-73.77632,40.98386],[-73.77632,40.98386],[-73.7763,40.98329],[-73.77626,40.98135],[-73.7762,40.98117],[-73.7762,40.98117],[-73.7762,40.98117],[-73.7762,40.98103],[-73.77619,40.98093],[-73.77619,40.98093],[-73.77615,40.98054],[-73.77612,40.98026],[-73.77612,40.98026],[-73.77612,40.98026],[-73.7761,40.98009],[-73.77602,40.97963],[-73.77594,40.97918],[-73.77589,40.97891],[-73.77585,40.97871],[-73.7755,40.97739],[-73.77546,40.9772],[-73.7754,40.97689],[-73.77537,40.97664],[-73.77537,40.97664],[-73.77533,40.97638],[-73.77533,40.97623],[-73.77505,40.97638],[-73.77456,40.97673],[-73.77455,40.97674],[-73.77431,40.97696],[-73.77391,40.97726],[-73.77369,40.97746],[-73.77344,40.97768],[-73.77312,40.97789],[-73.77277,40.97813],[-73.77244,40.97828],[-73.77238,40.97831],[-73.7721,40.97842],[-73.77154,40.97863],[-73.77118,40.97877],[-73.77104,40.97882],[-73.77062,40.97899],[-73.77033,40.97906],[-73.76991,40.97916],[-73.76972,40.97922],[-73.76941,40.97931],[-73.76941,40.97932],[-73.7694,40.97932],[-73.76939,40.97932],[-73.76911,40.97939],[-73.76863,40.97951],[-73.76855,40.97953],[-73.7682,40.97961],[-73.76809,40.97964],[-73.76808,40.97964],[-73.76807,40.97964],[-73.76807,40.97964],[-73.76806,40.97964],[-73.76805,40.97965],[-73.76805,40.97965],[-73.76804,40.97965],[-73.76778,40.97976],[-73.76778,40.97975],[-73.76777,40.97975],[-73.76776,40.97975],[-73.76776,40.97975],[-73.76775,40.97975],[-73.76774,40.97975],[-73.76774,40.97975],[-73.76773,40.97975],[-73.76772,40.97975],[-73.76772,40.97975],[-73.76771,40.97975],[-73.7677,40.97975],[-73.7677,40.97975],[-73.76769,40.97976],[-73.76758,40.97983],[-73.76745,40.97996],[-73.76725,40.98027],[-73.76706,40.9805],[-73.76683,40.98071],[-73.76655,40.98096],[-73.76634,40.98113],[-73.76627,40.98118],[-73.76604,40.98136],[-73.76588,40.98151],[-73.76587,40.98154],[-73.76639,40.9819],[-73.76657,40.98203],[-73.76659,40.98204],[-73.76631,40.98222],[-73.76611,40.98249],[-73.76565,40.98232],[-73.76564,40.98244],[-73.76554,40.98254],[-73.76543,40.98268],[-73.76533,40.9828],[-73.76533,40.9828],[-73.76521,40.983],[-73.76513,40.98313],[-73.76509,40.98322],[-73.76505,40.98333],[-73.76504,40.98339],[-73.76502,40.98346],[-73.76502,40.98356],[-73.76501,40.98359],[-73.76502,40.98361],[-73.76502,40.98364],[-73.76502,40.98366],[-73.76502,40.98369],[-73.76502,40.98371],[-73.76503,40.98374],[-73.76503,40.98376],[-73.76503,40.98378],[-73.76504,40.98381],[-73.76504,40.98383],[-73.76505,40.98386],[-73.76506,40.98388],[-73.76507,40.98392],[-73.76508,40.98394],[-73.76508,40.98396],[-73.76509,40.98398],[-73.7651,40.984],[-73.76511,40.98402],[-73.76511,40.98404],[-73.76512,40.98406],[-73.76513,40.98408],[-73.76514,40.98409],[-73.76515,40.98411],[-73.76516,40.98413],[-73.76518,40.98415],[-73.76519,40.98417],[-73.7652,40.98419],[-73.76521,40.9842],[-73.76522,40.98422],[-73.76524,40.98424],[-73.76557,40.98404],[-73.76583,40.98392],[-73.76615,40.98377],[-73.76643,40.98364],[-73.76651,40.98376],[-73.76648,40.98377],[-73.76655,40.98391],[-73.76665,40.984],[-73.76667,40.98402],[-73.76675,40.98414],[-73.76669,40.98417],[-73.76646,40.98428],[-73.76623,40.98439],[-73.766,40.9845],[-73.76619,40.98478],[-73.76598,40.98487],[-73.76598,40.98487],[-73.76571,40.98497],[-73.76594,40.98533],[-73.76603,40.98548],[-73.76605,40.9855],[-73.76619,40.98573],[-73.76636,40.986],[-73.76636,40.986],[-73.76636,40.986],[-73.76648,40.98619],[-73.76664,40.98644],[-73.76674,40.98661],[-73.76678,40.98668],[-73.76694,40.98693],[-73.76709,40.98717],[-73.76725,40.98742],[-73.76742,40.9877],[-73.76754,40.9879],[-73.76755,40.98791],[-73.76772,40.9882],[-73.76773,40.9882],[-73.76773,40.98821],[-73.76773,40.98821],[-73.76774,40.98822],[-73.76774,40.98822],[-73.76774,40.98823],[-73.76775,40.98823],[-73.76806,40.98867],[-73.76756,40.98887],[-73.7676,40.98894],[-73.76776,40.98915],[-73.76784,40.98926],[-73.76733,40.98947],[-73.7675,40.98969],[-73.76772,40.99],[-73.76759,40.99011],[-73.76756,40.99014],[-73.76755,40.99013],[-73.76756,40.99013],[-73.76756,40.99012],[-73.76756,40.99012],[-73.76756,40.99011],[-73.76756,40.99011],[-73.76756,40.9901],[-73.76756,40.9901],[-73.76756,40.99009],[-73.76756,40.99009],[-73.76756,40.99008],[-73.76755,40.99008],[-73.76755,40.99007],[-73.76755,40.99007],[-73.76742,40.9899],[-73.76724,40.98965],[-73.76706,40.9894],[-73.76654,40.98961],[-73.76672,40.98986],[-73.76691,40.99012],[-73.76708,40.99036],[-73.76709,40.99036],[-73.76709,40.99037],[-73.76709,40.99037],[-73.76709,40.99038],[-73.7671,40.99038],[-73.7671,40.99038],[-73.7671,40.99039],[-73.76711,40.99039],[-73.76711,40.99039],[-73.76723,40.99065],[-73.76709,40.99079],[-73.76694,40.99093],[-73.76688,40.99099],[-73.76682,40.99105],[-73.76696,40.99127],[-73.76708,40.99145],[-73.76712,40.99157],[-73.76722,40.99188],[-73.76752,40.99219],[-73.76758,40.99226],[-73.76761,40.99229],[-73.76774,40.99254],[-73.76763,40.99263],[-73.76749,40.99274],[-73.76736,40.99285],[-73.76724,40.99294],[-73.76714,40.99302],[-73.76703,40.99311],[-73.76684,40.99326],[-73.7668,40.99329],[-73.76671,40.99336],[-73.76658,40.99345],[-73.76641,40.99358],[-73.76547,40.99431],[-73.76549,40.99432],[-73.7654,40.9944],[-73.76542,40.99527],[-73.76538,40.99541],[-73.76462,40.99718],[-73.76419,40.99816],[-73.76404,40.99852],[-73.76396,40.99848],[-73.76381,40.9984],[-73.76396,40.99848],[-73.76707,41.0005],[-73.76902,41.00281],[-73.76945,41.0033],[-73.76945,41.0033],[-73.76945,41.0033],[-73.76979,41.0037],[-73.77002,41.00415],[-73.77004,41.00419],[-73.77122,41.00669],[-73.77131,41.00689],[-73.7714,41.00709],[-73.77149,41.00732],[-73.77156,41.0075]]]},"properties":{"name":"HEATHCOTE SCHOOL","schoolId":"362595003563"}},{"type":"Feature","geometry":{"type":"Polygon","coordinates":[[[-73.75928,40.99659],[-73.75929,40.9966],[-73.76018,40.9967],[-73.76057,40.99744],[-73.76057,40.99744],[-73.76255,40.99758],[-73.76312,40.99794],[-73.76318,40.99798],[-73.76326,40.99805],[-73.76338,40.99819],[-73.76381,40.9984],[-73.76396,40.99848],[-73.76404,40.99852],[-73.76419,40.99816],[-73.76462,40.99718],[-73.76538,40.99541],[-73.76542,40.99527],[-73.7654,40.9944],[-73.76526,40.99363],[-73.76516,40.99336],[-73.76505,40.99306],[-73.76491,40.99269],[-73.7648,40.99228],[-73.76441,40.99121],[-73.76427,40.99075],[-73.76425,40.99065],[-73.76424,40.9905],[-73.76425,40.99044],[-73.76425,40.99041],[-73.76425,40.99038],[-73.76426,40.99035],[-73.76426,40.99031],[-73.76427,40.99028],[-73.76427,40.99025],[-73.76428,40.99022],[-73.76429,40.99019],[-73.76429,40.99016],[-73.7643,40.99013],[-73.76431,40.9901],[-73.76432,40.99006],[-73.76433,40.99003],[-73.76435,40.99],[-73.76438,40.98994],[-73.7644,40.9899],[-73.76443,40.98986],[-73.76445,40.98982],[-73.76448,40.98978],[-73.7645,40.98975],[-73.76453,40.98971],[-73.76456,40.98967],[-73.76458,40.98963],[-73.76461,40.9896],[-73.76464,40.98956],[-73.76468,40.98952],[-73.7647,40.9895],[-73.76472,40.98948],[-73.76473,40.98947],[-73.76475,40.98945],[-73.76476,40.98944],[-73.76478,40.98943],[-73.76479,40.98941],[-73.76481,40.9894],[-73.76483,40.98939],[-73.76484,40.98937],[-73.76486,40.98936],[-73.76488,40.98935],[-73.76512,40.98966],[-73.7653,40.98957],[-73.76548,40.98949],[-73.76576,40.98985],[-73.76577,40.98985],[-73.76596,40.98975],[-73.76623,40.98962],[-73.76623,40.98962],[-73.76624,40.98962],[-73.76624,40.98962],[-73.76625,40.98961],[-73.76625,40.98961],[-73.76626,40.98961],[-73.76626,40.9896],[-73.76626,40.9896],[-73.76627,40.9896],[-73.76627,40.98959],[-73.76627,40.98959],[-73.76628,40.98959],[-73.76628,40.98958],[-73.76628,40.98958],[-73.76628,40.98957],[-73.76629,40.98957],[-73.76643,40.98946],[-73.76654,40.98961],[-73.76706,40.9894],[-73.76724,40.98965],[-73.76742,40.9899],[-73.76755,40.99007],[-73.76755,40.99007],[-73.76755,40.99008],[-73.76756,40.99008],[-73.76756,40.99009],[-73.76756,40.99009],[-73.76756,40.9901],[-73.76756,40.9901],[-73.76756,40.99011],[-73.76756,40.99011],[-73.76756,40.99012],[-73.76756,40.99012],[-73.76756,40.99013],[-73.76755,40.99013],[-73.76756,40.99014],[-73.76759,40.99011],[-73.76772,40.99],[-73.7675,40.98969],[-73.76733,40.98947],[-73.76784,40.98926],[-73.76776,40.98915],[-73.7676,40.98894],[-73.76756,40.98887],[-73.76806,40.98867],[-73.76775,40.98823],[-73.76774,40.98823],[-73.76774,40.98822],[-73.76774,40.98822],[-73.76773,40.98821],[-73.76773,40.98821],[-73.76773,40.9882],[-73.76772,40.9882],[-73.76755,40.98791],[-73.76754,40.9879],[-73.76742,40.9877],[-73.76725,40.98742],[-73.76709,40.98717],[-73.76694,40.98693],[-73.76678,40.98668],[-73.76674,40.98661],[-73.76664,40.98644],[-73.76648,40.98619],[-73.76636,40.986],[-73.76636,40.986],[-73.76636,40.986],[-73.76619,40.98573],[-73.76605,40.9855],[-73.76603,40.98548],[-73.76594,40.98533],[-73.76571,40.98497],[-73.76598,40.98487],[-73.76598,40.98487],[-73.76619,40.98478],[-73.766,40.9845],[-73.76623,40.98439],[-73.76646,40.98428],[-73.76669,40.98417],[-73.76675,40.98414],[-73.76667,40.98402],[-73.76665,40.984],[-73.76655,40.98391],[-73.76648,40.98377],[-73.76651,40.98376],[-73.76643,40.98364],[-73.76615,40.98377],[-73.76583,40.98392],[-73.76557,40.98404],[-73.76524,40.98424],[-73.76522,40.98422],[-73.76521,40.9842],[-73.7652,40.98419],[-73.76519,40.98417],[-73.76518,40.98415],[-73.76516,40.98413],[-73.76515,40.98411],[-73.76514,40.98409],[-73.76513,40.98408],[-73.76512,40.98406],[-73.76511,40.98404],[-73.76511,40.98402],[-73.7651,40.984],[-73.76509,40.98398],[-73.76508,40.98396],[-73.76508,40.98394],[-73.76507,40.98392],[-73.76506,40.98388],[-73.76505,40.98386],[-73.76504,40.98383],[-73.76504,40.98381],[-73.76503,40.98378],[-73.76503,40.98376],[-73.76503,40.98374],[-73.76502,40.98371],[-73.76502,40.98369],[-73.76502,40.98366],[-73.76502,40.98364],[-73.76502,40.98361],[-73.76501,40.98359],[-73.76502,40.98356],[-73.76502,40.98346],[-73.76504,40.98339],[-73.76505,40.98333],[-73.76509,40.98322],[-73.76513,40.98313],[-73.76521,40.983],[-73.76533,40.9828],[-73.76533,40.9828],[-73.76543,40.98268],[-73.76554,40.98254],[-73.76564,40.98244],[-73.76565,40.98232],[-73.76611,40.98249],[-73.76631,40.98222],[-73.76659,40.98204],[-73.76657,40.98203],[-73.76639,40.9819],[-73.76587,40.98154],[-73.76588,40.98151],[-73.76604,40.98136],[-73.76627,40.98118],[-73.76634,40.98113],[-73.76655,40.98096],[-73.76683,40.98071],[-73.76706,40.9805],[-73.76725,40.98027],[-73.76745,40.97996],[-73.76758,40.97983],[-73.76769,40.97976],[-73.7677,40.97975],[-73.7677,40.97975],[-73.76771,40.97975],[-73.76772,40.97975],[-73.76772,40.97975],[-73.76773,40.97975],[-73.76774,40.97975],[-73.76774,40.97975],[-73.76775,40.97975],[-73.76776,40.97975],[-73.76776,40.97975],[-73.76777,40.97975],[-73.76778,40.97975],[-73.76778,40.97976],[-73.76804,40.97965],[-73.76805,40.97965],[-73.76805,40.97965],[-73.76806,40.97964],[-73.76807,40.97964],[-73.76807,40.97964],[-73.76808,40.97964],[-73.76809,40.97964],[-73.7682,40.97961],[-73.76855,40.97953],[-73.76863,40.97951],[-73.76911,40.97939],[-73.76939,40.97932],[-73.7694,40.97932],[-73.76941,40.97932],[-73.76941,40.97931],[-73.76972,40.97922],[-73.76991,40.97916],[-73.77033,40.97906],[-73.77062,40.97899],[-73.77104,40.97882],[-73.77118,40.97877],[-73.77154,40.97863],[-73.7721,40.97842],[-73.77238,40.97831],[-73.77244,40.97828],[-73.77277,40.97813],[-73.77312,40.97789],[-73.77344,40.97768],[-73.77369,40.97746],[-73.77391,40.97726],[-73.77431,40.97696],[-73.77455,40.97674],[-73.77456,40.97673],[-73.77505,40.97638],[-73.77533,40.97623],[-73.77533,40.97622],[-73.77532,40.97599],[-73.7752,40.97518],[-73.77517,40.97503],[-73.77517,40.97503],[-73.77493,40.9738],[-73.77485,40.97339],[-73.7748,40.97319],[-73.77468,40.9725],[-73.77458,40.9719],[-73.7745,40.97148],[-73.77437,40.97079],[-73.77426,40.97017],[-73.77419,40.96976],[-73.77412,40.96937],[-73.77411,40.96931],[-73.7741,40.96927],[-73.7741,40.96925],[-73.77409,40.96923],[-73.77405,40.96899],[-73.774,40.96867],[-73.774,40.96867],[-73.77393,40.9683],[-73.77389,40.96802],[-73.77381,40.9675],[-73.77374,40.96717],[-73.77369,40.96693],[-73.77366,40.9668],[-73.77346,40.96604],[-73.77344,40.96596],[-73.77343,40.96589],[-73.77341,40.96581],[-73.77334,40.96512],[-73.77325,40.96458],[-73.77318,40.96418],[-73.77311,40.96381],[-73.77311,40.9638],[-73.77303,40.96338],[-73.77302,40.96333],[-73.77302,40.96332],[-73.77283,40.9623],[-73.77283,40.96229],[-73.77283,40.96229],[-73.7726,40.96105],[-73.7725,40.96045],[-73.77247,40.96024],[-73.77244,40.95999],[-73.77241,40.95981],[-73.77236,40.95943],[-73.77234,40.95924],[-73.77226,40.95871],[-73.77209,40.95752],[-73.77199,40.95685],[-73.77181,40.95569],[-73.77181,40.95569],[-73.77186,40.9555],[-73.77195,40.95521],[-73.77198,40.95507],[-73.77201,40.95497],[-73.77201,40.95496],[-73.77168,40.95494],[-73.77091,40.95489],[-73.77091,40.95489],[-73.77014,40.9555],[-73.76967,40.95587],[-73.76903,40.9564],[-73.76614,40.9588],[-73.76614,40.9588],[-73.76613,40.95879],[-73.76608,40.95875],[-73.76603,40.95871],[-73.76594,40.95867],[-73.76584,40.95862],[-73.76577,40.95859],[-73.76571,40.95857],[-73.76547,40.95851],[-73.76526,40.95846],[-73.76462,40.95833],[-73.76397,40.95816],[-73.76381,40.95812],[-73.76366,40.95809],[-73.76348,40.95805],[-73.76323,40.95798],[-73.76294,40.9579],[-73.76283,40.95785],[-73.76265,40.95777],[-73.76259,40.95774],[-73.76253,40.95771],[-73.76247,40.95769],[-73.76247,40.95769],[-73.7615,40.95886],[-73.7609,40.95988],[-73.76084,40.95997],[-73.76056,40.96045],[-73.76013,40.96134],[-73.75925,40.96243],[-73.758,40.96412],[-73.75781,40.9643],[-73.75646,40.96558],[-73.75536,40.96635],[-73.75534,40.96636],[-73.75534,40.96636],[-73.75467,40.96689],[-73.75275,40.96842],[-73.75211,40.96893],[-73.75109,40.96974],[-73.75081,40.96997],[-73.75043,40.97027],[-73.75015,40.9705],[-73.75002,40.9706],[-73.7494,40.9711],[-73.74854,40.97218],[-73.74854,40.97218],[-73.74824,40.97235],[-73.74729,40.97287],[-73.74672,40.97324],[-73.74611,40.97363],[-73.74355,40.97564],[-73.74363,40.97593],[-73.74366,40.97599],[-73.74368,40.97603],[-73.74375,40.97606],[-73.7439,40.97613],[-73.74412,40.97621],[-73.74413,40.97621],[-73.74422,40.9763],[-73.74422,40.97631],[-73.74423,40.97641],[-73.7442,40.9765],[-73.74416,40.97652],[-73.74373,40.97655],[-73.74372,40.97656],[-73.74363,40.9766],[-73.7436,40.97667],[-73.74359,40.97668],[-73.74361,40.97699],[-73.74361,40.977],[-73.7437,40.97725],[-73.74372,40.9773],[-73.74373,40.97733],[-73.74373,40.97733],[-73.74377,40.97742],[-73.74416,40.97797],[-73.7442,40.97819],[-73.7442,40.97821],[-73.74419,40.97825],[-73.74415,40.97842],[-73.7441,40.97875],[-73.7441,40.97875],[-73.74413,40.97889],[-73.74429,40.97918],[-73.74445,40.97948],[-73.74458,40.97983],[-73.74475,40.98023],[-73.74475,40.98044],[-73.74475,40.98057],[-73.74473,40.98061],[-73.74473,40.98061],[-73.74473,40.98061],[-73.74462,40.9809],[-73.7444,40.98112],[-73.74429,40.98127],[-73.74429,40.98127],[-73.74429,40.98131],[-73.74428,40.98187],[-73.74429,40.98209],[-73.74429,40.98212],[-73.74435,40.98227],[-73.74451,40.98237],[-73.74466,40.98245],[-73.74467,40.98246],[-73.74474,40.9825],[-73.74502,40.98262],[-73.74509,40.98264],[-73.74509,40.98265],[-73.7451,40.98266],[-73.74512,40.98272],[-73.74517,40.98282],[-73.74521,40.98292],[-73.74531,40.98313],[-73.74532,40.98315],[-73.74533,40.98316],[-73.74533,40.98317],[-73.74534,40.98319],[-73.74535,40.98324],[-73.74535,40.98332],[-73.74534,40.98342],[-73.74522,40.98361],[-73.74508,40.98368],[-73.74501,40.98371],[-73.74491,40.98377],[-73.74473,40.98389],[-73.74473,40.9839],[-73.74472,40.98391],[-73.7447,40.98395],[-73.74468,40.98399],[-73.74458,40.98417],[-73.74458,40.98436],[-73.74458,40.98437],[-73.74474,40.98519],[-73.74481,40.9856],[-73.74482,40.9857],[-73.74485,40.98591],[-73.74485,40.98591],[-73.74492,40.98619],[-73.74507,40.98656],[-73.74529,40.98715],[-73.74539,40.98739],[-73.74541,40.98744],[-73.74552,40.98766],[-73.74595,40.98813],[-73.74599,40.98817],[-73.74605,40.98823],[-73.74608,40.98826],[-73.74612,40.98829],[-73.74683,40.98891],[-73.74706,40.98905],[-73.7472,40.98913],[-73.74799,40.98947],[-73.74835,40.98963],[-73.7484,40.98966],[-73.74868,40.98984],[-73.74881,40.98999],[-73.74888,40.99007],[-73.7489,40.99014],[-73.74907,40.99065],[-73.74911,40.99078],[-73.74912,40.99083],[-73.74917,40.991],[-73.74955,40.99159],[-73.7498,40.99199],[-73.75001,40.99231],[-73.75033,40.99258],[-73.7505,40.99267],[-73.75066,40.99273],[-73.75081,40.99277],[-73.75092,40.99278],[-73.75105,40.9928],[-73.75144,40.99281],[-73.7519,40.99276],[-73.75224,40.99269],[-73.75224,40.99269],[-73.75239,40.99269],[-73.75241,40.99269],[-73.75252,40.9927],[-73.75259,40.99274],[-73.75266,40.9928],[-73.75273,40.99287],[-73.75293,40.99307],[-73.7532,40.99337],[-73.75334,40.99352],[-73.75359,40.99379],[-73.75377,40.99397],[-73.75403,40.99425],[-73.75411,40.99435],[-73.75419,40.99444],[-73.75431,40.99452],[-73.75431,40.99452],[-73.75441,40.99454],[-73.7546,40.99458],[-73.75474,40.99459],[-73.75477,40.99459],[-73.75521,40.99459],[-73.7556,40.9946],[-73.75572,40.99463],[-73.75578,40.99464],[-73.75588,40.99468],[-73.75591,40.99469],[-73.75601,40.99475],[-73.7562,40.99491],[-73.75631,40.99497],[-73.7564,40.99503],[-73.75654,40.99509],[-73.75668,40.99513],[-73.75721,40.99522],[-73.7573,40.99526],[-73.75735,40.99528],[-73.75747,40.99537],[-73.7575,40.99542],[-73.7575,40.99543],[-73.7575,40.99543],[-73.75752,40.9955],[-73.75752,40.99558],[-73.75752,40.99566],[-73.75752,40.99566],[-73.75755,40.99582],[-73.75759,40.99589],[-73.75764,40.99595],[-73.75768,40.99599],[-73.75771,40.99602],[-73.75809,40.99627],[-73.75856,40.99658],[-73.75861,40.9966],[-73.75866,40.99661],[-73.75883,40.99661],[-73.75907,40.99659],[-73.75924,40.99658],[-73.75928,40.99659]]]},"properties":{"name":"QUAKER RIDGE SCHOOL","schoolId":"362595003564"}},{"type":"Feature","geometry":{"type":"Polygon","coordinates":[[[-73.77862,41.33414],[-73.77886,41.3341],[-73.77809,41.32994],[-73.77742,41.32626],[-73.77698,41.32396],[-73.77677,41.32289],[-73.77646,41.32135],[-73.77559,41.31693],[-73.77539,41.31596],[-73.77374,41.30492],[-73.77366,41.30471],[-73.77362,41.30453],[-73.77356,41.3042],[-73.77339,41.30314],[-73.77284,41.30036],[-73.77252,41.29857],[-73.77232,41.29736],[-73.77218,41.29642],[-73.77171,41.29378],[-73.77169,41.29365],[-73.77146,41.29253],[-73.77129,41.29139],[-73.77124,41.29105],[-73.77098,41.28968],[-73.77093,41.28948],[-73.77073,41.28862],[-73.77063,41.28804],[-73.77024,41.28615],[-73.77021,41.28603],[-73.77003,41.28497],[-73.77,41.2848],[-73.76937,41.28135],[-73.76907,41.2791],[-73.7689,41.27831],[-73.76877,41.27729],[-73.76869,41.27673],[-73.76864,41.27629],[-73.76862,41.27619],[-73.76806,41.27264],[-73.76754,41.27058],[-73.76677,41.26737],[-73.7667,41.26722],[-73.76663,41.26698],[-73.76658,41.2664],[-73.76662,41.2661],[-73.76637,41.26552],[-73.76574,41.26303],[-73.7657,41.26288],[-73.7651,41.26039],[-73.76468,41.25849],[-73.76453,41.25803],[-73.76438,41.25653],[-73.76436,41.2564],[-73.76408,41.2538],[-73.76397,41.25282],[-73.76379,41.25213],[-73.76324,41.24833],[-73.76233,41.24418],[-73.76149,41.24032],[-73.7611,41.23841],[-73.76077,41.23816],[-73.76037,41.23642],[-73.75945,41.23699],[-73.75826,41.23784],[-73.75681,41.23864],[-73.7557,41.23906],[-73.75442,41.23962],[-73.75378,41.24],[-73.75312,41.24072],[-73.75248,41.24151],[-73.75173,41.24206],[-73.7505,41.24275],[-73.74905,41.24349],[-73.74856,41.24357],[-73.74739,41.24398],[-73.74507,41.24475],[-73.74196,41.2453],[-73.73911,41.24619],[-73.7364,41.24762],[-73.73419,41.24916],[-73.7317,41.24996],[-73.73051,41.25009],[-73.72997,41.25044],[-73.72984,41.25045],[-73.72951,41.25048],[-73.72933,41.25051],[-73.72913,41.2506],[-73.72898,41.25073],[-73.72857,41.25122],[-73.72839,41.25152],[-73.72839,41.25161],[-73.7284,41.2517],[-73.72854,41.25186],[-73.72861,41.25193],[-73.72863,41.25197],[-73.72902,41.2525],[-73.72915,41.25324],[-73.72886,41.25402],[-73.72838,41.25464],[-73.72774,41.25485],[-73.72757,41.25481],[-73.72698,41.25459],[-73.7264,41.25451],[-73.72529,41.25423],[-73.72417,41.2537],[-73.72324,41.25299],[-73.7226,41.25244],[-73.72207,41.25205],[-73.7212,41.25225],[-73.72057,41.25261],[-73.71961,41.25317],[-73.71763,41.25459],[-73.71581,41.25578],[-73.71447,41.25676],[-73.71342,41.25771],[-73.71337,41.25772],[-73.71327,41.25779],[-73.7132,41.25786],[-73.71316,41.25793],[-73.71306,41.25801],[-73.71272,41.25849],[-73.71212,41.25929],[-73.71148,41.26007],[-73.7102,41.2614],[-73.70994,41.26166],[-73.70966,41.26194],[-73.7095,41.26211],[-73.70921,41.26242],[-73.70892,41.26282],[-73.70879,41.26331],[-73.70902,41.26393],[-73.70927,41.26482],[-73.70937,41.26512],[-73.70979,41.2657],[-73.71014,41.26653],[-73.71026,41.2672],[-73.71026,41.26782],[-73.70978,41.26839],[-73.70896,41.26867],[-73.70786,41.26856],[-73.70669,41.26839],[-73.70522,41.26822],[-73.70363,41.268],[-73.70241,41.26809],[-73.70225,41.26814],[-73.70113,41.26844],[-73.70048,41.2687],[-73.70002,41.26898],[-73.6999,41.26912],[-73.69982,41.26921],[-73.69961,41.26946],[-73.69919,41.27039],[-73.69896,41.2715],[-73.69925,41.27244],[-73.69948,41.27323],[-73.69878,41.27416],[-73.69744,41.27499],[-73.6968,41.2754],[-73.69639,41.27561],[-73.69515,41.27596],[-73.69387,41.27628],[-73.69276,41.27663],[-73.69164,41.2773],[-73.69112,41.27809],[-73.691,41.27881],[-73.69112,41.27973],[-73.69117,41.28027],[-73.69114,41.28073],[-73.69128,41.28197],[-73.69114,41.28291],[-73.69068,41.28356],[-73.69004,41.28413],[-73.68944,41.2845],[-73.68839,41.28507],[-73.68792,41.28561],[-73.68786,41.28604],[-73.68804,41.28645],[-73.68856,41.28689],[-73.6901,41.28734],[-73.69097,41.28764],[-73.69262,41.28778],[-73.69297,41.28799],[-73.69379,41.28897],[-73.69419,41.28995],[-73.69443,41.29106],[-73.69466,41.29398],[-73.6945,41.29497],[-73.69419,41.29571],[-73.69392,41.29603],[-73.69326,41.29647],[-73.69233,41.29687],[-73.69179,41.2971],[-73.69091,41.29723],[-73.68767,41.29706],[-73.68687,41.29687],[-73.68615,41.29634],[-73.68552,41.29523],[-73.68511,41.29484],[-73.68445,41.29465],[-73.68386,41.29492],[-73.68283,41.29591],[-73.68165,41.29755],[-73.68158,41.29763],[-73.68155,41.29763],[-73.68131,41.29795],[-73.6804,41.29847],[-73.67893,41.29988],[-73.67841,41.30064],[-73.67794,41.30143],[-73.67753,41.30202],[-73.67712,41.30344],[-73.67693,41.30423],[-73.67658,41.30631],[-73.67605,41.30774],[-73.67503,41.30881],[-73.6747,41.30915],[-73.67258,41.3112],[-73.67153,41.31204],[-73.67029,41.3131],[-73.67023,41.31319],[-73.66971,41.31391],[-73.66842,41.3168],[-73.66788,41.31771],[-73.66718,41.31815],[-73.6653,41.31874],[-73.66336,41.31949],[-73.66194,41.32047],[-73.66095,41.32117],[-73.66024,41.32201],[-73.65995,41.32316],[-73.66,41.32383],[-73.66054,41.32436],[-73.66147,41.3252],[-73.66195,41.3259],[-73.66198,41.32601],[-73.66218,41.32653],[-73.66218,41.3266],[-73.66219,41.32671],[-73.66223,41.32733],[-73.66201,41.32859],[-73.66165,41.32918],[-73.6615,41.33008],[-73.66128,41.33109],[-73.66098,41.33212],[-73.66036,41.33349],[-73.65992,41.33426],[-73.65938,41.33504],[-73.65882,41.33589],[-73.65882,41.3363],[-73.65893,41.33687],[-73.65894,41.33693],[-73.65901,41.337],[-73.65908,41.337],[-73.65942,41.33694],[-73.65951,41.33696],[-73.65987,41.33694],[-73.66049,41.33691],[-73.6606,41.33689],[-73.6607,41.33689],[-73.66227,41.33675],[-73.66254,41.33678],[-73.66342,41.3369],[-73.66377,41.33903],[-73.66486,41.33962],[-73.66483,41.34039],[-73.66481,41.34041],[-73.66469,41.34049],[-73.66432,41.34075],[-73.66426,41.34079],[-73.66371,41.34117],[-73.6638,41.34406],[-73.66488,41.34539],[-73.66384,41.34547],[-73.66397,41.34572],[-73.66457,41.34647],[-73.66487,41.34678],[-73.66486,41.34682],[-73.66482,41.34684],[-73.66473,41.34683],[-73.66469,41.34678],[-73.66461,41.34663],[-73.66456,41.3466],[-73.66452,41.34659],[-73.6645,41.34662],[-73.66455,41.34669],[-73.66454,41.34672],[-73.66451,41.34672],[-73.66439,41.34669],[-73.66399,41.34617],[-73.66383,41.34593],[-73.6638,41.34592],[-73.66378,41.34593],[-73.66377,41.34599],[-73.66377,41.3461],[-73.66378,41.3462],[-73.6638,41.34631],[-73.66384,41.34642],[-73.66401,41.34668],[-73.66444,41.34703],[-73.66445,41.34709],[-73.66487,41.34734],[-73.66571,41.34766],[-73.66618,41.34786],[-73.66663,41.34807],[-73.66719,41.34856],[-73.66729,41.34868],[-73.66803,41.3478],[-73.66828,41.34745],[-73.66839,41.34729],[-73.66851,41.34709],[-73.66881,41.34654],[-73.66913,41.34582],[-73.66926,41.34557],[-73.66944,41.34522],[-73.66951,41.34505],[-73.6697,41.34458],[-73.67011,41.34363],[-73.67064,41.34239],[-73.6708,41.34194],[-73.67088,41.34172],[-73.67103,41.34136],[-73.67385,41.34137],[-73.67601,41.34136],[-73.67692,41.34188],[-73.67722,41.34201],[-73.67914,41.34243],[-73.67981,41.3406],[-73.67999,41.34028],[-73.68116,41.34028],[-73.68115,41.33994],[-73.68169,41.33989],[-73.68181,41.33989],[-73.68176,41.33901],[-73.68399,41.33907],[-73.68475,41.33909],[-73.68477,41.33929],[-73.68498,41.34142],[-73.68506,41.34217],[-73.68541,41.34252],[-73.68546,41.34318],[-73.68556,41.34414],[-73.68557,41.34417],[-73.68587,41.34414],[-73.68537,41.34528],[-73.68537,41.34575],[-73.68537,41.34695],[-73.6854,41.34761],[-73.68544,41.34798],[-73.68561,41.34924],[-73.68595,41.35074],[-73.68728,41.35068],[-73.68725,41.3499],[-73.68745,41.34993],[-73.68756,41.34993],[-73.68766,41.34989],[-73.68777,41.34981],[-73.68808,41.34972],[-73.68818,41.34976],[-73.6882,41.3497],[-73.6882,41.34944],[-73.68832,41.34932],[-73.68851,41.34929],[-73.68861,41.34913],[-73.68882,41.34906],[-73.68894,41.34901],[-73.68932,41.34898],[-73.68949,41.35194],[-73.69477,41.3514],[-73.69878,41.35098],[-73.69994,41.35086],[-73.71745,41.34907],[-73.71868,41.34894],[-73.71981,41.34883],[-73.72081,41.34873],[-73.72404,41.3484],[-73.72521,41.34823],[-73.72634,41.34811],[-73.72686,41.34806],[-73.7275,41.348],[-73.72775,41.34797],[-73.7298,41.34777],[-73.72986,41.34776],[-73.73039,41.34771],[-73.73088,41.34766],[-73.73206,41.34753],[-73.73322,41.34742],[-73.7335,41.34739],[-73.73412,41.34734],[-73.73416,41.34734],[-73.73467,41.3473],[-73.73516,41.34722],[-73.73522,41.34721],[-73.73582,41.34713],[-73.7401,41.34669],[-73.75288,41.34537],[-73.75307,41.34535],[-73.75312,41.34535],[-73.75729,41.34495],[-73.75761,41.34491],[-73.75792,41.34488],[-73.75823,41.34485],[-73.76449,41.3442],[-73.76588,41.34405],[-73.76605,41.34403],[-73.76687,41.34395],[-73.76696,41.34394],[-73.77101,41.34352],[-73.77184,41.34343],[-73.77206,41.3434],[-73.77203,41.34021],[-73.77166,41.33905],[-73.77288,41.33903],[-73.77284,41.33819],[-73.77279,41.33732],[-73.77268,41.33519],[-73.77266,41.33451],[-73.77862,41.33414]]]},"properties":{"name":"PRIMROSE SCHOOL","schoolId":"362718003700"}},{"type":"Feature","geometry":{"type":"Polygon","coordinates":[[[-73.77862,41.33414],[-73.77886,41.3341],[-73.77809,41.32994],[-73.77742,41.32626],[-73.77698,41.32396],[-73.77677,41.32289],[-73.77646,41.32135],[-73.77559,41.31693],[-73.77539,41.31596],[-73.77374,41.30492],[-73.77366,41.30471],[-73.77362,41.30453],[-73.77356,41.3042],[-73.77339,41.30314],[-73.77284,41.30036],[-73.77252,41.29857],[-73.77232,41.29736],[-73.77218,41.29642],[-73.77171,41.29378],[-73.77169,41.29365],[-73.77146,41.29253],[-73.77129,41.29139],[-73.77124,41.29105],[-73.77098,41.28968],[-73.77093,41.28948],[-73.77073,41.28862],[-73.77063,41.28804],[-73.77024,41.28615],[-73.77021,41.28603],[-73.77003,41.28497],[-73.77,41.2848],[-73.76937,41.28135],[-73.76907,41.2791],[-73.7689,41.27831],[-73.76877,41.27729],[-73.76869,41.27673],[-73.76864,41.27629],[-73.76862,41.27619],[-73.76806,41.27264],[-73.76754,41.27058],[-73.76677,41.26737],[-73.7667,41.26722],[-73.76663,41.26698],[-73.76658,41.2664],[-73.76662,41.2661],[-73.76637,41.26552],[-73.76574,41.26303],[-73.7657,41.26288],[-73.7651,41.26039],[-73.76468,41.25849],[-73.76453,41.25803],[-73.76438,41.25653],[-73.76436,41.2564],[-73.76408,41.2538],[-73.76397,41.25282],[-73.76379,41.25213],[-73.76324,41.24833],[-73.76233,41.24418],[-73.76149,41.24032],[-73.7611,41.23841],[-73.76077,41.23816],[-73.76037,41.23642],[-73.75945,41.23699],[-73.75826,41.23784],[-73.75681,41.23864],[-73.7557,41.23906],[-73.75442,41.23962],[-73.75378,41.24],[-73.75312,41.24072],[-73.75248,41.24151],[-73.75173,41.24206],[-73.7505,41.24275],[-73.74905,41.24349],[-73.74856,41.24357],[-73.74739,41.24398],[-73.74507,41.24475],[-73.74196,41.2453],[-73.73911,41.24619],[-73.7364,41.24762],[-73.73419,41.24916],[-73.7317,41.24996],[-73.73051,41.25009],[-73.72997,41.25044],[-73.72984,41.25045],[-73.72951,41.25048],[-73.72933,41.25051],[-73.72913,41.2506],[-73.72898,41.25073],[-73.72857,41.25122],[-73.72839,41.25152],[-73.72839,41.25161],[-73.7284,41.2517],[-73.72854,41.25186],[-73.72861,41.25193],[-73.72863,41.25197],[-73.72902,41.2525],[-73.72915,41.25324],[-73.72886,41.25402],[-73.72838,41.25464],[-73.72774,41.25485],[-73.72757,41.25481],[-73.72698,41.25459],[-73.7264,41.25451],[-73.72529,41.25423],[-73.72417,41.2537],[-73.72324,41.25299],[-73.7226,41.25244],[-73.72207,41.25205],[-73.7212,41.25225],[-73.72057,41.25261],[-73.71961,41.25317],[-73.71763,41.25459],[-73.71581,41.25578],[-73.71447,41.25676],[-73.71342,41.25771],[-73.71337,41.25772],[-73.71327,41.25779],[-73.7132,41.25786],[-73.71316,41.25793],[-73.71306,41.25801],[-73.71272,41.25849],[-73.71212,41.25929],[-73.71148,41.26007],[-73.7102,41.2614],[-73.70994,41.26166],[-73.70966,41.26194],[-73.7095,41.26211],[-73.70921,41.26242],[-73.70892,41.26282],[-73.70879,41.26331],[-73.70902,41.26393],[-73.70927,41.26482],[-73.70937,41.26512],[-73.70979,41.2657],[-73.71014,41.26653],[-73.71026,41.2672],[-73.71026,41.26782],[-73.70978,41.26839],[-73.70896,41.26867],[-73.70786,41.26856],[-73.70669,41.26839],[-73.70522,41.26822],[-73.70363,41.268],[-73.70241,41.26809],[-73.70225,41.26814],[-73.70113,41.26844],[-73.70048,41.2687],[-73.70002,41.26898],[-73.6999,41.26912],[-73.69982,41.26921],[-73.69961,41.26946],[-73.69919,41.27039],[-73.69896,41.2715],[-73.69925,41.27244],[-73.69948,41.27323],[-73.69878,41.27416],[-73.69744,41.27499],[-73.6968,41.2754],[-73.69639,41.27561],[-73.69515,41.27596],[-73.69387,41.27628],[-73.69276,41.27663],[-73.69164,41.2773],[-73.69112,41.27809],[-73.691,41.27881],[-73.69112,41.27973],[-73.69117,41.28027],[-73.69114,41.28073],[-73.69128,41.28197],[-73.69114,41.28291],[-73.69068,41.28356],[-73.69004,41.28413],[-73.68944,41.2845],[-73.68839,41.28507],[-73.68792,41.28561],[-73.68786,41.28604],[-73.68804,41.28645],[-73.68856,41.28689],[-73.6901,41.28734],[-73.69097,41.28764],[-73.69262,41.28778],[-73.69297,41.28799],[-73.69379,41.28897],[-73.69419,41.28995],[-73.69443,41.29106],[-73.69466,41.29398],[-73.6945,41.29497],[-73.69419,41.29571],[-73.69392,41.29603],[-73.69326,41.29647],[-73.69233,41.29687],[-73.69179,41.2971],[-73.69091,41.29723],[-73.68767,41.29706],[-73.68687,41.29687],[-73.68615,41.29634],[-73.68552,41.29523],[-73.68511,41.29484],[-73.68445,41.29465],[-73.68386,41.29492],[-73.68283,41.29591],[-73.68165,41.29755],[-73.68158,41.29763],[-73.68155,41.29763],[-73.68131,41.29795],[-73.6804,41.29847],[-73.67893,41.29988],[-73.67841,41.30064],[-73.67794,41.30143],[-73.67753,41.30202],[-73.67712,41.30344],[-73.67693,41.30423],[-73.67658,41.30631],[-73.67605,41.30774],[-73.67503,41.30881],[-73.6747,41.30915],[-73.67258,41.3112],[-73.67153,41.31204],[-73.67029,41.3131],[-73.67023,41.31319],[-73.66971,41.31391],[-73.66842,41.3168],[-73.66788,41.31771],[-73.66718,41.31815],[-73.6653,41.31874],[-73.66336,41.31949],[-73.66194,41.32047],[-73.66095,41.32117],[-73.66024,41.32201],[-73.65995,41.32316],[-73.66,41.32383],[-73.66054,41.32436],[-73.66147,41.3252],[-73.66195,41.3259],[-73.66198,41.32601],[-73.66218,41.32653],[-73.66218,41.3266],[-73.66219,41.32671],[-73.66223,41.32733],[-73.66201,41.32859],[-73.66165,41.32918],[-73.6615,41.33008],[-73.66128,41.33109],[-73.66098,41.33212],[-73.66036,41.33349],[-73.65992,41.33426],[-73.65938,41.33504],[-73.65882,41.33589],[-73.65882,41.3363],[-73.65893,41.33687],[-73.65894,41.33693],[-73.65901,41.337],[-73.65908,41.337],[-73.65942,41.33694],[-73.65951,41.33696],[-73.65987,41.33694],[-73.66049,41.33691],[-73.6606,41.33689],[-73.6607,41.33689],[-73.66227,41.33675],[-73.66254,41.33678],[-73.66342,41.3369],[-73.66377,41.33903],[-73.66486,41.33962],[-73.66483,41.34039],[-73.66481,41.34041],[-73.66469,41.34049],[-73.66432,41.34075],[-73.66426,41.34079],[-73.66371,41.34117],[-73.6638,41.34406],[-73.66488,41.34539],[-73.66384,41.34547],[-73.66397,41.34572],[-73.66457,41.34647],[-73.66487,41.34678],[-73.66486,41.34682],[-73.66482,41.34684],[-73.66473,41.34683],[-73.66469,41.34678],[-73.66461,41.34663],[-73.66456,41.3466],[-73.66452,41.34659],[-73.6645,41.34662],[-73.66455,41.34669],[-73.66454,41.34672],[-73.66451,41.34672],[-73.66439,41.34669],[-73.66399,41.34617],[-73.66383,41.34593],[-73.6638,41.34592],[-73.66378,41.34593],[-73.66377,41.34599],[-73.66377,41.3461],[-73.66378,41.3462],[-73.6638,41.34631],[-73.66384,41.34642],[-73.66401,41.34668],[-73.66444,41.34703],[-73.66445,41.34709],[-73.66487,41.34734],[-73.66571,41.34766],[-73.66618,41.34786],[-73.66663,41.34807],[-73.66719,41.34856],[-73.66729,41.34868],[-73.66803,41.3478],[-73.66828,41.34745],[-73.66839,41.34729],[-73.66851,41.34709],[-73.66881,41.34654],[-73.66913,41.34582],[-73.66926,41.34557],[-73.66944,41.34522],[-73.66951,41.34505],[-73.6697,41.34458],[-73.67011,41.34363],[-73.67064,41.34239],[-73.6708,41.34194],[-73.67088,41.34172],[-73.67103,41.34136],[-73.67385,41.34137],[-73.67601,41.34136],[-73.67692,41.34188],[-73.67722,41.34201],[-73.67914,41.34243],[-73.67981,41.3406],[-73.67999,41.34028],[-73.68116,41.34028],[-73.68115,41.33994],[-73.68169,41.33989],[-73.68181,41.33989],[-73.68176,41.33901],[-73.68399,41.33907],[-73.68475,41.33909],[-73.68477,41.33929],[-73.68498,41.34142],[-73.68506,41.34217],[-73.68541,41.34252],[-73.68546,41.34318],[-73.68556,41.34414],[-73.68557,41.34417],[-73.68587,41.34414],[-73.68537,41.34528],[-73.68537,41.34575],[-73.68537,41.34695],[-73.6854,41.34761],[-73.68544,41.34798],[-73.68561,41.34924],[-73.68595,41.35074],[-73.68728,41.35068],[-73.68725,41.3499],[-73.68745,41.34993],[-73.68756,41.34993],[-73.68766,41.34989],[-73.68777,41.34981],[-73.68808,41.34972],[-73.68818,41.34976],[-73.6882,41.3497],[-73.6882,41.34944],[-73.68832,41.34932],[-73.68851,41.34929],[-73.68861,41.34913],[-73.68882,41.34906],[-73.68894,41.34901],[-73.68932,41.34898],[-73.68949,41.35194],[-73.69477,41.3514],[-73.69878,41.35098],[-73.69994,41.35086],[-73.71745,41.34907],[-73.71868,41.34894],[-73.71981,41.34883],[-73.72081,41.34873],[-73.72404,41.3484],[-73.72521,41.34823],[-73.72634,41.34811],[-73.72686,41.34806],[-73.7275,41.348],[-73.72775,41.34797],[-73.7298,41.34777],[-73.72986,41.34776],[-73.73039,41.34771],[-73.73088,41.34766],[-73.73206,41.34753],[-73.73322,41.34742],[-73.7335,41.34739],[-73.73412,41.34734],[-73.73416,41.34734],[-73.73467,41.3473],[-73.73516,41.34722],[-73.73522,41.34721],[-73.73582,41.34713],[-73.7401,41.34669],[-73.75288,41.34537],[-73.75307,41.34535],[-73.75312,41.34535],[-73.75729,41.34495],[-73.75761,41.34491],[-73.75792,41.34488],[-73.75823,41.34485],[-73.76449,41.3442],[-73.76588,41.34405],[-73.76605,41.34403],[-73.76687,41.34395],[-73.76696,41.34394],[-73.77101,41.34352],[-73.77184,41.34343],[-73.77206,41.3434],[-73.77203,41.34021],[-73.77166,41.33905],[-73.77288,41.33903],[-73.77284,41.33819],[-73.77279,41.33732],[-73.77268,41.33519],[-73.77266,41.33451],[-73.77862,41.33414]]]},"properties":{"name":"SOMERS INTERMEDIATE SCHOOL","schoolId":"362718003701"}},{"type":"Feature","geometry":{"type":"Polygon","coordinates":[[[-73.89488,41.0824],[-73.89468,41.0796],[-73.89469,41.07897],[-73.89471,41.07727],[-73.89478,41.0708],[-73.89478,41.07058],[-73.89478,41.0705],[-73.89476,41.07035],[-73.89474,41.07021],[-73.89473,41.07017],[-73.89471,41.07003],[-73.89471,41.07001],[-73.8947,41.06995],[-73.89468,41.0698],[-73.89448,41.0646],[-73.86836,41.0644],[-73.86775,41.06452],[-73.86668,41.06436],[-73.86391,41.06394],[-73.86381,41.06392],[-73.86361,41.06388],[-73.86325,41.06381],[-73.86266,41.0637],[-73.86232,41.06363],[-73.86234,41.06414],[-73.86067,41.06407],[-73.86016,41.06411],[-73.85624,41.06439],[-73.85495,41.06449],[-73.85416,41.06453],[-73.85133,41.06469],[-73.84907,41.06468],[-73.8476,41.064],[-73.84527,41.0638],[-73.84448,41.06375],[-73.84403,41.06373],[-73.84344,41.06373],[-73.84099,41.06388],[-73.83804,41.064],[-73.83785,41.06402],[-73.83593,41.06404],[-73.83513,41.06467],[-73.83452,41.06645],[-73.83393,41.07036],[-73.84172,41.0744],[-73.83632,41.08225],[-73.83613,41.08253],[-73.83571,41.08313],[-73.83538,41.08383],[-73.83524,41.0842],[-73.83522,41.08426],[-73.83613,41.08458],[-73.83695,41.08493],[-73.83782,41.08533],[-73.83821,41.08548],[-73.8384,41.08552],[-73.83862,41.08554],[-73.83883,41.08554],[-73.83906,41.08551],[-73.83921,41.08548],[-73.83937,41.08542],[-73.83956,41.08533],[-73.83969,41.08525],[-73.83983,41.08512],[-73.83993,41.085],[-73.84001,41.08487],[-73.84021,41.08461],[-73.84035,41.08445],[-73.84049,41.08434],[-73.84068,41.08429],[-73.8408,41.08427],[-73.84094,41.08429],[-73.84117,41.08433],[-73.84142,41.08447],[-73.84171,41.08469],[-73.84192,41.08478],[-73.84211,41.08484],[-73.84244,41.08486],[-73.84265,41.08486],[-73.84349,41.08476],[-73.8436,41.08475],[-73.84378,41.08478],[-73.8439,41.08482],[-73.84411,41.08488],[-73.84433,41.08496],[-73.84475,41.08521],[-73.84548,41.08577],[-73.8457,41.0859],[-73.84599,41.08605],[-73.84614,41.0861],[-73.84651,41.08617],[-73.84667,41.08622],[-73.84683,41.08628],[-73.84695,41.08633],[-73.84726,41.08653],[-73.84739,41.08662],[-73.8475,41.0867],[-73.84759,41.08674],[-73.84774,41.08679],[-73.84792,41.08684],[-73.84827,41.08697],[-73.8484,41.08701],[-73.84897,41.08719],[-73.8494,41.08733],[-73.8495,41.08735],[-73.8499,41.08745],[-73.85036,41.08754],[-73.85114,41.08766],[-73.85143,41.08774],[-73.85154,41.08778],[-73.85168,41.08786],[-73.85173,41.0879],[-73.85176,41.08792],[-73.85184,41.08801],[-73.85195,41.08818],[-73.85222,41.08876],[-73.85238,41.08861],[-73.85246,41.08856],[-73.8528,41.08833],[-73.85306,41.08819],[-73.85393,41.08777],[-73.85422,41.08759],[-73.85477,41.0872],[-73.855,41.08706],[-73.85522,41.08696],[-73.85545,41.08689],[-73.85568,41.08683],[-73.85562,41.0872],[-73.8556,41.08745],[-73.85578,41.08806],[-73.85588,41.0882],[-73.8562,41.08849],[-73.85648,41.08874],[-73.85665,41.08891],[-73.85677,41.0892],[-73.85693,41.08953],[-73.85711,41.0899],[-73.85722,41.09011],[-73.85733,41.09058],[-73.85754,41.09152],[-73.85752,41.09215],[-73.85752,41.09233],[-73.85619,41.0968],[-73.85626,41.097],[-73.85628,41.09707],[-73.85644,41.09729],[-73.85675,41.09755],[-73.85688,41.09774],[-73.85691,41.09788],[-73.85682,41.09805],[-73.85676,41.09838],[-73.85683,41.09834],[-73.85694,41.09865],[-73.8573,41.09882],[-73.85682,41.09945],[-73.85679,41.09949],[-73.85664,41.09998],[-73.85658,41.1001],[-73.85651,41.10019],[-73.85642,41.10026],[-73.8563,41.1003],[-73.85606,41.10034],[-73.85595,41.1004],[-73.85582,41.10058],[-73.85575,41.10072],[-73.85527,41.10136],[-73.85492,41.10186],[-73.85476,41.10201],[-73.85466,41.10215],[-73.85463,41.10227],[-73.8546,41.10256],[-73.8544,41.1025],[-73.85428,41.10247],[-73.85415,41.10247],[-73.85406,41.10249],[-73.85378,41.10258],[-73.85365,41.10259],[-73.85355,41.10259],[-73.85335,41.10253],[-73.85327,41.1025],[-73.8532,41.10243],[-73.85314,41.10241],[-73.85303,41.10241],[-73.85213,41.10479],[-73.85084,41.10801],[-73.85088,41.10818],[-73.85095,41.10849],[-73.85094,41.10892],[-73.85076,41.10952],[-73.84975,41.11162],[-73.84957,41.11202],[-73.84945,41.11296],[-73.84926,41.11363],[-73.84868,41.11464],[-73.84732,41.11674],[-73.84709,41.11717],[-73.84639,41.11825],[-73.84584,41.11919],[-73.84561,41.12027],[-73.84542,41.12065],[-73.8453,41.12105],[-73.84498,41.12194],[-73.84477,41.12237],[-73.84521,41.12242],[-73.84534,41.12244],[-73.84777,41.12271],[-73.85127,41.12333],[-73.85587,41.12394],[-73.85734,41.12411],[-73.85837,41.12424],[-73.85887,41.1243],[-73.86022,41.12446],[-73.86177,41.12464],[-73.8628,41.12477],[-73.86315,41.12481],[-73.86399,41.12491],[-73.86406,41.12492],[-73.86529,41.12507],[-73.86548,41.12509],[-73.86627,41.1252],[-73.86749,41.12536],[-73.86768,41.12538],[-73.88758,41.1288],[-73.88884,41.12183],[-73.89078,41.1111],[-73.89087,41.11059],[-73.89142,41.10733],[-73.89153,41.10665],[-73.89185,41.10479],[-73.89378,41.0933],[-73.89392,41.09193],[-73.89488,41.0824]]]},"properties":{"name":"JOHN PAULDING SCHOOL","schoolId":"362865003888"}},{"type":"Feature","geometry":{"type":"Polygon","coordinates":[[[-73.89488,41.0824],[-73.89468,41.0796],[-73.89469,41.07897],[-73.89471,41.07727],[-73.89478,41.0708],[-73.89478,41.07058],[-73.89478,41.0705],[-73.89476,41.07035],[-73.89474,41.07021],[-73.89473,41.07017],[-73.89471,41.07003],[-73.89471,41.07001],[-73.8947,41.06995],[-73.89468,41.0698],[-73.89448,41.0646],[-73.86836,41.0644],[-73.86775,41.06452],[-73.86668,41.06436],[-73.86391,41.06394],[-73.86381,41.06392],[-73.86361,41.06388],[-73.86325,41.06381],[-73.86266,41.0637],[-73.86232,41.06363],[-73.86234,41.06414],[-73.86067,41.06407],[-73.86016,41.06411],[-73.85624,41.06439],[-73.85495,41.06449],[-73.85416,41.06453],[-73.85133,41.06469],[-73.84907,41.06468],[-73.8476,41.064],[-73.84527,41.0638],[-73.84448,41.06375],[-73.84403,41.06373],[-73.84344,41.06373],[-73.84099,41.06388],[-73.83804,41.064],[-73.83785,41.06402],[-73.83593,41.06404],[-73.83513,41.06467],[-73.83452,41.06645],[-73.83393,41.07036],[-73.84172,41.0744],[-73.83632,41.08225],[-73.83613,41.08253],[-73.83571,41.08313],[-73.83538,41.08383],[-73.83524,41.0842],[-73.83522,41.08426],[-73.83613,41.08458],[-73.83695,41.08493],[-73.83782,41.08533],[-73.83821,41.08548],[-73.8384,41.08552],[-73.83862,41.08554],[-73.83883,41.08554],[-73.83906,41.08551],[-73.83921,41.08548],[-73.83937,41.08542],[-73.83956,41.08533],[-73.83969,41.08525],[-73.83983,41.08512],[-73.83993,41.085],[-73.84001,41.08487],[-73.84021,41.08461],[-73.84035,41.08445],[-73.84049,41.08434],[-73.84068,41.08429],[-73.8408,41.08427],[-73.84094,41.08429],[-73.84117,41.08433],[-73.84142,41.08447],[-73.84171,41.08469],[-73.84192,41.08478],[-73.84211,41.08484],[-73.84244,41.08486],[-73.84265,41.08486],[-73.84349,41.08476],[-73.8436,41.08475],[-73.84378,41.08478],[-73.8439,41.08482],[-73.84411,41.08488],[-73.84433,41.08496],[-73.84475,41.08521],[-73.84548,41.08577],[-73.8457,41.0859],[-73.84599,41.08605],[-73.84614,41.0861],[-73.84651,41.08617],[-73.84667,41.08622],[-73.84683,41.08628],[-73.84695,41.08633],[-73.84726,41.08653],[-73.84739,41.08662],[-73.8475,41.0867],[-73.84759,41.08674],[-73.84774,41.08679],[-73.84792,41.08684],[-73.84827,41.08697],[-73.8484,41.08701],[-73.84897,41.08719],[-73.8494,41.08733],[-73.8495,41.08735],[-73.8499,41.08745],[-73.85036,41.08754],[-73.85114,41.08766],[-73.85143,41.08774],[-73.85154,41.08778],[-73.85168,41.08786],[-73.85173,41.0879],[-73.85176,41.08792],[-73.85184,41.08801],[-73.85195,41.08818],[-73.85222,41.08876],[-73.85238,41.08861],[-73.85246,41.08856],[-73.8528,41.08833],[-73.85306,41.08819],[-73.85393,41.08777],[-73.85422,41.08759],[-73.85477,41.0872],[-73.855,41.08706],[-73.85522,41.08696],[-73.85545,41.08689],[-73.85568,41.08683],[-73.85562,41.0872],[-73.8556,41.08745],[-73.85578,41.08806],[-73.85588,41.0882],[-73.8562,41.08849],[-73.85648,41.08874],[-73.85665,41.08891],[-73.85677,41.0892],[-73.85693,41.08953],[-73.85711,41.0899],[-73.85722,41.09011],[-73.85733,41.09058],[-73.85754,41.09152],[-73.85752,41.09215],[-73.85752,41.09233],[-73.85619,41.0968],[-73.85626,41.097],[-73.85628,41.09707],[-73.85644,41.09729],[-73.85675,41.09755],[-73.85688,41.09774],[-73.85691,41.09788],[-73.85682,41.09805],[-73.85676,41.09838],[-73.85683,41.09834],[-73.85694,41.09865],[-73.8573,41.09882],[-73.85682,41.09945],[-73.85679,41.09949],[-73.85664,41.09998],[-73.85658,41.1001],[-73.85651,41.10019],[-73.85642,41.10026],[-73.8563,41.1003],[-73.85606,41.10034],[-73.85595,41.1004],[-73.85582,41.10058],[-73.85575,41.10072],[-73.85527,41.10136],[-73.85492,41.10186],[-73.85476,41.10201],[-73.85466,41.10215],[-73.85463,41.10227],[-73.8546,41.10256],[-73.8544,41.1025],[-73.85428,41.10247],[-73.85415,41.10247],[-73.85406,41.10249],[-73.85378,41.10258],[-73.85365,41.10259],[-73.85355,41.10259],[-73.85335,41.10253],[-73.85327,41.1025],[-73.8532,41.10243],[-73.85314,41.10241],[-73.85303,41.10241],[-73.85213,41.10479],[-73.85084,41.10801],[-73.85088,41.10818],[-73.85095,41.10849],[-73.85094,41.10892],[-73.85076,41.10952],[-73.84975,41.11162],[-73.84957,41.11202],[-73.84945,41.11296],[-73.84926,41.11363],[-73.84868,41.11464],[-73.84732,41.11674],[-73.84709,41.11717],[-73.84639,41.11825],[-73.84584,41.11919],[-73.84561,41.12027],[-73.84542,41.12065],[-73.8453,41.12105],[-73.84498,41.12194],[-73.84477,41.12237],[-73.84521,41.12242],[-73.84534,41.12244],[-73.84777,41.12271],[-73.85127,41.12333],[-73.85587,41.12394],[-73.85734,41.12411],[-73.85837,41.12424],[-73.85887,41.1243],[-73.86022,41.12446],[-73.86177,41.12464],[-73.8628,41.12477],[-73.86315,41.12481],[-73.86399,41.12491],[-73.86406,41.12492],[-73.86529,41.12507],[-73.86548,41.12509],[-73.86627,41.1252],[-73.86749,41.12536],[-73.86768,41.12538],[-73.88758,41.1288],[-73.88884,41.12183],[-73.89078,41.1111],[-73.89087,41.11059],[-73.89142,41.10733],[-73.89153,41.10665],[-73.89185,41.10479],[-73.89378,41.0933],[-73.89392,41.09193],[-73.89488,41.0824]]]},"properties":{"name":"W L MORSE SCHOOL","schoolId":"362865003891"}},{"type":"Feature","geometry":{"type":"Polygon","coordinates":[[[-73.89488,41.0824],[-73.89468,41.0796],[-73.89469,41.07897],[-73.89471,41.07727],[-73.89478,41.0708],[-73.89478,41.07058],[-73.89478,41.0705],[-73.89476,41.07035],[-73.89474,41.07021],[-73.89473,41.07017],[-73.89471,41.07003],[-73.89471,41.07001],[-73.8947,41.06995],[-73.89468,41.0698],[-73.89448,41.0646],[-73.86836,41.0644],[-73.86775,41.06452],[-73.86668,41.06436],[-73.86391,41.06394],[-73.86381,41.06392],[-73.86361,41.06388],[-73.86325,41.06381],[-73.86266,41.0637],[-73.86232,41.06363],[-73.86234,41.06414],[-73.86067,41.06407],[-73.86016,41.06411],[-73.85624,41.06439],[-73.85495,41.06449],[-73.85416,41.06453],[-73.85133,41.06469],[-73.84907,41.06468],[-73.8476,41.064],[-73.84527,41.0638],[-73.84448,41.06375],[-73.84403,41.06373],[-73.84344,41.06373],[-73.84099,41.06388],[-73.83804,41.064],[-73.83785,41.06402],[-73.83593,41.06404],[-73.83513,41.06467],[-73.83452,41.06645],[-73.83393,41.07036],[-73.84172,41.0744],[-73.83632,41.08225],[-73.83613,41.08253],[-73.83571,41.08313],[-73.83538,41.08383],[-73.83524,41.0842],[-73.83522,41.08426],[-73.83613,41.08458],[-73.83695,41.08493],[-73.83782,41.08533],[-73.83821,41.08548],[-73.8384,41.08552],[-73.83862,41.08554],[-73.83883,41.08554],[-73.83906,41.08551],[-73.83921,41.08548],[-73.83937,41.08542],[-73.83956,41.08533],[-73.83969,41.08525],[-73.83983,41.08512],[-73.83993,41.085],[-73.84001,41.08487],[-73.84021,41.08461],[-73.84035,41.08445],[-73.84049,41.08434],[-73.84068,41.08429],[-73.8408,41.08427],[-73.84094,41.08429],[-73.84117,41.08433],[-73.84142,41.08447],[-73.84171,41.08469],[-73.84192,41.08478],[-73.84211,41.08484],[-73.84244,41.08486],[-73.84265,41.08486],[-73.84349,41.08476],[-73.8436,41.08475],[-73.84378,41.08478],[-73.8439,41.08482],[-73.84411,41.08488],[-73.84433,41.08496],[-73.84475,41.08521],[-73.84548,41.08577],[-73.8457,41.0859],[-73.84599,41.08605],[-73.84614,41.0861],[-73.84651,41.08617],[-73.84667,41.08622],[-73.84683,41.08628],[-73.84695,41.08633],[-73.84726,41.08653],[-73.84739,41.08662],[-73.8475,41.0867],[-73.84759,41.08674],[-73.84774,41.08679],[-73.84792,41.08684],[-73.84827,41.08697],[-73.8484,41.08701],[-73.84897,41.08719],[-73.8494,41.08733],[-73.8495,41.08735],[-73.8499,41.08745],[-73.85036,41.08754],[-73.85114,41.08766],[-73.85143,41.08774],[-73.85154,41.08778],[-73.85168,41.08786],[-73.85173,41.0879],[-73.85176,41.08792],[-73.85184,41.08801],[-73.85195,41.08818],[-73.85222,41.08876],[-73.85238,41.08861],[-73.85246,41.08856],[-73.8528,41.08833],[-73.85306,41.08819],[-73.85393,41.08777],[-73.85422,41.08759],[-73.85477,41.0872],[-73.855,41.08706],[-73.85522,41.08696],[-73.85545,41.08689],[-73.85568,41.08683],[-73.85562,41.0872],[-73.8556,41.08745],[-73.85578,41.08806],[-73.85588,41.0882],[-73.8562,41.08849],[-73.85648,41.08874],[-73.85665,41.08891],[-73.85677,41.0892],[-73.85693,41.08953],[-73.85711,41.0899],[-73.85722,41.09011],[-73.85733,41.09058],[-73.85754,41.09152],[-73.85752,41.09215],[-73.85752,41.09233],[-73.85619,41.0968],[-73.85626,41.097],[-73.85628,41.09707],[-73.85644,41.09729],[-73.85675,41.09755],[-73.85688,41.09774],[-73.85691,41.09788],[-73.85682,41.09805],[-73.85676,41.09838],[-73.85683,41.09834],[-73.85694,41.09865],[-73.8573,41.09882],[-73.85682,41.09945],[-73.85679,41.09949],[-73.85664,41.09998],[-73.85658,41.1001],[-73.85651,41.10019],[-73.85642,41.10026],[-73.8563,41.1003],[-73.85606,41.10034],[-73.85595,41.1004],[-73.85582,41.10058],[-73.85575,41.10072],[-73.85527,41.10136],[-73.85492,41.10186],[-73.85476,41.10201],[-73.85466,41.10215],[-73.85463,41.10227],[-73.8546,41.10256],[-73.8544,41.1025],[-73.85428,41.10247],[-73.85415,41.10247],[-73.85406,41.10249],[-73.85378,41.10258],[-73.85365,41.10259],[-73.85355,41.10259],[-73.85335,41.10253],[-73.85327,41.1025],[-73.8532,41.10243],[-73.85314,41.10241],[-73.85303,41.10241],[-73.85213,41.10479],[-73.85084,41.10801],[-73.85088,41.10818],[-73.85095,41.10849],[-73.85094,41.10892],[-73.85076,41.10952],[-73.84975,41.11162],[-73.84957,41.11202],[-73.84945,41.11296],[-73.84926,41.11363],[-73.84868,41.11464],[-73.84732,41.11674],[-73.84709,41.11717],[-73.84639,41.11825],[-73.84584,41.11919],[-73.84561,41.12027],[-73.84542,41.12065],[-73.8453,41.12105],[-73.84498,41.12194],[-73.84477,41.12237],[-73.84521,41.12242],[-73.84534,41.12244],[-73.84777,41.12271],[-73.85127,41.12333],[-73.85587,41.12394],[-73.85734,41.12411],[-73.85837,41.12424],[-73.85887,41.1243],[-73.86022,41.12446],[-73.86177,41.12464],[-73.8628,41.12477],[-73.86315,41.12481],[-73.86399,41.12491],[-73.86406,41.12492],[-73.86529,41.12507],[-73.86548,41.12509],[-73.86627,41.1252],[-73.86749,41.12536],[-73.86768,41.12538],[-73.88758,41.1288],[-73.88884,41.12183],[-73.89078,41.1111],[-73.89087,41.11059],[-73.89142,41.10733],[-73.89153,41.10665],[-73.89185,41.10479],[-73.89378,41.0933],[-73.89392,41.09193],[-73.89488,41.0824]]]},"properties":{"name":"WASHINGTON IRVING INTERM SCHOOL","schoolId":"362865003892"}},{"type":"Feature","geometry":{"type":"Polygon","coordinates":[[[-73.83352,40.94841],[-73.83351,40.94831],[-73.83324,40.94822],[-73.83207,40.94781],[-73.83144,40.94752],[-73.83018,40.94736],[-73.82912,40.94707],[-73.82839,40.94658],[-73.82744,40.94636],[-73.82614,40.94592],[-73.8253,40.94561],[-73.82447,40.94533],[-73.82356,40.94514],[-73.8229,40.94492],[-73.82136,40.94453],[-73.82073,40.94438],[-73.82074,40.94432],[-73.82077,40.94409],[-73.82028,40.94414],[-73.8189,40.94434],[-73.81837,40.94443],[-73.81781,40.9437],[-73.81761,40.9437],[-73.81707,40.94369],[-73.8169,40.94294],[-73.81666,40.94196],[-73.81652,40.94114],[-73.81583,40.94012],[-73.81578,40.93999],[-73.81564,40.93931],[-73.81506,40.93836],[-73.81511,40.93827],[-73.8152,40.93806],[-73.81528,40.93777],[-73.81528,40.93771],[-73.8153,40.93751],[-73.81528,40.93699],[-73.81524,40.93652],[-73.81526,40.93624],[-73.8153,40.93608],[-73.81534,40.93605],[-73.81538,40.93602],[-73.81516,40.93555],[-73.81503,40.93528],[-73.81499,40.9352],[-73.81479,40.93486],[-73.81445,40.93434],[-73.81436,40.93424],[-73.81417,40.93399],[-73.81407,40.93381],[-73.81514,40.93353],[-73.81622,40.93325],[-73.81852,40.93262],[-73.81855,40.93247],[-73.81859,40.93235],[-73.81865,40.9322],[-73.81875,40.93203],[-73.81883,40.93191],[-73.81906,40.93166],[-73.81979,40.93108],[-73.81854,40.93089],[-73.81839,40.93082],[-73.81707,40.93036],[-73.81612,40.93021],[-73.81532,40.92966],[-73.8142,40.92945],[-73.81341,40.92905],[-73.81264,40.92881],[-73.81191,40.92857],[-73.81184,40.92855],[-73.81153,40.92847],[-73.81137,40.92842],[-73.81124,40.92837],[-73.81075,40.92819],[-73.80986,40.92788],[-73.80837,40.9278],[-73.80676,40.92733],[-73.80659,40.92721],[-73.80642,40.92714],[-73.8056,40.92692],[-73.8054,40.92684],[-73.80548,40.92693],[-73.80556,40.92701],[-73.8055,40.92711],[-73.80542,40.92729],[-73.80539,40.92733],[-73.80522,40.92741],[-73.80519,40.92749],[-73.80521,40.92758],[-73.80522,40.92773],[-73.80519,40.92784],[-73.80512,40.9279],[-73.80493,40.92794],[-73.80478,40.92797],[-73.80471,40.9281],[-73.80466,40.92817],[-73.80461,40.9282],[-73.80455,40.92823],[-73.80438,40.92823],[-73.80419,40.92826],[-73.8041,40.92827],[-73.8039,40.92835],[-73.80346,40.92854],[-73.8033,40.92862],[-73.80273,40.92894],[-73.80218,40.92921],[-73.80196,40.92936],[-73.80186,40.92944],[-73.80178,40.92954],[-73.80174,40.92963],[-73.80171,40.92972],[-73.80168,40.92987],[-73.80159,40.93006],[-73.80167,40.93015],[-73.80169,40.93023],[-73.80164,40.93033],[-73.80113,40.93072],[-73.80107,40.93106],[-73.8009,40.93178],[-73.80088,40.93195],[-73.80091,40.93205],[-73.80106,40.93227],[-73.80141,40.9326],[-73.8017,40.93283],[-73.80201,40.93305],[-73.80229,40.93319],[-73.80255,40.93327],[-73.80326,40.93334],[-73.80338,40.93334],[-73.80345,40.93331],[-73.80354,40.93321],[-73.80363,40.93316],[-73.8037,40.93316],[-73.8038,40.93318],[-73.80393,40.93329],[-73.80399,40.93339],[-73.80406,40.93344],[-73.80423,40.93348],[-73.8044,40.93344],[-73.80594,40.93388],[-73.80619,40.93407],[-73.80627,40.93415],[-73.80638,40.93427],[-73.8069,40.93495],[-73.80711,40.9353],[-73.80717,40.93543],[-73.80718,40.93549],[-73.80717,40.93555],[-73.80711,40.93575],[-73.80717,40.93582],[-73.8072,40.93593],[-73.80718,40.93602],[-73.80705,40.93636],[-73.80664,40.93707],[-73.80598,40.93818],[-73.80565,40.9388],[-73.80426,40.94115],[-73.80441,40.94138],[-73.8045,40.94155],[-73.80451,40.94161],[-73.8045,40.9417],[-73.80438,40.94182],[-73.8043,40.94199],[-73.80423,40.94217],[-73.80413,40.94233],[-73.80396,40.94248],[-73.80388,40.94254],[-73.80372,40.94264],[-73.80296,40.94297],[-73.80251,40.94315],[-73.80236,40.94324],[-73.80228,40.94331],[-73.80219,40.94348],[-73.80215,40.94356],[-73.80213,40.9436],[-73.80211,40.94365],[-73.80204,40.94382],[-73.80199,40.94392],[-73.8019,40.94408],[-73.80186,40.94415],[-73.80529,40.94407],[-73.80546,40.94345],[-73.80656,40.9435],[-73.80652,40.94363],[-73.80642,40.94393],[-73.80627,40.9443],[-73.8056,40.94578],[-73.80558,40.94581],[-73.80547,40.94606],[-73.80938,40.94651],[-73.81177,40.9468],[-73.81201,40.9485],[-73.81272,40.94879],[-73.81278,40.9488],[-73.81456,40.94828],[-73.81619,40.94786],[-73.81637,40.9479],[-73.81715,40.94805],[-73.81723,40.94784],[-73.81792,40.94768],[-73.81831,40.94756],[-73.81858,40.94759],[-73.81931,40.94768],[-73.81949,40.94745],[-73.81989,40.94692],[-73.8219,40.94777],[-73.82226,40.9479],[-73.8221,40.94805],[-73.82196,40.94821],[-73.82142,40.94932],[-73.82004,40.95189],[-73.81942,40.95309],[-73.82004,40.95323],[-73.82192,40.95352],[-73.82263,40.95356],[-73.82368,40.95371],[-73.8247,40.95385],[-73.82515,40.95394],[-73.82559,40.95404],[-73.82809,40.95456],[-73.82818,40.95449],[-73.82831,40.95435],[-73.82834,40.9542],[-73.82836,40.95415],[-73.82838,40.95406],[-73.82847,40.95389],[-73.82863,40.95369],[-73.8287,40.95355],[-73.82871,40.95352],[-73.82878,40.95339],[-73.8289,40.95309],[-73.82897,40.95264],[-73.82899,40.95225],[-73.82906,40.9519],[-73.82912,40.9517],[-73.82915,40.9516],[-73.82926,40.95141],[-73.82958,40.95116],[-73.82985,40.95102],[-73.83004,40.951],[-73.83021,40.95103],[-73.83052,40.95131],[-73.83109,40.9517],[-73.83118,40.95176],[-73.83127,40.95182],[-73.83147,40.95185],[-73.83167,40.95178],[-73.83211,40.95143],[-73.8322,40.95136],[-73.83248,40.95213],[-73.83252,40.95224],[-73.83261,40.95231],[-73.83339,40.95145],[-73.83338,40.95088],[-73.83338,40.95072],[-73.83339,40.95053],[-73.83342,40.9503],[-73.83347,40.94994],[-73.83343,40.94953],[-73.83344,40.94949],[-73.83345,40.94944],[-73.8335,40.94867],[-73.83352,40.94841]]]},"properties":{"name":"WILLIAM E COTTLE SCHOOL","schoolId":"362904003924"}},{"type":"Feature","geometry":{"type":"Polygon","coordinates":[[[-73.80512,41.05789],[-73.8048,41.05707],[-73.80411,41.05535],[-73.80269,41.05544],[-73.79811,41.05581],[-73.79809,41.05574],[-73.79805,41.05562],[-73.79797,41.05537],[-73.79792,41.05507],[-73.79792,41.05482],[-73.79795,41.0547],[-73.79801,41.05457],[-73.79812,41.05442],[-73.79854,41.05401],[-73.79906,41.05349],[-73.79969,41.05289],[-73.79982,41.05275],[-73.79541,41.05323],[-73.79236,41.05381],[-73.78871,41.05448],[-73.78172,41.05524],[-73.78111,41.05533],[-73.77857,41.05554],[-73.77733,41.05573],[-73.77671,41.0557],[-73.77574,41.05597],[-73.77481,41.05613],[-73.77397,41.05621],[-73.77385,41.05622],[-73.77334,41.05628],[-73.77217,41.0564],[-73.77226,41.05631],[-73.7723,41.0562],[-73.77238,41.05601],[-73.77239,41.05589],[-73.77244,41.05548],[-73.77247,41.05515],[-73.7725,41.05485],[-73.77247,41.05453],[-73.77244,41.05431],[-73.77244,41.05428],[-73.77234,41.05408],[-73.77225,41.05429],[-73.77182,41.05423],[-73.77171,41.05422],[-73.76923,41.05391],[-73.76921,41.05392],[-73.76795,41.0539],[-73.76681,41.05381],[-73.7662,41.0538],[-73.76611,41.0538],[-73.76248,41.0537],[-73.7625,41.05405],[-73.76252,41.05415],[-73.76256,41.0542],[-73.76268,41.05428],[-73.76306,41.0545],[-73.76259,41.05506],[-73.76219,41.05565],[-73.76303,41.05709],[-73.76238,41.05851],[-73.76318,41.05991],[-73.76438,41.06191],[-73.76485,41.06254],[-73.76456,41.06255],[-73.76456,41.06388],[-73.76448,41.0639],[-73.76384,41.06401],[-73.76404,41.06461],[-73.76409,41.06471],[-73.76423,41.06491],[-73.76349,41.06511],[-73.76239,41.06491],[-73.75961,41.06914],[-73.75918,41.0698],[-73.75718,41.0695],[-73.75817,41.06721],[-73.75707,41.06681],[-73.75697,41.06731],[-73.75417,41.06671],[-73.75387,41.06721],[-73.75267,41.06721],[-73.75262,41.06711],[-73.75252,41.06683],[-73.75247,41.0667],[-73.75234,41.06653],[-73.75211,41.06632],[-73.75199,41.06625],[-73.75182,41.06619],[-73.75146,41.06609],[-73.75153,41.06594],[-73.75198,41.06522],[-73.75214,41.06495],[-73.75232,41.06455],[-73.75234,41.06446],[-73.75235,41.06437],[-73.75233,41.06425],[-73.75224,41.06401],[-73.75222,41.06394],[-73.75222,41.06374],[-73.75222,41.06371],[-73.75158,41.06371],[-73.75168,41.06241],[-73.75118,41.06191],[-73.752,41.0608],[-73.75208,41.0607],[-73.75228,41.059],[-73.75248,41.0583],[-73.75232,41.05827],[-73.75108,41.058],[-73.74978,41.0583],[-73.74968,41.0575],[-73.75048,41.0562],[-73.75088,41.0562],[-73.75147,41.05508],[-73.75149,41.05505],[-73.75228,41.05374],[-73.75278,41.05291],[-73.75158,41.05261],[-73.74948,41.05241],[-73.74428,41.05211],[-73.74865,41.05268],[-73.74923,41.0529],[-73.74957,41.05305],[-73.7503,41.05329],[-73.75077,41.05354],[-73.75094,41.05368],[-73.75088,41.05396],[-73.75084,41.0541],[-73.75078,41.05429],[-73.75077,41.05433],[-73.7504,41.0552],[-73.75034,41.05527],[-73.74965,41.05585],[-73.74916,41.05638],[-73.74903,41.05678],[-73.74902,41.05749],[-73.74891,41.05779],[-73.74897,41.05809],[-73.74926,41.05858],[-73.74949,41.05894],[-73.74955,41.05924],[-73.74966,41.05972],[-73.74984,41.0599],[-73.75036,41.06008],[-73.75054,41.06026],[-73.75048,41.06056],[-73.75035,41.06099],[-73.74996,41.06223],[-73.74996,41.06339],[-73.75067,41.06726],[-73.75093,41.06871],[-73.75108,41.06957],[-73.75118,41.07016],[-73.75124,41.07043],[-73.75133,41.07079],[-73.75175,41.07251],[-73.75191,41.0731],[-73.75212,41.0742],[-73.75222,41.07526],[-73.75226,41.07549],[-73.75242,41.07614],[-73.75245,41.07634],[-73.75244,41.0764],[-73.75239,41.07646],[-73.75237,41.07649],[-73.75252,41.07747],[-73.75252,41.07804],[-73.75259,41.07886],[-73.75075,41.07919],[-73.75082,41.07952],[-73.75085,41.07962],[-73.75095,41.07991],[-73.75104,41.08005],[-73.75113,41.08017],[-73.75132,41.08042],[-73.75134,41.08045],[-73.75151,41.08062],[-73.75162,41.0807],[-73.75171,41.08078],[-73.75191,41.08092],[-73.75222,41.08111],[-73.75243,41.0812],[-73.75257,41.08123],[-73.75311,41.08129],[-73.75346,41.08135],[-73.75381,41.08142],[-73.75398,41.08151],[-73.75412,41.0816],[-73.75457,41.08196],[-73.75491,41.08226],[-73.75503,41.08234],[-73.75517,41.08239],[-73.75552,41.08247],[-73.75604,41.08255],[-73.75621,41.0821],[-73.75772,41.07818],[-73.75749,41.07787],[-73.75796,41.07673],[-73.75836,41.07686],[-73.75903,41.07485],[-73.76073,41.07529],[-73.76085,41.07531],[-73.7619,41.07557],[-73.76229,41.07566],[-73.76608,41.07663],[-73.76784,41.07708],[-73.76778,41.07993],[-73.76847,41.08024],[-73.76896,41.0831],[-73.76987,41.08595],[-73.77144,41.09061],[-73.77165,41.09076],[-73.77175,41.09081],[-73.77175,41.09152],[-73.77218,41.0927],[-73.77392,41.09749],[-73.77404,41.09748],[-73.77428,41.09745],[-73.7751,41.09738],[-73.77605,41.09728],[-73.77691,41.09716],[-73.7775,41.09709],[-73.77771,41.09707],[-73.77781,41.09704],[-73.77793,41.09702],[-73.77799,41.09702],[-73.77818,41.0971],[-73.77893,41.09724],[-73.77939,41.09737],[-73.77976,41.09747],[-73.78013,41.09747],[-73.78029,41.09735],[-73.78039,41.09715],[-73.78054,41.09703],[-73.7807,41.09694],[-73.78121,41.09631],[-73.78127,41.09629],[-73.78232,41.0964],[-73.78344,41.09645],[-73.78408,41.09642],[-73.78528,41.0963],[-73.78541,41.0963],[-73.78602,41.09633],[-73.78633,41.09625],[-73.78712,41.09618],[-73.7872,41.09607],[-73.78739,41.09596],[-73.78796,41.09592],[-73.78827,41.0959],[-73.78846,41.0959],[-73.78888,41.09579],[-73.78928,41.09573],[-73.78874,41.09465],[-73.79172,41.09365],[-73.79189,41.09359],[-73.79276,41.09325],[-73.79284,41.09322],[-73.79307,41.09316],[-73.79284,41.09244],[-73.79273,41.09213],[-73.79233,41.09126],[-73.79207,41.09076],[-73.79152,41.08987],[-73.79118,41.08939],[-73.7911,41.08927],[-73.79086,41.08894],[-73.79076,41.08882],[-73.79069,41.08874],[-73.79056,41.08859],[-73.79006,41.08803],[-73.7895,41.08749],[-73.78901,41.08704],[-73.78832,41.08646],[-73.78845,41.08643],[-73.78838,41.08636],[-73.78844,41.08629],[-73.79565,41.08664],[-73.79573,41.08664],[-73.7978,41.08673],[-73.79771,41.08589],[-73.7976,41.08552],[-73.79735,41.0852],[-73.79723,41.08502],[-73.79705,41.08472],[-73.79693,41.08448],[-73.79681,41.08419],[-73.79667,41.08367],[-73.79652,41.08265],[-73.79647,41.08219],[-73.79643,41.08176],[-73.79633,41.08094],[-73.79632,41.08063],[-73.79635,41.08045],[-73.79641,41.08029],[-73.79668,41.07976],[-73.79676,41.0796],[-73.79689,41.07941],[-73.79705,41.07925],[-73.7972,41.07915],[-73.79739,41.07903],[-73.79792,41.07875],[-73.79814,41.07861],[-73.79848,41.07838],[-73.79853,41.07833],[-73.79859,41.07816],[-73.79899,41.0781],[-73.8002,41.07782],[-73.80034,41.07764],[-73.80053,41.0774],[-73.80047,41.07703],[-73.79991,41.0732],[-73.79984,41.07268],[-73.79986,41.0725],[-73.79986,41.07237],[-73.79975,41.07164],[-73.79963,41.07093],[-73.79958,41.07041],[-73.79955,41.06991],[-73.79954,41.06948],[-73.79956,41.06923],[-73.79959,41.06906],[-73.79973,41.06854],[-73.79978,41.06831],[-73.79985,41.06761],[-73.7999,41.0669],[-73.79995,41.06634],[-73.80006,41.06581],[-73.80008,41.06564],[-73.80009,41.06548],[-73.80007,41.06528],[-73.80006,41.06516],[-73.80003,41.06499],[-73.79995,41.06445],[-73.79984,41.06386],[-73.79961,41.06293],[-73.79951,41.06261],[-73.79946,41.06251],[-73.79934,41.0622],[-73.79931,41.0621],[-73.79923,41.06189],[-73.79907,41.06137],[-73.80188,41.06121],[-73.80217,41.06119],[-73.80176,41.06058],[-73.80302,41.05949],[-73.80512,41.05789]]]},"properties":{"name":"VIRGINIA ROAD ELEMENTARY SCHOOL","schoolId":"362940004536"}},{"type":"Feature","geometry":{"type":"Polygon","coordinates":[[[-73.80512,41.05789],[-73.8048,41.05707],[-73.80411,41.05535],[-73.80269,41.05544],[-73.79811,41.05581],[-73.79809,41.05574],[-73.79805,41.05562],[-73.79797,41.05537],[-73.79792,41.05507],[-73.79792,41.05482],[-73.79795,41.0547],[-73.79801,41.05457],[-73.79812,41.05442],[-73.79854,41.05401],[-73.79906,41.05349],[-73.79969,41.05289],[-73.79982,41.05275],[-73.79541,41.05323],[-73.79236,41.05381],[-73.78871,41.05448],[-73.78172,41.05524],[-73.78111,41.05533],[-73.77857,41.05554],[-73.77733,41.05573],[-73.77671,41.0557],[-73.77574,41.05597],[-73.77481,41.05613],[-73.77397,41.05621],[-73.77385,41.05622],[-73.77334,41.05628],[-73.77217,41.0564],[-73.77226,41.05631],[-73.7723,41.0562],[-73.77238,41.05601],[-73.77239,41.05589],[-73.77244,41.05548],[-73.77247,41.05515],[-73.7725,41.05485],[-73.77247,41.05453],[-73.77244,41.05431],[-73.77244,41.05428],[-73.77234,41.05408],[-73.77225,41.05429],[-73.77182,41.05423],[-73.77171,41.05422],[-73.76923,41.05391],[-73.76921,41.05392],[-73.76795,41.0539],[-73.76681,41.05381],[-73.7662,41.0538],[-73.76611,41.0538],[-73.76248,41.0537],[-73.7625,41.05405],[-73.76252,41.05415],[-73.76256,41.0542],[-73.76268,41.05428],[-73.76306,41.0545],[-73.76259,41.05506],[-73.76219,41.05565],[-73.76303,41.05709],[-73.76238,41.05851],[-73.76318,41.05991],[-73.76438,41.06191],[-73.76485,41.06254],[-73.76456,41.06255],[-73.76456,41.06388],[-73.76448,41.0639],[-73.76384,41.06401],[-73.76404,41.06461],[-73.76409,41.06471],[-73.76423,41.06491],[-73.76349,41.06511],[-73.76239,41.06491],[-73.75961,41.06914],[-73.75918,41.0698],[-73.75718,41.0695],[-73.75817,41.06721],[-73.75707,41.06681],[-73.75697,41.06731],[-73.75417,41.06671],[-73.75387,41.06721],[-73.75267,41.06721],[-73.75262,41.06711],[-73.75252,41.06683],[-73.75247,41.0667],[-73.75234,41.06653],[-73.75211,41.06632],[-73.75199,41.06625],[-73.75182,41.06619],[-73.75146,41.06609],[-73.75153,41.06594],[-73.75198,41.06522],[-73.75214,41.06495],[-73.75232,41.06455],[-73.75234,41.06446],[-73.75235,41.06437],[-73.75233,41.06425],[-73.75224,41.06401],[-73.75222,41.06394],[-73.75222,41.06374],[-73.75222,41.06371],[-73.75158,41.06371],[-73.75168,41.06241],[-73.75118,41.06191],[-73.752,41.0608],[-73.75208,41.0607],[-73.75228,41.059],[-73.75248,41.0583],[-73.75232,41.05827],[-73.75108,41.058],[-73.74978,41.0583],[-73.74968,41.0575],[-73.75048,41.0562],[-73.75088,41.0562],[-73.75147,41.05508],[-73.75149,41.05505],[-73.75228,41.05374],[-73.75278,41.05291],[-73.75158,41.05261],[-73.74948,41.05241],[-73.74428,41.05211],[-73.74865,41.05268],[-73.74923,41.0529],[-73.74957,41.05305],[-73.7503,41.05329],[-73.75077,41.05354],[-73.75094,41.05368],[-73.75088,41.05396],[-73.75084,41.0541],[-73.75078,41.05429],[-73.75077,41.05433],[-73.7504,41.0552],[-73.75034,41.05527],[-73.74965,41.05585],[-73.74916,41.05638],[-73.74903,41.05678],[-73.74902,41.05749],[-73.74891,41.05779],[-73.74897,41.05809],[-73.74926,41.05858],[-73.74949,41.05894],[-73.74955,41.05924],[-73.74966,41.05972],[-73.74984,41.0599],[-73.75036,41.06008],[-73.75054,41.06026],[-73.75048,41.06056],[-73.75035,41.06099],[-73.74996,41.06223],[-73.74996,41.06339],[-73.75067,41.06726],[-73.75093,41.06871],[-73.75108,41.06957],[-73.75118,41.07016],[-73.75124,41.07043],[-73.75133,41.07079],[-73.75175,41.07251],[-73.75191,41.0731],[-73.75212,41.0742],[-73.75222,41.07526],[-73.75226,41.07549],[-73.75242,41.07614],[-73.75245,41.07634],[-73.75244,41.0764],[-73.75239,41.07646],[-73.75237,41.07649],[-73.75252,41.07747],[-73.75252,41.07804],[-73.75259,41.07886],[-73.75075,41.07919],[-73.75082,41.07952],[-73.75085,41.07962],[-73.75095,41.07991],[-73.75104,41.08005],[-73.75113,41.08017],[-73.75132,41.08042],[-73.75134,41.08045],[-73.75151,41.08062],[-73.75162,41.0807],[-73.75171,41.08078],[-73.75191,41.08092],[-73.75222,41.08111],[-73.75243,41.0812],[-73.75257,41.08123],[-73.75311,41.08129],[-73.75346,41.08135],[-73.75381,41.08142],[-73.75398,41.08151],[-73.75412,41.0816],[-73.75457,41.08196],[-73.75491,41.08226],[-73.75503,41.08234],[-73.75517,41.08239],[-73.75552,41.08247],[-73.75604,41.08255],[-73.75621,41.0821],[-73.75772,41.07818],[-73.75749,41.07787],[-73.75796,41.07673],[-73.75836,41.07686],[-73.75903,41.07485],[-73.76073,41.07529],[-73.76085,41.07531],[-73.7619,41.07557],[-73.76229,41.07566],[-73.76608,41.07663],[-73.76784,41.07708],[-73.76778,41.07993],[-73.76847,41.08024],[-73.76896,41.0831],[-73.76987,41.08595],[-73.77144,41.09061],[-73.77165,41.09076],[-73.77175,41.09081],[-73.77175,41.09152],[-73.77218,41.0927],[-73.77392,41.09749],[-73.77404,41.09748],[-73.77428,41.09745],[-73.7751,41.09738],[-73.77605,41.09728],[-73.77691,41.09716],[-73.7775,41.09709],[-73.77771,41.09707],[-73.77781,41.09704],[-73.77793,41.09702],[-73.77799,41.09702],[-73.77818,41.0971],[-73.77893,41.09724],[-73.77939,41.09737],[-73.77976,41.09747],[-73.78013,41.09747],[-73.78029,41.09735],[-73.78039,41.09715],[-73.78054,41.09703],[-73.7807,41.09694],[-73.78121,41.09631],[-73.78127,41.09629],[-73.78232,41.0964],[-73.78344,41.09645],[-73.78408,41.09642],[-73.78528,41.0963],[-73.78541,41.0963],[-73.78602,41.09633],[-73.78633,41.09625],[-73.78712,41.09618],[-73.7872,41.09607],[-73.78739,41.09596],[-73.78796,41.09592],[-73.78827,41.0959],[-73.78846,41.0959],[-73.78888,41.09579],[-73.78928,41.09573],[-73.78874,41.09465],[-73.79172,41.09365],[-73.79189,41.09359],[-73.79276,41.09325],[-73.79284,41.09322],[-73.79307,41.09316],[-73.79284,41.09244],[-73.79273,41.09213],[-73.79233,41.09126],[-73.79207,41.09076],[-73.79152,41.08987],[-73.79118,41.08939],[-73.7911,41.08927],[-73.79086,41.08894],[-73.79076,41.08882],[-73.79069,41.08874],[-73.79056,41.08859],[-73.79006,41.08803],[-73.7895,41.08749],[-73.78901,41.08704],[-73.78832,41.08646],[-73.78845,41.08643],[-73.78838,41.08636],[-73.78844,41.08629],[-73.79565,41.08664],[-73.79573,41.08664],[-73.7978,41.08673],[-73.79771,41.08589],[-73.7976,41.08552],[-73.79735,41.0852],[-73.79723,41.08502],[-73.79705,41.08472],[-73.79693,41.08448],[-73.79681,41.08419],[-73.79667,41.08367],[-73.79652,41.08265],[-73.79647,41.08219],[-73.79643,41.08176],[-73.79633,41.08094],[-73.79632,41.08063],[-73.79635,41.08045],[-73.79641,41.08029],[-73.79668,41.07976],[-73.79676,41.0796],[-73.79689,41.07941],[-73.79705,41.07925],[-73.7972,41.07915],[-73.79739,41.07903],[-73.79792,41.07875],[-73.79814,41.07861],[-73.79848,41.07838],[-73.79853,41.07833],[-73.79859,41.07816],[-73.79899,41.0781],[-73.8002,41.07782],[-73.80034,41.07764],[-73.80053,41.0774],[-73.80047,41.07703],[-73.79991,41.0732],[-73.79984,41.07268],[-73.79986,41.0725],[-73.79986,41.07237],[-73.79975,41.07164],[-73.79963,41.07093],[-73.79958,41.07041],[-73.79955,41.06991],[-73.79954,41.06948],[-73.79956,41.06923],[-73.79959,41.06906],[-73.79973,41.06854],[-73.79978,41.06831],[-73.79985,41.06761],[-73.7999,41.0669],[-73.79995,41.06634],[-73.80006,41.06581],[-73.80008,41.06564],[-73.80009,41.06548],[-73.80007,41.06528],[-73.80006,41.06516],[-73.80003,41.06499],[-73.79995,41.06445],[-73.79984,41.06386],[-73.79961,41.06293],[-73.79951,41.06261],[-73.79946,41.06251],[-73.79934,41.0622],[-73.79931,41.0621],[-73.79923,41.06189],[-73.79907,41.06137],[-73.80188,41.06121],[-73.80217,41.06119],[-73.80176,41.06058],[-73.80302,41.05949],[-73.80512,41.05789]]]},"properties":{"name":"KENSICO SCHOOL","schoolId":"362940004572"}}]}
