{"type":"FeatureCollection", "features": [
{"type":"Feature","geometry":{"type":"Polygon","coordinates":[[[-74.01925,40.64319],[-74.01724,40.64199],[-74.01665,40.64255],[-74.01219,40.63985],[-74.00999,40.63852],[-74.00941,40.63908],[-74.00881,40.63951],[-74.00882,40.63964],[-74.01323,40.64231],[-74.01265,40.64287],[-74.01491,40.64423],[-74.01675,40.64533],[-74.01691,40.64544],[-74.01865,40.64376],[-74.01925,40.64319]]]},"properties":{"dbn":"20K503","schooldist":"20.0","label":"503"}},
{"type":"Feature","geometry":{"type":"Polygon","coordinates":[[[-73.87335,40.67864],[-73.87383,40.67933],[-73.87628,40.67897],[-73.87527,40.67492],[-73.87435,40.67505],[-73.87467,40.67632],[-73.87374,40.67645],[-73.87407,40.67854],[-73.87335,40.67864]]]},"properties":{"dbn":"19K938,19K159","schooldist":"19.0","label":"938 (K-4), 159 (5)"}},
{"type":"Feature","geometry":{"type":"Polygon","coordinates":[[[-73.89581,40.66769],[-73.89947,40.66715],[-73.89943,40.66581],[-73.90085,40.66535],[-73.90003,40.66228],[-73.89737,40.66267],[-73.89618,40.66306],[-73.89631,40.66401],[-73.8955,40.66475],[-73.89541,40.66615],[-73.89581,40.66769]]]},"properties":{"dbn":"19K557","schooldist":"19.0","label":"557"}},
{"type":"Feature","geometry":{"type":"Polygon","coordinates":[[[-73.9584,40.6808],[-73.95898,40.68375],[-73.95626,40.68407],[-73.95684,40.687],[-73.95468,40.68724],[-73.95498,40.68871],[-73.96463,40.68759],[-73.96403,40.68467],[-73.96509,40.68455],[-73.96442,40.68112],[-73.95829,40.67983],[-73.9584,40.6808]]]},"properties":{"dbn":"13K056","schooldist":"13.0","label":"56"}},
{"type":"Feature","geometry":{"type":"Polygon","coordinates":[[[-73.94731,40.68585],[-73.95059,40.68547],[-73.95103,40.68767],[-73.95468,40.68724],[-73.95684,40.687],[-73.95626,40.68407],[-73.95898,40.68375],[-73.9584,40.6808],[-73.95829,40.67983],[-73.95529,40.6792],[-73.95567,40.68114],[-73.95337,40.68064],[-73.94956,40.68039],[-73.9503,40.684],[-73.94702,40.68438],[-73.94716,40.68511],[-73.94731,40.68585]]]},"properties":{"dbn":"13K003","schooldist":"13.0","label":"3"}},
{"type":"Feature","geometry":{"type":"Polygon","coordinates":[[[-73.9997,40.5813],[-74.00394,40.58173],[-74.0058,40.58181],[-74.00724,40.58104],[-74.01161,40.5801],[-74.0124,40.57943],[-74.01346,40.57793],[-74.01244,40.57566],[-74.01151,40.57438],[-74.00902,40.57332],[-74.00702,40.57299],[-74.00505,40.57243],[-74.00235,40.57134],[-74.00255,40.57333],[-74.00031,40.57293],[-74.00068,40.57487],[-73.99962,40.57498],[-74.00003,40.57725],[-73.99788,40.57754],[-73.99822,40.57954],[-73.99989,40.58083],[-73.9997,40.5813]]]},"properties":{"dbn":"21K188","schooldist":"21.0","label":"188"}},
{"type":"Feature","geometry":{"type":"Polygon","coordinates":[[[-73.99007,40.57604],[-73.99326,40.5757],[-73.99371,40.578],[-73.99519,40.57739],[-73.99457,40.57292],[-73.99809,40.57275],[-73.99767,40.57011],[-73.99282,40.56999],[-73.98957,40.5705],[-73.99041,40.57174],[-73.99072,40.57371],[-73.98969,40.574],[-73.99007,40.57604]]]},"properties":{"dbn":"21K288","schooldist":"21.0","label":"288"}},
{"type":"Feature","geometry":{"type":"Polygon","coordinates":[[[-73.9907,40.57937],[-73.99166,40.57926],[-73.99789,40.58064],[-73.99842,40.58138],[-73.9997,40.5813],[-73.99989,40.58083],[-73.99822,40.57954],[-73.99788,40.57754],[-74.00003,40.57725],[-73.99962,40.57498],[-74.00068,40.57487],[-74.00031,40.57293],[-74.00255,40.57333],[-74.00235,40.57134],[-74.00205,40.56991],[-74.00057,40.57025],[-73.99767,40.57011],[-73.99809,40.57275],[-73.99457,40.57292],[-73.99519,40.57739],[-73.99371,40.578],[-73.99326,40.5757],[-73.99007,40.57604],[-73.9907,40.57937]]]},"properties":{"dbn":"21K329","schooldist":"21.0","label":"329"}},
{"type":"Feature","geometry":{"type":"Polygon","coordinates":[[[-73.98902,40.57616],[-73.98477,40.57663],[-73.98432,40.57707],[-73.9846,40.57857],[-73.98534,40.57903],[-73.98581,40.58124],[-73.98701,40.58002],[-73.98739,40.57911],[-73.98894,40.57881],[-73.9907,40.57937],[-73.99007,40.57604],[-73.98902,40.57616]]]},"properties":{"dbn":"21K288","schooldist":"21.0","label":"288"}},
{"type":"Feature","geometry":{"type":"Polygon","coordinates":[[[-73.98969,40.574],[-73.98866,40.5743],[-73.98902,40.57616],[-73.99007,40.57604],[-73.98969,40.574]]]},"properties":{"dbn":"21K329","schooldist":"21.0","label":"329"}},
{"type":"Feature","geometry":{"type":"Polygon","coordinates":[[[-73.98042,40.5923],[-73.98071,40.594],[-73.98464,40.59355],[-73.9844,40.59235],[-73.9832,40.59248],[-73.98219,40.59212],[-73.98042,40.5923]]]},"properties":{"dbn":"21K095,21K097,21K101,21K212,21K216","schooldist":"21.0","label":"95, 97, 101, 212, 216"}},
{"type":"Feature","geometry":{"type":"Polygon","coordinates":[[[-73.95342,40.58261],[-73.95374,40.58136],[-73.95238,40.57438],[-73.94458,40.57528],[-73.94417,40.57562],[-73.94244,40.57535],[-73.93686,40.57552],[-73.93657,40.57586],[-73.93494,40.57556],[-73.9315,40.57568],[-73.93107,40.57623],[-73.93254,40.58128],[-73.93277,40.58114],[-73.94268,40.58098],[-73.94969,40.58229],[-73.9533,40.582],[-73.95342,40.58261]]]},"properties":{"dbn":"22K195","schooldist":"22.0","label":"195"}},
{"type":"Feature","geometry":{"type":"Polygon","coordinates":[[[-73.95135,40.59262],[-73.95515,40.59221],[-73.95608,40.5921],[-73.95567,40.58998],[-73.95486,40.58562],[-73.95474,40.58504],[-73.95154,40.58468],[-73.95107,40.58463],[-73.95039,40.58345],[-73.95028,40.5833],[-73.94642,40.58357],[-73.94735,40.58851],[-73.94646,40.58883],[-73.94686,40.59095],[-73.94872,40.59075],[-73.94912,40.59287],[-73.95135,40.59262]]]},"properties":{"dbn":"22K254","schooldist":"22.0","label":"254"}},
{"type":"Feature","geometry":{"type":"Polygon","coordinates":[[[-73.94696,40.69864],[-73.94984,40.69858],[-73.95315,40.6983],[-73.95292,40.6972],[-73.95249,40.695],[-73.94637,40.6957],[-73.9468,40.6979],[-73.94696,40.69864]]]},"properties":{"dbn":"14K297","schooldist":"14.0","label":"297"}},
{"type":"Feature","geometry":{"type":"Polygon","coordinates":[[[-73.96702,40.57282],[-73.96766,40.57504],[-73.96717,40.57639],[-73.96621,40.58063],[-73.9676,40.58038],[-73.96676,40.58398],[-73.97168,40.5834],[-73.9746,40.58284],[-73.97458,40.58052],[-73.97465,40.57997],[-73.97445,40.57882],[-73.97467,40.57655],[-73.97656,40.57594],[-73.97692,40.57153],[-73.96956,40.57255],[-73.96702,40.57282]]]},"properties":{"dbn":"21K100","schooldist":"21.0","label":"100"}},
{"type":"Feature","geometry":{"type":"Polygon","coordinates":[[[-73.96015,40.57347],[-73.96056,40.5778],[-73.96038,40.5784],[-73.96143,40.5839],[-73.96241,40.58435],[-73.96437,40.58407],[-73.96676,40.58398],[-73.9676,40.58038],[-73.96621,40.58063],[-73.96717,40.57639],[-73.96766,40.57504],[-73.96702,40.57282],[-73.96015,40.57347]]]},"properties":{"dbn":"21K253","schooldist":"21.0","label":"253"}},
{"type":"Feature","geometry":{"type":"Polygon","coordinates":[[[-73.95238,40.57438],[-73.95374,40.58136],[-73.95342,40.58261],[-73.9535,40.58299],[-73.95337,40.583],[-73.95028,40.5833],[-73.95107,40.58463],[-73.95154,40.58468],[-73.95474,40.58504],[-73.96241,40.58435],[-73.96143,40.5839],[-73.96038,40.5784],[-73.96056,40.5778],[-73.96015,40.57347],[-73.95238,40.57438]]]},"properties":{"dbn":"21K225","schooldist":"21.0","label":"225"}},
{"type":"Feature","geometry":{"type":"Polygon","coordinates":[[[-73.96483,40.59443],[-73.96818,40.59474],[-73.96785,40.59297],[-73.97389,40.5923],[-73.97422,40.59011],[-73.9746,40.58284],[-73.97168,40.5834],[-73.96676,40.58398],[-73.96464,40.59332],[-73.96483,40.59443]]]},"properties":{"dbn":"21K216","schooldist":"21.0","label":"216"}},
{"type":"Feature","geometry":{"type":"Polygon","coordinates":[[[-73.95656,40.59465],[-73.95883,40.59405],[-73.95947,40.59457],[-73.9623,40.59422],[-73.96483,40.59443],[-73.96464,40.59332],[-73.96676,40.58398],[-73.96437,40.58407],[-73.96241,40.58435],[-73.95474,40.58504],[-73.95486,40.58562],[-73.95567,40.58998],[-73.95608,40.5921],[-73.95656,40.59465]]]},"properties":{"dbn":"21K209","schooldist":"21.0","label":"209"}},
{"type":"Feature","geometry":{"type":"Polygon","coordinates":[[[-74.00254,40.64224],[-74.00695,40.6449],[-74.00896,40.64589],[-74.01224,40.64276],[-74.01265,40.64287],[-74.01242,40.64259],[-74.01286,40.6422],[-74.00662,40.63831],[-74.00546,40.63944],[-74.00488,40.64],[-74.00254,40.64224]]]},"properties":{"dbn":"15K094","schooldist":"15.0","label":"94"}},
{"type":"Feature","geometry":{"type":"Polygon","coordinates":[[[-73.98746,40.6395],[-73.99193,40.6422],[-73.9905,40.64316],[-73.9929,40.64462],[-73.99181,40.64578],[-73.99393,40.64707],[-73.99976,40.64147],[-73.99925,40.64161],[-73.99687,40.64018],[-73.99654,40.63962],[-73.99542,40.63894],[-73.99535,40.63881],[-73.9949,40.63871],[-73.99454,40.63831],[-73.99326,40.63799],[-73.99315,40.63748],[-73.99432,40.63635],[-73.99212,40.63503],[-73.98746,40.6395]]]},"properties":{"dbn":"15K131","schooldist":"15.0","label":"131"}},
{"type":"Feature","geometry":{"type":"Polygon","coordinates":[[[-74.00047,40.68966],[-74.00534,40.69107],[-74.00573,40.69023],[-74.00342,40.68958],[-74.00384,40.68897],[-74.00635,40.68965],[-74.00676,40.68883],[-74.00464,40.68823],[-74.00508,40.6876],[-74.00745,40.68824],[-74.00784,40.68741],[-74.00563,40.68677],[-74.00588,40.68622],[-74.0077,40.6863],[-74.00596,40.68336],[-74.0054,40.68386],[-74.00342,40.68325],[-74.0021,40.68261],[-74.00178,40.68329],[-74.00148,40.68396],[-74.00128,40.68391],[-73.99787,40.68296],[-73.99755,40.68363],[-73.99604,40.68675],[-73.99573,40.6874],[-73.99533,40.68823],[-73.99874,40.68918],[-73.99913,40.68927],[-74.00047,40.68966]]]},"properties":{"dbn":"15K029","schooldist":"15.0","label":"29"}},
{"type":"Feature","geometry":{"type":"Polygon","coordinates":[[[-74.0077,40.6863],[-74.0084,40.68637],[-74.01212,40.68412],[-74.0108,40.68435],[-74.00968,40.68329],[-74.01303,40.68041],[-74.01411,40.68171],[-74.01209,40.68294],[-74.01281,40.68364],[-74.01534,40.68211],[-74.01746,40.68061],[-74.01934,40.67962],[-74.01868,40.67897],[-74.01844,40.67793],[-74.01912,40.67714],[-74.01806,40.67658],[-74.01787,40.67524],[-74.01826,40.67438],[-74.01727,40.67354],[-74.01866,40.67235],[-74.0182,40.6719],[-74.01639,40.67289],[-74.01511,40.67212],[-74.01338,40.67358],[-74.01301,40.67334],[-74.01423,40.67212],[-74.01428,40.67136],[-74.01202,40.67059],[-74.01065,40.66907],[-74.01231,40.66574],[-74.01669,40.66544],[-74.01757,40.67103],[-74.01876,40.67119],[-74.01807,40.66672],[-74.01749,40.66525],[-74.01666,40.66476],[-74.01545,40.66465],[-74.01154,40.66508],[-74.00983,40.66851],[-74.00658,40.66854],[-74.00538,40.67094],[-74.00475,40.67077],[-74.00593,40.66796],[-74.0028,40.66738],[-74.00223,40.66857],[-74.00108,40.669],[-74.00019,40.66876],[-73.99885,40.6716],[-73.99898,40.67241],[-74.00119,40.67599],[-74.00306,40.67864],[-74.00479,40.68074],[-74.00457,40.68115],[-74.00596,40.68336],[-74.0077,40.6863]]]},"properties":{"dbn":"15K015","schooldist":"15.0","label":"15"}},
{"type":"Feature","geometry":{"type":"Polygon","coordinates":[[[-73.98981,40.66496],[-73.9964,40.66822],[-73.99602,40.66673],[-73.9968,40.66479],[-73.99944,40.66224],[-73.99916,40.6616],[-73.99582,40.65961],[-73.99517,40.65967],[-73.99296,40.65834],[-73.99238,40.6589],[-73.99411,40.66021],[-73.99217,40.66202],[-73.99005,40.66114],[-73.98962,40.66216],[-73.99089,40.66297],[-73.99167,40.66303],[-73.98981,40.66496]]]},"properties":{"dbn":"15K295","schooldist":"15.0","label":"295"}},
{"type":"Feature","geometry":{"type":"Polygon","coordinates":[[[-73.98545,40.66623],[-73.98645,40.66503],[-73.98881,40.66617],[-73.98981,40.66496],[-73.99167,40.66303],[-73.99089,40.66297],[-73.98962,40.66216],[-73.99005,40.66114],[-73.99217,40.66202],[-73.99411,40.66021],[-73.99238,40.6589],[-73.99019,40.6576],[-73.98843,40.65925],[-73.98402,40.65659],[-73.98228,40.65827],[-73.98448,40.6596],[-73.98324,40.66094],[-73.98256,40.66097],[-73.98115,40.66029],[-73.98006,40.66079],[-73.98017,40.66116],[-73.98074,40.66184],[-73.98223,40.66214],[-73.98303,40.66291],[-73.98459,40.66328],[-73.98258,40.66569],[-73.98494,40.66683],[-73.98545,40.66623]]]},"properties":{"dbn":"15K010","schooldist":"15.0","label":"10"}},
{"type":"Feature","geometry":{"type":"Polygon","coordinates":[[[-73.99187,40.67441],[-73.99459,40.67569],[-73.99458,40.6766],[-73.99622,40.67713],[-73.99673,40.67609],[-73.99715,40.67604],[-73.99684,40.67587],[-73.99704,40.6755],[-73.9975,40.67473],[-73.99795,40.67255],[-73.99848,40.67161],[-73.9964,40.66822],[-73.98981,40.66496],[-73.98881,40.66617],[-73.98645,40.66503],[-73.98545,40.66623],[-73.9878,40.66737],[-73.9863,40.66917],[-73.98871,40.67036],[-73.98721,40.67216],[-73.98951,40.67327],[-73.99187,40.67441]]]},"properties":{"dbn":"15K124","schooldist":"15.0","label":"124"}},
{"type":"Feature","geometry":{"type":"Polygon","coordinates":[[[-73.99466,40.68054],[-73.99653,40.68106],[-74.00037,40.68213],[-74.0021,40.68261],[-74.00342,40.68325],[-74.0054,40.68386],[-74.00596,40.68336],[-74.00457,40.68115],[-74.00479,40.68074],[-74.00306,40.67864],[-74.00119,40.67599],[-73.99898,40.67241],[-73.99795,40.67255],[-73.9975,40.67473],[-73.99704,40.6755],[-73.99684,40.67587],[-73.99715,40.67604],[-73.99673,40.67609],[-73.99622,40.67713],[-73.99647,40.67744],[-73.99514,40.67982],[-73.99466,40.68054]]]},"properties":{"dbn":"15K058","schooldist":"15.0","label":"58"}},
{"type":"Feature","geometry":{"type":"Polygon","coordinates":[[[-73.98743,40.68313],[-73.98748,40.68421],[-73.98849,40.6846],[-73.98999,40.68332],[-73.99219,40.68418],[-73.99176,40.68481],[-73.99426,40.68578],[-73.99409,40.68611],[-73.99604,40.68675],[-73.99755,40.68363],[-73.99787,40.68296],[-74.00147,40.68396],[-74.00178,40.68329],[-74.0021,40.68261],[-74.00037,40.68213],[-73.99653,40.68106],[-73.99466,40.68054],[-73.99514,40.67982],[-73.99647,40.67744],[-73.99622,40.67713],[-73.99458,40.6766],[-73.99459,40.67569],[-73.99187,40.67441],[-73.98951,40.67327],[-73.98631,40.67708],[-73.98586,40.67771],[-73.98371,40.68088],[-73.98786,40.68249],[-73.98743,40.68313]]]},"properties":{"dbn":"15K032","schooldist":"15.0","label":"32"}},
{"type":"Feature","geometry":{"type":"Polygon","coordinates":[[[-73.98743,40.68313],[-73.98656,40.68439],[-73.98666,40.68483],[-73.9883,40.68547],[-73.987,40.68777],[-73.98917,40.68862],[-73.98789,40.69047],[-73.98735,40.69146],[-73.98947,40.6923],[-73.99508,40.69315],[-73.99558,40.6921],[-73.99623,40.69076],[-73.99777,40.69119],[-73.99951,40.69165],[-74.00019,40.6919],[-74.00179,40.69218],[-74.00197,40.69184],[-74.00443,40.69249],[-74.00479,40.69174],[-74.00075,40.6906],[-74.00047,40.68966],[-73.99913,40.68927],[-73.99874,40.68918],[-73.99533,40.68823],[-73.99573,40.6874],[-73.99604,40.68675],[-73.99409,40.68611],[-73.99426,40.68578],[-73.99176,40.68481],[-73.99219,40.68418],[-73.98999,40.68332],[-73.98849,40.6846],[-73.98748,40.68421],[-73.98743,40.68313]]]},"properties":{"dbn":"15K261","schooldist":"15.0","label":"261"}},
{"type":"Feature","geometry":{"type":"Polygon","coordinates":[[[-74.00649,40.60958],[-74.01171,40.61274],[-74.01702,40.60765],[-74.0155,40.60684],[-74.01968,40.60296],[-74.01836,40.60235],[-74.01734,40.60247],[-74.01428,40.60191],[-74.0115,40.60476],[-74.01237,40.60521],[-74.00908,40.60838],[-74.00825,40.60788],[-74.00649,40.60958]]]},"properties":{"dbn":"20K229","schooldist":"20.0","label":"229"}},
{"type":"Feature","geometry":{"type":"Polygon","coordinates":[[[-74.00592,40.60184],[-74.00824,40.60306],[-74.0034,40.60771],[-74.00649,40.60958],[-74.00825,40.60788],[-74.00908,40.60838],[-74.01237,40.60521],[-74.0115,40.60476],[-74.01428,40.60191],[-74.01211,40.60123],[-74.00976,40.60014],[-74.00851,40.59931],[-74.00592,40.60184]]]},"properties":{"dbn":"20K163","schooldist":"20.0","label":"163"}},
{"type":"Feature","geometry":{"type":"Polygon","coordinates":[[[-74.02327,40.61972],[-74.01612,40.61538],[-74.01084,40.62047],[-74.00842,40.6228],[-74.01283,40.62546],[-74.015,40.62677],[-74.01649,40.62578],[-74.01875,40.62432],[-74.02007,40.62425],[-74.02063,40.62366],[-74.02415,40.62578],[-74.02656,40.62719],[-74.02686,40.62646],[-74.02773,40.6243],[-74.02534,40.62286],[-74.02215,40.62102],[-74.02327,40.61972]]]},"properties":{"dbn":"20K127","schooldist":"20.0","label":"127"}},
{"type":"Feature","geometry":{"type":"Polygon","coordinates":[[[-73.999,40.61423],[-74.00585,40.61837],[-74.00523,40.61897],[-74.00743,40.6203],[-74.00864,40.61914],[-74.01084,40.62047],[-74.01612,40.61538],[-74.01171,40.61274],[-74.00649,40.60958],[-74.0034,40.60771],[-74.00264,40.60726],[-74.00065,40.60886],[-73.99888,40.61052],[-74.00069,40.61178],[-73.999,40.61423]]]},"properties":{"dbn":"20K204","schooldist":"20.0","label":"204"}},
{"type":"Feature","geometry":{"type":"Polygon","coordinates":[[[-74.0178,40.63417],[-74.01889,40.63144],[-74.02137,40.63258],[-74.02415,40.62578],[-74.02063,40.62366],[-74.02007,40.62425],[-74.01875,40.62432],[-74.01649,40.62578],[-74.015,40.62677],[-74.01283,40.62546],[-74.00934,40.62881],[-74.0075,40.63058],[-74.01191,40.63323],[-74.01143,40.63341],[-74.01084,40.63403],[-74.01058,40.6345],[-74.01313,40.63551],[-74.01475,40.63396],[-74.01598,40.63474],[-74.0169,40.6353],[-74.0178,40.63417]]]},"properties":{"dbn":"20K170","schooldist":"20.0","label":"170"}},
{"type":"Feature","geometry":{"type":"Polygon","coordinates":[[[-73.99194,40.60724],[-73.99141,40.60835],[-73.99019,40.60891],[-73.9895,40.61],[-73.99103,40.61093],[-73.98965,40.61227],[-73.98998,40.61256],[-73.99658,40.61655],[-73.999,40.61423],[-74.00069,40.61178],[-73.99888,40.61052],[-74.00065,40.60886],[-73.99867,40.60766],[-73.99815,40.6078],[-73.99644,40.60677],[-73.99472,40.608],[-73.99252,40.60668],[-73.99194,40.60724]]]},"properties":{"dbn":"20K186","schooldist":"20.0","label":"186"}},
{"type":"Feature","geometry":{"type":"Polygon","coordinates":[[[-73.98017,40.60518],[-73.98307,40.6055],[-73.98685,40.6051],[-73.99097,40.60118],[-73.98877,40.59986],[-73.98939,40.59925],[-73.98646,40.59748],[-73.98527,40.59674],[-73.98549,40.59793],[-73.97892,40.59861],[-73.98017,40.60518]]]},"properties":{"dbn":"21K097","schooldist":"21.0","label":"97"}},
{"type":"Feature","geometry":{"type":"Polygon","coordinates":[[[-73.94353,40.69603],[-73.94454,40.69684],[-73.94545,40.69678],[-73.946,40.69799],[-73.9468,40.6979],[-73.94637,40.6957],[-73.95249,40.695],[-73.95234,40.69426],[-73.94906,40.69464],[-73.94877,40.69317],[-73.94593,40.6935],[-73.94608,40.69423],[-73.94324,40.69456],[-73.94353,40.69603]]]},"properties":{"dbn":"14K023","schooldist":"14.0","label":"23"}},
{"type":"Feature","geometry":{"type":"Polygon","coordinates":[[[-73.99194,40.60724],[-73.99128,40.60732],[-73.98996,40.6066],[-73.98971,40.60589],[-73.98842,40.60712],[-73.98726,40.60724],[-73.98738,40.60813],[-73.98576,40.60968],[-73.98536,40.61007],[-73.98304,40.61032],[-73.98211,40.61042],[-73.98253,40.61258],[-73.98413,40.61222],[-73.98528,40.61292],[-73.98685,40.61295],[-73.98816,40.61375],[-73.98951,40.61238],[-73.98998,40.61256],[-73.98965,40.61227],[-73.99103,40.61093],[-73.9895,40.61],[-73.99019,40.60891],[-73.99141,40.60835],[-73.99194,40.60724]]]},"properties":{"dbn":"20K247","schooldist":"20.0","label":"247"}},
{"type":"Feature","geometry":{"type":"Polygon","coordinates":[[[-73.98022,40.615],[-73.98245,40.61635],[-73.98187,40.61691],[-73.98407,40.61824],[-73.98628,40.61957],[-73.98807,40.61785],[-73.99018,40.61913],[-73.9908,40.61852],[-73.99251,40.61683],[-73.99484,40.61823],[-73.99658,40.61655],[-73.98998,40.61256],[-73.98951,40.61238],[-73.98816,40.61375],[-73.98685,40.61295],[-73.98528,40.61292],[-73.98413,40.61222],[-73.98253,40.61258],[-73.98211,40.61042],[-73.98018,40.61063],[-73.98071,40.6134],[-73.98144,40.61384],[-73.98022,40.615]]]},"properties":{"dbn":"20K205","schooldist":"20.0","label":"205"}},
{"type":"Feature","geometry":{"type":"Polygon","coordinates":[[[-73.98496,40.62432],[-73.98667,40.62261],[-73.98888,40.62395],[-73.98949,40.62337],[-73.99194,40.62486],[-73.99371,40.62316],[-73.99401,40.62287],[-73.99639,40.62058],[-73.99513,40.61987],[-73.99388,40.61916],[-73.99484,40.61823],[-73.99251,40.61683],[-73.9908,40.61852],[-73.99018,40.61913],[-73.98807,40.61785],[-73.98628,40.61957],[-73.98407,40.61824],[-73.98043,40.62176],[-73.98496,40.62432]]]},"properties":{"dbn":"20K048","schooldist":"20.0","label":"48"}},
{"type":"Feature","geometry":{"type":"Polygon","coordinates":[[[-73.99639,40.62058],[-73.99811,40.62139],[-73.99862,40.6221],[-74.00042,40.62315],[-74.00053,40.62349],[-74.00328,40.6211],[-74.00344,40.6207],[-74.00523,40.61897],[-74.00585,40.61837],[-74.00145,40.61571],[-74.00019,40.61495],[-73.999,40.61423],[-73.99837,40.61483],[-73.99775,40.61544],[-73.99717,40.616],[-73.99484,40.61823],[-73.99388,40.61916],[-73.99513,40.61987],[-73.99639,40.62058]]]},"properties":{"dbn":"20K112","schooldist":"20.0","label":"112"}},
{"type":"Feature","geometry":{"type":"MultiPolygon","coordinates":[[[[-73.99454,40.63831],[-73.9949,40.63871],[-73.99535,40.63881],[-73.99454,40.63831]]],[[[-73.99535,40.63881],[-73.99542,40.63894],[-73.99654,40.63962],[-73.99687,40.64018],[-73.99925,40.64161],[-73.99976,40.64147],[-74.00196,40.6428],[-74.00254,40.64224],[-74.00488,40.64],[-74.00546,40.63944],[-74.00325,40.6381],[-74.00442,40.63698],[-74.00196,40.6355],[-74.00267,40.63502],[-74.0006,40.63377],[-73.99769,40.63657],[-73.99535,40.63881]]]]},"properties":{"dbn":"20K160","schooldist":"20.0","label":"160"}},
{"type":"Feature","geometry":{"type":"Polygon","coordinates":[[[-73.98289,40.62774],[-73.98353,40.62847],[-73.98605,40.62999],[-73.98667,40.62992],[-73.99769,40.63657],[-74.0006,40.63377],[-74.00118,40.63321],[-74.00295,40.6315],[-74.00355,40.63092],[-74.00395,40.63054],[-74.00179,40.6292],[-74.00193,40.62903],[-73.99973,40.6277],[-73.99702,40.62606],[-73.99748,40.62452],[-73.9965,40.62392],[-73.99591,40.6245],[-73.99371,40.62316],[-73.99194,40.62486],[-73.98949,40.62337],[-73.98888,40.62395],[-73.98667,40.62261],[-73.98496,40.62432],[-73.98326,40.62603],[-73.9827,40.6266],[-73.98213,40.62717],[-73.98185,40.62745],[-73.98203,40.62756],[-73.98289,40.62774]]]},"properties":{"dbn":"20K180","schooldist":"20.0","label":"180"}},
{"type":"Feature","geometry":{"type":"Polygon","coordinates":[[[-73.97968,40.63846],[-73.98292,40.64042],[-73.98409,40.6393],[-73.98629,40.64062],[-73.98746,40.6395],[-73.99212,40.63503],[-73.99432,40.63635],[-73.99315,40.63748],[-73.99454,40.63831],[-73.99535,40.63881],[-73.99769,40.63657],[-73.98667,40.62992],[-73.97938,40.63693],[-73.97968,40.63846]]]},"properties":{"dbn":"20K164","schooldist":"20.0","label":"164"}},
{"type":"Feature","geometry":{"type":"Polygon","coordinates":[[[-73.98971,40.60589],[-73.99029,40.60533],[-73.99252,40.60668],[-73.99472,40.608],[-73.99644,40.60677],[-73.99705,40.60623],[-73.99704,40.60577],[-73.99825,40.60461],[-73.99381,40.60195],[-73.9932,40.60253],[-73.99097,40.60118],[-73.98685,40.6051],[-73.98307,40.6055],[-73.98348,40.60766],[-73.98356,40.60751],[-73.98427,40.60743],[-73.98457,40.60713],[-73.98501,40.60709],[-73.98541,40.60731],[-73.98612,40.60723],[-73.98632,40.6072],[-73.98688,40.60695],[-73.98726,40.60724],[-73.98842,40.60712],[-73.98971,40.60589]]]},"properties":{"dbn":"21K128","schooldist":"21.0","label":"128"}},
{"type":"Feature","geometry":{"type":"Polygon","coordinates":[[[-73.98711,40.69613],[-73.98453,40.69604],[-73.98571,40.69845],[-73.9824,40.69834],[-73.98198,40.69975],[-73.98046,40.6997],[-73.98054,40.69825],[-73.97378,40.69796],[-73.96973,40.6978],[-73.96983,40.70025],[-73.97284,40.70273],[-73.9732,40.70167],[-73.97411,40.70129],[-73.97536,40.6996],[-73.97581,40.69972],[-73.97455,40.70159],[-73.97598,40.70198],[-73.97693,40.7028],[-73.97596,40.70472],[-73.97721,40.70421],[-73.97802,40.70429],[-73.97927,40.70587],[-73.98242,40.70582],[-73.9864,40.70541],[-73.98829,40.70507],[-73.9883,40.70454],[-73.9901,40.70494],[-73.99095,40.70403],[-73.99213,40.70469],[-73.99464,40.70433],[-73.99013,40.70074],[-73.98884,40.6998],[-73.98853,40.69933],[-73.98686,40.69922],[-73.98711,40.69613]]]},"properties":{"dbn":"13K307","schooldist":"13.0","label":"307"}},
{"type":"Feature","geometry":{"type":"Polygon","coordinates":[[[-74.00662,40.63831],[-74.00881,40.63951],[-74.00941,40.63908],[-74.00999,40.63852],[-74.01057,40.63796],[-74.00838,40.63664],[-74.00956,40.63549],[-74.00556,40.63308],[-74.00627,40.63261],[-74.00681,40.63225],[-74.00616,40.63186],[-74.00395,40.63054],[-74.00295,40.6315],[-74.00118,40.63321],[-74.0006,40.63377],[-74.00267,40.63502],[-74.00196,40.6355],[-74.00442,40.63698],[-74.00325,40.6381],[-74.00546,40.63944],[-74.00662,40.63831]]]},"properties":{"dbn":"20K105","schooldist":"20.0","label":"105"}},
{"type":"Feature","geometry":{"type":"Polygon","coordinates":[[[-74.02217,40.64405],[-74.02459,40.64529],[-74.02603,40.64627],[-74.02821,40.64402],[-74.03052,40.64527],[-74.03231,40.64357],[-74.03405,40.64429],[-74.03678,40.64156],[-74.03571,40.64064],[-74.03626,40.63997],[-74.03125,40.63839],[-74.03061,40.63896],[-74.03047,40.63929],[-74.03032,40.63965],[-74.02916,40.64077],[-74.02841,40.64032],[-74.02695,40.63945],[-74.02457,40.64177],[-74.02396,40.64233],[-74.02163,40.64098],[-74.0196,40.63971],[-74.01843,40.64084],[-74.02042,40.64206],[-74.01983,40.64262],[-74.02217,40.64405]]]},"properties":{"dbn":"20K939,20K506","schooldist":"20.0","label":"939 (K-4), 506 (5)"}},
{"type":"Feature","geometry":{"type":"Polygon","coordinates":[[[-74.00372,40.62731],[-74.00493,40.62615],[-74.00646,40.62657],[-74.00714,40.62748],[-74.00862,40.62778],[-74.00934,40.62881],[-74.01283,40.62546],[-74.00842,40.6228],[-74.01084,40.62047],[-74.00864,40.61914],[-74.00743,40.6203],[-74.00523,40.61897],[-74.00344,40.6207],[-74.00328,40.6211],[-74.00053,40.62349],[-74.00045,40.62387],[-73.99932,40.62466],[-74.00372,40.62731]]]},"properties":{"dbn":"20K176","schooldist":"20.0","label":"176"}},
{"type":"Feature","geometry":{"type":"Polygon","coordinates":[[[-74.01057,40.63796],[-74.01278,40.6393],[-74.01396,40.63815],[-74.01196,40.6368],[-74.01176,40.63682],[-74.01313,40.63551],[-74.01058,40.6345],[-74.01084,40.63403],[-74.01143,40.63341],[-74.01191,40.63323],[-74.0075,40.63058],[-74.00692,40.63113],[-74.00733,40.63166],[-74.00774,40.63163],[-74.00869,40.63252],[-74.00854,40.63303],[-74.00681,40.63225],[-74.00631,40.63258],[-74.00556,40.63308],[-74.00956,40.63549],[-74.00838,40.63664],[-74.01057,40.63796]]]},"properties":{"dbn":"20K069","schooldist":"20.0","label":"69"}},
{"type":"Feature","geometry":{"type":"Polygon","coordinates":[[[-74.02553,40.61784],[-74.03205,40.62104],[-74.03275,40.61932],[-74.03544,40.61996],[-74.03616,40.61817],[-74.04065,40.61652],[-74.04016,40.61483],[-74.03937,40.61358],[-74.03664,40.61081],[-74.03622,40.60959],[-74.03469,40.60838],[-74.03412,40.60753],[-74.03217,40.60589],[-74.02971,40.60464],[-74.02143,40.60345],[-74.01997,40.60704],[-74.02476,40.60973],[-74.02122,40.61847],[-74.02365,40.61996],[-74.02553,40.61784]]]},"properties":{"dbn":"20K104","schooldist":"20.0","label":"104"}},
{"type":"Feature","geometry":{"type":"Polygon","coordinates":[[[-73.99517,40.65967],[-73.99582,40.65961],[-73.99916,40.6616],[-73.99944,40.66224],[-73.9968,40.66479],[-73.99602,40.66673],[-73.9964,40.66822],[-73.99848,40.67161],[-73.99907,40.66837],[-74.00008,40.66742],[-74.0006,40.66761],[-74.00295,40.66645],[-73.99953,40.6644],[-74.00006,40.66384],[-74.00384,40.66612],[-74.00468,40.66583],[-74.00063,40.66336],[-74.00113,40.66291],[-74.00486,40.66507],[-74.00563,40.66389],[-74.00722,40.66497],[-74.00777,40.6647],[-74.00355,40.66218],[-74.0038,40.66194],[-74.00618,40.66304],[-74.00593,40.66208],[-74.00866,40.66337],[-74.00994,40.66303],[-74.01056,40.66238],[-74.01014,40.66165],[-74.00786,40.66021],[-74.00823,40.65985],[-74.00054,40.6552],[-74.00041,40.65463],[-73.99517,40.65967]]]},"properties":{"dbn":"15K172","schooldist":"15.0","label":"172"}},
{"type":"Feature","geometry":{"type":"MultiPolygon","coordinates":[[[[-74.01265,40.64287],[-74.01286,40.6422],[-74.01242,40.64259],[-74.01265,40.64287]]],[[[-74.01265,40.64287],[-74.01224,40.64276],[-74.00896,40.64589],[-74.00695,40.6449],[-74.00634,40.64589],[-74.00801,40.64686],[-74.00799,40.64734],[-74.01025,40.64871],[-74.00923,40.6504],[-74.01528,40.65398],[-74.01505,40.65436],[-74.01663,40.65529],[-74.01689,40.65507],[-74.02055,40.65712],[-74.02079,40.65687],[-74.01725,40.65476],[-74.01813,40.65421],[-74.02006,40.65505],[-74.0219,40.65355],[-74.02118,40.65277],[-74.02207,40.65228],[-74.02109,40.65109],[-74.02152,40.65065],[-74.0239,40.65149],[-74.02446,40.65094],[-74.01616,40.64589],[-74.01432,40.64479],[-74.01491,40.64423],[-74.01265,40.64287]]]]},"properties":{"dbn":"15K001","schooldist":"15.0","label":"1"}},
{"type":"Feature","geometry":{"type":"Polygon","coordinates":[[[-73.99605,40.64834],[-73.99851,40.64649],[-74.00026,40.64751],[-74.00081,40.64745],[-74.00243,40.64591],[-74.00462,40.64713],[-74.00634,40.64589],[-74.00695,40.6449],[-74.00254,40.64224],[-74.00196,40.6428],[-73.99976,40.64147],[-73.99393,40.64707],[-73.99605,40.64834]]]},"properties":{"dbn":"15K169","schooldist":"15.0","label":"169"}},
{"type":"Feature","geometry":{"type":"Polygon","coordinates":[[[-73.93033,40.6893],[-73.93097,40.68955],[-73.93271,40.68934],[-73.93325,40.68896],[-73.93369,40.69116],[-73.93661,40.69082],[-73.93939,40.69041],[-73.93895,40.68756],[-73.93866,40.68609],[-73.93852,40.68535],[-73.93559,40.68569],[-73.93267,40.68603],[-73.93281,40.68676],[-73.92989,40.6871],[-73.93033,40.6893]]]},"properties":{"dbn":"16K308","schooldist":"16.0","label":"308"}},
{"type":"Feature","geometry":{"type":"Polygon","coordinates":[[[-74.00566,40.64958],[-74.0067,40.64847],[-74.00464,40.64723],[-74.00462,40.64713],[-74.00243,40.64591],[-74.00081,40.64745],[-74.00026,40.64751],[-73.99851,40.64649],[-73.99605,40.64834],[-73.99831,40.64974],[-73.99779,40.65029],[-74.00214,40.65296],[-74.00041,40.65463],[-74.00054,40.6552],[-74.00823,40.65985],[-74.00847,40.65961],[-74.01281,40.66224],[-74.01462,40.66122],[-74.01153,40.65934],[-74.01191,40.65897],[-74.01366,40.66],[-74.01555,40.66073],[-74.01745,40.65942],[-74.01457,40.65766],[-74.01539,40.65658],[-74.01603,40.65637],[-74.01854,40.65786],[-74.01896,40.65757],[-74.01597,40.65592],[-74.00571,40.6499],[-74.00566,40.64958]]]},"properties":{"dbn":"15K024","schooldist":"15.0","label":"24"}},
{"type":"Feature","geometry":{"type":"Polygon","coordinates":[[[-74.02327,40.61972],[-74.02215,40.62102],[-74.02534,40.62286],[-74.02773,40.6243],[-74.02781,40.62439],[-74.03043,40.62501],[-74.03192,40.62137],[-74.03205,40.62104],[-74.02553,40.61784],[-74.02365,40.61996],[-74.02327,40.61972]]]},"properties":{"dbn":"20K264","schooldist":"20.0","label":"264"}},
{"type":"Feature","geometry":{"type":"Polygon","coordinates":[[[-73.94655,40.60466],[-73.95229,40.60403],[-73.95272,40.60635],[-73.95958,40.6056],[-73.95902,40.60519],[-73.95835,40.60129],[-73.95591,40.60119],[-73.95548,40.59894],[-73.9564,40.59883],[-73.956,40.59671],[-73.95545,40.59677],[-73.95315,40.59703],[-73.95355,40.59915],[-73.94382,40.60022],[-73.94424,40.60247],[-73.94456,40.60415],[-73.94469,40.60486],[-73.94562,40.60476],[-73.94655,40.60466]]]},"properties":{"dbn":"22K255","schooldist":"22.0","label":"255"}},
{"type":"Feature","geometry":{"type":"Polygon","coordinates":[[[-73.94347,40.61739],[-73.9517,40.61649],[-73.95215,40.61888],[-73.95504,40.61856],[-73.95459,40.61617],[-73.95673,40.61593],[-73.95623,40.61327],[-73.95815,40.61306],[-73.95767,40.6105],[-73.95741,40.60913],[-73.96003,40.60803],[-73.9601,40.60777],[-73.9604,40.6075],[-73.96005,40.60589],[-73.95958,40.6056],[-73.95272,40.60635],[-73.95229,40.60403],[-73.94655,40.60466],[-73.94562,40.60476],[-73.94606,40.60708],[-73.94693,40.61168],[-73.94743,40.61422],[-73.94468,40.61617],[-73.94347,40.61739]]]},"properties":{"dbn":"22K197","schooldist":"22.0","label":"197"}},
{"type":"Feature","geometry":{"type":"Polygon","coordinates":[[[-73.93246,40.6186],[-73.93538,40.62122],[-73.93634,40.62061],[-73.9408,40.62012],[-73.94163,40.61946],[-73.94347,40.61739],[-73.94468,40.61617],[-73.94743,40.61422],[-73.94693,40.61168],[-73.94606,40.60708],[-73.94562,40.60476],[-73.94456,40.60415],[-73.94424,40.60247],[-73.94039,40.6029],[-73.9409,40.60334],[-73.94114,40.60482],[-73.94084,40.60529],[-73.93921,40.60548],[-73.94051,40.60664],[-73.93973,40.60713],[-73.93316,40.61138],[-73.93498,40.61301],[-73.93424,40.6135],[-73.93606,40.61512],[-73.93173,40.61793],[-73.93246,40.6186]]]},"properties":{"dbn":"22K222","schooldist":"22.0","label":"222"}},
{"type":"Feature","geometry":{"type":"Polygon","coordinates":[[[-73.9408,40.62012],[-73.94227,40.62772],[-73.94416,40.62951],[-73.95207,40.62865],[-73.95162,40.62625],[-73.96047,40.62528],[-73.96001,40.6229],[-73.95714,40.62321],[-73.95624,40.61843],[-73.95504,40.61856],[-73.95215,40.61888],[-73.9517,40.61649],[-73.94347,40.61739],[-73.94163,40.61946],[-73.9408,40.62012]]]},"properties":{"dbn":"22K193","schooldist":"22.0","label":"193"}},
{"type":"Feature","geometry":{"type":"Polygon","coordinates":[[[-73.96129,40.64057],[-73.96228,40.6401],[-73.96319,40.63967],[-73.96359,40.63948],[-73.96579,40.63844],[-73.96784,40.63747],[-73.96791,40.63765],[-73.9682,40.63902],[-73.9695,40.63926],[-73.97076,40.63879],[-73.97029,40.63641],[-73.96985,40.63407],[-73.96793,40.63174],[-73.96928,40.63109],[-73.96876,40.62835],[-73.96783,40.62845],[-73.96212,40.62904],[-73.96162,40.6291],[-73.96264,40.63427],[-73.9622,40.63448],[-73.96248,40.63593],[-73.96158,40.63637],[-73.96188,40.63793],[-73.95897,40.6393],[-73.95938,40.64147],[-73.96129,40.64057]]]},"properties":{"dbn":"22K217","schooldist":"22.0","label":"217"}},
{"type":"Feature","geometry":{"type":"Polygon","coordinates":[[[-73.96047,40.62528],[-73.95162,40.62625],[-73.95207,40.62865],[-73.94416,40.62951],[-73.94648,40.63171],[-73.94683,40.63203],[-73.9536,40.63842],[-73.95572,40.64058],[-73.95707,40.64196],[-73.95764,40.64269],[-73.95792,40.64414],[-73.95875,40.64377],[-73.95841,40.64193],[-73.95938,40.64147],[-73.95897,40.6393],[-73.96188,40.63793],[-73.96158,40.63637],[-73.96248,40.63593],[-73.9622,40.63448],[-73.96264,40.63427],[-73.96162,40.6291],[-73.96212,40.62904],[-73.96139,40.62518],[-73.96047,40.62528]]]},"properties":{"dbn":"22K152,22K315","schooldist":"22.0","label":"152, 315"}},
{"type":"Feature","geometry":{"type":"Polygon","coordinates":[[[-73.94488,40.63418],[-73.94512,40.63645],[-73.94322,40.63656],[-73.94336,40.63861],[-73.9425,40.63896],[-73.94323,40.64001],[-73.94357,40.64315],[-73.94396,40.64354],[-73.94876,40.64325],[-73.95764,40.64269],[-73.95707,40.64196],[-73.95572,40.64058],[-73.9536,40.63842],[-73.94683,40.63203],[-73.94648,40.63171],[-73.94463,40.63184],[-73.94488,40.63418]]]},"properties":{"dbn":"22K361","schooldist":"22.0","label":"361"}},
{"type":"Feature","geometry":{"type":"Polygon","coordinates":[[[-73.93704,40.64166],[-73.93898,40.64154],[-73.93923,40.64384],[-73.94396,40.64354],[-73.94357,40.64315],[-73.94323,40.64001],[-73.9425,40.63896],[-73.94336,40.63861],[-73.94322,40.63656],[-73.94512,40.63645],[-73.94488,40.63418],[-73.93536,40.63477],[-73.93586,40.63938],[-73.93679,40.63932],[-73.93704,40.64166]]]},"properties":{"dbn":"22K198","schooldist":"22.0","label":"198"}},
{"type":"Feature","geometry":{"type":"Polygon","coordinates":[[[-73.91824,40.62877],[-73.9186,40.63207],[-73.91917,40.63747],[-73.92283,40.63554],[-73.92745,40.63526],[-73.93114,40.63143],[-73.93245,40.63024],[-73.92811,40.63051],[-73.92787,40.62817],[-73.91824,40.62877]]]},"properties":{"dbn":"22K251","schooldist":"22.0","label":"251"}},
{"type":"Feature","geometry":{"type":"Polygon","coordinates":[[[-73.93245,40.63024],[-73.94416,40.62951],[-73.94227,40.62772],[-73.9408,40.62012],[-73.93634,40.62061],[-73.93538,40.62122],[-73.9322,40.62327],[-73.93255,40.62644],[-73.93237,40.62722],[-73.93261,40.63005],[-73.93259,40.63008],[-73.93245,40.63024]]]},"properties":{"dbn":"22K119,22K326","schooldist":"22.0","label":"326 (K-2), 119 (2-5)"}},
{"type":"Feature","geometry":{"type":"Polygon","coordinates":[[[-73.91824,40.62877],[-73.92787,40.62817],[-73.92811,40.63051],[-73.93245,40.63024],[-73.93259,40.63008],[-73.93261,40.63005],[-73.93237,40.62722],[-73.93255,40.62644],[-73.9322,40.62327],[-73.93538,40.62122],[-73.93246,40.6186],[-73.92688,40.61895],[-73.92663,40.61661],[-73.92372,40.61679],[-73.9235,40.61466],[-73.91965,40.6149],[-73.92013,40.61937],[-73.91726,40.61955],[-73.91824,40.62877]]]},"properties":{"dbn":"22K203","schooldist":"22.0","label":"203"}},
{"type":"Feature","geometry":{"type":"Polygon","coordinates":[[[-73.89537,40.60591],[-73.90155,40.61119],[-73.90969,40.61838],[-73.91026,40.61778],[-73.91253,40.61983],[-73.91726,40.61955],[-73.92013,40.61937],[-73.91965,40.6149],[-73.91552,40.6112],[-73.91638,40.61061],[-73.91768,40.60696],[-73.91393,40.60328],[-73.91142,40.60269],[-73.89856,40.60428],[-73.89838,40.60525],[-73.89537,40.60591]]]},"properties":{"dbn":"22K236","schooldist":"22.0","label":"236"}},
{"type":"Feature","geometry":{"type":"Polygon","coordinates":[[[-73.89537,40.60591],[-73.89303,40.60682],[-73.89236,40.60741],[-73.89155,40.60937],[-73.88967,40.61052],[-73.88947,40.61169],[-73.89064,40.61251],[-73.89097,40.61324],[-73.89258,40.61391],[-73.89418,40.61396],[-73.89592,40.61501],[-73.89649,40.6173],[-73.89538,40.61929],[-73.89677,40.62154],[-73.89657,40.62198],[-73.89828,40.62266],[-73.90195,40.62451],[-73.90696,40.62695],[-73.91413,40.63045],[-73.91692,40.63167],[-73.9186,40.63207],[-73.91824,40.62877],[-73.91726,40.61955],[-73.91253,40.61983],[-73.91026,40.61778],[-73.90969,40.61838],[-73.90155,40.61119],[-73.89537,40.60591]]]},"properties":{"dbn":"22K312","schooldist":"22.0","label":"312"}},
{"type":"Feature","geometry":{"type":"Polygon","coordinates":[[[-73.9618,40.69998],[-73.9624,40.69811],[-73.96577,40.69764],[-73.96773,40.69772],[-73.96688,40.69334],[-73.96221,40.69386],[-73.9619,40.6923],[-73.96074,40.69242],[-73.96029,40.69035],[-73.95938,40.69029],[-73.95858,40.69056],[-73.95899,40.69263],[-73.95768,40.69278],[-73.95582,40.69299],[-73.95658,40.69678],[-73.95292,40.6972],[-73.95315,40.6983],[-73.95337,40.6994],[-73.95702,40.69897],[-73.95902,40.69941],[-73.9605,40.69918],[-73.9618,40.69998]]]},"properties":{"dbn":"14K157","schooldist":"14.0","label":"157"}},
{"type":"Feature","geometry":{"type":"Polygon","coordinates":[[[-73.93779,40.69669],[-73.93818,40.69864],[-73.94193,40.70073],[-73.94725,40.7001],[-73.94696,40.69864],[-73.9468,40.6979],[-73.946,40.69799],[-73.94545,40.69678],[-73.94454,40.69684],[-73.94353,40.69603],[-73.94071,40.69635],[-73.93779,40.69669]]]},"properties":{"dbn":"14K059","schooldist":"14.0","label":"59"}},
{"type":"Feature","geometry":{"type":"Polygon","coordinates":[[[-73.93626,40.70081],[-73.93698,40.70191],[-73.94193,40.70073],[-73.93818,40.69864],[-73.93779,40.69669],[-73.93722,40.69558],[-73.93494,40.69582],[-73.9348,40.69674],[-73.93401,40.69712],[-73.93372,40.6978],[-73.93414,40.69875],[-73.93607,40.70001],[-73.93601,40.70052],[-73.93626,40.70081]]]},"properties":{"dbn":"14K120","schooldist":"14.0","label":"120"}},
{"type":"Feature","geometry":{"type":"Polygon","coordinates":[[[-73.93078,40.67236],[-73.93032,40.67741],[-73.92754,40.67725],[-73.92736,40.67918],[-73.92906,40.67928],[-73.93435,40.67956],[-73.9374,40.67973],[-73.93849,40.67924],[-73.93851,40.67903],[-73.93862,40.67786],[-73.93836,40.67496],[-73.93617,40.67446],[-73.93634,40.6727],[-73.93078,40.67236]]]},"properties":{"dbn":"16K243","schooldist":"16.0","label":"243"}},
{"type":"Feature","geometry":{"type":"Polygon","coordinates":[[[-73.91704,40.67477],[-73.91899,40.67489],[-73.91938,40.67521],[-73.92197,40.67535],[-73.9219,40.67613],[-73.92483,40.67629],[-73.92478,40.6771],[-73.92754,40.67725],[-73.93032,40.67741],[-73.93078,40.67236],[-73.92801,40.67221],[-73.92793,40.67311],[-73.92744,40.67377],[-73.92551,40.67374],[-73.92213,40.67368],[-73.92159,40.67406],[-73.91721,40.67386],[-73.91662,40.67506],[-73.91704,40.67477]]]},"properties":{"dbn":"16K335","schooldist":"16.0","label":"335"}},
{"type":"Feature","geometry":{"type":"Polygon","coordinates":[[[-73.93808,40.68316],[-73.93515,40.6835],[-73.93559,40.68569],[-73.93852,40.68535],[-73.93822,40.68389],[-73.93808,40.68316]]]},"properties":{"dbn":"16K243,16K262","schooldist":"16.0","label":"243, 262"}},
{"type":"Feature","geometry":{"type":"Polygon","coordinates":[[[-73.93486,40.68203],[-73.93779,40.68169],[-73.93764,40.68096],[-73.9374,40.67973],[-73.93435,40.67956],[-73.93486,40.68203]]]},"properties":{"dbn":"16K243,16K262","schooldist":"16.0","label":"243, 262"}},
{"type":"Feature","geometry":{"type":"Polygon","coordinates":[[[-73.92736,40.67918],[-73.92193,40.67889],[-73.92254,40.68194],[-73.92579,40.68157],[-73.92873,40.68124],[-73.92865,40.67975],[-73.92906,40.67928],[-73.92736,40.67918]]]},"properties":{"dbn":"16K021","schooldist":"16.0","label":"21"}},
{"type":"Feature","geometry":{"type":"Polygon","coordinates":[[[-73.92959,40.68564],[-73.93252,40.6853],[-73.93267,40.68603],[-73.93559,40.68569],[-73.93515,40.6835],[-73.93486,40.68203],[-73.93435,40.67956],[-73.92906,40.67928],[-73.92865,40.67975],[-73.92873,40.68124],[-73.92579,40.68157],[-73.92638,40.6845],[-73.92931,40.68417],[-73.92959,40.68564]]]},"properties":{"dbn":"16K262","schooldist":"16.0","label":"262"}},
{"type":"Feature","geometry":{"type":"Polygon","coordinates":[[[-73.91758,40.68366],[-73.92243,40.68315],[-73.92193,40.67889],[-73.92736,40.67918],[-73.92754,40.67725],[-73.92478,40.6771],[-73.92483,40.67629],[-73.9219,40.67613],[-73.92197,40.67535],[-73.91938,40.67521],[-73.91899,40.67489],[-73.91704,40.67477],[-73.91662,40.67506],[-73.91635,40.67782],[-73.91654,40.67964],[-73.91712,40.68257],[-73.91758,40.68366]]]},"properties":{"dbn":"16K040","schooldist":"16.0","label":"40"}},
{"type":"Feature","geometry":{"type":"Polygon","coordinates":[[[-73.91758,40.68366],[-73.91785,40.68623],[-73.9168,40.6865],[-73.91755,40.68693],[-73.91768,40.687],[-73.92959,40.68564],[-73.92931,40.68417],[-73.92638,40.6845],[-73.92579,40.68157],[-73.92254,40.68194],[-73.92243,40.68315],[-73.91758,40.68366]]]},"properties":{"dbn":"16K005","schooldist":"16.0","label":"5"}},
{"type":"Feature","geometry":{"type":"Polygon","coordinates":[[[-73.93895,40.68756],[-73.93939,40.69041],[-73.93661,40.69082],[-73.9369,40.69229],[-73.93705,40.69302],[-73.93997,40.69268],[-73.94281,40.69236],[-73.94564,40.69203],[-73.9452,40.68984],[-73.94462,40.6869],[-73.94428,40.68739],[-73.94235,40.68759],[-73.94179,40.68723],[-73.94139,40.68767],[-73.93939,40.68787],[-73.93895,40.68756]]]},"properties":{"dbn":"16K025","schooldist":"16.0","label":"25"}},
{"type":"Feature","geometry":{"type":"Polygon","coordinates":[[[-73.94564,40.69203],[-73.94281,40.69236],[-73.93997,40.69268],[-73.94071,40.69635],[-73.94353,40.69603],[-73.94324,40.69456],[-73.94608,40.69423],[-73.94593,40.6935],[-73.94564,40.69203]]]},"properties":{"dbn":"16K627","schooldist":"16.0","label":"627"}},
{"type":"Feature","geometry":{"type":"Polygon","coordinates":[[[-73.93146,40.69486],[-73.9348,40.69674],[-73.93494,40.69582],[-73.93722,40.69558],[-73.93779,40.69669],[-73.94071,40.69635],[-73.93997,40.69268],[-73.93705,40.69302],[-73.9369,40.69229],[-73.93663,40.69204],[-73.93451,40.69224],[-73.93398,40.69262],[-73.93105,40.69296],[-73.93146,40.69486]]]},"properties":{"dbn":"16K081","schooldist":"16.0","label":"81"}},
{"type":"Feature","geometry":{"type":"Polygon","coordinates":[[[-73.93033,40.6893],[-73.92791,40.68979],[-73.92836,40.69262],[-73.92815,40.69297],[-73.93146,40.69486],[-73.93105,40.69296],[-73.93398,40.69262],[-73.93451,40.69224],[-73.93663,40.69204],[-73.9369,40.69229],[-73.93661,40.69082],[-73.93369,40.69116],[-73.93325,40.68896],[-73.93271,40.68934],[-73.93097,40.68955],[-73.93033,40.6893]]]},"properties":{"dbn":"16K026","schooldist":"16.0","label":"26"}},
{"type":"Feature","geometry":{"type":"Polygon","coordinates":[[[-73.92959,40.68564],[-73.91768,40.687],[-73.92207,40.68949],[-73.92632,40.69193],[-73.92815,40.69297],[-73.92836,40.69262],[-73.92791,40.68979],[-73.93033,40.6893],[-73.92989,40.6871],[-73.93281,40.68676],[-73.93267,40.68603],[-73.93252,40.6853],[-73.92959,40.68564]]]},"properties":{"dbn":"16K309","schooldist":"16.0","label":"309"}},
{"type":"Feature","geometry":{"type":"Polygon","coordinates":[[[-73.93486,40.68203],[-73.93515,40.6835],[-73.93808,40.68316],[-73.93779,40.68169],[-73.93486,40.68203]]]},"properties":{"dbn":"16K243,16K262","schooldist":"13.0","label":"243, 262"}},
{"type":"Feature","geometry":{"type":"Polygon","coordinates":[[[-73.92082,40.69792],[-73.92308,40.6992],[-73.92163,40.70068],[-73.92313,40.70153],[-73.92602,40.69858],[-73.92782,40.69782],[-73.93401,40.69712],[-73.9348,40.69674],[-73.93146,40.69486],[-73.92815,40.69297],[-73.92632,40.69193],[-73.92521,40.69345],[-73.92082,40.69792]]]},"properties":{"dbn":"32K274","schooldist":"32.0","label":"274"}},
{"type":"Feature","geometry":{"type":"Polygon","coordinates":[[[-73.91361,40.70427],[-73.91481,40.70306],[-73.916,40.70376],[-73.91853,40.7017],[-73.9186,40.70093],[-73.91999,40.69918],[-73.91752,40.69889],[-73.91485,40.70162],[-73.91378,40.70245],[-73.9129,40.70236],[-73.91181,40.70343],[-73.91329,40.70431],[-73.91361,40.70427]]]},"properties":{"dbn":"32K086","schooldist":"32.0","label":"86"}},
{"type":"Feature","geometry":{"type":"Polygon","coordinates":[[[-73.91929,40.7021],[-73.91972,40.70237],[-73.92007,40.70226],[-73.92163,40.70114],[-73.92163,40.70068],[-73.92308,40.6992],[-73.92082,40.69792],[-73.91911,40.69652],[-73.91856,40.69663],[-73.91622,40.69903],[-73.91752,40.69889],[-73.91999,40.69918],[-73.9186,40.70093],[-73.91853,40.7017],[-73.91929,40.7021]]]},"properties":{"dbn":"32K376","schooldist":"32.0","label":"376"}},
{"type":"Feature","geometry":{"type":"Polygon","coordinates":[[[-73.9129,40.70236],[-73.91378,40.70245],[-73.91485,40.70162],[-73.91752,40.69889],[-73.91622,40.69903],[-73.91856,40.69663],[-73.91707,40.69578],[-73.91562,40.69725],[-73.91487,40.69683],[-73.91331,40.69841],[-73.91181,40.69994],[-73.91068,40.70105],[-73.91216,40.70192],[-73.9129,40.70236]]]},"properties":{"dbn":"32K116","schooldist":"32.0","label":"116"}},
{"type":"Feature","geometry":{"type":"Polygon","coordinates":[[[-73.91856,40.69663],[-73.91911,40.69652],[-73.92082,40.69792],[-73.92521,40.69345],[-73.92632,40.69193],[-73.92207,40.68949],[-73.91946,40.69215],[-73.9203,40.69248],[-73.91851,40.6943],[-73.91932,40.69527],[-73.91856,40.69663]]]},"properties":{"dbn":"32K075","schooldist":"32.0","label":"75"}},
{"type":"Feature","geometry":{"type":"Polygon","coordinates":[[[-73.91331,40.69841],[-73.91256,40.69798],[-73.91411,40.6964],[-73.91261,40.69554],[-73.91406,40.69407],[-73.91346,40.69361],[-73.91475,40.69217],[-73.91483,40.69183],[-73.9125,40.69088],[-73.90652,40.69698],[-73.90685,40.69716],[-73.91103,40.69953],[-73.91181,40.69994],[-73.91331,40.69841]]]},"properties":{"dbn":"32K106","schooldist":"32.0","label":"106"}},
{"type":"Feature","geometry":{"type":"Polygon","coordinates":[[[-73.91024,40.6896],[-73.9058,40.69413],[-73.90426,40.6957],[-73.90652,40.69698],[-73.9125,40.69088],[-73.911,40.69003],[-73.91024,40.6896]]]},"properties":{"dbn":"32K151","schooldist":"32.0","label":"151"}},
{"type":"Feature","geometry":{"type":"Polygon","coordinates":[[[-73.9019,40.69108],[-73.90124,40.69144],[-73.9058,40.69413],[-73.91024,40.6896],[-73.90574,40.68704],[-73.9019,40.69108]]]},"properties":{"dbn":"32K384","schooldist":"32.0","label":"384"}},
{"type":"Feature","geometry":{"type":"Polygon","coordinates":[[[-73.89881,40.65741],[-73.89613,40.65781],[-73.89491,40.65853],[-73.8941,40.65888],[-73.8955,40.66077],[-73.89469,40.66113],[-73.89388,40.66149],[-73.8931,40.66183],[-73.89381,40.66203],[-73.89402,40.66296],[-73.89737,40.66267],[-73.90003,40.66228],[-73.89881,40.65741]]]},"properties":{"dbn":"19K190","schooldist":"19.0","label":"190"}},
{"type":"Feature","geometry":{"type":"Polygon","coordinates":[[[-73.91475,40.69217],[-73.91516,40.69201],[-73.91662,40.69312],[-73.91791,40.69192],[-73.91946,40.69215],[-73.92207,40.68949],[-73.91768,40.687],[-73.91755,40.68693],[-73.9147,40.68984],[-73.91244,40.68855],[-73.91093,40.68961],[-73.911,40.69003],[-73.9125,40.69088],[-73.91483,40.69183],[-73.91475,40.69217]]]},"properties":{"dbn":"32K299","schooldist":"32.0","label":"299"}},
{"type":"Feature","geometry":{"type":"Polygon","coordinates":[[[-73.91024,40.6896],[-73.911,40.69003],[-73.91093,40.68961],[-73.91244,40.68855],[-73.9147,40.68984],[-73.91755,40.68693],[-73.91661,40.68639],[-73.91077,40.68309],[-73.90938,40.68451],[-73.90788,40.68366],[-73.90826,40.68236],[-73.90927,40.68223],[-73.90628,40.68051],[-73.90571,40.68071],[-73.90482,40.68159],[-73.9039,40.68295],[-73.90531,40.68379],[-73.90389,40.68543],[-73.90451,40.68631],[-73.90574,40.68704],[-73.91024,40.6896]]]},"properties":{"dbn":"32K045","schooldist":"32.0","label":"45"}},
{"type":"Feature","geometry":{"type":"Polygon","coordinates":[[[-73.93038,40.65173],[-73.93108,40.6583],[-73.9359,40.658],[-73.94231,40.65761],[-73.94509,40.65743],[-73.94487,40.65573],[-73.93668,40.65624],[-73.93639,40.65345],[-73.93736,40.65339],[-73.93684,40.64865],[-73.933,40.64882],[-73.93292,40.648],[-73.93,40.64818],[-73.93038,40.65173]]]},"properties":{"dbn":"18K135","schooldist":"18.0","label":"135"}},
{"type":"Feature","geometry":{"type":"Polygon","coordinates":[[[-73.95767,40.6105],[-73.96238,40.60999],[-73.96336,40.6152],[-73.96364,40.61481],[-73.96749,40.61439],[-73.96866,40.61462],[-73.96861,40.61436],[-73.9717,40.61328],[-73.97099,40.61204],[-73.97009,40.60733],[-73.97049,40.6069],[-73.96727,40.60726],[-73.96637,40.60247],[-73.96155,40.60301],[-73.96189,40.60734],[-73.96003,40.60803],[-73.95741,40.60913],[-73.95767,40.6105]]]},"properties":{"dbn":"21K238","schooldist":"21.0","label":"238"}},
{"type":"Feature","geometry":{"type":"Polygon","coordinates":[[[-73.96047,40.62528],[-73.96139,40.62518],[-73.96212,40.62904],[-73.96783,40.62845],[-73.96984,40.62824],[-73.97121,40.62809],[-73.97086,40.62624],[-73.97273,40.62367],[-73.97252,40.62256],[-73.97013,40.62238],[-73.96978,40.62052],[-73.97197,40.61971],[-73.97141,40.61676],[-73.96911,40.617],[-73.96381,40.61759],[-73.96472,40.62237],[-73.96413,40.62207],[-73.96132,40.62234],[-73.96001,40.6229],[-73.96047,40.62528]]]},"properties":{"dbn":"21K099","schooldist":"21.0","label":"99"}},
{"type":"Feature","geometry":{"type":"Polygon","coordinates":[[[-73.95504,40.61856],[-73.95624,40.61843],[-73.95714,40.62321],[-73.96001,40.6229],[-73.96132,40.62234],[-73.96413,40.62207],[-73.96472,40.62237],[-73.96381,40.61759],[-73.96911,40.617],[-73.96866,40.61462],[-73.96749,40.61439],[-73.96364,40.61481],[-73.96336,40.6152],[-73.96238,40.60999],[-73.95767,40.6105],[-73.95815,40.61306],[-73.95623,40.61327],[-73.95673,40.61593],[-73.95459,40.61617],[-73.95504,40.61856]]]},"properties":{"dbn":"21K199","schooldist":"21.0","label":"199"}},
{"type":"Feature","geometry":{"type":"Polygon","coordinates":[[[-73.94889,40.64443],[-73.94957,40.65081],[-73.95583,40.65053],[-73.95565,40.64663],[-73.95467,40.6442],[-73.94889,40.64443]]]},"properties":{"dbn":"17K399","schooldist":"17.0","label":"399"}},
{"type":"Feature","geometry":{"type":"Polygon","coordinates":[[[-73.94231,40.65761],[-73.94282,40.65954],[-73.94986,40.659],[-73.95276,40.65888],[-73.95253,40.65448],[-73.95282,40.65398],[-73.95235,40.65299],[-73.95266,40.65249],[-73.94977,40.65264],[-73.9493,40.65216],[-73.94737,40.65227],[-73.94687,40.6528],[-73.94716,40.65559],[-73.94487,40.65573],[-73.94509,40.65743],[-73.94231,40.65761]]]},"properties":{"dbn":"17K397","schooldist":"17.0","label":"397"}},
{"type":"Feature","geometry":{"type":"Polygon","coordinates":[[[-73.93634,40.6727],[-73.93617,40.67446],[-73.93836,40.67496],[-73.93862,40.67786],[-73.93984,40.67792],[-73.94059,40.67797],[-73.94138,40.67801],[-73.94415,40.67816],[-73.94438,40.67579],[-73.94715,40.67594],[-73.9474,40.67327],[-73.94463,40.67312],[-73.94496,40.66956],[-73.9422,40.6694],[-73.93943,40.66925],[-73.93908,40.67283],[-73.93634,40.6727]]]},"properties":{"dbn":"17K289","schooldist":"17.0","label":"289"}},
{"type":"Feature","geometry":{"type":"Polygon","coordinates":[[[-73.93112,40.6688],[-73.93078,40.67236],[-73.93634,40.6727],[-73.93908,40.67283],[-73.93943,40.66925],[-73.93389,40.66895],[-73.93112,40.6688]]]},"properties":{"dbn":"17K532","schooldist":"17.0","label":"532"}},
{"type":"Feature","geometry":{"type":"Polygon","coordinates":[[[-73.92005,40.67216],[-73.92221,40.67279],[-73.92516,40.67295],[-73.92561,40.66851],[-73.92263,40.66837],[-73.91997,40.66948],[-73.92025,40.67044],[-73.92002,40.67164],[-73.92005,40.67216]]]},"properties":{"dbn":"17K191","schooldist":"17.0","label":"191"}},
{"type":"Feature","geometry":{"type":"Polygon","coordinates":[[[-73.92744,40.67377],[-73.92793,40.67311],[-73.92801,40.67221],[-73.93078,40.67236],[-73.93112,40.6688],[-73.92835,40.66865],[-73.92561,40.66851],[-73.92516,40.67295],[-73.92204,40.6729],[-73.92182,40.67351],[-73.92213,40.67368],[-73.92551,40.67374],[-73.92744,40.67377]]]},"properties":{"dbn":"17K012","schooldist":"17.0","label":"12"}},
{"type":"Feature","geometry":{"type":"Polygon","coordinates":[[[-73.91995,40.64471],[-73.9209,40.65363],[-73.92169,40.65435],[-73.92769,40.65399],[-73.92751,40.65232],[-73.93038,40.65173],[-73.93,40.64818],[-73.9298,40.64632],[-73.92786,40.64644],[-73.92766,40.64455],[-73.92669,40.64461],[-73.92645,40.64232],[-73.92357,40.6425],[-73.92262,40.64273],[-73.91995,40.64471]]]},"properties":{"dbn":"18K244","schooldist":"18.0","label":"244"}},
{"type":"Feature","geometry":{"type":"Polygon","coordinates":[[[-73.92137,40.66549],[-73.92054,40.66599],[-73.92102,40.66785],[-73.92011,40.66838],[-73.91997,40.66948],[-73.92263,40.66837],[-73.92561,40.66851],[-73.92835,40.66865],[-73.92872,40.6645],[-73.92739,40.66507],[-73.92542,40.66329],[-73.92361,40.66166],[-73.92105,40.66331],[-73.91959,40.662],[-73.92005,40.66409],[-73.92097,40.66395],[-73.92139,40.66379],[-73.92158,40.66396],[-73.92097,40.66395],[-73.92078,40.66409],[-73.92005,40.66409],[-73.92035,40.66527],[-73.92137,40.66549]]]},"properties":{"dbn":"17K189","schooldist":"17.0","label":"189"}},
{"type":"Feature","geometry":{"type":"Polygon","coordinates":[[[-73.92835,40.66865],[-73.93112,40.6688],[-73.93389,40.66895],[-73.93422,40.66538],[-73.93146,40.66523],[-73.93161,40.66355],[-73.93455,40.66336],[-73.93423,40.66042],[-73.92882,40.66075],[-73.92905,40.66095],[-73.92542,40.66329],[-73.92739,40.66507],[-73.92872,40.6645],[-73.92835,40.66865]]]},"properties":{"dbn":"17K398","schooldist":"17.0","label":"398"}},
{"type":"Feature","geometry":{"type":"Polygon","coordinates":[[[-73.93943,40.66925],[-73.9422,40.6694],[-73.94261,40.66495],[-73.94538,40.6651],[-73.94546,40.66423],[-73.93993,40.6639],[-73.94003,40.66302],[-73.9374,40.66292],[-73.93711,40.66024],[-73.93614,40.66029],[-73.93423,40.66042],[-73.93455,40.66336],[-73.93161,40.66355],[-73.93146,40.66523],[-73.93422,40.66538],[-73.93389,40.66895],[-73.93943,40.66925]]]},"properties":{"dbn":"17K221","schooldist":"17.0","label":"221"}},
{"type":"Feature","geometry":{"type":"Polygon","coordinates":[[[-73.94546,40.66423],[-73.94599,40.66458],[-73.94848,40.66427],[-73.95056,40.66432],[-73.95343,40.6641],[-73.95326,40.66241],[-73.95362,40.66139],[-73.95338,40.65923],[-73.95276,40.65888],[-73.94986,40.659],[-73.94282,40.65954],[-73.94231,40.65761],[-73.9359,40.658],[-73.93614,40.66029],[-73.93711,40.66024],[-73.9374,40.66292],[-73.94003,40.66302],[-73.93993,40.6639],[-73.94546,40.66423]]]},"properties":{"dbn":"17K091","schooldist":"17.0","label":"91"}},
{"type":"Feature","geometry":{"type":"Polygon","coordinates":[[[-73.94496,40.66956],[-73.94773,40.66971],[-73.94801,40.66915],[-73.95501,40.66949],[-73.95534,40.66992],[-73.95729,40.6643],[-73.95696,40.66118],[-73.95667,40.66149],[-73.95422,40.66167],[-73.95362,40.66139],[-73.95326,40.66241],[-73.95343,40.6641],[-73.95056,40.66432],[-73.94848,40.66427],[-73.94599,40.66458],[-73.94546,40.66423],[-73.94538,40.6651],[-73.94261,40.66495],[-73.9422,40.6694],[-73.94496,40.66956]]]},"properties":{"dbn":"17K161","schooldist":"17.0","label":"161"}},
{"type":"Feature","geometry":{"type":"Polygon","coordinates":[[[-73.88418,40.64298],[-73.8858,40.64247],[-73.88967,40.63994],[-73.89033,40.63908],[-73.89214,40.64071],[-73.89759,40.63719],[-73.89703,40.6371],[-73.89533,40.63553],[-73.89394,40.63451],[-73.89156,40.63548],[-73.8897,40.6338],[-73.89277,40.63181],[-73.89082,40.63085],[-73.89227,40.62911],[-73.89209,40.62866],[-73.88753,40.62948],[-73.88393,40.63183],[-73.88247,40.63305],[-73.88588,40.63625],[-73.88048,40.63973],[-73.88077,40.63974],[-73.88418,40.64298]]]},"properties":{"dbn":"18K272","schooldist":"18.0","label":"272"}},
{"type":"Feature","geometry":{"type":"Polygon","coordinates":[[[-73.8994,40.6524],[-73.899,40.65137],[-73.89808,40.65157],[-73.89798,40.65049],[-73.89719,40.65056],[-73.89593,40.64929],[-73.89478,40.65003],[-73.89402,40.64914],[-73.89199,40.65068],[-73.89317,40.65174],[-73.89521,40.65449],[-73.89761,40.65345],[-73.8994,40.6524]]]},"properties":{"dbn":"19K306,19K325","schooldist":"19.0","label":"306, 325"}},
{"type":"Feature","geometry":{"type":"Polygon","coordinates":[[[-73.88418,40.64298],[-73.88964,40.6481],[-73.89178,40.64822],[-73.89059,40.64682],[-73.89228,40.64574],[-73.89284,40.64587],[-73.89352,40.64508],[-73.8968,40.64294],[-73.89528,40.64111],[-73.89884,40.63877],[-73.89773,40.63787],[-73.89759,40.63719],[-73.89214,40.64071],[-73.89033,40.63908],[-73.88967,40.63994],[-73.8858,40.64247],[-73.88418,40.64298]]]},"properties":{"dbn":"18K279","schooldist":"18.0","label":"279"}},
{"type":"Feature","geometry":{"type":"Polygon","coordinates":[[[-73.90778,40.63622],[-73.90962,40.63787],[-73.91251,40.63601],[-73.91816,40.64108],[-73.91946,40.64024],[-73.91917,40.63747],[-73.9186,40.63207],[-73.91692,40.63167],[-73.91413,40.63045],[-73.90696,40.62695],[-73.90485,40.62971],[-73.90307,40.63084],[-73.90489,40.63247],[-73.90415,40.63295],[-73.90778,40.63622]]]},"properties":{"dbn":"18K276","schooldist":"18.0","label":"276"}},
{"type":"Feature","geometry":{"type":"Polygon","coordinates":[[[-73.92169,40.65435],[-73.92882,40.66075],[-73.93423,40.66042],[-73.93614,40.66029],[-73.9359,40.658],[-73.93108,40.6583],[-73.93038,40.65173],[-73.92751,40.65232],[-73.92769,40.65399],[-73.92169,40.65435]]]},"properties":{"dbn":"18K268","schooldist":"18.0","label":"268"}},
{"type":"Feature","geometry":{"type":"Polygon","coordinates":[[[-73.91466,40.65621],[-73.91974,40.66077],[-73.91959,40.662],[-73.92105,40.66331],[-73.92361,40.66166],[-73.92542,40.66329],[-73.92905,40.66095],[-73.92882,40.66075],[-73.92169,40.65435],[-73.91758,40.65431],[-73.91466,40.65621]]]},"properties":{"dbn":"18K219","schooldist":"18.0","label":"219"}},
{"type":"Feature","geometry":{"type":"Polygon","coordinates":[[[-73.90692,40.65474],[-73.91071,40.65418],[-73.91233,40.65413],[-73.91466,40.65621],[-73.91758,40.65431],[-73.92169,40.65435],[-73.9209,40.65363],[-73.91995,40.64471],[-73.91946,40.64024],[-73.91816,40.64108],[-73.91375,40.64378],[-73.91112,40.64485],[-73.90534,40.64856],[-73.90692,40.65474]]]},"properties":{"dbn":"18K233","schooldist":"18.0","label":"233"}},
{"type":"Feature","geometry":{"type":"Polygon","coordinates":[[[-73.93,40.64818],[-73.93292,40.648],[-73.93261,40.64525],[-73.93358,40.64508],[-73.93933,40.64481],[-73.93923,40.64384],[-73.93898,40.64154],[-73.93704,40.64166],[-73.93514,40.64178],[-73.93489,40.63944],[-73.93201,40.63962],[-73.93153,40.63501],[-73.92745,40.63526],[-73.92283,40.63554],[-73.91917,40.63747],[-73.91946,40.64024],[-73.91995,40.64471],[-73.92262,40.64273],[-73.92357,40.6425],[-73.92645,40.64232],[-73.92669,40.64461],[-73.92766,40.64455],[-73.92786,40.64644],[-73.9298,40.64632],[-73.93,40.64818]]]},"properties":{"dbn":"18K208","schooldist":"18.0","label":"208"}},
{"type":"Feature","geometry":{"type":"Polygon","coordinates":[[[-73.93684,40.64865],[-73.93736,40.65339],[-73.93639,40.65345],[-73.93668,40.65624],[-73.94487,40.65573],[-73.94716,40.65559],[-73.94687,40.6528],[-73.944,40.65297],[-73.9438,40.65111],[-73.94189,40.65117],[-73.9417,40.64939],[-73.93886,40.64957],[-73.93871,40.64852],[-73.93684,40.64865]]]},"properties":{"dbn":"18K235","schooldist":"18.0","label":"235"}},
{"type":"Feature","geometry":{"type":"Polygon","coordinates":[[[-73.88629,40.65277],[-73.88699,40.65289],[-73.88882,40.65472],[-73.88885,40.65551],[-73.89066,40.65799],[-73.89062,40.65858],[-73.89309,40.65752],[-73.89419,40.65756],[-73.89491,40.65853],[-73.89613,40.65781],[-73.89881,40.65741],[-73.89904,40.65737],[-73.8986,40.65583],[-73.89941,40.65568],[-73.90112,40.65386],[-73.8994,40.6524],[-73.89761,40.65345],[-73.89521,40.65449],[-73.89317,40.65174],[-73.89199,40.65068],[-73.89125,40.65003],[-73.89001,40.65115],[-73.88629,40.65277]]]},"properties":{"dbn":"19K325","schooldist":"19.0","label":"325"}},
{"type":"Feature","geometry":{"type":"Polygon","coordinates":[[[-73.88221,40.65452],[-73.88251,40.65621],[-73.88081,40.65695],[-73.88291,40.65978],[-73.88458,40.65906],[-73.88579,40.66066],[-73.89062,40.65858],[-73.89066,40.65799],[-73.88885,40.65551],[-73.88882,40.65472],[-73.88699,40.65289],[-73.88629,40.65277],[-73.88221,40.65452]]]},"properties":{"dbn":"19K306","schooldist":"19.0","label":"306"}},
{"type":"Feature","geometry":{"type":"Polygon","coordinates":[[[-73.86241,40.64249],[-73.87337,40.65568],[-73.87307,40.65664],[-73.87411,40.65806],[-73.87468,40.65813],[-73.87852,40.66331],[-73.8784,40.66384],[-73.88247,40.66209],[-73.88309,40.66347],[-73.8843,40.6631],[-73.88325,40.66222],[-73.8833,40.66173],[-73.88579,40.66066],[-73.88458,40.65906],[-73.88291,40.65978],[-73.88081,40.65695],[-73.88251,40.65621],[-73.88221,40.65452],[-73.87973,40.65556],[-73.87261,40.64729],[-73.86661,40.64005],[-73.86376,40.64154],[-73.86241,40.64249]]]},"properties":{"dbn":"19K273","schooldist":"19.0","label":"273"}},
{"type":"Feature","geometry":{"type":"Polygon","coordinates":[[[-73.86113,40.67453],[-73.86638,40.67605],[-73.86575,40.67368],[-73.86667,40.67354],[-73.86591,40.67047],[-73.87056,40.6698],[-73.87006,40.66795],[-73.87181,40.66669],[-73.8784,40.66384],[-73.87852,40.66331],[-73.87468,40.65813],[-73.87411,40.65806],[-73.87307,40.65664],[-73.87337,40.65568],[-73.86241,40.64249],[-73.86118,40.64289],[-73.85922,40.643],[-73.85719,40.64357],[-73.85733,40.64557],[-73.85809,40.64673],[-73.85736,40.64852],[-73.85734,40.65126],[-73.85824,40.65176],[-73.86012,40.65477],[-73.8597,40.65523],[-73.86163,40.65659],[-73.86175,40.65894],[-73.86036,40.65965],[-73.8576,40.66007],[-73.85811,40.66202],[-73.85709,40.66283],[-73.85666,40.66364],[-73.85568,40.66387],[-73.85763,40.67166],[-73.86039,40.67127],[-73.86113,40.67453]]]},"properties":{"dbn":"19K224","schooldist":"19.0","label":"224"}},
{"type":"Feature","geometry":{"type":"Polygon","coordinates":[[[-73.8843,40.6631],[-73.88405,40.66344],[-73.88506,40.66501],[-73.89259,40.66176],[-73.8931,40.66183],[-73.89388,40.66149],[-73.89469,40.66113],[-73.8955,40.66077],[-73.8941,40.65888],[-73.89491,40.65853],[-73.89419,40.65756],[-73.89309,40.65752],[-73.89062,40.65858],[-73.88579,40.66066],[-73.8833,40.66173],[-73.88325,40.66222],[-73.8843,40.6631]]]},"properties":{"dbn":"19K213","schooldist":"19.0","label":"213"}},
{"type":"Feature","geometry":{"type":"Polygon","coordinates":[[[-73.87527,40.67492],[-73.87462,40.67239],[-73.87362,40.67264],[-73.87232,40.67284],[-73.8713,40.67286],[-73.87056,40.6698],[-73.86591,40.67047],[-73.86667,40.67354],[-73.86575,40.67368],[-73.86638,40.67605],[-73.86862,40.67689],[-73.87251,40.67792],[-73.87323,40.67847],[-73.87335,40.67864],[-73.87344,40.67863],[-73.87407,40.67854],[-73.87374,40.67645],[-73.87467,40.67632],[-73.87435,40.67505],[-73.87527,40.67492]]]},"properties":{"dbn":"19K159","schooldist":"19.0","label":"159"}},
{"type":"Feature","geometry":{"type":"Polygon","coordinates":[[[-73.87251,40.67792],[-73.86862,40.67689],[-73.86638,40.67605],[-73.86113,40.67453],[-73.86235,40.67916],[-73.86329,40.67908],[-73.8641,40.68237],[-73.86603,40.68192],[-73.8663,40.68319],[-73.86981,40.68219],[-73.87156,40.68168],[-73.87104,40.67954],[-73.86925,40.6798],[-73.86896,40.6785],[-73.87251,40.67792]]]},"properties":{"dbn":"19K214","schooldist":"19.0","label":"214"}},
{"type":"Feature","geometry":{"type":"Polygon","coordinates":[[[-73.8853,40.66765],[-73.88547,40.66738],[-73.88907,40.66692],[-73.89042,40.66659],[-73.89304,40.66633],[-73.89335,40.66765],[-73.89483,40.66783],[-73.89581,40.66769],[-73.89541,40.66615],[-73.8955,40.66475],[-73.89631,40.66401],[-73.89618,40.66306],[-73.89737,40.66267],[-73.89402,40.66296],[-73.89381,40.66203],[-73.8931,40.66183],[-73.89259,40.66176],[-73.88506,40.66501],[-73.88458,40.66572],[-73.88483,40.66742],[-73.8853,40.66765]]]},"properties":{"dbn":"19K013","schooldist":"19.0","label":"13"}},
{"type":"Feature","geometry":{"type":"Polygon","coordinates":[[[-73.87056,40.6698],[-73.8713,40.67286],[-73.87198,40.67255],[-73.87119,40.67135],[-73.87335,40.67102],[-73.87397,40.66992],[-73.8738,40.66934],[-73.8853,40.66765],[-73.88483,40.66742],[-73.88458,40.66572],[-73.88506,40.66501],[-73.88405,40.66344],[-73.8843,40.6631],[-73.88309,40.66347],[-73.88247,40.66209],[-73.8784,40.66384],[-73.87181,40.66669],[-73.87006,40.66795],[-73.87056,40.6698]]]},"properties":{"dbn":"19K202","schooldist":"19.0","label":"202"}},
{"type":"Feature","geometry":{"type":"Polygon","coordinates":[[[-73.89581,40.66769],[-73.89483,40.66783],[-73.89554,40.67063],[-73.90295,40.66953],[-73.90254,40.66935],[-73.90197,40.66715],[-73.90127,40.66688],[-73.90085,40.66535],[-73.89943,40.66581],[-73.89947,40.66715],[-73.89581,40.66769]]]},"properties":{"dbn":"19K328","schooldist":"19.0","label":"328"}},
{"type":"Feature","geometry":{"type":"Polygon","coordinates":[[[-73.89685,40.67574],[-73.90068,40.6756],[-73.90288,40.67582],[-73.90524,40.67472],[-73.90452,40.67193],[-73.9036,40.67206],[-73.90295,40.66953],[-73.89554,40.67063],[-73.89685,40.67574]]]},"properties":{"dbn":"19K013,19K149,19K328,19K557","schooldist":"19.0","label":"13, 149, 328, 557"}},
{"type":"Feature","geometry":{"type":"Polygon","coordinates":[[[-73.88569,40.66919],[-73.88928,40.66866],[-73.88975,40.66881],[-73.89036,40.67116],[-73.89088,40.67132],[-73.89131,40.67361],[-73.89064,40.67398],[-73.88974,40.67412],[-73.89037,40.67659],[-73.89398,40.67602],[-73.89685,40.67574],[-73.89554,40.67063],[-73.89483,40.66783],[-73.89335,40.66765],[-73.89304,40.66633],[-73.89042,40.66659],[-73.88907,40.66692],[-73.88547,40.66738],[-73.8853,40.66765],[-73.88513,40.66877],[-73.88569,40.66919]]]},"properties":{"dbn":"19K149","schooldist":"19.0","label":"149"}},
{"type":"Feature","geometry":{"type":"Polygon","coordinates":[[[-73.88307,40.67247],[-73.88319,40.67418],[-73.88361,40.6759],[-73.88404,40.67625],[-73.88449,40.678],[-73.88601,40.67758],[-73.88859,40.67696],[-73.89037,40.67659],[-73.88974,40.67412],[-73.89064,40.67398],[-73.89131,40.67361],[-73.89088,40.67132],[-73.89036,40.67116],[-73.88975,40.66881],[-73.88928,40.66866],[-73.88236,40.66968],[-73.88204,40.67012],[-73.88263,40.67221],[-73.88307,40.67247]]]},"properties":{"dbn":"19K158","schooldist":"19.0","label":"158"}},
{"type":"Feature","geometry":{"type":"Polygon","coordinates":[[[-73.87462,40.67239],[-73.87528,40.67196],[-73.87649,40.67213],[-73.8768,40.67339],[-73.88307,40.67247],[-73.88263,40.67221],[-73.88204,40.67012],[-73.88236,40.66968],[-73.88569,40.66919],[-73.88513,40.66877],[-73.8853,40.66765],[-73.8738,40.66934],[-73.87397,40.66992],[-73.87335,40.67102],[-73.87119,40.67135],[-73.87198,40.67255],[-73.8713,40.67286],[-73.87232,40.67284],[-73.87362,40.67264],[-73.87462,40.67239]]]},"properties":{"dbn":"19K677","schooldist":"19.0","label":"677"}},
{"type":"Feature","geometry":{"type":"Polygon","coordinates":[[[-73.87628,40.67897],[-73.87689,40.68016],[-73.87743,40.68001],[-73.87839,40.67974],[-73.88015,40.67924],[-73.88061,40.67911],[-73.88331,40.67834],[-73.88449,40.678],[-73.88404,40.67625],[-73.88361,40.6759],[-73.88319,40.67418],[-73.88307,40.67247],[-73.8768,40.67339],[-73.87649,40.67213],[-73.87528,40.67196],[-73.87462,40.67239],[-73.87527,40.67492],[-73.87628,40.67897]]]},"properties":{"dbn":"19K345","schooldist":"19.0","label":"345"}},
{"type":"Feature","geometry":{"type":"Polygon","coordinates":[[[-73.89197,40.68274],[-73.89268,40.68237],[-73.89447,40.68498],[-73.89555,40.68379],[-73.89647,40.68233],[-73.89695,40.67977],[-73.90047,40.67954],[-73.90262,40.68066],[-73.90352,40.67927],[-73.90324,40.67701],[-73.90288,40.67582],[-73.90068,40.6756],[-73.89685,40.67574],[-73.89398,40.67602],[-73.89037,40.67659],[-73.88859,40.67696],[-73.88834,40.67747],[-73.88885,40.67977],[-73.89031,40.68001],[-73.89094,40.68072],[-73.89003,40.68178],[-73.89057,40.68234],[-73.89109,40.68283],[-73.89197,40.68274]]]},"properties":{"dbn":"19K290","schooldist":"19.0","label":"290"}},
{"type":"Feature","geometry":{"type":"Polygon","coordinates":[[[-73.88064,40.67918],[-73.8811,40.68107],[-73.88164,40.68327],[-73.87981,40.68365],[-73.8805,40.68385],[-73.8822,40.68536],[-73.88735,40.68295],[-73.88834,40.68248],[-73.88955,40.68412],[-73.89024,40.68511],[-73.89267,40.68358],[-73.89197,40.68274],[-73.89109,40.68283],[-73.89057,40.68234],[-73.89003,40.68178],[-73.89094,40.68072],[-73.89031,40.68001],[-73.88885,40.67977],[-73.88834,40.67747],[-73.88859,40.67696],[-73.88601,40.67758],[-73.88449,40.678],[-73.88331,40.67834],[-73.88061,40.67911],[-73.88064,40.67918]]]},"properties":{"dbn":"19K108","schooldist":"19.0","label":"108"}},
{"type":"Feature","geometry":{"type":"Polygon","coordinates":[[[-73.87253,40.68141],[-73.87156,40.68168],[-73.87405,40.6893],[-73.87571,40.68856],[-73.8822,40.68536],[-73.8805,40.68385],[-73.87963,40.68369],[-73.8771,40.68432],[-73.87662,40.68239],[-73.87411,40.6831],[-73.87303,40.68341],[-73.87253,40.68141]]]},"properties":{"dbn":"19K065","schooldist":"19.0","label":"65"}},
{"type":"Feature","geometry":{"type":"Polygon","coordinates":[[[-73.86981,40.68219],[-73.8663,40.68319],[-73.86702,40.68683],[-73.86746,40.68842],[-73.86762,40.68915],[-73.86806,40.69118],[-73.87173,40.69028],[-73.87405,40.6893],[-73.87156,40.68168],[-73.86981,40.68219]]]},"properties":{"dbn":"19K007","schooldist":"19.0","label":"7"}},
{"type":"Feature","geometry":{"type":"Polygon","coordinates":[[[-73.96442,40.68112],[-73.96509,40.68455],[-73.96403,40.68467],[-73.96463,40.68759],[-73.96269,40.68782],[-73.96284,40.68855],[-73.96682,40.68809],[-73.96653,40.68663],[-73.97047,40.68617],[-73.97017,40.6846],[-73.97124,40.68503],[-73.97337,40.68588],[-73.97444,40.68631],[-73.97403,40.68427],[-73.97376,40.68303],[-73.97595,40.68347],[-73.97632,40.68251],[-73.97583,40.68184],[-73.97112,40.68085],[-73.97083,40.68162],[-73.96479,40.68035],[-73.96442,40.68112]]]},"properties":{"dbn":"13K011","schooldist":"13.0","label":"11"}},
{"type":"Feature","geometry":{"type":"Polygon","coordinates":[[[-73.93764,40.68096],[-73.94331,40.68031],[-73.94404,40.68397],[-73.94433,40.68544],[-73.94716,40.68511],[-73.94702,40.68438],[-73.9503,40.684],[-73.94956,40.68039],[-73.95337,40.68064],[-73.95567,40.68114],[-73.95529,40.6792],[-73.95463,40.67906],[-73.95206,40.67859],[-73.94138,40.67801],[-73.94059,40.67797],[-73.93984,40.67792],[-73.93862,40.67786],[-73.93851,40.67903],[-73.93849,40.67924],[-73.9374,40.67973],[-73.93764,40.68096]]]},"properties":{"dbn":"13K093","schooldist":"13.0","label":"93"}},
{"type":"Feature","geometry":{"type":"Polygon","coordinates":[[[-73.94179,40.68723],[-73.94235,40.68759],[-73.94428,40.68739],[-73.94462,40.6869],[-73.94491,40.68837],[-73.94775,40.68804],[-73.94731,40.68585],[-73.94716,40.68511],[-73.94433,40.68544],[-73.94418,40.68471],[-73.94404,40.68397],[-73.94331,40.68031],[-73.93764,40.68096],[-73.93779,40.68169],[-73.93808,40.68316],[-73.93822,40.68389],[-73.93852,40.68535],[-73.93866,40.68609],[-73.93895,40.68756],[-73.93939,40.68787],[-73.94139,40.68767],[-73.94179,40.68723]]]},"properties":{"dbn":"13K044","schooldist":"13.0","label":"44"}},
{"type":"Feature","geometry":{"type":"Polygon","coordinates":[[[-73.94775,40.68804],[-73.94491,40.68837],[-73.94564,40.69203],[-73.95176,40.69133],[-73.95161,40.6906],[-73.95527,40.69018],[-73.95468,40.68724],[-73.95103,40.68767],[-73.95059,40.68547],[-73.94731,40.68585],[-73.94775,40.68804]]]},"properties":{"dbn":"13K256","schooldist":"13.0","label":"256"}},
{"type":"Feature","geometry":{"type":"Polygon","coordinates":[[[-73.95938,40.69029],[-73.95928,40.68986],[-73.95717,40.6901],[-73.95727,40.69069],[-73.95768,40.69278],[-73.95899,40.69263],[-73.95858,40.69056],[-73.95938,40.69029]]]},"properties":{"dbn":"14K157","schooldist":"13.0","label":"157"}},
{"type":"Feature","geometry":{"type":"Polygon","coordinates":[[[-73.94593,40.6935],[-73.94877,40.69317],[-73.94906,40.69464],[-73.95234,40.69426],[-73.95249,40.695],[-73.95292,40.6972],[-73.95658,40.69678],[-73.95582,40.69299],[-73.95768,40.69278],[-73.95727,40.69069],[-73.95541,40.69091],[-73.95527,40.69018],[-73.95161,40.6906],[-73.95176,40.69133],[-73.94564,40.69203],[-73.94593,40.6935]]]},"properties":{"dbn":"13K054","schooldist":"13.0","label":"54"}},
{"type":"Feature","geometry":{"type":"Polygon","coordinates":[[[-73.95938,40.69029],[-73.96029,40.69035],[-73.96074,40.69242],[-73.9619,40.6923],[-73.96657,40.69176],[-73.96613,40.68967],[-73.96332,40.69],[-73.96284,40.68855],[-73.96269,40.68782],[-73.95498,40.68871],[-73.95527,40.69018],[-73.95541,40.69091],[-73.95727,40.69069],[-73.95717,40.6901],[-73.95928,40.68986],[-73.95938,40.69029]]]},"properties":{"dbn":"13K270","schooldist":"13.0","label":"270"}},
{"type":"Feature","geometry":{"type":"Polygon","coordinates":[[[-73.96688,40.69334],[-73.96773,40.69772],[-73.96973,40.6978],[-73.97378,40.69796],[-73.97318,40.69655],[-73.97344,40.69608],[-73.97525,40.69615],[-73.97499,40.69333],[-73.96881,40.69312],[-73.96688,40.69334]]]},"properties":{"dbn":"13K046","schooldist":"13.0","label":"46"}},
{"type":"Feature","geometry":{"type":"Polygon","coordinates":[[[-73.86661,40.64005],[-73.87261,40.64729],[-73.87973,40.65556],[-73.88221,40.65452],[-73.88629,40.65277],[-73.89001,40.65115],[-73.89125,40.65003],[-73.88964,40.6481],[-73.88418,40.64298],[-73.88077,40.63974],[-73.88048,40.63973],[-73.8806,40.63946],[-73.87711,40.63574],[-73.8775,40.63669],[-73.87849,40.63751],[-73.87828,40.63873],[-73.87695,40.63836],[-73.87607,40.6374],[-73.87353,40.63612],[-73.86958,40.63787],[-73.8702,40.64024],[-73.87287,40.64394],[-73.87307,40.64509],[-73.87375,40.64626],[-73.87342,40.64659],[-73.87117,40.64381],[-73.87008,40.64303],[-73.86808,40.63999],[-73.86661,40.64005]]]},"properties":{"dbn":"19K346","schooldist":"19.0","label":"346"}},
{"type":"Feature","geometry":{"type":"Polygon","coordinates":[[[-73.89759,40.63719],[-73.89773,40.63787],[-73.89884,40.63877],[-73.89528,40.64111],[-73.8968,40.64294],[-73.89352,40.64508],[-73.89284,40.64587],[-73.89468,40.64753],[-73.90306,40.64212],[-73.90122,40.64046],[-73.90778,40.63622],[-73.90415,40.63295],[-73.90489,40.63247],[-73.90307,40.63084],[-73.90485,40.62971],[-73.90696,40.62695],[-73.90195,40.62451],[-73.89977,40.62731],[-73.89277,40.63181],[-73.8897,40.6338],[-73.89156,40.63548],[-73.89394,40.63451],[-73.89533,40.63553],[-73.89703,40.6371],[-73.89759,40.63719]]]},"properties":{"dbn":"18K115","schooldist":"18.0","label":"115"}},
{"type":"Feature","geometry":{"type":"Polygon","coordinates":[[[-73.95639,40.67505],[-73.95607,40.67593],[-73.95336,40.67539],[-73.94951,40.67528],[-73.94964,40.67674],[-73.94922,40.67834],[-73.94968,40.67846],[-73.95206,40.67859],[-73.95463,40.67906],[-73.96135,40.68046],[-73.96286,40.67641],[-73.96252,40.67601],[-73.95714,40.67485],[-73.95639,40.67505]]]},"properties":{"dbn":"17K705","schooldist":"17.0","label":"705"}},
{"type":"Feature","geometry":{"type":"Polygon","coordinates":[[[-73.89199,40.65068],[-73.89402,40.64914],[-73.89478,40.65003],[-73.89593,40.64929],[-73.89719,40.65056],[-73.89798,40.65049],[-73.89808,40.65157],[-73.899,40.65137],[-73.8994,40.6524],[-73.90112,40.65386],[-73.89941,40.65568],[-73.8986,40.65583],[-73.89904,40.65737],[-73.90029,40.65721],[-73.90318,40.65531],[-73.90692,40.65474],[-73.90534,40.64856],[-73.91112,40.64485],[-73.91375,40.64378],[-73.91816,40.64108],[-73.91251,40.63601],[-73.90962,40.63787],[-73.90778,40.63622],[-73.90122,40.64046],[-73.90306,40.64212],[-73.89468,40.64753],[-73.89284,40.64587],[-73.89228,40.64574],[-73.89059,40.64682],[-73.89178,40.64822],[-73.88964,40.6481],[-73.89125,40.65003],[-73.89199,40.65068]]]},"properties":{"dbn":"18K114","schooldist":"18.0","label":"114"}},
{"type":"Feature","geometry":{"type":"Polygon","coordinates":[[[-73.95362,40.66139],[-73.95422,40.66167],[-73.95667,40.66149],[-73.95696,40.66118],[-73.95601,40.65231],[-73.95591,40.65137],[-73.95256,40.65155],[-73.95266,40.65249],[-73.95235,40.65299],[-73.95282,40.65398],[-73.95253,40.65448],[-73.95276,40.65888],[-73.95338,40.65923],[-73.95362,40.66139]]]},"properties":{"dbn":"17K092","schooldist":"17.0","label":"92"}},
{"type":"Feature","geometry":{"type":"Polygon","coordinates":[[[-73.94889,40.64443],[-73.94876,40.64325],[-73.94396,40.64354],[-73.93923,40.64384],[-73.93933,40.64481],[-73.94261,40.64466],[-73.94271,40.64715],[-73.94305,40.64931],[-73.9417,40.64939],[-73.94189,40.65117],[-73.9438,40.65111],[-73.944,40.65297],[-73.94687,40.6528],[-73.94737,40.65227],[-73.9493,40.65216],[-73.94977,40.65264],[-73.95266,40.65249],[-73.95256,40.65155],[-73.95591,40.65137],[-73.95583,40.65053],[-73.94957,40.65081],[-73.94889,40.64443]]]},"properties":{"dbn":"17K181","schooldist":"17.0","label":"181"}},
{"type":"Feature","geometry":{"type":"Polygon","coordinates":[[[-73.94415,40.67816],[-73.94968,40.67846],[-73.94922,40.67834],[-73.94964,40.67674],[-73.94951,40.67528],[-73.95336,40.67539],[-73.95607,40.67593],[-73.95639,40.67505],[-73.9567,40.67417],[-73.954,40.67363],[-73.95527,40.67012],[-73.95534,40.66992],[-73.95501,40.66949],[-73.94801,40.66915],[-73.94773,40.66971],[-73.94496,40.66956],[-73.94463,40.67312],[-73.9474,40.67327],[-73.94715,40.67594],[-73.94438,40.67579],[-73.94415,40.67816]]]},"properties":{"dbn":"17K138","schooldist":"17.0","label":"138"}},
{"type":"Feature","geometry":{"type":"Polygon","coordinates":[[[-73.96436,40.65101],[-73.96524,40.65174],[-73.96621,40.65319],[-73.97136,40.65117],[-73.97222,40.65105],[-73.97191,40.65005],[-73.9714,40.64826],[-73.97084,40.64638],[-73.97077,40.64611],[-73.96733,40.6465],[-73.96262,40.64701],[-73.96307,40.64944],[-73.96344,40.65136],[-73.96436,40.65101]]]},"properties":{"dbn":"17K249","schooldist":"17.0","label":"249"}},
{"type":"Feature","geometry":{"type":"Polygon","coordinates":[[[-73.96243,40.66313],[-73.96111,40.66406],[-73.95729,40.6643],[-73.95534,40.66992],[-73.95527,40.67012],[-73.96258,40.67164],[-73.9675,40.67285],[-73.9692,40.6728],[-73.96898,40.67239],[-73.96243,40.66313]]]},"properties":{"dbn":"17K241","schooldist":"17.0","label":"241"}},
{"type":"Feature","geometry":{"type":"Polygon","coordinates":[[[-73.95696,40.66118],[-73.95729,40.6643],[-73.96111,40.66406],[-73.96243,40.66313],[-73.96281,40.66271],[-73.96297,40.66249],[-73.96303,40.66238],[-73.96308,40.66213],[-73.9626,40.6583],[-73.9619,40.65487],[-73.96621,40.65319],[-73.96524,40.65174],[-73.96436,40.65101],[-73.96344,40.65136],[-73.96307,40.64944],[-73.96101,40.65008],[-73.95871,40.65039],[-73.95915,40.65214],[-73.95601,40.65231],[-73.95696,40.66118]]]},"properties":{"dbn":"17K375","schooldist":"17.0","label":"375"}},
{"type":"Feature","geometry":{"type":"Polygon","coordinates":[[[-73.94889,40.64443],[-73.95467,40.6442],[-73.95565,40.64663],[-73.95583,40.65053],[-73.95591,40.65137],[-73.95601,40.65231],[-73.95915,40.65214],[-73.95871,40.65039],[-73.95826,40.64853],[-73.95811,40.64652],[-73.95804,40.6453],[-73.95802,40.64507],[-73.95798,40.64458],[-73.95792,40.64414],[-73.95764,40.64269],[-73.94876,40.64325],[-73.94889,40.64443]]]},"properties":{"dbn":"17K006","schooldist":"17.0","label":"6"}},
{"type":"Feature","geometry":{"type":"Polygon","coordinates":[[[-73.95639,40.67505],[-73.95714,40.67485],[-73.96252,40.67601],[-73.96286,40.67641],[-73.96328,40.67527],[-73.96258,40.67164],[-73.95527,40.67012],[-73.954,40.67363],[-73.9567,40.67417],[-73.95639,40.67505]]]},"properties":{"dbn":"17K316","schooldist":"17.0","label":"316"}},
{"type":"Feature","geometry":{"type":"Polygon","coordinates":[[[-73.96442,40.68112],[-73.96479,40.68035],[-73.97083,40.68162],[-73.97112,40.68085],[-73.97583,40.68184],[-73.97078,40.67485],[-73.9692,40.6728],[-73.9675,40.67285],[-73.96258,40.67164],[-73.96328,40.67527],[-73.96286,40.67641],[-73.96135,40.68046],[-73.96442,40.68112]]]},"properties":{"dbn":"13K009","schooldist":"13.0","label":"9"}},
{"type":"Feature","geometry":{"type":"Polygon","coordinates":[[[-73.95642,40.71062],[-73.95898,40.71165],[-73.9592,40.71255],[-73.96021,40.7129],[-73.9598,40.71389],[-73.95881,40.71482],[-73.96191,40.71593],[-73.96648,40.71845],[-73.96883,40.71322],[-73.96849,40.71309],[-73.96947,40.71096],[-73.96313,40.7102],[-73.95925,40.7089],[-73.95839,40.71025],[-73.95642,40.71062]]]},"properties":{"dbn":"14K084","schooldist":"14.0","label":"84"}},
{"type":"Feature","geometry":{"type":"Polygon","coordinates":[[[-73.95124,40.71169],[-73.95162,40.71165],[-73.95452,40.71273],[-73.95539,40.71142],[-73.95642,40.71062],[-73.95839,40.71025],[-73.95925,40.7089],[-73.95728,40.70821],[-73.95402,40.70708],[-73.95322,40.70835],[-73.95053,40.70739],[-73.95076,40.7088],[-73.95112,40.71096],[-73.95124,40.71169]]]},"properties":{"dbn":"14K319,14K414","schooldist":"14.0","label":"319 (K-1), 414 (K-5)"}},
{"type":"Feature","geometry":{"type":"Polygon","coordinates":[[[-73.94355,40.70948],[-73.94391,40.71164],[-73.95112,40.71096],[-73.95076,40.7088],[-73.94355,40.70948]]]},"properties":{"dbn":"14K018","schooldist":"14.0","label":"18"}},
{"type":"Feature","geometry":{"type":"Polygon","coordinates":[[[-73.92404,40.71401],[-73.92433,40.71557],[-73.92271,40.71648],[-73.9348,40.71337],[-73.93496,40.71372],[-73.94171,40.71401],[-73.94069,40.71196],[-73.94391,40.71164],[-73.94355,40.70948],[-73.94309,40.7066],[-73.9414,40.70676],[-73.93392,40.70749],[-73.92903,40.70828],[-73.92741,40.70854],[-73.92707,40.70859],[-73.92696,40.70861],[-73.92189,40.7094],[-73.92075,40.71053],[-73.92122,40.71079],[-73.92123,40.71225],[-73.92404,40.71401]]]},"properties":{"dbn":"14K196","schooldist":"14.0","label":"196"}},
{"type":"Feature","geometry":{"type":"Polygon","coordinates":[[[-73.96168,40.72488],[-73.96305,40.72202],[-73.96411,40.72077],[-73.96517,40.72033],[-73.96513,40.71925],[-73.96648,40.71845],[-73.96191,40.71593],[-73.95881,40.71482],[-73.9598,40.71389],[-73.96021,40.7129],[-73.9592,40.71255],[-73.95898,40.71165],[-73.95642,40.71062],[-73.95539,40.71142],[-73.95452,40.71273],[-73.95162,40.71165],[-73.95124,40.71169],[-73.95136,40.7124],[-73.94913,40.71261],[-73.94979,40.71669],[-73.94675,40.71861],[-73.95229,40.71809],[-73.95248,40.71922],[-73.96168,40.72488]]]},"properties":{"dbn":"14K017","schooldist":"14.0","label":"17"}},
{"type":"Feature","geometry":{"type":"Polygon","coordinates":[[[-73.92271,40.71648],[-73.92428,40.71854],[-73.92418,40.72002],[-73.9347,40.71721],[-73.93529,40.71852],[-73.93695,40.7181],[-73.9379,40.71919],[-73.94049,40.71868],[-73.94059,40.71921],[-73.94343,40.71893],[-73.94675,40.71861],[-73.94979,40.71669],[-73.94913,40.71261],[-73.95136,40.7124],[-73.95124,40.71169],[-73.95112,40.71096],[-73.94391,40.71164],[-73.94069,40.71196],[-73.94171,40.71401],[-73.93496,40.71372],[-73.9348,40.71337],[-73.92271,40.71648]]]},"properties":{"dbn":"14K132","schooldist":"14.0","label":"132"}},
{"type":"Feature","geometry":{"type":"Polygon","coordinates":[[[-73.98429,40.67159],[-73.97483,40.66702],[-73.97182,40.67063],[-73.97041,40.67265],[-73.97101,40.67275],[-73.97796,40.67544],[-73.97839,40.6748],[-73.98089,40.67578],[-73.98429,40.67159]]]},"properties":{"dbn":"15K321","schooldist":"15.0","label":"321"}},
{"type":"Feature","geometry":{"type":"Polygon","coordinates":[[[-73.9428,40.73265],[-73.94037,40.73327],[-73.94216,40.73568],[-73.94681,40.73745],[-73.95267,40.73926],[-73.95509,40.7394],[-73.95706,40.73917],[-73.95946,40.73812],[-73.95949,40.73809],[-73.95928,40.73748],[-73.96145,40.73538],[-73.96231,40.73406],[-73.96229,40.73291],[-73.96142,40.73081],[-73.96122,40.72953],[-73.95148,40.73046],[-73.9479,40.73088],[-73.9428,40.73265]]]},"properties":{"dbn":"14K031","schooldist":"14.0","label":"31"}},
{"type":"Feature","geometry":{"type":"Polygon","coordinates":[[[-73.95148,40.73046],[-73.96122,40.72953],[-73.96113,40.72894],[-73.96163,40.72581],[-73.96027,40.72591],[-73.96012,40.72529],[-73.95841,40.72541],[-73.95836,40.7244],[-73.96047,40.72512],[-73.96168,40.72488],[-73.95248,40.71922],[-73.95229,40.71809],[-73.94675,40.71861],[-73.94343,40.71893],[-73.94462,40.7205],[-73.94709,40.72278],[-73.95148,40.73046]]]},"properties":{"dbn":"14K034","schooldist":"14.0","label":"34"}},
{"type":"Feature","geometry":{"type":"Polygon","coordinates":[[[-73.94343,40.71893],[-73.94059,40.71921],[-73.94049,40.71868],[-73.9379,40.71919],[-73.93695,40.7181],[-73.93529,40.71852],[-73.9347,40.71721],[-73.92418,40.72002],[-73.92534,40.72164],[-73.9278,40.72649],[-73.92913,40.72776],[-73.93182,40.72848],[-73.93443,40.72882],[-73.93752,40.72982],[-73.93966,40.73149],[-73.94037,40.73327],[-73.9428,40.73265],[-73.9479,40.73088],[-73.95148,40.73046],[-73.94709,40.72278],[-73.94462,40.7205],[-73.94343,40.71893]]]},"properties":{"dbn":"14K110","schooldist":"14.0","label":"110"}},
{"type":"Feature","geometry":{"type":"Polygon","coordinates":[[[-73.9746,40.58284],[-73.97789,40.58265],[-73.98392,40.5834],[-73.98395,40.58291],[-73.98581,40.58124],[-73.98534,40.57903],[-73.9846,40.57857],[-73.98432,40.57707],[-73.98477,40.57663],[-73.98902,40.57616],[-73.98866,40.5743],[-73.98969,40.574],[-73.99072,40.57371],[-73.99041,40.57174],[-73.98957,40.5705],[-73.98156,40.57125],[-73.97961,40.57124],[-73.97692,40.57153],[-73.97656,40.57594],[-73.97467,40.57655],[-73.97445,40.57882],[-73.97465,40.57997],[-73.97458,40.58052],[-73.9746,40.58284]]]},"properties":{"dbn":"21K090","schooldist":"21.0","label":"90"}},
{"type":"Feature","geometry":{"type":"Polygon","coordinates":[[[-73.98042,40.5923],[-73.98219,40.59212],[-73.9832,40.59248],[-73.9844,40.59235],[-73.98464,40.59355],[-73.98071,40.594],[-73.98527,40.59674],[-73.98646,40.59748],[-73.99182,40.59231],[-73.99347,40.59127],[-73.99256,40.58992],[-73.9942,40.58886],[-73.99408,40.58871],[-73.99964,40.58609],[-73.9984,40.58547],[-74.00045,40.58413],[-74.00039,40.58314],[-73.99593,40.58209],[-73.99534,40.58224],[-73.99031,40.58458],[-73.99036,40.58415],[-73.99207,40.5815],[-73.99188,40.58104],[-73.99023,40.58074],[-73.98806,40.57959],[-73.98712,40.58095],[-73.98476,40.58259],[-73.98392,40.5834],[-73.97789,40.58265],[-73.9746,40.58284],[-73.97422,40.59011],[-73.97876,40.5896],[-73.97916,40.59157],[-73.98042,40.5923]]]},"properties":{"dbn":"21K212","schooldist":"21.0","label":"212"}},
{"type":"Feature","geometry":{"type":"Polygon","coordinates":[[[-73.97403,40.68427],[-73.97444,40.68631],[-73.9775,40.68754],[-73.98093,40.6889],[-73.98296,40.6897],[-73.98735,40.69146],[-73.98789,40.69047],[-73.98917,40.68862],[-73.987,40.68777],[-73.9883,40.68547],[-73.98666,40.68483],[-73.98656,40.68439],[-73.98743,40.68313],[-73.98786,40.68249],[-73.98371,40.68088],[-73.98326,40.68152],[-73.9829,40.68207],[-73.98242,40.68278],[-73.98004,40.68185],[-73.97962,40.68249],[-73.97702,40.68149],[-73.97595,40.68347],[-73.97376,40.68303],[-73.97403,40.68427]]]},"properties":{"dbn":"15K038","schooldist":"15.0","label":"38"}},
{"type":"Feature","geometry":{"type":"Polygon","coordinates":[[[-73.9942,40.58886],[-73.99256,40.58992],[-73.99347,40.59127],[-73.99182,40.59231],[-73.98646,40.59748],[-73.98939,40.59925],[-73.98877,40.59986],[-73.99097,40.60118],[-73.9932,40.60253],[-73.99381,40.60195],[-73.99305,40.60148],[-73.99832,40.59648],[-73.99832,40.59564],[-74,40.59597],[-74.00207,40.5941],[-74.00109,40.5925],[-73.99955,40.5929],[-73.99915,40.59244],[-74.00022,40.59145],[-73.99914,40.59115],[-73.99758,40.59191],[-73.9973,40.59122],[-73.99866,40.59054],[-73.99867,40.5892],[-73.99793,40.58798],[-73.99538,40.58937],[-73.9942,40.58886]]]},"properties":{"dbn":"21K101","schooldist":"21.0","label":"101"}},
{"type":"Feature","geometry":{"type":"Polygon","coordinates":[[[-73.96506,40.59571],[-73.9683,40.59536],[-73.9687,40.59748],[-73.97148,40.59717],[-73.97191,40.59942],[-73.97892,40.59861],[-73.98549,40.59793],[-73.98527,40.59674],[-73.98071,40.594],[-73.98042,40.5923],[-73.97916,40.59157],[-73.97876,40.5896],[-73.97422,40.59011],[-73.97389,40.5923],[-73.96785,40.59297],[-73.96818,40.59474],[-73.96483,40.59443],[-73.96506,40.59571]]]},"properties":{"dbn":"21K095","schooldist":"21.0","label":"95"}},
{"type":"Feature","geometry":{"type":"Polygon","coordinates":[[[-73.99825,40.60461],[-74.00046,40.60593],[-74.00385,40.60267],[-74.00514,40.60143],[-74.00592,40.60184],[-74.00851,40.59931],[-74.00526,40.59739],[-74.003,40.59551],[-74.00207,40.5941],[-74,40.59597],[-73.99832,40.59564],[-73.99832,40.59648],[-73.99305,40.60148],[-73.99381,40.60195],[-73.99825,40.60461]]]},"properties":{"dbn":"20K200","schooldist":"20.0","label":"200"}},
{"type":"Feature","geometry":{"type":"Polygon","coordinates":[[[-73.93101,40.59269],[-73.93737,40.592],[-73.93819,40.59623],[-73.94102,40.59592],[-73.94061,40.59381],[-73.94537,40.59328],[-73.94497,40.59116],[-73.94686,40.59095],[-73.94646,40.58883],[-73.94735,40.58851],[-73.94696,40.58648],[-73.94679,40.58559],[-73.94669,40.58507],[-73.94642,40.58357],[-73.94143,40.58332],[-73.9372,40.58337],[-73.93096,40.58286],[-73.92953,40.58345],[-73.92784,40.58357],[-73.92517,40.5832],[-73.92326,40.58311],[-73.93079,40.58986],[-73.93101,40.59269]]]},"properties":{"dbn":"22K052","schooldist":"22.0","label":"52"}},
{"type":"Feature","geometry":{"type":"Polygon","coordinates":[[[-73.94039,40.6029],[-73.94424,40.60247],[-73.94382,40.60022],[-73.95355,40.59915],[-73.95315,40.59703],[-73.95545,40.59677],[-73.956,40.59671],[-73.95565,40.59485],[-73.95656,40.59465],[-73.95608,40.5921],[-73.95515,40.59221],[-73.95135,40.59262],[-73.94912,40.59287],[-73.94872,40.59075],[-73.94686,40.59095],[-73.94497,40.59116],[-73.94537,40.59328],[-73.94061,40.59381],[-73.94102,40.59592],[-73.94148,40.5983],[-73.94011,40.59896],[-73.94074,40.60217],[-73.94039,40.6029]]]},"properties":{"dbn":"22K206","schooldist":"22.0","label":"206"}},
{"type":"Feature","geometry":{"type":"Polygon","coordinates":[[[-74.00395,40.63054],[-74.00681,40.63225],[-74.00835,40.6332],[-74.00854,40.63303],[-74.00869,40.63252],[-74.00774,40.63163],[-74.00733,40.63166],[-74.00692,40.63113],[-74.00875,40.62937],[-74.00934,40.62881],[-74.00862,40.62778],[-74.00714,40.62748],[-74.00646,40.62657],[-74.00493,40.62615],[-74.00372,40.62731],[-74.00593,40.62864],[-74.00395,40.63054]]]},"properties":{"dbn":"20K310","schooldist":"20.0","label":"310"}},
{"type":"Feature","geometry":{"type":"Polygon","coordinates":[[[-73.93973,40.60713],[-73.94051,40.60664],[-73.93921,40.60548],[-73.94084,40.60529],[-73.94114,40.60482],[-73.9409,40.60334],[-73.94039,40.6029],[-73.94074,40.60217],[-73.94011,40.59896],[-73.94148,40.5983],[-73.94102,40.59592],[-73.93819,40.59623],[-73.93737,40.592],[-73.93101,40.59269],[-73.93215,40.59551],[-73.93293,40.59982],[-73.93173,40.60106],[-73.93355,40.60269],[-73.93426,40.60223],[-73.93973,40.60713]]]},"properties":{"dbn":"22K194","schooldist":"22.0","label":"194"}},
{"type":"Feature","geometry":{"type":"Polygon","coordinates":[[[-73.91241,40.5815],[-73.9276,40.59506],[-73.92605,40.59598],[-73.93173,40.60106],[-73.93293,40.59982],[-73.93215,40.59551],[-73.93101,40.59269],[-73.93079,40.58986],[-73.92326,40.58311],[-73.91741,40.58196],[-73.91503,40.5814],[-73.91368,40.58185],[-73.91241,40.5815]]]},"properties":{"dbn":"22K277","schooldist":"22.0","label":"277"}},
{"type":"Feature","geometry":{"type":"Polygon","coordinates":[[[-73.91965,40.6149],[-73.9235,40.61466],[-73.92372,40.61679],[-73.92663,40.61661],[-73.92688,40.61895],[-73.93246,40.6186],[-73.93173,40.61793],[-73.93606,40.61512],[-73.93424,40.6135],[-73.93498,40.61301],[-73.93316,40.61138],[-73.93973,40.60713],[-73.93426,40.60223],[-73.93355,40.60269],[-73.93173,40.60106],[-73.92605,40.59598],[-73.9276,40.59506],[-73.91241,40.5815],[-73.91094,40.58145],[-73.91074,40.58243],[-73.91202,40.58384],[-73.91258,40.58563],[-73.91169,40.58613],[-73.91067,40.58565],[-73.90809,40.58658],[-73.90683,40.58683],[-73.9036,40.58668],[-73.90211,40.58731],[-73.90128,40.58801],[-73.89933,40.58793],[-73.89825,40.58652],[-73.89812,40.58519],[-73.8963,40.583],[-73.89627,40.58164],[-73.89756,40.58063],[-73.89803,40.57983],[-73.89661,40.57851],[-73.89542,40.5767],[-73.8938,40.57703],[-73.89248,40.57763],[-73.88964,40.5777],[-73.88878,40.57803],[-73.88578,40.57833],[-73.88178,40.57916],[-73.88188,40.57953],[-73.8793,40.58036],[-73.87652,40.58474],[-73.87859,40.58736],[-73.87931,40.59071],[-73.88007,40.5926],[-73.88063,40.59461],[-73.88066,40.59663],[-73.88164,40.59975],[-73.88322,40.6031],[-73.88266,40.60426],[-73.88394,40.60555],[-73.8848,40.60523],[-73.88701,40.60547],[-73.88858,40.60503],[-73.89213,40.60348],[-73.89544,40.60341],[-73.89865,40.60377],[-73.89856,40.60428],[-73.91142,40.60269],[-73.91393,40.60328],[-73.91768,40.60696],[-73.91638,40.61061],[-73.91552,40.6112],[-73.91965,40.6149]]]},"properties":{"dbn":"22K207","schooldist":"22.0","label":"207"}},
{"type":"Feature","geometry":{"type":"Polygon","coordinates":[[[-73.96637,40.60247],[-73.96727,40.60726],[-73.97049,40.6069],[-73.97259,40.60667],[-73.97218,40.60419],[-73.97625,40.60454],[-73.98017,40.60518],[-73.97892,40.59861],[-73.97191,40.59942],[-73.97148,40.59717],[-73.9687,40.59748],[-73.9683,40.59536],[-73.96506,40.59571],[-73.96637,40.60247]]]},"properties":{"dbn":"21K215","schooldist":"21.0","label":"215"}},
{"type":"Feature","geometry":{"type":"Polygon","coordinates":[[[-73.95548,40.59894],[-73.95591,40.60119],[-73.95835,40.60129],[-73.95902,40.60519],[-73.95958,40.6056],[-73.96005,40.60589],[-73.9604,40.6075],[-73.9601,40.60777],[-73.96003,40.60803],[-73.96189,40.60734],[-73.96155,40.60301],[-73.96637,40.60247],[-73.96506,40.59571],[-73.96483,40.59443],[-73.9623,40.59422],[-73.95947,40.59457],[-73.95883,40.59405],[-73.95656,40.59465],[-73.95565,40.59485],[-73.956,40.59671],[-73.9564,40.59883],[-73.95548,40.59894]]]},"properties":{"dbn":"21K153","schooldist":"21.0","label":"153"}},
{"type":"Feature","geometry":{"type":"Polygon","coordinates":[[[-73.98036,40.64769],[-73.98835,40.64456],[-73.98906,40.64412],[-73.99181,40.64578],[-73.9929,40.64462],[-73.9905,40.64316],[-73.99193,40.6422],[-73.98746,40.6395],[-73.98629,40.64062],[-73.98409,40.6393],[-73.98292,40.64042],[-73.97968,40.63846],[-73.98001,40.64021],[-73.97923,40.64057],[-73.97944,40.6428],[-73.97825,40.64285],[-73.97833,40.64327],[-73.97912,40.64743],[-73.98036,40.64769]]]},"properties":{"dbn":"15K230","schooldist":"15.0","label":"230"}},
{"type":"Feature","geometry":{"type":"Polygon","coordinates":[[[-73.97073,40.64423],[-73.97116,40.64509],[-73.97116,40.64613],[-73.97084,40.64638],[-73.97191,40.65005],[-73.97222,40.65105],[-73.97355,40.65564],[-73.97642,40.65453],[-73.97657,40.65531],[-73.97914,40.65438],[-73.98122,40.65583],[-73.9818,40.65525],[-73.98145,40.65342],[-73.9813,40.65264],[-73.98111,40.65159],[-73.98036,40.64769],[-73.97912,40.64743],[-73.97833,40.64327],[-73.97825,40.64285],[-73.97732,40.64295],[-73.97072,40.64368],[-73.97009,40.64375],[-73.9706,40.64381],[-73.97073,40.64423]]]},"properties":{"dbn":"15K130","schooldist":"15.0","label":"130"}},
{"type":"Feature","geometry":{"type":"Polygon","coordinates":[[[-73.98006,40.66079],[-73.98115,40.66029],[-73.98256,40.66097],[-73.98324,40.66094],[-73.98448,40.6596],[-73.98228,40.65827],[-73.98402,40.65659],[-73.9818,40.65525],[-73.98122,40.65583],[-73.97914,40.65438],[-73.97657,40.65531],[-73.97642,40.65453],[-73.97355,40.65564],[-73.97404,40.65735],[-73.97412,40.65769],[-73.97448,40.65834],[-73.97958,40.66085],[-73.98006,40.66079]]]},"properties":{"dbn":"15K154","schooldist":"15.0","label":"154"}},
{"type":"Feature","geometry":{"type":"Polygon","coordinates":[[[-73.97583,40.66582],[-73.97821,40.66696],[-73.97922,40.66575],[-73.98158,40.66689],[-73.98258,40.66569],[-73.98459,40.66328],[-73.98303,40.66291],[-73.98223,40.66214],[-73.98074,40.66184],[-73.98017,40.66116],[-73.97965,40.66124],[-73.97583,40.66582]]]},"properties":{"dbn":"15K107","schooldist":"15.0","label":"107"}},
{"type":"Feature","geometry":{"type":"Polygon","coordinates":[[[-73.97483,40.66702],[-73.98429,40.67159],[-73.98671,40.67277],[-73.98721,40.67216],[-73.98871,40.67036],[-73.9863,40.66917],[-73.9878,40.66737],[-73.98545,40.66623],[-73.98494,40.66683],[-73.98258,40.66569],[-73.98158,40.66689],[-73.97922,40.66575],[-73.97821,40.66696],[-73.97583,40.66582],[-73.97483,40.66702]]]},"properties":{"dbn":"15K039","schooldist":"15.0","label":"39"}},
{"type":"Feature","geometry":{"type":"Polygon","coordinates":[[[-73.9717,40.61328],[-73.97371,40.61257],[-73.97348,40.61137],[-73.97458,40.61161],[-73.97579,40.61233],[-73.97701,40.61117],[-73.98071,40.6134],[-73.98018,40.61063],[-73.98211,40.61042],[-73.98187,40.60918],[-73.98162,40.60787],[-73.98348,40.60766],[-73.98307,40.6055],[-73.98017,40.60518],[-73.97625,40.60454],[-73.97218,40.60419],[-73.97259,40.60667],[-73.97049,40.6069],[-73.97009,40.60733],[-73.97099,40.61204],[-73.9717,40.61328]]]},"properties":{"dbn":"21K177","schooldist":"21.0","label":"177"}},
{"type":"Feature","geometry":{"type":"Polygon","coordinates":[[[-73.97273,40.62367],[-73.97086,40.62624],[-73.97121,40.62809],[-73.97442,40.62764],[-73.97527,40.62713],[-73.97623,40.62598],[-73.97726,40.62585],[-73.97923,40.62634],[-73.97982,40.62577],[-73.9811,40.62654],[-73.98206,40.62658],[-73.98206,40.62701],[-73.98213,40.62717],[-73.98326,40.62603],[-73.98496,40.62432],[-73.98043,40.62176],[-73.98407,40.61824],[-73.98187,40.61691],[-73.98245,40.61635],[-73.98022,40.615],[-73.97752,40.61768],[-73.9753,40.62091],[-73.97273,40.62367]]]},"properties":{"dbn":"21K121","schooldist":"21.0","label":"121"}},
{"type":"Feature","geometry":{"type":"Polygon","coordinates":[[[-73.96911,40.617],[-73.97141,40.61676],[-73.97197,40.61971],[-73.96978,40.62052],[-73.97013,40.62238],[-73.97252,40.62256],[-73.97273,40.62367],[-73.9753,40.62091],[-73.97752,40.61768],[-73.98022,40.615],[-73.98144,40.61384],[-73.98071,40.6134],[-73.97701,40.61117],[-73.97579,40.61233],[-73.97458,40.61161],[-73.97348,40.61137],[-73.97371,40.61257],[-73.9717,40.61328],[-73.96861,40.61436],[-73.96866,40.61462],[-73.96911,40.617]]]},"properties":{"dbn":"21K226","schooldist":"21.0","label":"226"}},
{"type":"Feature","geometry":{"type":"Polygon","coordinates":[[[-73.97938,40.63693],[-73.98667,40.62992],[-73.98605,40.62999],[-73.98353,40.62847],[-73.98289,40.62774],[-73.98203,40.62756],[-73.98213,40.62717],[-73.98206,40.62701],[-73.98206,40.62658],[-73.9811,40.62654],[-73.97982,40.62577],[-73.97923,40.62634],[-73.97726,40.62585],[-73.97623,40.62598],[-73.97527,40.62713],[-73.97442,40.62764],[-73.97483,40.62841],[-73.97403,40.62881],[-73.97605,40.63128],[-73.97664,40.63141],[-73.97689,40.63271],[-73.97762,40.63315],[-73.97802,40.63555],[-73.97908,40.63543],[-73.97938,40.63693]]]},"properties":{"dbn":"20K192","schooldist":"20.0","label":"192"}},
{"type":"Feature","geometry":{"type":"Polygon","coordinates":[[[-73.9692,40.6728],[-73.97078,40.67485],[-73.97583,40.68184],[-73.97702,40.68149],[-73.97962,40.68249],[-73.98004,40.68185],[-73.98242,40.68278],[-73.9829,40.68207],[-73.98326,40.68152],[-73.98371,40.68088],[-73.98586,40.67771],[-73.98089,40.67578],[-73.97839,40.6748],[-73.97796,40.67544],[-73.97101,40.67275],[-73.97041,40.67265],[-73.9692,40.6728]]]},"properties":{"dbn":"13K282","schooldist":"13.0","label":"282"}},
{"type":"Feature","geometry":{"type":"Polygon","coordinates":[[[-73.9619,40.6923],[-73.96221,40.69386],[-73.96688,40.69334],[-73.96881,40.69312],[-73.97499,40.69333],[-73.98251,40.69361],[-73.98176,40.69296],[-73.98179,40.69164],[-73.98327,40.68983],[-73.98093,40.6889],[-73.9775,40.68754],[-73.97444,40.68631],[-73.97337,40.68588],[-73.97124,40.68503],[-73.97017,40.6846],[-73.97047,40.68617],[-73.96653,40.68663],[-73.96682,40.68809],[-73.96284,40.68855],[-73.96332,40.69],[-73.96613,40.68967],[-73.96657,40.69176],[-73.9619,40.6923]]]},"properties":{"dbn":"13K020","schooldist":"13.0","label":"20"}},
{"type":"Feature","geometry":{"type":"Polygon","coordinates":[[[-73.97525,40.69615],[-73.97951,40.69633],[-73.98095,40.69618],[-73.98242,40.69548],[-73.98251,40.69361],[-73.97499,40.69333],[-73.97525,40.69615]]]},"properties":{"dbn":"13K067","schooldist":"13.0","label":"67"}},
{"type":"Feature","geometry":{"type":"Polygon","coordinates":[[[-73.97378,40.69796],[-73.98054,40.69825],[-73.98046,40.6997],[-73.98198,40.69975],[-73.9824,40.69834],[-73.98571,40.69845],[-73.98453,40.69604],[-73.98711,40.69613],[-73.98716,40.69496],[-73.99081,40.69503],[-73.99044,40.69383],[-73.99097,40.69255],[-73.98947,40.6923],[-73.98735,40.69146],[-73.9851,40.69056],[-73.98327,40.68983],[-73.98179,40.69164],[-73.98176,40.69296],[-73.98251,40.69361],[-73.98242,40.69548],[-73.98095,40.69618],[-73.97951,40.69633],[-73.97525,40.69615],[-73.97344,40.69608],[-73.97318,40.69655],[-73.97378,40.69796]]]},"properties":{"dbn":"13K287","schooldist":"13.0","label":"287"}},
{"type":"Feature","geometry":{"type":"Polygon","coordinates":[[[-73.99464,40.70433],[-73.99545,40.70327],[-73.99621,40.70337],[-73.99863,40.70101],[-73.99723,40.70014],[-73.99747,40.69965],[-73.99946,40.70037],[-74.00004,40.69947],[-73.99795,40.69874],[-73.99838,40.69807],[-74.00046,40.69877],[-74.00102,40.69791],[-73.99886,40.69713],[-74.00027,40.69497],[-74.00241,40.69569],[-74.00299,40.69478],[-74.00094,40.69404],[-74.00131,40.69332],[-74.00347,40.69405],[-74.00394,40.69319],[-74.00179,40.69218],[-74.00019,40.6919],[-73.99951,40.69165],[-73.99623,40.69076],[-73.99558,40.69211],[-73.99508,40.69315],[-73.99097,40.69255],[-73.99044,40.69383],[-73.99081,40.69503],[-73.98716,40.69496],[-73.98711,40.69613],[-73.98686,40.69922],[-73.98853,40.69933],[-73.98884,40.6998],[-73.99013,40.70074],[-73.99464,40.70433]]]},"properties":{"dbn":"13K008","schooldist":"13.0","label":"8"}},
{"type":"Feature","geometry":{"type":"Polygon","coordinates":[[[-73.9695,40.63926],[-73.97038,40.64343],[-73.97059,40.64358],[-73.97072,40.64368],[-73.97733,40.64295],[-73.97825,40.64285],[-73.97944,40.6428],[-73.97923,40.64057],[-73.98001,40.64021],[-73.97968,40.63846],[-73.97938,40.63693],[-73.97908,40.63543],[-73.97802,40.63555],[-73.97762,40.63315],[-73.97689,40.63271],[-73.97665,40.63141],[-73.97605,40.63128],[-73.97216,40.63311],[-73.97273,40.63613],[-73.97029,40.63641],[-73.97076,40.63879],[-73.9695,40.63926]]]},"properties":{"dbn":"20K179","schooldist":"20.0","label":"179"}},
{"type":"Feature","geometry":{"type":"Polygon","coordinates":[[[-73.95402,40.70708],[-73.95728,40.70821],[-73.96115,40.70139],[-73.9618,40.69998],[-73.9605,40.69918],[-73.95902,40.69941],[-73.95702,40.69897],[-73.95337,40.6994],[-73.95315,40.6983],[-73.94984,40.69858],[-73.94696,40.69864],[-73.94725,40.7001],[-73.94193,40.70073],[-73.94401,40.70196],[-73.95191,40.70636],[-73.95402,40.70708]]]},"properties":{"dbn":"14K380","schooldist":"14.0","label":"380"}},
{"type":"Feature","geometry":{"type":"Polygon","coordinates":[[[-73.91853,40.7017],[-73.916,40.70376],[-73.91481,40.70306],[-73.91361,40.70427],[-73.91403,40.70475],[-73.91625,40.70607],[-73.91808,40.70715],[-73.91922,40.70782],[-73.91996,40.70826],[-73.92189,40.7094],[-73.92696,40.70861],[-73.92594,40.70749],[-73.9256,40.70711],[-73.9259,40.70588],[-73.92608,40.70556],[-73.92534,40.70525],[-73.92615,40.70382],[-73.92689,40.70367],[-73.92313,40.70153],[-73.92163,40.70068],[-73.92163,40.70114],[-73.92007,40.70226],[-73.91972,40.70237],[-73.91929,40.7021],[-73.91853,40.7017]]]},"properties":{"dbn":"32K123","schooldist":"32.0","label":"123"}},
{"type":"Feature","geometry":{"type":"Polygon","coordinates":[[[-73.9618,40.69998],[-73.96115,40.70139],[-73.95728,40.70821],[-73.95925,40.7089],[-73.96313,40.7102],[-73.96947,40.71096],[-73.96991,40.70933],[-73.96985,40.70801],[-73.96927,40.70703],[-73.96929,40.70511],[-73.96747,40.70395],[-73.96762,40.70333],[-73.97022,40.70496],[-73.97026,40.70692],[-73.97231,40.70907],[-73.97279,40.70883],[-73.97101,40.7069],[-73.97123,40.70578],[-73.97425,40.70799],[-73.97461,40.70771],[-73.97254,40.70617],[-73.97338,40.70571],[-73.97108,40.70384],[-73.97147,40.70351],[-73.96893,40.7017],[-73.96926,40.70138],[-73.97269,40.7035],[-73.97286,40.70336],[-73.96947,40.70048],[-73.96983,40.70025],[-73.96973,40.6978],[-73.96773,40.69772],[-73.96577,40.69764],[-73.9624,40.69811],[-73.9618,40.69998]]]},"properties":{"dbn":"14K016","schooldist":"14.0","label":"16"}},
{"type":"Feature","geometry":{"type":"Polygon","coordinates":[[[-73.94193,40.70073],[-73.93698,40.70191],[-73.93901,40.70246],[-73.9386,40.70407],[-73.93931,40.70481],[-73.93985,40.70535],[-73.94116,40.70534],[-73.94081,40.70586],[-73.94129,40.70604],[-73.9414,40.70676],[-73.94309,40.7066],[-73.94249,40.70305],[-73.94422,40.70289],[-73.94401,40.70196],[-73.94193,40.70073]]]},"properties":{"dbn":"14K257","schooldist":"14.0","label":"257"}},
{"type":"Feature","geometry":{"type":"Polygon","coordinates":[[[-73.93901,40.70246],[-73.93281,40.70358],[-73.93392,40.70749],[-73.9414,40.70676],[-73.94129,40.70604],[-73.94081,40.70586],[-73.94116,40.70534],[-73.93985,40.70535],[-73.93931,40.70481],[-73.9386,40.70407],[-73.93901,40.70246]]]},"properties":{"dbn":"14K147","schooldist":"14.0","label":"147"}},
{"type":"Feature","geometry":{"type":"Polygon","coordinates":[[[-73.94309,40.7066],[-73.94355,40.70948],[-73.95076,40.7088],[-73.95053,40.70739],[-73.95322,40.70835],[-73.95402,40.70708],[-73.95191,40.70636],[-73.94401,40.70196],[-73.94422,40.70289],[-73.94249,40.70305],[-73.94309,40.7066]]]},"properties":{"dbn":"14K250","schooldist":"14.0","label":"250"}},
{"type":"Feature","geometry":{"type":"Polygon","coordinates":[[[-73.92534,40.70525],[-73.92608,40.70556],[-73.9259,40.70588],[-73.9256,40.70711],[-73.92696,40.70861],[-73.92707,40.70859],[-73.92741,40.70854],[-73.92903,40.70828],[-73.93392,40.70749],[-73.93281,40.70358],[-73.93901,40.70246],[-73.93698,40.70191],[-73.93626,40.70081],[-73.93601,40.70052],[-73.93607,40.70001],[-73.93414,40.69875],[-73.93372,40.6978],[-73.93401,40.69712],[-73.92782,40.69782],[-73.92602,40.69858],[-73.92313,40.70153],[-73.92689,40.70367],[-73.92615,40.70382],[-73.92534,40.70525]]]},"properties":{"dbn":"32K145","schooldist":"32.0","label":"145"}},
{"type":"Feature","geometry":{"type":"Polygon","coordinates":[[[-74.01865,40.64376],[-74.01691,40.64544],[-74.01491,40.64423],[-74.01432,40.64479],[-74.01616,40.64589],[-74.02446,40.65094],[-74.02553,40.65148],[-74.02554,40.64978],[-74.02415,40.64762],[-74.02569,40.64664],[-74.02939,40.6488],[-74.02974,40.64849],[-74.02603,40.64627],[-74.02459,40.64529],[-74.02217,40.64405],[-74.01983,40.64262],[-74.01865,40.64376]]]},"properties":{"dbn":"20K939,20K503","schooldist":"20.0","label":"939 (K-4), 503 (5)"}},
{"type":"Feature","geometry":{"type":"Polygon","coordinates":[[[-73.9124,40.83094],[-73.91328,40.83119],[-73.91408,40.83329],[-73.91586,40.83384],[-73.91503,40.83527],[-73.91647,40.83578],[-73.91839,40.83381],[-73.91986,40.83195],[-73.92118,40.82963],[-73.91863,40.82911],[-73.91811,40.83001],[-73.91641,40.82929],[-73.9157,40.83054],[-73.91312,40.8297],[-73.9124,40.83094]]]},"properties":{"dbn":"09X443,09X457","schooldist":"9.0","label":"443, 457"}},
{"type":"Feature","geometry":{"type":"Polygon","coordinates":[[[-73.88814,40.83986],[-73.8878,40.84106],[-73.88825,40.84174],[-73.88734,40.8427],[-73.88955,40.84377],[-73.89051,40.84266],[-73.89152,40.84323],[-73.8925,40.84229],[-73.89347,40.84286],[-73.8941,40.84219],[-73.88942,40.83942],[-73.88814,40.83986]]]},"properties":{"dbn":"12X044","schooldist":"12.0","label":"44"}},
{"type":"Feature","geometry":{"type":"Polygon","coordinates":[[[-73.91863,40.82911],[-73.92118,40.82963],[-73.92268,40.82685],[-73.91384,40.82419],[-73.91317,40.82546],[-73.91186,40.82781],[-73.91389,40.82846],[-73.91476,40.82756],[-73.9159,40.82759],[-73.91863,40.82911]]]},"properties":{"dbn":"09X035","schooldist":"9.0","label":"35"}},
{"type":"Feature","geometry":{"type":"Polygon","coordinates":[[[-73.91645,40.85191],[-73.91727,40.85131],[-73.91772,40.8511],[-73.91834,40.85144],[-73.92002,40.85087],[-73.92274,40.84753],[-73.92319,40.84758],[-73.92443,40.8452],[-73.92253,40.84504],[-73.92187,40.84594],[-73.91843,40.84831],[-73.91543,40.85048],[-73.91559,40.85059],[-73.91582,40.85082],[-73.91591,40.85095],[-73.91597,40.85109],[-73.91602,40.85123],[-73.91598,40.85131],[-73.91596,40.8514],[-73.91597,40.85158],[-73.91606,40.85174],[-73.91645,40.85191]]]},"properties":{"dbn":"09X109","schooldist":"9.0","label":"109"}},
{"type":"Feature","geometry":{"type":"Polygon","coordinates":[[[-73.92253,40.84504],[-73.92443,40.8452],[-73.92638,40.84608],[-73.92681,40.84628],[-73.92728,40.8465],[-73.92862,40.84468],[-73.92919,40.84282],[-73.93047,40.84024],[-73.92866,40.8398],[-73.92814,40.83877],[-73.92323,40.83816],[-73.92256,40.83927],[-73.92239,40.84043],[-73.92146,40.84029],[-73.92282,40.84275],[-73.92296,40.84398],[-73.92253,40.84504]]]},"properties":{"dbn":"09X011","schooldist":"9.0","label":"11"}},
{"type":"Feature","geometry":{"type":"Polygon","coordinates":[[[-73.89845,40.83472],[-73.90121,40.83541],[-73.90012,40.83756],[-73.90117,40.8382],[-73.90197,40.83717],[-73.90334,40.83764],[-73.90591,40.83306],[-73.90505,40.83271],[-73.90584,40.83106],[-73.90451,40.83062],[-73.90344,40.83222],[-73.90186,40.83172],[-73.90018,40.83419],[-73.899,40.83389],[-73.89845,40.83472]]]},"properties":{"dbn":"09X110","schooldist":"9.0","label":"110"}},
{"type":"Feature","geometry":{"type":"Polygon","coordinates":[[[-73.84999,40.84285],[-73.85027,40.8446],[-73.85788,40.8543],[-73.85866,40.85585],[-73.85938,40.85527],[-73.8603,40.8572],[-73.86096,40.85718],[-73.86099,40.85648],[-73.8601,40.85467],[-73.862,40.85439],[-73.86212,40.85081],[-73.86304,40.85061],[-73.86519,40.85016],[-73.86392,40.84968],[-73.86337,40.84816],[-73.86424,40.84798],[-73.86345,40.84578],[-73.86612,40.84522],[-73.86559,40.84377],[-73.86643,40.84346],[-73.87009,40.84118],[-73.87121,40.83967],[-73.87021,40.83962],[-73.86921,40.8396],[-73.86782,40.84017],[-73.86358,40.84128],[-73.85334,40.84247],[-73.85231,40.84259],[-73.84999,40.84285]]]},"properties":{"dbn":"11X083","schooldist":"11.0","label":"83"}},
{"type":"Feature","geometry":{"type":"Polygon","coordinates":[[[-73.86051,40.87549],[-73.86213,40.87601],[-73.86256,40.87526],[-73.86318,40.87218],[-73.86518,40.87233],[-73.86521,40.87141],[-73.86716,40.87144],[-73.86722,40.86969],[-73.86736,40.86543],[-73.86258,40.86553],[-73.8625,40.8678],[-73.85955,40.86774],[-73.85745,40.86953],[-73.85555,40.87181],[-73.85364,40.8733],[-73.86051,40.87549]]]},"properties":{"dbn":"11X076","schooldist":"11.0","label":"76"}},
{"type":"Feature","geometry":{"type":"Polygon","coordinates":[[[-73.87218,40.86971],[-73.86722,40.86969],[-73.86716,40.87144],[-73.86521,40.87141],[-73.86518,40.87233],[-73.86318,40.87218],[-73.86256,40.87526],[-73.86213,40.87601],[-73.86051,40.87549],[-73.85975,40.87686],[-73.85823,40.87964],[-73.8611,40.88055],[-73.86392,40.88142],[-73.86399,40.88144],[-73.86432,40.88151],[-73.86489,40.88173],[-73.86535,40.88178],[-73.86705,40.88226],[-73.86846,40.88256],[-73.86943,40.87999],[-73.87015,40.87831],[-73.871,40.87585],[-73.8719,40.87224],[-73.87227,40.86971],[-73.87218,40.86971]]]},"properties":{"dbn":"11X041","schooldist":"11.0","label":"41"}},
{"type":"Feature","geometry":{"type":"Polygon","coordinates":[[[-73.86024,40.89884],[-73.86155,40.89719],[-73.86288,40.89515],[-73.8618,40.89482],[-73.86438,40.89215],[-73.86777,40.88438],[-73.86846,40.88256],[-73.86705,40.88226],[-73.86535,40.88178],[-73.86489,40.88173],[-73.86432,40.88151],[-73.86399,40.88144],[-73.86356,40.88223],[-73.8628,40.88357],[-73.86125,40.8864],[-73.86045,40.8878],[-73.85525,40.89725],[-73.85704,40.89794],[-73.85948,40.89888],[-73.86024,40.89884]]]},"properties":{"dbn":"11X103","schooldist":"11.0","label":"103"}},
{"type":"Feature","geometry":{"type":"Polygon","coordinates":[[[-73.85947,40.90052],[-73.86156,40.90106],[-73.86499,40.90226],[-73.86566,40.90224],[-73.86652,40.90252],[-73.86789,40.90299],[-73.86817,40.90245],[-73.8682,40.90236],[-73.869,40.90156],[-73.8701,40.90074],[-73.87136,40.90004],[-73.87389,40.89897],[-73.87482,40.89845],[-73.87589,40.89756],[-73.87644,40.89687],[-73.87712,40.89547],[-73.87481,40.89573],[-73.87049,40.89664],[-73.86492,40.89575],[-73.86288,40.89515],[-73.86155,40.89719],[-73.86024,40.89884],[-73.85913,40.9003],[-73.85947,40.90052]]]},"properties":{"dbn":"11X019","schooldist":"11.0","label":"19"}},
{"type":"Feature","geometry":{"type":"Polygon","coordinates":[[[-73.89071,40.83241],[-73.89174,40.83266],[-73.893,40.83564],[-73.89453,40.83451],[-73.89487,40.83425],[-73.89527,40.83404],[-73.8963,40.83354],[-73.89902,40.832],[-73.89879,40.8301],[-73.89757,40.82942],[-73.8982,40.82789],[-73.89549,40.82825],[-73.89293,40.82679],[-73.8929,40.82847],[-73.89189,40.82855],[-73.89121,40.82985],[-73.89188,40.83014],[-73.89071,40.83241]]]},"properties":{"dbn":"12X134","schooldist":"12.0","label":"134"}},
{"type":"Feature","geometry":{"type":"Polygon","coordinates":[[[-73.84902,40.90637],[-73.84856,40.90714],[-73.85022,40.90755],[-73.85091,40.90662],[-73.85202,40.90734],[-73.85348,40.90753],[-73.85107,40.91037],[-73.85306,40.91038],[-73.85491,40.90883],[-73.855,40.90694],[-73.85593,40.90621],[-73.8568,40.90616],[-73.85746,40.90473],[-73.85726,40.90358],[-73.85775,40.90279],[-73.85873,40.90229],[-73.85961,40.90247],[-73.85922,40.90087],[-73.85947,40.90052],[-73.85913,40.9003],[-73.86024,40.89884],[-73.85948,40.89888],[-73.85704,40.89794],[-73.85619,40.89919],[-73.85328,40.90284],[-73.85155,40.90204],[-73.84986,40.90409],[-73.84902,40.90637]]]},"properties":{"dbn":"11X016","schooldist":"11.0","label":"16"}},
{"type":"Feature","geometry":{"type":"Polygon","coordinates":[[[-73.92399,40.83505],[-73.92353,40.83577],[-73.92611,40.83663],[-73.92699,40.83533],[-73.92831,40.83569],[-73.929,40.83466],[-73.93036,40.8345],[-73.93311,40.83536],[-73.93368,40.83294],[-73.9335,40.83126],[-73.93071,40.83057],[-73.93009,40.82996],[-73.92726,40.83056],[-73.92538,40.83263],[-73.92399,40.83505]]]},"properties":{"dbn":"09X073","schooldist":"9.0","label":"73"}},
{"type":"Feature","geometry":{"type":"Polygon","coordinates":[[[-73.83262,40.86843],[-73.83269,40.86855],[-73.83349,40.87027],[-73.84122,40.86786],[-73.84321,40.86744],[-73.84429,40.86747],[-73.84617,40.8675],[-73.8472,40.86755],[-73.84809,40.86651],[-73.84907,40.86639],[-73.85357,40.86109],[-73.85637,40.85755],[-73.85627,40.85731],[-73.84935,40.85786],[-73.84652,40.8578],[-73.84364,40.8575],[-73.83812,40.85666],[-73.83667,40.85665],[-73.83291,40.85605],[-73.8314,40.85602],[-73.82646,40.8566],[-73.82664,40.85801],[-73.82743,40.86013],[-73.82812,40.86118],[-73.831,40.86532],[-73.83262,40.86843]]]},"properties":{"dbn":"11X097","schooldist":"11.0","label":"97"}},
{"type":"Feature","geometry":{"type":"Polygon","coordinates":[[[-73.84692,40.87415],[-73.84953,40.87335],[-73.85069,40.87549],[-73.85364,40.8733],[-73.85555,40.87181],[-73.85586,40.863],[-73.85203,40.86292],[-73.84907,40.86639],[-73.8481,40.86651],[-73.8472,40.86755],[-73.84617,40.8675],[-73.84429,40.86747],[-73.84423,40.86942],[-73.84578,40.87023],[-73.84513,40.871],[-73.84692,40.87415]]]},"properties":{"dbn":"11X121","schooldist":"11.0","label":"121"}},
{"type":"Feature","geometry":{"type":"Polygon","coordinates":[[[-73.84511,40.87472],[-73.84875,40.88144],[-73.84755,40.88093],[-73.84658,40.88221],[-73.84973,40.88356],[-73.85237,40.8844],[-73.8551,40.88527],[-73.85588,40.88386],[-73.85876,40.88478],[-73.85955,40.88337],[-73.86033,40.88196],[-73.8607,40.88125],[-73.8611,40.88055],[-73.85823,40.87964],[-73.85975,40.87686],[-73.86051,40.87549],[-73.85364,40.8733],[-73.85069,40.87549],[-73.84953,40.87335],[-73.84692,40.87415],[-73.84511,40.87472]]]},"properties":{"dbn":"11X078","schooldist":"11.0","label":"78"}},
{"type":"Feature","geometry":{"type":"Polygon","coordinates":[[[-73.84665,40.88839],[-73.84949,40.8893],[-73.85106,40.88647],[-73.85237,40.8844],[-73.84973,40.88356],[-73.84658,40.88221],[-73.84607,40.8829],[-73.84315,40.88503],[-73.84445,40.8859],[-73.84744,40.88698],[-73.84665,40.88839]]]},"properties":{"dbn":"11X112","schooldist":"11.0","label":"112"}},
{"type":"Feature","geometry":{"type":"Polygon","coordinates":[[[-73.85237,40.8844],[-73.85106,40.88647],[-73.84949,40.8893],[-73.85237,40.89021],[-73.85174,40.89135],[-73.85314,40.89492],[-73.85238,40.89633],[-73.85525,40.89725],[-73.86045,40.8878],[-73.86125,40.8864],[-73.8628,40.88357],[-73.86356,40.88223],[-73.86399,40.88144],[-73.8611,40.88055],[-73.8607,40.88125],[-73.86033,40.88196],[-73.85955,40.88337],[-73.85876,40.88478],[-73.85588,40.88386],[-73.8551,40.88527],[-73.85237,40.8844]]]},"properties":{"dbn":"11X021","schooldist":"11.0","label":"21"}},
{"type":"Feature","geometry":{"type":"Polygon","coordinates":[[[-73.88426,40.83615],[-73.88778,40.8374],[-73.88966,40.83603],[-73.89065,40.83438],[-73.88973,40.83406],[-73.89071,40.83241],[-73.89188,40.83014],[-73.89037,40.83022],[-73.88945,40.83177],[-73.88894,40.8318],[-73.88795,40.83345],[-73.88624,40.83285],[-73.88426,40.83615]]]},"properties":{"dbn":"12X314","schooldist":"12.0","label":"314"}},
{"type":"Feature","geometry":{"type":"Polygon","coordinates":[[[-73.8481,40.90238],[-73.84984,40.89985],[-73.85184,40.90034],[-73.85287,40.90017],[-73.85525,40.89725],[-73.85238,40.89633],[-73.85314,40.89492],[-73.85174,40.89135],[-73.85237,40.89021],[-73.84949,40.8893],[-73.84665,40.88839],[-73.84591,40.88974],[-73.84523,40.88955],[-73.84261,40.89016],[-73.84694,40.90152],[-73.8481,40.90238]]]},"properties":{"dbn":"11X087","schooldist":"11.0","label":"87"}},
{"type":"Feature","geometry":{"type":"Polygon","coordinates":[[[-73.90774,40.82649],[-73.91186,40.82781],[-73.91317,40.82546],[-73.91131,40.82485],[-73.91084,40.82421],[-73.90992,40.82585],[-73.90821,40.82531],[-73.90774,40.82649]]]},"properties":{"dbn":"09X004","schooldist":"9.0","label":"4"}},
{"type":"Feature","geometry":{"type":"Polygon","coordinates":[[[-73.89697,40.83434],[-73.89845,40.83472],[-73.899,40.83389],[-73.90018,40.83419],[-73.90186,40.83172],[-73.90344,40.83222],[-73.90451,40.83062],[-73.90629,40.82818],[-73.90491,40.82728],[-73.90275,40.82652],[-73.90206,40.8282],[-73.90094,40.82793],[-73.8997,40.83062],[-73.89879,40.8301],[-73.89902,40.832],[-73.8963,40.83354],[-73.89697,40.83434]]]},"properties":{"dbn":"09X063","schooldist":"9.0","label":"63"}},
{"type":"Feature","geometry":{"type":"Polygon","coordinates":[[[-73.90629,40.82818],[-73.90451,40.83062],[-73.90584,40.83106],[-73.90505,40.83271],[-73.90591,40.83306],[-73.90869,40.83394],[-73.91049,40.83074],[-73.91186,40.82781],[-73.90774,40.82649],[-73.90703,40.82828],[-73.90629,40.82818]]]},"properties":{"dbn":"09X132","schooldist":"9.0","label":"132"}},
{"type":"Feature","geometry":{"type":"Polygon","coordinates":[[[-73.90798,40.83718],[-73.90932,40.83733],[-73.90891,40.83838],[-73.90916,40.83994],[-73.9127,40.84093],[-73.91313,40.83981],[-73.91424,40.83811],[-73.91587,40.83639],[-73.91647,40.83578],[-73.91503,40.83527],[-73.91586,40.83384],[-73.91408,40.83329],[-73.91328,40.83119],[-73.9124,40.83094],[-73.91049,40.83074],[-73.90869,40.83394],[-73.90957,40.83419],[-73.90798,40.83718]]]},"properties":{"dbn":"09X053,09X088","schooldist":"9.0","label":"53, 88"}},
{"type":"Feature","geometry":{"type":"Polygon","coordinates":[[[-73.90591,40.83306],[-73.90334,40.83764],[-73.90462,40.83801],[-73.90563,40.83668],[-73.90571,40.83653],[-73.90585,40.83583],[-73.9072,40.83627],[-73.90869,40.83394],[-73.90591,40.83306]]]},"properties":{"dbn":"09X055","schooldist":"9.0","label":"55"}},
{"type":"Feature","geometry":{"type":"Polygon","coordinates":[[[-73.89482,40.84368],[-73.89761,40.84381],[-73.89835,40.84235],[-73.90033,40.84299],[-73.90112,40.8416],[-73.90265,40.83887],[-73.90117,40.8382],[-73.90012,40.83756],[-73.90121,40.83541],[-73.89845,40.83472],[-73.89697,40.83434],[-73.89775,40.83603],[-73.89726,40.83774],[-73.89649,40.83862],[-73.8941,40.84219],[-73.89538,40.84294],[-73.89482,40.84368]]]},"properties":{"dbn":"09X004","schooldist":"9.0","label":"4"}},
{"type":"Feature","geometry":{"type":"Polygon","coordinates":[[[-73.89558,40.84785],[-73.9001,40.84921],[-73.90206,40.84992],[-73.90282,40.85073],[-73.90605,40.8514],[-73.90699,40.85038],[-73.90567,40.84917],[-73.90328,40.84869],[-73.90292,40.84821],[-73.9038,40.8466],[-73.90469,40.84664],[-73.90483,40.8448],[-73.90269,40.84458],[-73.90358,40.843],[-73.90196,40.84256],[-73.90229,40.84198],[-73.90112,40.8416],[-73.90033,40.84299],[-73.89835,40.84235],[-73.89761,40.84381],[-73.89482,40.84368],[-73.8929,40.84627],[-73.89337,40.8464],[-73.89618,40.84666],[-73.89558,40.84785]]]},"properties":{"dbn":"09X058","schooldist":"9.0","label":"58"}},
{"type":"Feature","geometry":{"type":"Polygon","coordinates":[[[-73.88005,40.8347],[-73.88426,40.83615],[-73.88624,40.83285],[-73.88795,40.83345],[-73.88894,40.8318],[-73.88945,40.83177],[-73.89037,40.83022],[-73.89188,40.83014],[-73.89121,40.82985],[-73.89189,40.82855],[-73.89191,40.82679],[-73.89091,40.82679],[-73.89089,40.82571],[-73.89066,40.82531],[-73.88971,40.8258],[-73.88578,40.8279],[-73.88542,40.82808],[-73.88509,40.82816],[-73.88498,40.8283],[-73.88459,40.82884],[-73.88395,40.82974],[-73.88005,40.8347]]]},"properties":{"dbn":"12X066","schooldist":"12.0","label":"66"}},
{"type":"Feature","geometry":{"type":"Polygon","coordinates":[[[-73.90483,40.8448],[-73.90485,40.84459],[-73.90519,40.84071],[-73.90674,40.83828],[-73.90798,40.83718],[-73.90957,40.83419],[-73.90869,40.83394],[-73.9072,40.83627],[-73.90585,40.83583],[-73.90571,40.83653],[-73.90563,40.83668],[-73.90462,40.83801],[-73.90334,40.83764],[-73.90197,40.83717],[-73.90117,40.8382],[-73.90265,40.83887],[-73.90112,40.8416],[-73.90229,40.84198],[-73.90196,40.84256],[-73.90358,40.843],[-73.90269,40.84458],[-73.90483,40.8448]]]},"properties":{"dbn":"09X042","schooldist":"9.0","label":"42"}},
{"type":"Feature","geometry":{"type":"Polygon","coordinates":[[[-73.90605,40.8514],[-73.90618,40.8519],[-73.90476,40.85282],[-73.90733,40.85382],[-73.91058,40.85018],[-73.91168,40.84864],[-73.91025,40.84828],[-73.90552,40.84749],[-73.90469,40.84664],[-73.9038,40.8466],[-73.90292,40.84821],[-73.90328,40.84869],[-73.90567,40.84917],[-73.90699,40.85038],[-73.90605,40.8514]]]},"properties":{"dbn":"09X028","schooldist":"9.0","label":"28"}},
{"type":"Feature","geometry":{"type":"Polygon","coordinates":[[[-73.90821,40.82531],[-73.90992,40.82585],[-73.91084,40.82421],[-73.90991,40.82255],[-73.90129,40.82048],[-73.9016,40.81969],[-73.89893,40.82107],[-73.89894,40.82174],[-73.90061,40.82211],[-73.90314,40.82272],[-73.90296,40.82389],[-73.90345,40.82416],[-73.90517,40.82423],[-73.90582,40.82348],[-73.9066,40.82367],[-73.90624,40.82482],[-73.90821,40.82531]]]},"properties":{"dbn":"08X140","schooldist":"8.0","label":"140"}},
{"type":"Feature","geometry":{"type":"Polygon","coordinates":[[[-73.90469,40.84664],[-73.90552,40.84749],[-73.91025,40.84828],[-73.91168,40.84864],[-73.91197,40.84823],[-73.91306,40.84671],[-73.91315,40.84658],[-73.91062,40.84553],[-73.91104,40.84514],[-73.91222,40.84236],[-73.9127,40.84093],[-73.90916,40.83994],[-73.90891,40.83838],[-73.90932,40.83733],[-73.90798,40.83718],[-73.90674,40.83828],[-73.90519,40.84071],[-73.90485,40.84459],[-73.90483,40.8448],[-73.90469,40.84664]]]},"properties":{"dbn":"09X070","schooldist":"9.0","label":"70"}},
{"type":"Feature","geometry":{"type":"Polygon","coordinates":[[[-73.91104,40.84514],[-73.91416,40.84518],[-73.91474,40.84434],[-73.91386,40.84398],[-73.91303,40.84364],[-73.91357,40.84288],[-73.91222,40.84236],[-73.91104,40.84514]]]},"properties":{"dbn":"09X170,09X199","schooldist":"9.0","label":"170 (K-2), 199 (3-5)"}},
{"type":"Feature","geometry":{"type":"Polygon","coordinates":[[[-73.91645,40.85191],[-73.91741,40.85215],[-73.92117,40.85421],[-73.92174,40.85408],[-73.92224,40.85356],[-73.92273,40.85294],[-73.92468,40.84984],[-73.92728,40.8465],[-73.92681,40.84628],[-73.92638,40.84608],[-73.92443,40.8452],[-73.92319,40.84758],[-73.92274,40.84753],[-73.92002,40.85087],[-73.91834,40.85144],[-73.91772,40.8511],[-73.91727,40.85131],[-73.91645,40.85191]]]},"properties":{"dbn":"09X274","schooldist":"9.0","label":"274"}},
{"type":"Feature","geometry":{"type":"Polygon","coordinates":[[[-73.88378,40.84868],[-73.88771,40.85096],[-73.88824,40.85104],[-73.88895,40.85144],[-73.89133,40.84747],[-73.8904,40.84784],[-73.88843,40.84687],[-73.88711,40.84842],[-73.88492,40.84734],[-73.88378,40.84868]]]},"properties":{"dbn":"12X057","schooldist":"12.0","label":"57"}},
{"type":"Feature","geometry":{"type":"Polygon","coordinates":[[[-73.89133,40.84747],[-73.89242,40.848],[-73.89337,40.8464],[-73.8929,40.84627],[-73.89482,40.84368],[-73.89538,40.84294],[-73.8941,40.84219],[-73.89347,40.84286],[-73.8925,40.84229],[-73.89152,40.84323],[-73.88843,40.84687],[-73.8904,40.84784],[-73.89133,40.84747]]]},"properties":{"dbn":"12X595","schooldist":"12.0","label":"595"}},
{"type":"Feature","geometry":{"type":"Polygon","coordinates":[[[-73.91197,40.84823],[-73.91494,40.8488],[-73.91416,40.84997],[-73.91543,40.85048],[-73.91843,40.84831],[-73.91764,40.84773],[-73.91972,40.84607],[-73.91769,40.84621],[-73.91614,40.84673],[-73.91544,40.84734],[-73.91433,40.84729],[-73.91306,40.84671],[-73.91197,40.84823]]]},"properties":{"dbn":"09X204","schooldist":"9.0","label":"204"}},
{"type":"Feature","geometry":{"type":"Polygon","coordinates":[[[-73.91306,40.84671],[-73.91433,40.84729],[-73.91544,40.84734],[-73.91614,40.84673],[-73.91769,40.84621],[-73.91972,40.84607],[-73.91764,40.84773],[-73.91843,40.84831],[-73.92187,40.84594],[-73.92253,40.84504],[-73.92296,40.84398],[-73.92282,40.84275],[-73.92146,40.84029],[-73.92132,40.8399],[-73.91978,40.84088],[-73.91914,40.84021],[-73.91768,40.84023],[-73.91474,40.84434],[-73.91416,40.84518],[-73.91315,40.84658],[-73.91306,40.84671]]]},"properties":{"dbn":"09X199","schooldist":"9.0","label":"199"}},
{"type":"Feature","geometry":{"type":"Polygon","coordinates":[[[-73.90629,40.82818],[-73.90703,40.82828],[-73.90774,40.82649],[-73.90821,40.82531],[-73.90624,40.82482],[-73.9066,40.82367],[-73.90582,40.82348],[-73.90517,40.82423],[-73.90345,40.82416],[-73.90282,40.82555],[-73.90275,40.82652],[-73.90491,40.82728],[-73.90629,40.82818]]]},"properties":{"dbn":"08X146","schooldist":"8.0","label":"146"}},
{"type":"Feature","geometry":{"type":"Polygon","coordinates":[[[-73.87976,40.84468],[-73.87919,40.84532],[-73.88048,40.84619],[-73.882,40.84724],[-73.88284,40.84782],[-73.8833,40.84701],[-73.88496,40.84512],[-73.88592,40.84029],[-73.88724,40.84074],[-73.88814,40.83986],[-73.88534,40.83878],[-73.88389,40.83949],[-73.88494,40.84008],[-73.88388,40.84183],[-73.88279,40.8413],[-73.87976,40.84468]]]},"properties":{"dbn":"12X067","schooldist":"12.0","label":"67"}},
{"type":"Feature","geometry":{"type":"Polygon","coordinates":[[[-73.89161,40.82099],[-73.89053,40.82007],[-73.88775,40.82205],[-73.88679,40.82304],[-73.88634,40.82431],[-73.88578,40.8279],[-73.88971,40.8258],[-73.89066,40.82531],[-73.89131,40.82498],[-73.89193,40.82466],[-73.89161,40.82099]]]},"properties":{"dbn":"08X075","schooldist":"8.0","label":"75"}},
{"type":"Feature","geometry":{"type":"Polygon","coordinates":[[[-73.83855,40.83503],[-73.8399,40.83512],[-73.84003,40.83566],[-73.84849,40.83452],[-73.85168,40.8342],[-73.85465,40.83389],[-73.85444,40.83296],[-73.85399,40.83104],[-73.85326,40.82792],[-73.85301,40.82683],[-73.84995,40.82724],[-73.84573,40.82802],[-73.84384,40.8281],[-73.84069,40.82875],[-73.83714,40.82892],[-73.83771,40.83062],[-73.83855,40.83503]]]},"properties":{"dbn":"08X036","schooldist":"8.0","label":"36"}},
{"type":"Feature","geometry":{"type":"Polygon","coordinates":[[[-73.89879,40.8301],[-73.8997,40.83062],[-73.90094,40.82793],[-73.90206,40.8282],[-73.90275,40.82652],[-73.90282,40.82555],[-73.90345,40.82416],[-73.90296,40.82389],[-73.90314,40.82272],[-73.90061,40.82211],[-73.8982,40.82789],[-73.89757,40.82942],[-73.89879,40.8301]]]},"properties":{"dbn":"12X463","schooldist":"12.0","label":"463"}},
{"type":"Feature","geometry":{"type":"Polygon","coordinates":[[[-73.89066,40.82531],[-73.89089,40.82571],[-73.89091,40.82679],[-73.89191,40.82679],[-73.89189,40.82855],[-73.8929,40.82847],[-73.89293,40.82679],[-73.89549,40.82825],[-73.8982,40.82789],[-73.90061,40.82211],[-73.89894,40.82174],[-73.89893,40.82107],[-73.89639,40.82252],[-73.89488,40.82313],[-73.89448,40.82133],[-73.89296,40.82138],[-73.89161,40.82099],[-73.89193,40.82466],[-73.89131,40.82498],[-73.89066,40.82531]]]},"properties":{"dbn":"12X150","schooldist":"12.0","label":"150"}},
{"type":"Feature","geometry":{"type":"Polygon","coordinates":[[[-73.88814,40.83986],[-73.88942,40.83942],[-73.8941,40.84219],[-73.89649,40.83862],[-73.89726,40.83774],[-73.89775,40.83603],[-73.89697,40.83434],[-73.8963,40.83354],[-73.89527,40.83404],[-73.89487,40.83425],[-73.89453,40.83451],[-73.893,40.83564],[-73.89174,40.83266],[-73.89071,40.83241],[-73.88973,40.83406],[-73.89065,40.83438],[-73.88966,40.83603],[-73.88778,40.8374],[-73.88534,40.83878],[-73.88814,40.83986]]]},"properties":{"dbn":"12X061","schooldist":"12.0","label":"61"}},
{"type":"Feature","geometry":{"type":"Polygon","coordinates":[[[-73.88311,40.84827],[-73.88378,40.84868],[-73.88492,40.84734],[-73.88711,40.84842],[-73.88843,40.84687],[-73.89152,40.84323],[-73.89051,40.84266],[-73.88955,40.84377],[-73.88734,40.8427],[-73.88825,40.84174],[-73.8878,40.84106],[-73.88814,40.83986],[-73.88724,40.84074],[-73.88704,40.84091],[-73.88592,40.84029],[-73.88496,40.84512],[-73.8833,40.84701],[-73.88284,40.84782],[-73.88311,40.84827]]]},"properties":{"dbn":"12X300","schooldist":"12.0","label":"300"}},
{"type":"Feature","geometry":{"type":"Polygon","coordinates":[[[-73.89495,40.8491],[-73.89242,40.848],[-73.89133,40.84747],[-73.88895,40.85144],[-73.88988,40.85207],[-73.89048,40.85229],[-73.8928,40.8511],[-73.89379,40.85101],[-73.89495,40.8491]]]},"properties":{"dbn":"12X057","schooldist":"10.0","label":"57"}},
{"type":"Feature","geometry":{"type":"Polygon","coordinates":[[[-73.90316,40.88651],[-73.90415,40.88713],[-73.90738,40.88782],[-73.90796,40.88886],[-73.9088,40.88934],[-73.90747,40.89068],[-73.90752,40.89113],[-73.90746,40.89229],[-73.90746,40.89242],[-73.90746,40.89255],[-73.90746,40.89287],[-73.90746,40.89303],[-73.90859,40.89358],[-73.90909,40.89308],[-73.91166,40.89267],[-73.91208,40.89224],[-73.91396,40.89294],[-73.91394,40.89361],[-73.91795,40.89413],[-73.92027,40.888],[-73.92445,40.87897],[-73.92224,40.87863],[-73.91993,40.87649],[-73.91908,40.87606],[-73.91771,40.87628],[-73.91743,40.87734],[-73.91668,40.87783],[-73.91414,40.87828],[-73.9109,40.88038],[-73.9098,40.88099],[-73.90851,40.88266],[-73.90708,40.88333],[-73.90732,40.88439],[-73.90608,40.88531],[-73.90531,40.88542],[-73.90349,40.88667],[-73.90316,40.88651]]]},"properties":{"dbn":"10X024","schooldist":"10.0","label":"24"}},
{"type":"Feature","geometry":{"type":"Polygon","coordinates":[[[-73.90493,40.86275],[-73.9083,40.86281],[-73.90922,40.86263],[-73.91076,40.86165],[-73.91296,40.86191],[-73.91433,40.86253],[-73.91473,40.86165],[-73.91576,40.86064],[-73.91467,40.85971],[-73.91416,40.85996],[-73.91088,40.85878],[-73.91021,40.85829],[-73.9098,40.85761],[-73.90976,40.85718],[-73.90957,40.85759],[-73.9055,40.86212],[-73.90493,40.86275]]]},"properties":{"dbn":"10X291","schooldist":"10.0","label":"291"}},
{"type":"Feature","geometry":{"type":"Polygon","coordinates":[[[-73.90036,40.87459],[-73.90045,40.87587],[-73.90159,40.87422],[-73.90265,40.87058],[-73.90301,40.87012],[-73.90333,40.86986],[-73.90375,40.8696],[-73.90236,40.8687],[-73.90106,40.86828],[-73.89969,40.87004],[-73.90152,40.87039],[-73.90095,40.87229],[-73.9003,40.87448],[-73.90036,40.87459]]]},"properties":{"dbn":"10X340","schooldist":"10.0","label":"340"}},
{"type":"Feature","geometry":{"type":"Polygon","coordinates":[[[-73.89663,40.91142],[-73.90216,40.9131],[-73.9026,40.91314],[-73.91041,40.91544],[-73.91167,40.91344],[-73.91151,40.91261],[-73.91261,40.90829],[-73.91411,40.90434],[-73.91459,40.90412],[-73.91545,40.90181],[-73.91521,40.90147],[-73.91795,40.89413],[-73.91394,40.89361],[-73.91396,40.89294],[-73.91208,40.89224],[-73.91166,40.89267],[-73.90909,40.89308],[-73.90859,40.89358],[-73.90746,40.89303],[-73.90746,40.89287],[-73.90746,40.89255],[-73.90746,40.89242],[-73.90746,40.89229],[-73.90752,40.89113],[-73.90747,40.89068],[-73.9088,40.88934],[-73.90796,40.88886],[-73.90738,40.88782],[-73.90415,40.88713],[-73.90316,40.88651],[-73.90237,40.88725],[-73.89973,40.88651],[-73.8977,40.89068],[-73.89643,40.89366],[-73.89699,40.89788],[-73.89716,40.89937],[-73.89636,40.9032],[-73.89644,40.90509],[-73.89663,40.91142]]]},"properties":{"dbn":"10X081","schooldist":"10.0","label":"81"}},
{"type":"Feature","geometry":{"type":"Polygon","coordinates":[[[-73.88981,40.86837],[-73.88913,40.86906],[-73.88716,40.87023],[-73.88623,40.87078],[-73.88552,40.87018],[-73.88528,40.87],[-73.88518,40.86989],[-73.88496,40.86954],[-73.88222,40.87123],[-73.88247,40.87213],[-73.8825,40.87229],[-73.88255,40.87246],[-73.88272,40.87277],[-73.8834,40.87395],[-73.88345,40.87479],[-73.88567,40.87529],[-73.88618,40.87537],[-73.88645,40.87479],[-73.88681,40.87401],[-73.88739,40.87271],[-73.88763,40.87236],[-73.88778,40.8722],[-73.88785,40.87211],[-73.88794,40.87203],[-73.88834,40.87171],[-73.89099,40.87016],[-73.89175,40.86951],[-73.88981,40.86837]]]},"properties":{"dbn":"10X008","schooldist":"10.0","label":"8"}},
{"type":"Feature","geometry":{"type":"Polygon","coordinates":[[[-73.89601,40.88124],[-73.89657,40.88125],[-73.89678,40.87994],[-73.8969,40.87973],[-73.8969,40.87972],[-73.89717,40.87932],[-73.89734,40.87913],[-73.89879,40.87749],[-73.90045,40.87587],[-73.90036,40.87459],[-73.90022,40.87439],[-73.899,40.87411],[-73.89801,40.87283],[-73.89779,40.87086],[-73.89407,40.87559],[-73.89114,40.87424],[-73.89073,40.87404],[-73.88937,40.87338],[-73.88863,40.87276],[-73.88785,40.87211],[-73.88778,40.8722],[-73.88763,40.87236],[-73.88739,40.87271],[-73.88681,40.87401],[-73.88645,40.87479],[-73.88618,40.87537],[-73.88612,40.87551],[-73.88518,40.87763],[-73.885,40.878],[-73.88477,40.8784],[-73.88505,40.87889],[-73.88528,40.87922],[-73.88346,40.88078],[-73.88283,40.88196],[-73.88178,40.88286],[-73.88124,40.88271],[-73.88275,40.8834],[-73.88319,40.88328],[-73.88351,40.88318],[-73.88422,40.8832],[-73.88662,40.88427],[-73.88759,40.88426],[-73.88851,40.88303],[-73.8886,40.88277],[-73.89196,40.88238],[-73.89228,40.88247],[-73.89272,40.8827],[-73.8923,40.88178],[-73.89427,40.88219],[-73.89601,40.88124]]]},"properties":{"dbn":"10X095","schooldist":"10.0","label":"95"}},
{"type":"Feature","geometry":{"type":"Polygon","coordinates":[[[-73.90733,40.85382],[-73.90882,40.85381],[-73.9112,40.85482],[-73.91288,40.85297],[-73.91487,40.85105],[-73.91543,40.85048],[-73.91416,40.84997],[-73.91494,40.8488],[-73.91197,40.84823],[-73.91168,40.84864],[-73.91058,40.85018],[-73.90733,40.85382]]]},"properties":{"dbn":"10X306","schooldist":"10.0","label":"306"}},
{"type":"Feature","geometry":{"type":"Polygon","coordinates":[[[-73.95403,40.80885],[-73.95543,40.80943],[-73.95818,40.8056],[-73.95825,40.80471],[-73.95586,40.80374],[-73.95259,40.80824],[-73.95295,40.8084],[-73.95403,40.80885]]]},"properties":{"dbn":"03M180","schooldist":"3.0","label":"180"}},
{"type":"Feature","geometry":{"type":"Polygon","coordinates":[[[-73.87418,40.87698],[-73.8735,40.87646],[-73.87288,40.8762],[-73.87292,40.87602],[-73.87237,40.87614],[-73.87221,40.87608],[-73.87116,40.87843],[-73.87062,40.87993],[-73.87046,40.88031],[-73.86948,40.88197],[-73.86898,40.88377],[-73.87002,40.88234],[-73.87084,40.88045],[-73.87407,40.88004],[-73.87495,40.87995],[-73.87479,40.88008],[-73.8747,40.88155],[-73.87534,40.88167],[-73.87717,40.88199],[-73.87813,40.88215],[-73.87773,40.88345],[-73.87761,40.88452],[-73.87783,40.88677],[-73.87784,40.88709],[-73.87792,40.88741],[-73.87815,40.88687],[-73.88124,40.88271],[-73.88178,40.88286],[-73.88283,40.88196],[-73.88346,40.88078],[-73.88268,40.88029],[-73.87899,40.87958],[-73.87843,40.87911],[-73.87805,40.87899],[-73.87769,40.87899],[-73.87935,40.87776],[-73.87936,40.87677],[-73.87879,40.87628],[-73.87713,40.87621],[-73.87559,40.87746],[-73.87418,40.87698]]]},"properties":{"dbn":"10X094","schooldist":"10.0","label":"94"}},
{"type":"Feature","geometry":{"type":"Polygon","coordinates":[[[-73.87946,40.87498],[-73.87975,40.87722],[-73.87899,40.87958],[-73.88268,40.88029],[-73.88346,40.88078],[-73.88528,40.87922],[-73.88505,40.87889],[-73.88489,40.87861],[-73.88477,40.8784],[-73.88618,40.87537],[-73.88601,40.87533],[-73.88567,40.87529],[-73.88345,40.87479],[-73.8834,40.87395],[-73.88272,40.87277],[-73.88255,40.87246],[-73.88247,40.87213],[-73.88175,40.87235],[-73.88127,40.87259],[-73.88069,40.87289],[-73.88142,40.87404],[-73.88149,40.87481],[-73.88043,40.8749],[-73.87946,40.87498]]]},"properties":{"dbn":"10X280","schooldist":"10.0","label":"280"}},
{"type":"Feature","geometry":{"type":"Polygon","coordinates":[[[-73.88981,40.86837],[-73.89175,40.86951],[-73.893,40.86788],[-73.89714,40.86245],[-73.89588,40.86226],[-73.89356,40.86193],[-73.89352,40.86282],[-73.8929,40.86401],[-73.89213,40.86463],[-73.89131,40.86413],[-73.89005,40.8653],[-73.88836,40.86633],[-73.88888,40.86675],[-73.88974,40.86724],[-73.88906,40.86793],[-73.88981,40.86837]]]},"properties":{"dbn":"10X046","schooldist":"10.0","label":"46"}},
{"type":"Feature","geometry":{"type":"Polygon","coordinates":[[[-73.91132,40.85589],[-73.91139,40.85598],[-73.9109,40.85657],[-73.91094,40.85703],[-73.91,40.85688],[-73.90976,40.85718],[-73.9098,40.85761],[-73.91021,40.85829],[-73.91088,40.85878],[-73.91416,40.85996],[-73.91467,40.85971],[-73.91576,40.86064],[-73.91736,40.85891],[-73.91928,40.85723],[-73.92174,40.85408],[-73.92117,40.85421],[-73.91741,40.85215],[-73.91645,40.85191],[-73.91606,40.85174],[-73.91596,40.8514],[-73.91602,40.85123],[-73.91565,40.85166],[-73.91391,40.85343],[-73.91383,40.85393],[-73.91213,40.85601],[-73.91132,40.85589]]]},"properties":{"dbn":"10X226","schooldist":"10.0","label":"226"}},
{"type":"Feature","geometry":{"type":"Polygon","coordinates":[[[-73.91487,40.85105],[-73.91288,40.85297],[-73.9112,40.85482],[-73.91105,40.85577],[-73.91132,40.85589],[-73.91213,40.85601],[-73.91383,40.85393],[-73.91391,40.85343],[-73.91565,40.85166],[-73.91602,40.85123],[-73.91597,40.85109],[-73.91591,40.85095],[-73.91582,40.85082],[-73.91559,40.85059],[-73.91487,40.85105]]]},"properties":{"dbn":"10X396","schooldist":"10.0","label":"396"}},
{"type":"Feature","geometry":{"type":"Polygon","coordinates":[[[-73.893,40.86788],[-73.89496,40.86875],[-73.89478,40.86825],[-73.89557,40.86717],[-73.89578,40.86726],[-73.89597,40.86702],[-73.89631,40.86704],[-73.8974,40.86747],[-73.89709,40.86723],[-73.89762,40.86665],[-73.8961,40.86581],[-73.89753,40.86375],[-73.89901,40.86428],[-73.89999,40.86303],[-73.90108,40.86276],[-73.89944,40.86212],[-73.89714,40.86245],[-73.893,40.86788]]]},"properties":{"dbn":"10X246","schooldist":"10.0","label":"246"}},
{"type":"Feature","geometry":{"type":"Polygon","coordinates":[[[-73.90108,40.86276],[-73.90493,40.86275],[-73.9055,40.86212],[-73.90464,40.86156],[-73.90298,40.86106],[-73.90427,40.85872],[-73.9033,40.85834],[-73.90124,40.85824],[-73.90082,40.85886],[-73.89921,40.85868],[-73.89829,40.86033],[-73.89714,40.86245],[-73.89944,40.86212],[-73.90108,40.86276]]]},"properties":{"dbn":"10X033","schooldist":"10.0","label":"33"}},
{"type":"Feature","geometry":{"type":"Polygon","coordinates":[[[-73.9033,40.85834],[-73.90427,40.85872],[-73.90298,40.86106],[-73.90464,40.86156],[-73.9055,40.86212],[-73.90957,40.85759],[-73.90976,40.85718],[-73.90862,40.85726],[-73.90582,40.85628],[-73.90557,40.85579],[-73.90467,40.8561],[-73.9033,40.85834]]]},"properties":{"dbn":"10X091","schooldist":"10.0","label":"91"}},
{"type":"Feature","geometry":{"type":"Polygon","coordinates":[[[-73.90299,40.85477],[-73.90396,40.85496],[-73.90557,40.85579],[-73.90582,40.85628],[-73.90862,40.85726],[-73.90976,40.85718],[-73.91,40.85688],[-73.91094,40.85703],[-73.9109,40.85657],[-73.91139,40.85598],[-73.91105,40.85577],[-73.9112,40.85482],[-73.90882,40.85381],[-73.90733,40.85382],[-73.90476,40.85282],[-73.90299,40.85477]]]},"properties":{"dbn":"10X279","schooldist":"10.0","label":"279"}},
{"type":"Feature","geometry":{"type":"Polygon","coordinates":[[[-73.89921,40.85868],[-73.90082,40.85886],[-73.90124,40.85824],[-73.9033,40.85834],[-73.90467,40.8561],[-73.90557,40.85579],[-73.90396,40.85496],[-73.90299,40.85477],[-73.90476,40.85282],[-73.90364,40.85238],[-73.90362,40.85241],[-73.90305,40.85311],[-73.90078,40.85605],[-73.89921,40.85868]]]},"properties":{"dbn":"10X382,10X386","schooldist":"10.0","label":"382, 386"}},
{"type":"Feature","geometry":{"type":"Polygon","coordinates":[[[-73.89817,40.85681],[-73.89907,40.85712],[-73.89771,40.8602],[-73.89829,40.86033],[-73.89921,40.85868],[-73.90078,40.85605],[-73.90305,40.85311],[-73.90362,40.85241],[-73.90364,40.85238],[-73.90286,40.85234],[-73.90215,40.85323],[-73.9,40.85252],[-73.89932,40.85407],[-73.89817,40.85681]]]},"properties":{"dbn":"10X209,10X009","schooldist":"10.0","label":"209 (K-2), 9 (K-5)"}},
{"type":"Feature","geometry":{"type":"Polygon","coordinates":[[[-73.89817,40.85681],[-73.8973,40.85651],[-73.89709,40.85683],[-73.89807,40.85706],[-73.89817,40.85681]]]},"properties":{"dbn":"10X209,10X009","schooldist":"10.0","label":"209 (K-2), 9 (K-5)"}},
{"type":"Feature","geometry":{"type":"Polygon","coordinates":[[[-73.89285,40.86183],[-73.89356,40.86193],[-73.89588,40.86226],[-73.89714,40.86245],[-73.89829,40.86033],[-73.89771,40.8602],[-73.89907,40.85712],[-73.89817,40.85681],[-73.89807,40.85706],[-73.89709,40.85683],[-73.8973,40.85651],[-73.89817,40.85681],[-73.89932,40.85407],[-73.89831,40.85406],[-73.8971,40.85517],[-73.89594,40.85662],[-73.89424,40.85637],[-73.89154,40.8601],[-73.89113,40.86006],[-73.88978,40.85935],[-73.88834,40.8586],[-73.88746,40.85963],[-73.88889,40.86038],[-73.89067,40.86132],[-73.89207,40.86186],[-73.89285,40.86183]]]},"properties":{"dbn":"10X085","schooldist":"10.0","label":"85"}},
{"type":"Feature","geometry":{"type":"Polygon","coordinates":[[[-73.88834,40.8586],[-73.88978,40.85935],[-73.89113,40.86006],[-73.89154,40.8601],[-73.89424,40.85637],[-73.89594,40.85662],[-73.8971,40.85517],[-73.89398,40.85425],[-73.89362,40.8528],[-73.89432,40.85189],[-73.8928,40.8511],[-73.88994,40.85259],[-73.88961,40.85362],[-73.88975,40.85467],[-73.89025,40.85509],[-73.89011,40.8555],[-73.8901,40.856],[-73.89077,40.85581],[-73.89066,40.85662],[-73.89025,40.85656],[-73.88992,40.8568],[-73.89003,40.85732],[-73.88949,40.85743],[-73.88917,40.85766],[-73.88976,40.85805],[-73.88905,40.85887],[-73.88834,40.8586]]]},"properties":{"dbn":"10X059","schooldist":"10.0","label":"59"}},
{"type":"Feature","geometry":{"type":"Polygon","coordinates":[[[-73.88256,40.85022],[-73.88242,40.85128],[-73.8841,40.85189],[-73.88329,40.8535],[-73.88363,40.85391],[-73.88408,40.85393],[-73.88535,40.8543],[-73.88888,40.85343],[-73.88961,40.85362],[-73.88994,40.85259],[-73.89048,40.85229],[-73.88988,40.85207],[-73.88895,40.85144],[-73.88824,40.85104],[-73.88771,40.85096],[-73.88378,40.84868],[-73.88311,40.84827],[-73.88285,40.84919],[-73.88256,40.85022]]]},"properties":{"dbn":"10X032","schooldist":"10.0","label":"32"}},
{"type":"Feature","geometry":{"type":"Polygon","coordinates":[[[-73.88242,40.85128],[-73.882,40.85219],[-73.88073,40.85668],[-73.88088,40.85751],[-73.88076,40.85949],[-73.88201,40.85987],[-73.88309,40.8598],[-73.88368,40.85928],[-73.88625,40.86062],[-73.88607,40.86083],[-73.88958,40.86261],[-73.89067,40.86132],[-73.88889,40.86038],[-73.88746,40.85963],[-73.88834,40.8586],[-73.88905,40.85887],[-73.88976,40.85805],[-73.88917,40.85766],[-73.88949,40.85743],[-73.89003,40.85732],[-73.88992,40.8568],[-73.89025,40.85656],[-73.89066,40.85662],[-73.89077,40.85581],[-73.8901,40.856],[-73.89011,40.8555],[-73.89025,40.85509],[-73.88975,40.85467],[-73.88961,40.85362],[-73.88888,40.85343],[-73.88535,40.8543],[-73.88408,40.85393],[-73.88363,40.85391],[-73.88329,40.8535],[-73.8841,40.85189],[-73.88242,40.85128]]]},"properties":{"dbn":"10X205","schooldist":"10.0","label":"205"}},
{"type":"Feature","geometry":{"type":"Polygon","coordinates":[[[-73.87253,40.84075],[-73.87608,40.84207],[-73.87818,40.84262],[-73.87734,40.84399],[-73.87801,40.84448],[-73.87919,40.84532],[-73.87976,40.84468],[-73.88279,40.8413],[-73.88388,40.84183],[-73.88494,40.84008],[-73.88389,40.83949],[-73.88534,40.83878],[-73.88778,40.8374],[-73.88426,40.83615],[-73.88005,40.8347],[-73.87912,40.83562],[-73.87754,40.83664],[-73.87313,40.83834],[-73.87253,40.84075]]]},"properties":{"dbn":"12X006","schooldist":"12.0","label":"6"}},
{"type":"Feature","geometry":{"type":"Polygon","coordinates":[[[-73.89114,40.87424],[-73.89407,40.87559],[-73.89779,40.87086],[-73.89801,40.87283],[-73.899,40.87411],[-73.90022,40.87439],[-73.9003,40.87448],[-73.90095,40.87229],[-73.90152,40.87039],[-73.89969,40.87004],[-73.90041,40.86912],[-73.90106,40.86828],[-73.89997,40.86802],[-73.89942,40.86788],[-73.89854,40.86768],[-73.8974,40.86747],[-73.89631,40.86704],[-73.89597,40.86702],[-73.89557,40.86717],[-73.89478,40.86825],[-73.89604,40.86923],[-73.89521,40.87031],[-73.89445,40.87072],[-73.89424,40.87087],[-73.89405,40.87102],[-73.89368,40.87134],[-73.8924,40.87292],[-73.89185,40.87353],[-73.89155,40.87383],[-73.89114,40.87424]]]},"properties":{"dbn":"10X086","schooldist":"10.0","label":"86"}},
{"type":"Feature","geometry":{"type":"Polygon","coordinates":[[[-73.8974,40.86747],[-73.90106,40.86828],[-73.90207,40.867],[-73.90332,40.86531],[-73.90493,40.86275],[-73.90108,40.86276],[-73.89999,40.86303],[-73.89901,40.86428],[-73.89753,40.86375],[-73.8961,40.86581],[-73.89762,40.86665],[-73.89709,40.86723],[-73.8974,40.86747]]]},"properties":{"dbn":"10X086,10X246,10X340","schooldist":"10.0","label":"86, 246, 340"}},
{"type":"Feature","geometry":{"type":"Polygon","coordinates":[[[-73.86519,40.85016],[-73.86612,40.85053],[-73.86489,40.85153],[-73.86476,40.85707],[-73.86761,40.857],[-73.87024,40.85684],[-73.87243,40.85633],[-73.87147,40.85228],[-73.8713,40.84946],[-73.87138,40.84594],[-73.87253,40.84075],[-73.87313,40.83834],[-73.87021,40.83962],[-73.87121,40.83967],[-73.87009,40.84118],[-73.86643,40.84346],[-73.86559,40.84377],[-73.86612,40.84522],[-73.86345,40.84578],[-73.86424,40.84798],[-73.86337,40.84816],[-73.86392,40.84968],[-73.86519,40.85016]]]},"properties":{"dbn":"11X105","schooldist":"11.0","label":"105"}},
{"type":"Feature","geometry":{"type":"Polygon","coordinates":[[[-73.87281,40.8271],[-73.87325,40.82987],[-73.8738,40.83206],[-73.87396,40.83376],[-73.87398,40.83422],[-73.87398,40.83428],[-73.87396,40.83411],[-73.87398,40.83467],[-73.87394,40.83559],[-73.87377,40.83636],[-73.87754,40.83664],[-73.87912,40.83562],[-73.88005,40.8347],[-73.88395,40.82974],[-73.88459,40.82884],[-73.88498,40.8283],[-73.88509,40.82816],[-73.88382,40.82833],[-73.88295,40.8283],[-73.8783,40.82852],[-73.87778,40.82624],[-73.87765,40.82615],[-73.87389,40.82666],[-73.87285,40.8268],[-73.87281,40.82681],[-73.87281,40.8271]]]},"properties":{"dbn":"12X195,12X196","schooldist":"12.0","label":"195, 196"}},
{"type":"Feature","geometry":{"type":"Polygon","coordinates":[[[-73.90038,40.87868],[-73.89961,40.87876],[-73.89968,40.87914],[-73.89941,40.88102],[-73.89797,40.88403],[-73.89808,40.8846],[-73.89855,40.88437],[-73.89808,40.88478],[-73.89711,40.88557],[-73.89668,40.88596],[-73.89738,40.88609],[-73.89973,40.88651],[-73.90237,40.88725],[-73.90316,40.88651],[-73.90349,40.88667],[-73.90531,40.88542],[-73.90472,40.88524],[-73.90648,40.88373],[-73.90571,40.8833],[-73.90726,40.88197],[-73.90649,40.88155],[-73.90764,40.8804],[-73.90658,40.87981],[-73.9053,40.87987],[-73.90471,40.88055],[-73.90356,40.88065],[-73.90113,40.87963],[-73.90201,40.8785],[-73.90124,40.87811],[-73.90115,40.87823],[-73.90103,40.87834],[-73.90089,40.87845],[-73.90056,40.87862],[-73.90038,40.87868]]]},"properties":{"dbn":"10X007","schooldist":"10.0","label":"7"}},
{"type":"Feature","geometry":{"type":"Polygon","coordinates":[[[-73.90936,40.86913],[-73.91016,40.86703],[-73.91158,40.86519],[-73.91433,40.86253],[-73.91296,40.86191],[-73.91076,40.86165],[-73.90922,40.86263],[-73.9083,40.86281],[-73.90493,40.86275],[-73.90332,40.86531],[-73.90207,40.867],[-73.90106,40.86828],[-73.90236,40.8687],[-73.90375,40.8696],[-73.90404,40.86995],[-73.90442,40.87036],[-73.904,40.87092],[-73.90233,40.87574],[-73.9019,40.87617],[-73.90223,40.87628],[-73.90263,40.87578],[-73.90443,40.87646],[-73.90449,40.87648],[-73.90466,40.87606],[-73.90484,40.87564],[-73.90504,40.87523],[-73.90608,40.87324],[-73.90788,40.86932],[-73.90936,40.86913]]]},"properties":{"dbn":"10X310","schooldist":"10.0","label":"310"}},
{"type":"Feature","geometry":{"type":"Polygon","coordinates":[[[-73.8509,40.83716],[-73.85233,40.83701],[-73.85221,40.83635],[-73.85168,40.8342],[-73.84849,40.83452],[-73.84003,40.83566],[-73.84162,40.83839],[-73.84092,40.83892],[-73.84261,40.84017],[-73.84204,40.84065],[-73.84378,40.84185],[-73.84394,40.84197],[-73.84401,40.8419],[-73.84483,40.84121],[-73.84544,40.8407],[-73.84609,40.84118],[-73.84916,40.83849],[-73.8509,40.83716]]]},"properties":{"dbn":"11X194","schooldist":"11.0","label":"194"}},
{"type":"Feature","geometry":{"type":"Polygon","coordinates":[[[-73.84364,40.8575],[-73.84652,40.8578],[-73.84935,40.85786],[-73.85627,40.85731],[-73.8603,40.8572],[-73.85938,40.85527],[-73.85866,40.85585],[-73.85788,40.8543],[-73.85027,40.8446],[-73.84999,40.84285],[-73.84701,40.84318],[-73.84407,40.842],[-73.84394,40.84197],[-73.84378,40.84185],[-73.84204,40.84065],[-73.84261,40.84017],[-73.84092,40.83892],[-73.84162,40.83839],[-73.84003,40.83566],[-73.8399,40.83512],[-73.83855,40.83503],[-73.8383,40.83566],[-73.83855,40.83667],[-73.83855,40.83958],[-73.83839,40.84068],[-73.83747,40.84335],[-73.83647,40.84715],[-73.83614,40.85104],[-73.8357,40.85264],[-73.83474,40.85425],[-73.83352,40.85549],[-73.83304,40.85587],[-73.83284,40.85604],[-73.83668,40.85665],[-73.83812,40.85666],[-73.84364,40.8575]]]},"properties":{"dbn":"11X108","schooldist":"11.0","label":"108"}},
{"type":"Feature","geometry":{"type":"Polygon","coordinates":[[[-73.86138,40.83349],[-73.86655,40.83503],[-73.86661,40.83477],[-73.86962,40.8346],[-73.87106,40.83446],[-73.87341,40.83414],[-73.87362,40.83428],[-73.87382,40.83411],[-73.87396,40.83411],[-73.87398,40.83428],[-73.87398,40.83422],[-73.87396,40.83376],[-73.8738,40.83206],[-73.87325,40.82987],[-73.87281,40.8271],[-73.87281,40.82681],[-73.87203,40.82691],[-73.86965,40.82476],[-73.86766,40.82502],[-73.86468,40.82537],[-73.86474,40.82562],[-73.86542,40.8278],[-73.86264,40.82817],[-73.86367,40.8327],[-73.86271,40.83299],[-73.86156,40.83333],[-73.86138,40.83349]]]},"properties":{"dbn":"12X047","schooldist":"12.0","label":"47"}},
{"type":"Feature","geometry":{"type":"Polygon","coordinates":[[[-73.89879,40.87749],[-73.89825,40.87832],[-73.8986,40.87851],[-73.89847,40.87909],[-73.89785,40.87993],[-73.89861,40.88017],[-73.89834,40.88137],[-73.89727,40.88237],[-73.89776,40.88267],[-73.89697,40.88394],[-73.89759,40.88385],[-73.89797,40.88403],[-73.89941,40.88102],[-73.89968,40.87914],[-73.89961,40.87876],[-73.90038,40.87868],[-73.90056,40.87862],[-73.90089,40.87845],[-73.90103,40.87834],[-73.90115,40.87823],[-73.90124,40.87811],[-73.90265,40.87658],[-73.90191,40.87651],[-73.90138,40.87664],[-73.90158,40.87647],[-73.9019,40.87617],[-73.90233,40.87574],[-73.904,40.87092],[-73.90442,40.87036],[-73.90375,40.8696],[-73.90333,40.86986],[-73.90301,40.87012],[-73.90265,40.87058],[-73.90159,40.87422],[-73.90045,40.87587],[-73.89879,40.87749]]]},"properties":{"dbn":"10X360","schooldist":"10.0","label":"360"}},
{"type":"Feature","geometry":{"type":"Polygon","coordinates":[[[-73.94974,40.80704],[-73.95259,40.80824],[-73.95586,40.80374],[-73.95632,40.80312],[-73.95348,40.80192],[-73.95157,40.80453],[-73.94974,40.80704]]]},"properties":{"dbn":"03M076","schooldist":"3.0","label":"76"}},
{"type":"Feature","geometry":{"type":"Polygon","coordinates":[[[-73.84261,40.89016],[-73.84523,40.88955],[-73.84591,40.88974],[-73.84665,40.88839],[-73.84744,40.88698],[-73.84445,40.8859],[-73.84315,40.88503],[-73.84607,40.8829],[-73.84658,40.88221],[-73.84755,40.88093],[-73.84875,40.88144],[-73.84511,40.87472],[-73.83841,40.87687],[-73.83725,40.87657],[-73.8358,40.87597],[-73.83501,40.87676],[-73.83486,40.87792],[-73.83616,40.87773],[-73.8371,40.87938],[-73.83417,40.88033],[-73.83473,40.88133],[-73.83622,40.88239],[-73.83435,40.88385],[-73.833,40.88442],[-73.83257,40.88577],[-73.83301,40.88595],[-73.83249,40.88751],[-73.83221,40.88925],[-73.83445,40.88936],[-73.83732,40.88874],[-73.83959,40.88874],[-73.84196,40.88846],[-73.84261,40.89016]]]},"properties":{"dbn":"11X111","schooldist":"11.0","label":"111"}},
{"type":"Feature","geometry":{"type":"Polygon","coordinates":[[[-73.85203,40.86292],[-73.85586,40.863],[-73.85555,40.87181],[-73.85745,40.86953],[-73.85955,40.86774],[-73.8625,40.8678],[-73.86258,40.86553],[-73.86736,40.86543],[-73.86749,40.86135],[-73.8668,40.86134],[-73.86743,40.85956],[-73.86607,40.8592],[-73.8661,40.85824],[-73.86759,40.85783],[-73.86761,40.857],[-73.86476,40.85707],[-73.86096,40.85718],[-73.8603,40.8572],[-73.85627,40.85731],[-73.85637,40.85755],[-73.85357,40.86109],[-73.85203,40.86292]]]},"properties":{"dbn":"11X089","schooldist":"11.0","label":"89"}},
{"type":"Feature","geometry":{"type":"Polygon","coordinates":[[[-73.86722,40.86969],[-73.87218,40.86971],[-73.87223,40.86878],[-73.87222,40.86752],[-73.87183,40.86376],[-73.87238,40.86093],[-73.87272,40.85819],[-73.87243,40.85633],[-73.87024,40.85684],[-73.86761,40.857],[-73.86759,40.85783],[-73.8661,40.85824],[-73.86607,40.8592],[-73.86743,40.85956],[-73.8668,40.86134],[-73.86749,40.86135],[-73.86736,40.86543],[-73.86722,40.86969]]]},"properties":{"dbn":"11X096","schooldist":"11.0","label":"96"}},
{"type":"Feature","geometry":{"type":"Polygon","coordinates":[[[-73.85826,40.82201],[-73.85879,40.82421],[-73.85956,40.82596],[-73.86211,40.82564],[-73.86421,40.82541],[-73.86468,40.82537],[-73.86766,40.82502],[-73.8662,40.81875],[-73.8637,40.81908],[-73.85967,40.81962],[-73.85888,40.81973],[-73.85926,40.82188],[-73.85826,40.82201]]]},"properties":{"dbn":"08X100","schooldist":"8.0","label":"100"}},
{"type":"Feature","geometry":{"type":"Polygon","coordinates":[[[-73.86156,40.83299],[-73.85898,40.82715],[-73.85326,40.82792],[-73.85399,40.83104],[-73.85444,40.83296],[-73.85465,40.83389],[-73.86038,40.83334],[-73.86085,40.83361],[-73.86138,40.83349],[-73.86156,40.83333],[-73.86156,40.83299]]]},"properties":{"dbn":"08X119","schooldist":"8.0","label":"119"}},
{"type":"Feature","geometry":{"type":"Polygon","coordinates":[[[-73.89512,40.81566],[-73.89779,40.81725],[-73.89921,40.81587],[-73.90036,40.81592],[-73.90347,40.81508],[-73.9038,40.81413],[-73.90363,40.81273],[-73.90418,40.81212],[-73.90342,40.81151],[-73.90302,40.80962],[-73.89749,40.81347],[-73.89512,40.81566]]]},"properties":{"dbn":"08X062","schooldist":"8.0","label":"62"}},
{"type":"Feature","geometry":{"type":"Polygon","coordinates":[[[-73.89779,40.81725],[-73.89852,40.81769],[-73.89905,40.81856],[-73.89893,40.82107],[-73.9016,40.81969],[-73.90639,40.81733],[-73.904,40.81651],[-73.90445,40.81521],[-73.90347,40.81508],[-73.90036,40.81592],[-73.89921,40.81587],[-73.89779,40.81725]]]},"properties":{"dbn":"08X130","schooldist":"8.0","label":"130"}},
{"type":"Feature","geometry":{"type":"Polygon","coordinates":[[[-73.86085,40.83361],[-73.86073,40.83651],[-73.85997,40.83778],[-73.85919,40.83839],[-73.86108,40.83918],[-73.86317,40.84116],[-73.86358,40.84128],[-73.86782,40.84017],[-73.86921,40.8396],[-73.87021,40.83962],[-73.87313,40.83834],[-73.87754,40.83664],[-73.87377,40.83636],[-73.87394,40.83559],[-73.87398,40.83467],[-73.87396,40.83411],[-73.87382,40.83411],[-73.87362,40.83428],[-73.87341,40.83414],[-73.87106,40.83446],[-73.86962,40.8346],[-73.86661,40.83477],[-73.86655,40.83503],[-73.86138,40.83349],[-73.86085,40.83361]]]},"properties":{"dbn":"12X531,12X536","schooldist":"12.0","label":"531, 536"}},
{"type":"Feature","geometry":{"type":"Polygon","coordinates":[[[-73.83221,40.88925],[-73.83263,40.88961],[-73.83225,40.89235],[-73.83185,40.89235],[-73.83804,40.89414],[-73.83839,40.89407],[-73.83965,40.89733],[-73.83925,40.8995],[-73.84088,40.90203],[-73.84139,40.90417],[-73.84489,40.90419],[-73.84482,40.90553],[-73.84708,40.90616],[-73.84782,40.90455],[-73.8481,40.90238],[-73.84694,40.90152],[-73.84261,40.89016],[-73.84196,40.88846],[-73.83959,40.88874],[-73.83732,40.88874],[-73.83445,40.88936],[-73.83221,40.88925]]]},"properties":{"dbn":"11X068","schooldist":"11.0","label":"68"}},
{"type":"Feature","geometry":{"type":"Polygon","coordinates":[[[-73.81641,40.86117],[-73.8171,40.86077],[-73.81851,40.86073],[-73.81884,40.85932],[-73.82051,40.85904],[-73.82308,40.85947],[-73.82372,40.86002],[-73.81993,40.86137],[-73.81851,40.86248],[-73.81946,40.86281],[-73.81994,40.86374],[-73.8204,40.86824],[-73.82129,40.86864],[-73.82509,40.8647],[-73.82812,40.86118],[-73.82743,40.86013],[-73.82664,40.85801],[-73.82646,40.8566],[-73.82634,40.85662],[-73.82262,40.85699],[-73.81975,40.85803],[-73.81728,40.86001],[-73.81641,40.86117]]]},"properties":{"dbn":"11X160","schooldist":"11.0","label":"160"}},
{"type":"Feature","geometry":{"type":"Polygon","coordinates":[[[-73.89161,40.82099],[-73.89296,40.82138],[-73.89448,40.82133],[-73.89488,40.82313],[-73.89639,40.82252],[-73.89893,40.82107],[-73.89905,40.81856],[-73.89852,40.81769],[-73.89779,40.81725],[-73.89512,40.81566],[-73.89298,40.81768],[-73.89195,40.8187],[-73.89053,40.82007],[-73.89161,40.82099]]]},"properties":{"dbn":"08X333","schooldist":"8.0","label":"333"}},
{"type":"Feature","geometry":{"type":"Polygon","coordinates":[[[-73.8844,40.82281],[-73.88456,40.82529],[-73.88382,40.82833],[-73.88509,40.82816],[-73.88542,40.82808],[-73.88578,40.8279],[-73.88634,40.82431],[-73.88679,40.82304],[-73.88775,40.82205],[-73.89053,40.82007],[-73.89195,40.8187],[-73.89298,40.81768],[-73.89512,40.81566],[-73.89749,40.81347],[-73.90302,40.80962],[-73.90288,40.80874],[-73.90277,40.80809],[-73.90222,40.80495],[-73.90088,40.80486],[-73.89845,40.80544],[-73.89835,40.8063],[-73.89504,40.80686],[-73.89462,40.80625],[-73.89199,40.80636],[-73.89018,40.80571],[-73.88861,40.80477],[-73.88794,40.80502],[-73.88716,40.80377],[-73.88505,40.80212],[-73.88385,40.80211],[-73.87943,40.80276],[-73.8782,40.80261],[-73.87814,40.80132],[-73.87589,40.80107],[-73.87581,40.80144],[-73.87354,40.80086],[-73.87174,40.80154],[-73.86851,40.80581],[-73.86811,40.8068],[-73.87162,40.81325],[-73.87276,40.81404],[-73.87904,40.81617],[-73.88146,40.81806],[-73.88301,40.81952],[-73.88433,40.82261],[-73.8844,40.82281]]]},"properties":{"dbn":"08X048","schooldist":"8.0","label":"48"}},
{"type":"Feature","geometry":{"type":"Polygon","coordinates":[[[-73.78891,40.85801],[-73.78998,40.8585],[-73.79108,40.85731],[-73.7916,40.85736],[-73.79205,40.85567],[-73.79113,40.85446],[-73.79114,40.85203],[-73.79016,40.85225],[-73.79006,40.85044],[-73.78964,40.84933],[-73.79123,40.84855],[-73.79146,40.84679],[-73.7896,40.84455],[-73.78902,40.84321],[-73.78771,40.84142],[-73.78732,40.8397],[-73.78609,40.83958],[-73.7855,40.83881],[-73.78554,40.83792],[-73.78404,40.83671],[-73.78189,40.83763],[-73.78129,40.83958],[-73.78143,40.84072],[-73.78301,40.84258],[-73.78351,40.84363],[-73.78299,40.84467],[-73.78317,40.84553],[-73.78152,40.84731],[-73.78107,40.8483],[-73.78242,40.84935],[-73.78344,40.84918],[-73.78453,40.85102],[-73.78592,40.85179],[-73.78802,40.85353],[-73.78891,40.85801]]]},"properties":{"dbn":"11X175","schooldist":"11.0","label":"175"}},
{"type":"Feature","geometry":{"type":"Polygon","coordinates":[[[-73.95586,40.80374],[-73.95825,40.80471],[-73.95825,40.80311],[-73.95965,40.80116],[-73.95817,40.80058],[-73.95529,40.79943],[-73.95348,40.80192],[-73.95632,40.80312],[-73.95586,40.80374]]]},"properties":{"dbn":"03M241","schooldist":"3.0","label":"241"}},
{"type":"Feature","geometry":{"type":"Polygon","coordinates":[[[-73.87128,40.81473],[-73.86954,40.81609],[-73.87142,40.82454],[-73.8844,40.82281],[-73.88433,40.82261],[-73.88376,40.82249],[-73.88247,40.81983],[-73.87915,40.8173],[-73.87748,40.81643],[-73.87173,40.81494],[-73.87128,40.81473]]]},"properties":{"dbn":"08X093","schooldist":"8.0","label":"93"}},
{"type":"Feature","geometry":{"type":"Polygon","coordinates":[[[-73.86766,40.82502],[-73.86965,40.82476],[-73.87142,40.82454],[-73.86954,40.81609],[-73.87128,40.81473],[-73.87044,40.81427],[-73.86773,40.81057],[-73.8654,40.81035],[-73.86461,40.81241],[-73.8657,40.81662],[-73.86172,40.81718],[-73.8637,40.81908],[-73.8662,40.81875],[-73.86766,40.82502]]]},"properties":{"dbn":"08X107","schooldist":"8.0","label":"107"}},
{"type":"Feature","geometry":{"type":"Polygon","coordinates":[[[-73.85411,40.80444],[-73.85562,40.81061],[-73.85682,40.81251],[-73.85838,40.814],[-73.85967,40.81962],[-73.8637,40.81908],[-73.86172,40.81718],[-73.8657,40.81662],[-73.86461,40.81241],[-73.8654,40.81035],[-73.86161,40.80987],[-73.86041,40.80954],[-73.85889,40.80997],[-73.85844,40.8081],[-73.85855,40.80693],[-73.85931,40.80634],[-73.85789,40.80527],[-73.85593,40.80452],[-73.85411,40.80444]]]},"properties":{"dbn":"08X069","schooldist":"8.0","label":"69"}},
{"type":"Feature","geometry":{"type":"Polygon","coordinates":[[[-73.84193,40.81983],[-73.85414,40.81824],[-73.85514,40.82244],[-73.85826,40.82201],[-73.85926,40.82188],[-73.85888,40.81973],[-73.85967,40.81962],[-73.85838,40.814],[-73.85682,40.81251],[-73.85562,40.81061],[-73.85411,40.80444],[-73.85015,40.80457],[-73.84771,40.80511],[-73.84759,40.80604],[-73.84861,40.80628],[-73.84836,40.80725],[-73.84991,40.80833],[-73.85011,40.80938],[-73.84932,40.81055],[-73.84902,40.81198],[-73.84929,40.81242],[-73.85128,40.81356],[-73.85235,40.81372],[-73.85227,40.81447],[-73.85046,40.81356],[-73.84861,40.81294],[-73.8473,40.81067],[-73.84528,40.81173],[-73.84426,40.81388],[-73.84383,40.81529],[-73.84238,40.81748],[-73.84199,40.81877],[-73.8402,40.81971],[-73.84193,40.81983]]]},"properties":{"dbn":"08X182","schooldist":"8.0","label":"182"}},
{"type":"Feature","geometry":{"type":"Polygon","coordinates":[[[-73.99267,40.72416],[-73.99761,40.7258],[-73.99961,40.72342],[-74.00066,40.72218],[-74.00222,40.72034],[-74.0026,40.7199],[-74.00127,40.71896],[-73.99859,40.7171],[-73.99606,40.71623],[-73.99481,40.71846],[-73.99404,40.72032],[-73.9926,40.72414],[-73.99267,40.72416]]]},"properties":{"dbn":"02M130","schooldist":"2.0","label":"130"}},
{"type":"Feature","geometry":{"type":"Polygon","coordinates":[[[-73.85826,40.82201],[-73.85514,40.82244],[-73.85414,40.81824],[-73.84193,40.81983],[-73.84384,40.8281],[-73.84573,40.82802],[-73.84995,40.82724],[-73.85301,40.82683],[-73.8535,40.82676],[-73.85607,40.82644],[-73.85627,40.82639],[-73.85956,40.82596],[-73.85879,40.82421],[-73.85826,40.82201]]]},"properties":{"dbn":"08X138","schooldist":"8.0","label":"138"}},
{"type":"Feature","geometry":{"type":"Polygon","coordinates":[[[-73.82362,40.87377],[-73.82541,40.87361],[-73.82591,40.87466],[-73.8278,40.87398],[-73.82814,40.8735],[-73.82994,40.87329],[-73.83137,40.87244],[-73.83243,40.87263],[-73.83322,40.87179],[-73.83427,40.87243],[-73.83349,40.87027],[-73.83269,40.86855],[-73.83262,40.86843],[-73.831,40.86532],[-73.82812,40.86118],[-73.82509,40.8647],[-73.82129,40.86864],[-73.82352,40.86986],[-73.82378,40.87305],[-73.82362,40.87377]]]},"properties":{"dbn":"11X153","schooldist":"11.0","label":"153"}},
{"type":"Feature","geometry":{"type":"Polygon","coordinates":[[[-73.9469,40.80584],[-73.94974,40.80704],[-73.95157,40.80453],[-73.94873,40.80333],[-73.94551,40.80197],[-73.9446,40.80323],[-73.94613,40.80388],[-73.94569,40.80451],[-73.94524,40.80514],[-73.9469,40.80584]]]},"properties":{"dbn":"03M242","schooldist":"3.0","label":"242"}},
{"type":"Feature","geometry":{"type":"Polygon","coordinates":[[[-73.83747,40.84335],[-73.83294,40.84352],[-73.83108,40.84374],[-73.83101,40.84216],[-73.83003,40.84218],[-73.82897,40.84231],[-73.82753,40.84373],[-73.82568,40.84285],[-73.82581,40.8454],[-73.82549,40.84584],[-73.82679,40.84841],[-73.82697,40.8501],[-73.82568,40.85366],[-73.82568,40.85367],[-73.82565,40.85458],[-73.8263,40.85636],[-73.82646,40.8566],[-73.8314,40.85602],[-73.83284,40.85604],[-73.83304,40.85587],[-73.83352,40.85549],[-73.83474,40.85425],[-73.8357,40.85264],[-73.83614,40.85104],[-73.83647,40.84715],[-73.83747,40.84335]]]},"properties":{"dbn":"08X071","schooldist":"8.0","label":"71"}},
{"type":"Feature","geometry":{"type":"Polygon","coordinates":[[[-73.83185,40.89235],[-73.83225,40.89235],[-73.83263,40.88961],[-73.83221,40.88925],[-73.83249,40.88751],[-73.83301,40.88595],[-73.83257,40.88577],[-73.833,40.88442],[-73.83435,40.88385],[-73.83622,40.88239],[-73.83473,40.88133],[-73.83417,40.88033],[-73.8371,40.87938],[-73.83616,40.87773],[-73.83486,40.87792],[-73.83501,40.87676],[-73.8358,40.87597],[-73.83444,40.87488],[-73.83449,40.87607],[-73.83349,40.87861],[-73.83207,40.88019],[-73.83007,40.88174],[-73.82809,40.88285],[-73.82578,40.88391],[-73.82337,40.88473],[-73.82066,40.88545],[-73.82181,40.88694],[-73.82345,40.88728],[-73.82336,40.88777],[-73.82035,40.88683],[-73.81985,40.88566],[-73.81701,40.88638],[-73.81661,40.88943],[-73.82285,40.89121],[-73.82337,40.88992],[-73.82773,40.89123],[-73.82866,40.89137],[-73.83185,40.89235]]]},"properties":{"dbn":"11X189","schooldist":"11.0","label":"189"}},
{"type":"Feature","geometry":{"type":"Polygon","coordinates":[[[-73.83566,40.8112],[-73.83218,40.80582],[-73.83162,40.80665],[-73.83219,40.8076],[-73.83184,40.80926],[-73.82995,40.81097],[-73.82886,40.81134],[-73.82631,40.81128],[-73.82394,40.81221],[-73.82106,40.81298],[-73.81627,40.81386],[-73.81551,40.8135],[-73.81356,40.81333],[-73.80925,40.8126],[-73.80799,40.8117],[-73.80714,40.81066],[-73.80405,40.80875],[-73.80176,40.80904],[-73.79885,40.80718],[-73.79601,40.80592],[-73.79536,40.80588],[-73.79339,40.8042],[-73.79225,40.804],[-73.79104,40.80426],[-73.79006,40.80541],[-73.79043,40.80633],[-73.79145,40.80693],[-73.79229,40.80685],[-73.79854,40.80959],[-73.80011,40.80971],[-73.80147,40.81014],[-73.80235,40.81004],[-73.80389,40.81211],[-73.80146,40.81294],[-73.80092,40.81376],[-73.80011,40.81402],[-73.79903,40.81554],[-73.79738,40.81576],[-73.79759,40.81651],[-73.80033,40.81756],[-73.80059,40.81793],[-73.80247,40.81854],[-73.80351,40.81829],[-73.80462,40.81903],[-73.80573,40.82018],[-73.80604,40.82067],[-73.80639,40.82084],[-73.80707,40.82077],[-73.80801,40.82071],[-73.80882,40.82064],[-73.80898,40.8206],[-73.8098,40.82029],[-73.8106,40.82],[-73.81182,40.8205],[-73.81222,40.82042],[-73.8144,40.8221],[-73.81555,40.82358],[-73.81661,40.82615],[-73.8167,40.82612],[-73.81678,40.82609],[-73.81705,40.82596],[-73.81766,40.8256],[-73.82021,40.82435],[-73.81906,40.82235],[-73.82537,40.82021],[-73.82672,40.82182],[-73.82833,40.82104],[-73.82946,40.82238],[-73.83613,40.82096],[-73.83614,40.8192],[-73.83646,40.81558],[-73.83627,40.81245],[-73.83566,40.8112]]]},"properties":{"dbn":"08X072","schooldist":"8.0","label":"72"}},
{"type":"Feature","geometry":{"type":"Polygon","coordinates":[[[-73.82362,40.87377],[-73.82363,40.87474],[-73.82266,40.87742],[-73.82166,40.87939],[-73.82051,40.88336],[-73.82022,40.88519],[-73.82066,40.88545],[-73.82337,40.88473],[-73.82578,40.88391],[-73.82809,40.88285],[-73.83007,40.88174],[-73.83207,40.88019],[-73.83349,40.87861],[-73.83449,40.87607],[-73.83444,40.87488],[-73.83427,40.87243],[-73.83322,40.87179],[-73.83243,40.87263],[-73.83137,40.87244],[-73.82994,40.87329],[-73.82814,40.8735],[-73.8278,40.87398],[-73.82591,40.87466],[-73.82541,40.87361],[-73.82362,40.87377]]]},"properties":{"dbn":"11X178","schooldist":"11.0","label":"178"}},
{"type":"Feature","geometry":{"type":"Polygon","coordinates":[[[-73.91386,40.84398],[-73.91474,40.84434],[-73.91768,40.84023],[-73.91914,40.84021],[-73.91978,40.84088],[-73.92132,40.8399],[-73.9219,40.83847],[-73.92037,40.83743],[-73.9197,40.83787],[-73.91587,40.83639],[-73.91424,40.83811],[-73.91313,40.83981],[-73.9127,40.84093],[-73.9153,40.84196],[-73.91386,40.84398]]]},"properties":{"dbn":"09X294,09X311","schooldist":"9.0","label":"294, 311"}},
{"type":"Feature","geometry":{"type":"Polygon","coordinates":[[[-73.91587,40.83639],[-73.9197,40.83787],[-73.92037,40.83743],[-73.9219,40.83847],[-73.92224,40.83785],[-73.92237,40.83611],[-73.92399,40.83505],[-73.92538,40.83263],[-73.92726,40.83056],[-73.93009,40.82996],[-73.92682,40.82808],[-73.92268,40.82685],[-73.92118,40.82963],[-73.91986,40.83195],[-73.91839,40.83381],[-73.91647,40.83578],[-73.91587,40.83639]]]},"properties":{"dbn":"09X114,09X218","schooldist":"9.0","label":"114, 218"}},
{"type":"Feature","geometry":{"type":"Polygon","coordinates":[[[-73.91186,40.82781],[-73.91049,40.83074],[-73.9124,40.83094],[-73.91312,40.8297],[-73.9157,40.83054],[-73.91641,40.82929],[-73.91811,40.83001],[-73.91863,40.82911],[-73.9159,40.82759],[-73.91476,40.82756],[-73.91389,40.82846],[-73.91186,40.82781]]]},"properties":{"dbn":"09X449","schooldist":"9.0","label":"449"}},
{"type":"Feature","geometry":{"type":"Polygon","coordinates":[[[-73.92146,40.84029],[-73.92239,40.84043],[-73.92256,40.83927],[-73.92323,40.83816],[-73.92814,40.83877],[-73.92866,40.8398],[-73.93047,40.84024],[-73.93311,40.83536],[-73.93036,40.8345],[-73.929,40.83466],[-73.92831,40.83569],[-73.92699,40.83533],[-73.92611,40.83663],[-73.92353,40.83577],[-73.92399,40.83505],[-73.92237,40.83611],[-73.92224,40.83785],[-73.9219,40.83847],[-73.92132,40.8399],[-73.92146,40.84029]]]},"properties":{"dbn":"09X126","schooldist":"9.0","label":"126"}},
{"type":"Feature","geometry":{"type":"Polygon","coordinates":[[[-73.9,40.85252],[-73.90215,40.85323],[-73.90286,40.85234],[-73.90364,40.85238],[-73.90476,40.85282],[-73.90618,40.8519],[-73.90605,40.8514],[-73.90282,40.85073],[-73.90206,40.84992],[-73.9001,40.84921],[-73.89837,40.85191],[-73.9,40.85252]]]},"properties":{"dbn":"09X163","schooldist":"9.0","label":"163"}},
{"type":"Feature","geometry":{"type":"Polygon","coordinates":[[[-73.85326,40.82792],[-73.85898,40.82715],[-73.86156,40.83299],[-73.86156,40.83333],[-73.86271,40.83299],[-73.86367,40.8327],[-73.86264,40.82817],[-73.86542,40.8278],[-73.86474,40.82562],[-73.86468,40.82537],[-73.86421,40.82541],[-73.86211,40.82564],[-73.85956,40.82596],[-73.85627,40.82639],[-73.85607,40.82644],[-73.8535,40.82676],[-73.85301,40.82683],[-73.85326,40.82792]]]},"properties":{"dbn":"08X583","schooldist":"8.0","label":"583"}},
{"type":"Feature","geometry":{"type":"Polygon","coordinates":[[[-73.87203,40.82691],[-73.87281,40.82681],[-73.87285,40.8268],[-73.87389,40.82666],[-73.87487,40.82653],[-73.8758,40.8264],[-73.87673,40.82628],[-73.87765,40.82615],[-73.87778,40.82624],[-73.8783,40.82852],[-73.88295,40.8283],[-73.88382,40.82833],[-73.88456,40.82529],[-73.8844,40.82281],[-73.87142,40.82454],[-73.86965,40.82476],[-73.87203,40.82691]]]},"properties":{"dbn":"08X152","schooldist":"8.0","label":"152"}},
{"type":"Feature","geometry":{"type":"Polygon","coordinates":[[[-73.9975,40.71407],[-73.99759,40.71397],[-73.99858,40.71347],[-74.00303,40.71559],[-74.0036,40.71365],[-74.00486,40.71245],[-74.00309,40.71105],[-74.00224,40.71036],[-74.00134,40.70965],[-74.00019,40.70873],[-73.99821,40.71043],[-73.99695,40.71207],[-73.99436,40.71231],[-73.99446,40.71302],[-73.99712,40.7128],[-73.9975,40.71407]]]},"properties":{"dbn":"02M001","schooldist":"2.0","label":"1"}},
{"type":"Feature","geometry":{"type":"Polygon","coordinates":[[[-73.95932,40.76749],[-73.95978,40.76687],[-73.96115,40.76499],[-73.96161,40.76437],[-73.95924,40.76337],[-73.96014,40.76211],[-73.96061,40.76149],[-73.95763,40.76023],[-73.95698,40.7599],[-73.9544,40.76221],[-73.95152,40.76544],[-73.95101,40.766],[-73.95063,40.76642],[-73.95134,40.76671],[-73.95325,40.76754],[-73.95787,40.76948],[-73.95836,40.7688],[-73.95886,40.76812],[-73.95932,40.76749]]]},"properties":{"dbn":"02M183","schooldist":"2.0","label":"183"}},
{"type":"Feature","geometry":{"type":"Polygon","coordinates":[[[-73.98717,40.71431],[-73.98934,40.71413],[-73.99606,40.71623],[-73.99536,40.71576],[-73.9945,40.71423],[-73.9975,40.71407],[-73.99712,40.7128],[-73.99446,40.71302],[-73.99436,40.71231],[-73.99414,40.71056],[-73.9926,40.7108],[-73.99209,40.7109],[-73.98994,40.71121],[-73.98986,40.71199],[-73.98684,40.71226],[-73.98717,40.71431]]]},"properties":{"dbn":"02M002","schooldist":"2.0","label":"2"}},
{"type":"Feature","geometry":{"type":"Polygon","coordinates":[[[-73.99436,40.71231],[-73.99695,40.71207],[-73.99821,40.71043],[-74.00019,40.70873],[-73.99919,40.70795],[-73.99703,40.70877],[-73.99191,40.70953],[-73.9926,40.7108],[-73.99414,40.71056],[-73.99436,40.71231]]]},"properties":{"dbn":"02M126","schooldist":"2.0","label":"126"}},
{"type":"Feature","geometry":{"type":"Polygon","coordinates":[[[-73.94468,40.79157],[-73.94372,40.79287],[-73.94695,40.79423],[-73.9479,40.79293],[-73.94885,40.79162],[-73.94977,40.79037],[-73.95068,40.78911],[-73.94906,40.78843],[-73.9486,40.78906],[-73.947,40.78838],[-73.94468,40.79157]]]},"properties":{"dbn":"04M072","schooldist":"4.0","label":"72"}},
{"type":"Feature","geometry":{"type":"Polygon","coordinates":[[[-73.99128,40.71948],[-73.99404,40.72032],[-73.99481,40.71846],[-73.99606,40.71623],[-73.98934,40.71413],[-73.98717,40.71431],[-73.98694,40.71557],[-73.98577,40.71772],[-73.98616,40.71786],[-73.98739,40.7183],[-73.99036,40.7192],[-73.99128,40.71948]]]},"properties":{"dbn":"02M042","schooldist":"2.0","label":"42"}},
{"type":"Feature","geometry":{"type":"Polygon","coordinates":[[[-73.96704,40.77246],[-73.96221,40.77042],[-73.9589,40.77496],[-73.95729,40.77428],[-73.95495,40.7775],[-73.95655,40.77818],[-73.95558,40.7795],[-73.95463,40.7808],[-73.95615,40.78144],[-73.95488,40.78336],[-73.9581,40.78472],[-73.96704,40.77246]]]},"properties":{"dbn":"02M006","schooldist":"2.0","label":"6"}},
{"type":"Feature","geometry":{"type":"Polygon","coordinates":[[[-73.99076,40.72974],[-73.99144,40.72986],[-73.99284,40.73008],[-73.99326,40.72958],[-74.0011,40.73344],[-74.0012,40.73384],[-74.00428,40.73339],[-74.00493,40.7353],[-74.01078,40.73455],[-74.01361,40.73443],[-74.01364,40.73412],[-74.01082,40.73401],[-74.01116,40.73045],[-74.01402,40.73068],[-74.01434,40.72862],[-74.01137,40.72823],[-74.01154,40.72645],[-74.01512,40.72679],[-74.0152,40.72636],[-74.01115,40.72578],[-74.01004,40.72521],[-74.00351,40.72056],[-74.00326,40.72038],[-74.00222,40.72034],[-74.00066,40.72218],[-73.99961,40.72342],[-73.99761,40.7258],[-73.99267,40.72416],[-73.99222,40.72523],[-73.99136,40.72756],[-73.99112,40.72857],[-73.99093,40.72914],[-73.99076,40.72974]]]},"properties":{"dbn":"02M003","schooldist":"2.0","label":"3"}},
{"type":"Feature","geometry":{"type":"Polygon","coordinates":[[[-74.00956,40.74999],[-74.00997,40.74896],[-74.00892,40.74838],[-74.00902,40.74775],[-74.01132,40.74802],[-74.01141,40.74761],[-74.00911,40.74736],[-74.0092,40.74674],[-74.01154,40.74698],[-74.0116,40.74659],[-74.00935,40.74633],[-74.00944,40.74574],[-74.0117,40.74599],[-74.01178,40.74558],[-74.00951,40.74529],[-74.00899,40.74466],[-74.01192,40.74493],[-74.01197,40.74458],[-74.00936,40.74427],[-74.00951,40.74368],[-74.01202,40.74394],[-74.01212,40.74352],[-74.00957,40.74326],[-74.00934,40.74259],[-74.00252,40.73975],[-73.99968,40.73855],[-73.99786,40.74106],[-73.9918,40.7385],[-73.98958,40.74155],[-73.98932,40.74191],[-73.98819,40.74345],[-73.99994,40.7484],[-74.00133,40.74649],[-74.00956,40.74999]]]},"properties":{"dbn":"02M011","schooldist":"2.0","label":"11"}},
{"type":"Feature","geometry":{"type":"Polygon","coordinates":[[[-73.9976,40.75393],[-74.00549,40.75725],[-74.00768,40.75416],[-74.00904,40.75068],[-74.00956,40.74999],[-74.00133,40.74649],[-73.99994,40.7484],[-73.98819,40.74345],[-73.98456,40.74844],[-73.99346,40.75219],[-73.9976,40.75393]]]},"properties":{"dbn":"02M033","schooldist":"2.0","label":"33"}},
{"type":"Feature","geometry":{"type":"Polygon","coordinates":[[[-73.99606,40.71623],[-73.99859,40.7171],[-74.00127,40.71896],[-74.00292,40.71715],[-74.00208,40.71673],[-74.00303,40.71559],[-73.99858,40.71347],[-73.99759,40.71397],[-73.9975,40.71407],[-73.9945,40.71423],[-73.99536,40.71576],[-73.99606,40.71623]]]},"properties":{"dbn":"02M124","schooldist":"2.0","label":"124"}},
{"type":"Feature","geometry":{"type":"Polygon","coordinates":[[[-73.98878,40.77091],[-73.98832,40.77155],[-73.98954,40.77286],[-73.9883,40.77286],[-73.98764,40.77369],[-73.98863,40.77412],[-73.98571,40.77811],[-73.98741,40.77852],[-73.98709,40.77916],[-73.98889,40.77988],[-73.9904,40.77759],[-73.99093,40.77757],[-73.99394,40.77318],[-73.98878,40.77091]]]},"properties":{"dbn":"03M191","schooldist":"3.0","label":"191"}},
{"type":"Feature","geometry":{"type":"Polygon","coordinates":[[[-73.9606,40.76975],[-73.95836,40.7688],[-73.95787,40.76948],[-73.95325,40.76754],[-73.95134,40.76671],[-73.95101,40.76655],[-73.95063,40.76642],[-73.94868,40.76884],[-73.94632,40.77136],[-73.94442,40.77305],[-73.94808,40.77461],[-73.95043,40.77139],[-73.95269,40.77234],[-73.95505,40.77334],[-73.9589,40.77496],[-73.96221,40.77042],[-73.9606,40.76975]]]},"properties":{"dbn":"02M158","schooldist":"2.0","label":"158"}},
{"type":"Feature","geometry":{"type":"Polygon","coordinates":[[[-73.95224,40.77719],[-73.95448,40.77814],[-73.95398,40.77882],[-73.95558,40.7795],[-73.95655,40.77818],[-73.95495,40.7775],[-73.95729,40.77428],[-73.95269,40.77234],[-73.95043,40.77139],[-73.94808,40.77461],[-73.9527,40.77656],[-73.95224,40.77719]]]},"properties":{"dbn":"02M290","schooldist":"2.0","label":"290"}},
{"type":"Feature","geometry":{"type":"Polygon","coordinates":[[[-73.94354,40.78288],[-73.94472,40.78325],[-73.94842,40.77818],[-73.95079,40.77918],[-73.95125,40.77855],[-73.95224,40.77719],[-73.9527,40.77656],[-73.94808,40.77461],[-73.94442,40.77305],[-73.94199,40.77605],[-73.94362,40.78017],[-73.94389,40.78163],[-73.94354,40.78288]]]},"properties":{"dbn":"02M151","schooldist":"2.0","label":"151"}},
{"type":"Feature","geometry":{"type":"Polygon","coordinates":[[[-73.94906,40.78843],[-73.95056,40.78906],[-73.95068,40.78911],[-73.95173,40.78791],[-73.95321,40.78853],[-73.95482,40.7892],[-73.9581,40.78472],[-73.95488,40.78336],[-73.95615,40.78144],[-73.95463,40.7808],[-73.95303,40.78013],[-73.9512,40.78263],[-73.94896,40.78169],[-73.94709,40.78424],[-73.94659,40.78494],[-73.94818,40.78576],[-73.9484,40.78646],[-73.94746,40.78775],[-73.94906,40.78843]]]},"properties":{"dbn":"02M198","schooldist":"2.0","label":"198"}},
{"type":"Feature","geometry":{"type":"Polygon","coordinates":[[[-73.96466,40.79679],[-73.96576,40.79563],[-73.97001,40.79726],[-73.97189,40.7947],[-73.96753,40.79286],[-73.96893,40.79093],[-73.9661,40.78973],[-73.96469,40.79166],[-73.96371,40.79301],[-73.96236,40.79485],[-73.9619,40.79548],[-73.96335,40.79609],[-73.9632,40.79665],[-73.96466,40.79679]]]},"properties":{"dbn":"03M163","schooldist":"3.0","label":"163"}},
{"type":"Feature","geometry":{"type":"Polygon","coordinates":[[[-73.96144,40.79611],[-73.96052,40.79737],[-73.97328,40.80277],[-73.97509,40.80019],[-73.97088,40.79844],[-73.97042,40.79907],[-73.96625,40.79734],[-73.96466,40.79679],[-73.9632,40.79665],[-73.96335,40.79609],[-73.9619,40.79548],[-73.96144,40.79611]]]},"properties":{"dbn":"03M145","schooldist":"3.0","label":"145"}},
{"type":"Feature","geometry":{"type":"Polygon","coordinates":[[[-73.95817,40.80058],[-73.95965,40.80116],[-73.96108,40.8018],[-73.95983,40.80543],[-73.95937,40.80611],[-73.96814,40.80982],[-73.97328,40.80277],[-73.96052,40.79737],[-73.95817,40.80058]]]},"properties":{"dbn":"03M165","schooldist":"3.0","label":"165"}},
{"type":"Feature","geometry":{"type":"Polygon","coordinates":[[[-73.95965,40.80116],[-73.95825,40.80311],[-73.95825,40.80471],[-73.95818,40.8056],[-73.95543,40.80943],[-73.96302,40.81262],[-73.96534,40.81394],[-73.96814,40.80982],[-73.95937,40.80611],[-73.95983,40.80543],[-73.96108,40.8018],[-73.95965,40.80116]]]},"properties":{"dbn":"05M036,05M125","schooldist":"5.0","label":"36 ,125"}},
{"type":"Feature","geometry":{"type":"Polygon","coordinates":[[[-73.94742,40.79935],[-73.95348,40.80192],[-73.95529,40.79943],[-73.94923,40.79687],[-73.94879,40.79748],[-73.94782,40.79881],[-73.94742,40.79935]]]},"properties":{"dbn":"03M185","schooldist":"3.0","label":"185"}},
{"type":"Feature","geometry":{"type":"Polygon","coordinates":[[[-73.94551,40.80197],[-73.94873,40.80333],[-73.95157,40.80453],[-73.95348,40.80192],[-73.94742,40.79935],[-73.94646,40.80067],[-73.94597,40.80134],[-73.94551,40.80197]]]},"properties":{"dbn":"03M149","schooldist":"3.0","label":"149"}},
{"type":"Feature","geometry":{"type":"Polygon","coordinates":[[[-73.93858,40.79989],[-73.93677,40.8024],[-73.93998,40.80375],[-73.94323,40.79931],[-73.9431,40.79925],[-73.94162,40.79862],[-73.94002,40.79795],[-73.93905,40.79926],[-73.93858,40.79989]]]},"properties":{"dbn":"04M007","schooldist":"4.0","label":"7"}},
{"type":"Feature","geometry":{"type":"Polygon","coordinates":[[[-73.93297,40.79933],[-73.93422,40.79986],[-73.93356,40.80079],[-73.93177,40.80098],[-73.9312,40.80175],[-73.93358,40.80275],[-73.93445,40.80142],[-73.93677,40.8024],[-73.93858,40.79989],[-73.93905,40.79926],[-73.93682,40.79831],[-73.93616,40.79894],[-73.93424,40.79845],[-73.93409,40.79807],[-73.93297,40.79933]]]},"properties":{"dbn":"04M096","schooldist":"4.0","label":"96"}},
{"type":"Feature","geometry":{"type":"Polygon","coordinates":[[[-73.94323,40.79931],[-73.94337,40.79937],[-73.94485,40.79999],[-73.94584,40.8004],[-73.94646,40.80067],[-73.94742,40.79935],[-73.94782,40.79881],[-73.9446,40.79744],[-73.94362,40.79845],[-73.94212,40.79794],[-73.94188,40.79541],[-73.94142,40.79603],[-73.94032,40.79556],[-73.93987,40.79616],[-73.9394,40.79678],[-73.94052,40.79726],[-73.94002,40.79795],[-73.94162,40.79862],[-73.9431,40.79925],[-73.94323,40.79931]]]},"properties":{"dbn":"04M057","schooldist":"4.0","label":"57"}},
{"type":"Feature","geometry":{"type":"Polygon","coordinates":[[[-73.94188,40.79541],[-73.94212,40.79794],[-73.94362,40.79845],[-73.9446,40.79744],[-73.94782,40.79881],[-73.94879,40.79748],[-73.94556,40.79611],[-73.94603,40.79546],[-73.94441,40.79481],[-73.94348,40.79607],[-73.94188,40.79541]]]},"properties":{"dbn":"04M375","schooldist":"4.0","label":"375"}},
{"type":"Feature","geometry":{"type":"Polygon","coordinates":[[[-73.94695,40.79423],[-73.94603,40.79546],[-73.94556,40.79611],[-73.94879,40.79748],[-73.94923,40.79687],[-73.95111,40.79429],[-73.9479,40.79293],[-73.94695,40.79423]]]},"properties":{"dbn":"04M108","schooldist":"4.0","label":"108"}},
{"type":"Feature","geometry":{"type":"Polygon","coordinates":[[[-73.93286,40.79312],[-73.93019,40.79457],[-73.92929,40.79583],[-73.92902,40.79673],[-73.9289,40.80013],[-73.92902,40.80083],[-73.92923,40.80092],[-73.92994,40.80122],[-73.93012,40.80129],[-73.93022,40.80138],[-73.9312,40.80175],[-73.93177,40.80098],[-73.93356,40.80079],[-73.93422,40.79986],[-73.93297,40.79933],[-73.93399,40.79793],[-73.93591,40.79531],[-73.93636,40.7947],[-73.93286,40.79312]]]},"properties":{"dbn":"04M112,04M206","schooldist":"4.0","label":"112 (K-2), 206 (3-5)"}},
{"type":"Feature","geometry":{"type":"Polygon","coordinates":[[[-73.94243,40.79063],[-73.94369,40.79115],[-73.94468,40.79157],[-73.947,40.78838],[-73.9486,40.78906],[-73.94906,40.78843],[-73.94746,40.78775],[-73.9484,40.78646],[-73.94818,40.78576],[-73.94659,40.78494],[-73.94709,40.78424],[-73.94472,40.78325],[-73.94102,40.78832],[-73.9434,40.78931],[-73.94293,40.78995],[-73.94243,40.79063]]]},"properties":{"dbn":"04M038","schooldist":"4.0","label":"38"}},
{"type":"Feature","geometry":{"type":"Polygon","coordinates":[[[-73.94188,40.79541],[-73.94348,40.79607],[-73.94441,40.79481],[-73.94603,40.79546],[-73.94695,40.79423],[-73.94372,40.79287],[-73.94468,40.79157],[-73.94369,40.79115],[-73.94243,40.79063],[-73.94197,40.79127],[-73.94056,40.79319],[-73.94011,40.79382],[-73.94188,40.79541]]]},"properties":{"dbn":"04M083","schooldist":"4.0","label":"83"}},
{"type":"Feature","geometry":{"type":"Polygon","coordinates":[[[-73.93326,40.80724],[-73.93487,40.80653],[-73.93605,40.80681],[-73.93718,40.8076],[-73.93779,40.80745],[-73.94016,40.80845],[-73.94177,40.80709],[-73.94275,40.80574],[-73.9443,40.80639],[-73.94524,40.80514],[-73.94569,40.80451],[-73.94607,40.80397],[-73.94613,40.80388],[-73.9446,40.80323],[-73.94505,40.8026],[-73.94551,40.80197],[-73.94597,40.80134],[-73.94646,40.80067],[-73.94323,40.79931],[-73.94273,40.79998],[-73.94227,40.80061],[-73.93998,40.80375],[-73.93677,40.8024],[-73.93445,40.80142],[-73.93358,40.80275],[-73.9312,40.80175],[-73.93022,40.80138],[-73.93012,40.80129],[-73.92994,40.80122],[-73.92902,40.80083],[-73.9292,40.80114],[-73.92936,40.80173],[-73.93003,40.80306],[-73.93001,40.80337],[-73.93148,40.80533],[-73.93326,40.80724]]]},"properties":{"dbn":"05M030","schooldist":"5.0","label":"30"}},
{"type":"Feature","geometry":{"type":"Polygon","coordinates":[[[-73.97749,40.79449],[-73.97873,40.79496],[-73.98095,40.79187],[-73.9769,40.79019],[-73.97645,40.79081],[-73.97076,40.78842],[-73.97313,40.78517],[-73.9703,40.78398],[-73.9661,40.78973],[-73.96893,40.79093],[-73.97329,40.79277],[-73.97749,40.79449]]]},"properties":{"dbn":"03M084","schooldist":"3.0","label":"84"}},
{"type":"Feature","geometry":{"type":"Polygon","coordinates":[[[-73.93591,40.79531],[-73.93829,40.7963],[-73.93874,40.79568],[-73.93987,40.79616],[-73.94032,40.79556],[-73.94142,40.79603],[-73.94188,40.79541],[-73.94011,40.79382],[-73.93774,40.79282],[-73.9387,40.79148],[-73.93628,40.79047],[-73.93582,40.7911],[-73.93286,40.79312],[-73.93636,40.7947],[-73.93591,40.79531]]]},"properties":{"dbn":"04M102","schooldist":"4.0","label":"102"}},
{"type":"Feature","geometry":{"type":"Polygon","coordinates":[[[-73.93905,40.79926],[-73.94002,40.79795],[-73.94052,40.79726],[-73.9394,40.79678],[-73.93987,40.79616],[-73.93874,40.79568],[-73.93829,40.7963],[-73.93591,40.79531],[-73.93399,40.79793],[-73.93409,40.79807],[-73.93424,40.79845],[-73.93616,40.79894],[-73.93682,40.79831],[-73.93905,40.79926]]]},"properties":{"dbn":"04M155","schooldist":"4.0","label":"155"}},
{"type":"Feature","geometry":{"type":"Polygon","coordinates":[[[-73.9479,40.79293],[-73.95111,40.79429],[-73.95389,40.79047],[-73.95482,40.7892],[-73.95173,40.78791],[-73.95068,40.78911],[-73.94977,40.79037],[-73.94885,40.79162],[-73.9479,40.79293]]]},"properties":{"dbn":"04M171","schooldist":"4.0","label":"171"}},
{"type":"Feature","geometry":{"type":"Polygon","coordinates":[[[-73.93628,40.79047],[-73.9387,40.79148],[-73.93774,40.79282],[-73.94011,40.79382],[-73.94056,40.79319],[-73.94197,40.79127],[-73.94244,40.79062],[-73.94293,40.78995],[-73.9434,40.78931],[-73.94102,40.78832],[-73.94472,40.78325],[-73.94354,40.78288],[-73.94239,40.78394],[-73.93983,40.78526],[-73.93813,40.78717],[-73.93708,40.78937],[-73.93628,40.79047]]]},"properties":{"dbn":"04M146","schooldist":"4.0","label":"146"}},
{"type":"Feature","geometry":{"type":"Polygon","coordinates":[[[-73.94272,40.81157],[-73.94598,40.8071],[-73.9469,40.80584],[-73.94524,40.80514],[-73.9443,40.80639],[-73.94275,40.80574],[-73.94177,40.80709],[-73.94016,40.80845],[-73.93779,40.80745],[-73.93718,40.8076],[-73.93605,40.80681],[-73.93487,40.80653],[-73.93326,40.80724],[-73.93434,40.80956],[-73.93701,40.81071],[-73.93805,40.80976],[-73.93949,40.81021],[-73.94272,40.81157]]]},"properties":{"dbn":"05M133","schooldist":"5.0","label":"133"}},
{"type":"Feature","geometry":{"type":"Polygon","coordinates":[[[-73.94272,40.81157],[-73.94557,40.81275],[-73.94648,40.81151],[-73.95035,40.81316],[-73.95211,40.81143],[-73.95354,40.81205],[-73.95429,40.81099],[-73.95543,40.80943],[-73.95403,40.80885],[-73.95358,40.80948],[-73.95193,40.80865],[-73.94928,40.80767],[-73.94882,40.80829],[-73.94598,40.8071],[-73.94272,40.81157]]]},"properties":{"dbn":"05M154","schooldist":"5.0","label":"154"}},
{"type":"Feature","geometry":{"type":"Polygon","coordinates":[[[-73.95358,40.80948],[-73.95403,40.80885],[-73.95295,40.8084],[-73.95259,40.80824],[-73.94974,40.80704],[-73.94928,40.80767],[-73.95193,40.80865],[-73.95358,40.80948]]]},"properties":{"dbn":"03M076","schooldist":"3.0","label":"76"}},
{"type":"Feature","geometry":{"type":"Polygon","coordinates":[[[-73.94598,40.8071],[-73.94882,40.80829],[-73.94928,40.80767],[-73.94974,40.80704],[-73.9469,40.80584],[-73.94598,40.8071]]]},"properties":{"dbn":"03M242","schooldist":"3.0","label":"242"}},
{"type":"Feature","geometry":{"type":"Polygon","coordinates":[[[-73.9427,40.7684],[-73.94109,40.76942],[-73.94023,40.77077],[-73.94079,40.77241],[-73.94208,40.77205],[-73.94471,40.7698],[-73.94538,40.76876],[-73.94735,40.76648],[-73.94906,40.76425],[-73.95001,40.76362],[-73.95209,40.76088],[-73.95312,40.76005],[-73.95846,40.75393],[-73.95928,40.75329],[-73.96001,40.75181],[-73.96084,40.75103],[-73.95975,40.75066],[-73.95692,40.75296],[-73.9551,40.75479],[-73.95294,40.75666],[-73.95178,40.7584],[-73.94943,40.76055],[-73.9427,40.7684]]]},"properties":{"dbn":"02M217","schooldist":"2.0","label":"217"}},
{"type":"Feature","geometry":{"type":"Polygon","coordinates":[[[-73.93136,40.84166],[-73.93009,40.84462],[-73.92819,40.84742],[-73.92971,40.84812],[-73.93062,40.84848],[-73.93185,40.8468],[-73.93224,40.84626],[-73.93378,40.84676],[-73.93767,40.84839],[-73.93886,40.84468],[-73.93752,40.84414],[-73.9368,40.84427],[-73.93546,40.8437],[-73.93467,40.84296],[-73.93136,40.84166]]]},"properties":{"dbn":"06M115","schooldist":"6.0","label":"115"}},
{"type":"Feature","geometry":{"type":"Polygon","coordinates":[[[-73.93441,40.82625],[-73.93457,40.82854],[-73.93516,40.83272],[-73.93496,40.83468],[-73.93573,40.83516],[-73.93666,40.83445],[-73.93873,40.83274],[-73.94017,40.83038],[-73.93864,40.82974],[-73.93925,40.8283],[-73.93441,40.82625]]]},"properties":{"dbn":"05M046","schooldist":"5.0","label":"46"}},
{"type":"Feature","geometry":{"type":"Polygon","coordinates":[[[-73.93441,40.82625],[-73.93925,40.8283],[-73.94059,40.82641],[-73.94245,40.82721],[-73.94278,40.82734],[-73.94336,40.82596],[-73.94476,40.82403],[-73.9445,40.82344],[-73.94243,40.82266],[-73.94192,40.82284],[-73.93412,40.81955],[-73.93383,40.81952],[-73.93399,40.81975],[-73.93441,40.82625]]]},"properties":{"dbn":"05M200","schooldist":"5.0","label":"200"}},
{"type":"Feature","geometry":{"type":"Polygon","coordinates":[[[-73.93383,40.81952],[-73.93412,40.81955],[-73.94192,40.82284],[-73.94282,40.82093],[-73.94092,40.82015],[-73.94093,40.8191],[-73.94038,40.81968],[-73.93764,40.81851],[-73.93718,40.81914],[-73.93379,40.8177],[-73.93383,40.81952]]]},"properties":{"dbn":"05M194","schooldist":"5.0","label":"194"}},
{"type":"Feature","geometry":{"type":"Polygon","coordinates":[[[-73.94608,40.82126],[-73.9479,40.82174],[-73.9479,40.82326],[-73.95318,40.82548],[-73.95368,40.82531],[-73.95537,40.82593],[-73.95514,40.82633],[-73.95726,40.82712],[-73.95958,40.82364],[-73.95798,40.82277],[-73.95894,40.82157],[-73.95864,40.82158],[-73.95508,40.8201],[-73.9522,40.81895],[-73.94801,40.81712],[-73.94672,40.81989],[-73.94608,40.82126]]]},"properties":{"dbn":"06M192","schooldist":"6.0","label":"192"}},
{"type":"Feature","geometry":{"type":"Polygon","coordinates":[[[-73.9425,40.82804],[-73.94554,40.82891],[-73.94861,40.83021],[-73.94946,40.83096],[-73.95176,40.83185],[-73.95374,40.82889],[-73.95502,40.82744],[-73.95632,40.82796],[-73.95726,40.82712],[-73.95514,40.82633],[-73.95537,40.82593],[-73.95368,40.82531],[-73.95318,40.82548],[-73.9479,40.82326],[-73.9479,40.82174],[-73.94608,40.82126],[-73.94476,40.82403],[-73.94336,40.82596],[-73.94278,40.82734],[-73.9425,40.82804]]]},"properties":{"dbn":"06M153","schooldist":"6.0","label":"153"}},
{"type":"Feature","geometry":{"type":"Polygon","coordinates":[[[-73.93873,40.83274],[-73.94098,40.83394],[-73.94172,40.8337],[-73.944,40.83466],[-73.94531,40.83398],[-73.94557,40.83542],[-73.94692,40.8365],[-73.94795,40.83495],[-73.94977,40.83567],[-73.95019,40.83445],[-73.95176,40.83185],[-73.94946,40.83096],[-73.94861,40.83021],[-73.94554,40.82891],[-73.9425,40.82804],[-73.94245,40.82721],[-73.94059,40.82641],[-73.93925,40.8283],[-73.93864,40.82974],[-73.94017,40.83038],[-73.93873,40.83274]]]},"properties":{"dbn":"06M028","schooldist":"6.0","label":"28"}},
{"type":"Feature","geometry":{"type":"Polygon","coordinates":[[[-73.93666,40.83445],[-73.93989,40.83579],[-73.94362,40.8372],[-73.94588,40.83847],[-73.94664,40.83806],[-73.94881,40.83895],[-73.94977,40.83567],[-73.94795,40.83495],[-73.94692,40.8365],[-73.94557,40.83542],[-73.94531,40.83398],[-73.944,40.83466],[-73.94172,40.8337],[-73.94098,40.83394],[-73.93873,40.83274],[-73.93666,40.83445]]]},"properties":{"dbn":"06M004","schooldist":"6.0","label":"4"}},
{"type":"Feature","geometry":{"type":"Polygon","coordinates":[[[-73.93461,40.83568],[-73.93702,40.83647],[-73.93903,40.83882],[-73.93718,40.84135],[-73.93842,40.8429],[-73.94017,40.84052],[-73.94677,40.8429],[-73.94733,40.84206],[-73.94881,40.83895],[-73.94664,40.83806],[-73.94588,40.83847],[-73.94362,40.8372],[-73.93989,40.83579],[-73.93666,40.83445],[-73.93573,40.83516],[-73.93496,40.83468],[-73.93461,40.83568]]]},"properties":{"dbn":"06M128","schooldist":"6.0","label":"128"}},
{"type":"Feature","geometry":{"type":"Polygon","coordinates":[[[-73.93136,40.84166],[-73.93467,40.84296],[-73.93546,40.8437],[-73.9368,40.84427],[-73.93752,40.84414],[-73.93842,40.8429],[-73.93718,40.84135],[-73.93903,40.83882],[-73.93702,40.83647],[-73.93461,40.83568],[-73.93136,40.84166]]]},"properties":{"dbn":"06M008","schooldist":"6.0","label":"8"}},
{"type":"Feature","geometry":{"type":"Polygon","coordinates":[[[-73.94122,40.8514],[-73.94314,40.8526],[-73.94672,40.85083],[-73.94711,40.85032],[-73.94673,40.84899],[-73.94686,40.84706],[-73.94614,40.8448],[-73.94677,40.8429],[-73.94017,40.84052],[-73.93842,40.8429],[-73.93752,40.84414],[-73.93886,40.84468],[-73.93767,40.84839],[-73.93739,40.84865],[-73.93897,40.8493],[-73.93828,40.85091],[-73.93924,40.85118],[-73.93975,40.8513],[-73.9398,40.85131],[-73.93989,40.85132],[-73.94018,40.85133],[-73.94052,40.85132],[-73.94082,40.85132],[-73.94108,40.85135],[-73.94116,40.85138],[-73.94122,40.8514]]]},"properties":{"dbn":"06M173","schooldist":"6.0","label":"173"}},
{"type":"Feature","geometry":{"type":"Polygon","coordinates":[[[-73.92578,40.85089],[-73.92384,40.85368],[-73.92228,40.85566],[-73.92284,40.85636],[-73.92469,40.85664],[-73.92508,40.85796],[-73.92618,40.85815],[-73.92686,40.85777],[-73.92862,40.85797],[-73.93031,40.85773],[-73.9305,40.8573],[-73.93228,40.85627],[-73.92964,40.85491],[-73.932,40.8517],[-73.9292,40.85052],[-73.92815,40.85186],[-73.92578,40.85089]]]},"properties":{"dbn":"06M189","schooldist":"6.0","label":"189"}},
{"type":"Feature","geometry":{"type":"Polygon","coordinates":[[[-73.92734,40.86308],[-73.92848,40.86488],[-73.92927,40.86572],[-73.93138,40.86692],[-73.93207,40.86684],[-73.93222,40.86677],[-73.93324,40.86634],[-73.93701,40.86107],[-73.93305,40.85943],[-73.93422,40.85739],[-73.93426,40.85686],[-73.93309,40.85696],[-73.93228,40.85627],[-73.9305,40.8573],[-73.93031,40.85773],[-73.92862,40.85797],[-73.92686,40.85777],[-73.92618,40.85815],[-73.92508,40.85796],[-73.92469,40.85664],[-73.92284,40.85636],[-73.92296,40.85891],[-73.92601,40.86357],[-73.92692,40.86324],[-73.92734,40.86308]]]},"properties":{"dbn":"06M152","schooldist":"6.0","label":"152"}},
{"type":"Feature","geometry":{"type":"Polygon","coordinates":[[[-73.83537,40.68284],[-73.83429,40.68343],[-73.83512,40.68508],[-73.83595,40.68484],[-73.83718,40.6845],[-73.83816,40.6865],[-73.83906,40.68624],[-73.83992,40.68599],[-73.84074,40.68767],[-73.84159,40.68743],[-73.843,40.68704],[-73.84217,40.68535],[-73.84609,40.68424],[-73.84482,40.68163],[-73.84464,40.6807],[-73.84349,40.6805],[-73.84315,40.68059],[-73.84134,40.68092],[-73.83953,40.68126],[-73.8378,40.68167],[-73.83616,40.68242],[-73.83537,40.68284]]]},"properties":{"dbn":"27Q065","schooldist":"27.0","label":"65"}},
{"type":"Feature","geometry":{"type":"Polygon","coordinates":[[[-73.91545,40.86301],[-73.91484,40.86456],[-73.91374,40.86502],[-73.91253,40.86653],[-73.91106,40.86915],[-73.91059,40.87212],[-73.91158,40.87341],[-73.91525,40.87457],[-73.91731,40.87438],[-73.91886,40.87332],[-73.91876,40.87465],[-73.92088,40.8755],[-73.9207,40.87431],[-73.91995,40.8738],[-73.92033,40.87306],[-73.92206,40.87359],[-73.92262,40.87452],[-73.92243,40.87677],[-73.92308,40.87727],[-73.92477,40.87747],[-73.92748,40.87678],[-73.92906,40.8758],[-73.93114,40.87257],[-73.93201,40.87098],[-73.93211,40.86848],[-73.93324,40.86634],[-73.93222,40.86677],[-73.93207,40.86684],[-73.93138,40.86692],[-73.92927,40.86572],[-73.92848,40.86488],[-73.92734,40.86308],[-73.92692,40.86324],[-73.92601,40.86357],[-73.92,40.8658],[-73.91913,40.86453],[-73.91545,40.86301]]]},"properties":{"dbn":"06M018,06M098,06M278","schooldist":"6.0","label":"18, 98, 278"}},
{"type":"Feature","geometry":{"type":"Polygon","coordinates":[[[-73.99705,40.60623],[-73.99859,40.60716],[-73.99867,40.60766],[-74.00065,40.60886],[-74.00264,40.60726],[-74.0034,40.60771],[-74.00824,40.60306],[-74.00592,40.60184],[-74.00514,40.60143],[-74.00385,40.60267],[-74.00046,40.60593],[-73.99825,40.60461],[-73.99704,40.60577],[-73.99705,40.60623]]]},"properties":{"dbn":"20K748","schooldist":"20.0","label":"748"}},
{"type":"Feature","geometry":{"type":"Polygon","coordinates":[[[-73.91545,40.86301],[-73.91913,40.86453],[-73.92,40.8658],[-73.92601,40.86357],[-73.92537,40.86258],[-73.92474,40.86159],[-73.92296,40.85891],[-73.92284,40.85636],[-73.92232,40.85623],[-73.92013,40.85867],[-73.91951,40.85878],[-73.91713,40.86183],[-73.91545,40.86301]]]},"properties":{"dbn":"06M005","schooldist":"6.0","label":"5"}},
{"type":"Feature","geometry":{"type":"Polygon","coordinates":[[[-73.7691,40.677],[-73.77095,40.67533],[-73.77391,40.67482],[-73.77606,40.6739],[-73.77365,40.6707],[-73.77109,40.66739],[-73.76513,40.66675],[-73.76388,40.66938],[-73.76355,40.67077],[-73.76435,40.67185],[-73.7638,40.67378],[-73.76562,40.67478],[-73.76837,40.67655],[-73.7691,40.677]]]},"properties":{"dbn":"28Q080","schooldist":"28.0","label":"80"}},
{"type":"Feature","geometry":{"type":"Polygon","coordinates":[[[-73.93828,40.85091],[-73.93689,40.85093],[-73.93654,40.85261],[-73.93586,40.85322],[-73.93581,40.85408],[-73.93426,40.85686],[-73.93422,40.85739],[-73.93305,40.85943],[-73.93701,40.86107],[-73.93929,40.85784],[-73.94026,40.85677],[-73.9418,40.85408],[-73.94314,40.8526],[-73.94122,40.8514],[-73.94116,40.85138],[-73.94108,40.85135],[-73.94082,40.85132],[-73.94052,40.85132],[-73.94018,40.85133],[-73.93989,40.85132],[-73.9398,40.85131],[-73.93975,40.8513],[-73.93924,40.85118],[-73.93828,40.85091]]]},"properties":{"dbn":"06M187","schooldist":"6.0","label":"187"}},
{"type":"Feature","geometry":{"type":"Polygon","coordinates":[[[-73.932,40.8517],[-73.92964,40.85491],[-73.93228,40.85627],[-73.93309,40.85696],[-73.93426,40.85686],[-73.93581,40.85408],[-73.93586,40.85322],[-73.93654,40.85261],[-73.93243,40.8511],[-73.932,40.8517]]]},"properties":{"dbn":"06M048","schooldist":"6.0","label":"48"}},
{"type":"Feature","geometry":{"type":"Polygon","coordinates":[[[-73.94595,40.75764],[-73.94598,40.75765],[-73.94601,40.75762],[-73.94595,40.75764]]]},"properties":{"dbn":"30Q076","schooldist":"30.0","label":"76"}},
{"type":"Feature","geometry":{"type":"Polygon","coordinates":[[[-73.932,40.8517],[-73.93243,40.8511],[-73.93654,40.85261],[-73.93689,40.85093],[-73.93828,40.85091],[-73.93897,40.8493],[-73.93739,40.84865],[-73.93767,40.84839],[-73.93378,40.84676],[-73.93224,40.84626],[-73.93185,40.8468],[-73.93116,40.84774],[-73.93088,40.84812],[-73.93062,40.84848],[-73.92971,40.84812],[-73.92819,40.84742],[-73.92578,40.85089],[-73.92815,40.85186],[-73.9292,40.85052],[-73.932,40.8517]]]},"properties":{"dbn":"06M132,06M103","schooldist":"6.0","label":"103, 132"}},
{"type":"Feature","geometry":{"type":"Polygon","coordinates":[[[-74.00326,40.72038],[-74.00351,40.72056],[-74.00967,40.71272],[-74.01167,40.70969],[-74.01054,40.70915],[-74.00966,40.70876],[-74.00937,40.70861],[-74.00774,40.71022],[-74.00551,40.70909],[-74.00309,40.71105],[-74.00486,40.71245],[-74.0036,40.71365],[-74.00303,40.71559],[-74.00208,40.71673],[-74.00292,40.71715],[-74.00127,40.71896],[-74.0026,40.7199],[-74.00326,40.72038]]]},"properties":{"dbn":"02M397","schooldist":"2.0","label":"397"}},
{"type":"Feature","geometry":{"type":"Polygon","coordinates":[[[-74.01446,40.71091],[-74.01282,40.71736],[-74.0116,40.72298],[-74.01115,40.72578],[-74.0152,40.72636],[-74.01682,40.71814],[-74.01786,40.71236],[-74.01662,40.71216],[-74.01446,40.71091]]]},"properties":{"dbn":"02M089","schooldist":"2.0","label":"89"}},
{"type":"Feature","geometry":{"type":"Polygon","coordinates":[[[-73.98781,40.78194],[-73.98889,40.77988],[-73.98709,40.77916],[-73.98741,40.77852],[-73.98571,40.77811],[-73.98863,40.77412],[-73.98764,40.77369],[-73.98582,40.77287],[-73.98397,40.77543],[-73.98422,40.77591],[-73.98317,40.77729],[-73.98258,40.7773],[-73.97691,40.77491],[-73.97596,40.77622],[-73.97679,40.77657],[-73.98162,40.77861],[-73.98163,40.7795],[-73.98537,40.78108],[-73.98781,40.78194]]]},"properties":{"dbn":"03M199","schooldist":"3.0","label":"199"}},
{"type":"Feature","geometry":{"type":"Polygon","coordinates":[[[-73.9459,40.75768],[-73.94594,40.7577],[-73.94598,40.75765],[-73.94595,40.75764],[-73.9459,40.75768]]]},"properties":{"dbn":"30Q111","schooldist":"30.0","label":"111"}},
{"type":"Feature","geometry":{"type":"Polygon","coordinates":[[[-73.94594,40.7577],[-73.9459,40.75768],[-73.94583,40.75781],[-73.94594,40.7577]]]},"properties":{"dbn":"30Q076","schooldist":"30.0","label":"76"}},
{"type":"Feature","geometry":{"type":"Polygon","coordinates":[[[-73.98945,40.73599],[-73.98782,40.73529],[-73.98621,40.73462],[-73.98579,40.7352],[-73.98435,40.7346],[-73.98279,40.73393],[-73.98106,40.73321],[-73.98126,40.73294],[-73.98143,40.73259],[-73.9801,40.73229],[-73.97997,40.7324],[-73.97936,40.73301],[-73.97784,40.73301],[-73.97843,40.73156],[-73.97699,40.7315],[-73.97564,40.73123],[-73.97399,40.73097],[-73.97335,40.7312],[-73.97418,40.73428],[-73.97399,40.73497],[-73.97511,40.73544],[-73.97508,40.73661],[-73.97442,40.73767],[-73.97951,40.73978],[-73.98042,40.73855],[-73.98091,40.73789],[-73.98636,40.74018],[-73.98945,40.73599]]]},"properties":{"dbn":"02M040","schooldist":"2.0","label":"40"}},
{"type":"Feature","geometry":{"type":"Polygon","coordinates":[[[-73.97951,40.73978],[-73.9708,40.75175],[-73.96989,40.753],[-73.97857,40.75665],[-73.9804,40.75415],[-73.98094,40.75341],[-73.98456,40.74844],[-73.98819,40.74345],[-73.98932,40.74191],[-73.98937,40.74146],[-73.98636,40.74018],[-73.98091,40.73789],[-73.98042,40.73855],[-73.97951,40.73978]]]},"properties":{"dbn":"02M116","schooldist":"2.0","label":"116"}},
{"type":"Feature","geometry":{"type":"Polygon","coordinates":[[[-73.95543,40.80943],[-73.95429,40.81099],[-73.9582,40.81558],[-73.96132,40.81889],[-73.96417,40.81578],[-73.96534,40.81394],[-73.96302,40.81262],[-73.95543,40.80943]]]},"properties":{"dbn":"05M036,05M125","schooldist":"5.0","label":"36, 125"}},
{"type":"Feature","geometry":{"type":"Polygon","coordinates":[[[-73.97812,40.75728],[-73.99817,40.76573],[-73.99806,40.76588],[-74.00137,40.76727],[-74.0016,40.76697],[-73.99826,40.76555],[-73.99888,40.76458],[-74.00204,40.76591],[-74.0023,40.76555],[-73.99914,40.7642],[-73.99987,40.76338],[-74.00096,40.76341],[-74.00237,40.76152],[-74.00314,40.76108],[-74.0045,40.75909],[-74.0065,40.75992],[-74.00703,40.75917],[-74.00505,40.75833],[-74.00549,40.75725],[-73.9976,40.75393],[-73.99346,40.75219],[-73.98456,40.74844],[-73.98094,40.75341],[-73.9804,40.75415],[-73.97857,40.75665],[-73.97812,40.75728]]]},"properties":{"dbn":"02M051","schooldist":"2.0","label":"51"}},
{"type":"Feature","geometry":{"type":"Polygon","coordinates":[[[-73.94192,40.82284],[-73.94243,40.82266],[-73.9445,40.82344],[-73.94476,40.82403],[-73.94608,40.82126],[-73.94672,40.81989],[-73.94801,40.81712],[-73.94836,40.81637],[-73.94703,40.81583],[-73.94605,40.81717],[-73.94365,40.81634],[-73.94321,40.81598],[-73.94275,40.8166],[-73.94093,40.8191],[-73.94092,40.82015],[-73.94282,40.82093],[-73.94192,40.82284]]]},"properties":{"dbn":"05M123","schooldist":"5.0","label":"123"}},
{"type":"Feature","geometry":{"type":"Polygon","coordinates":[[[-73.93434,40.80956],[-73.93394,40.81336],[-73.93379,40.8177],[-73.93718,40.81914],[-73.93764,40.81851],[-73.94086,40.81411],[-73.93762,40.81274],[-73.93949,40.81021],[-73.93805,40.80976],[-73.93701,40.81071],[-73.93434,40.80956]]]},"properties":{"dbn":"05M197","schooldist":"5.0","label":"197"}},
{"type":"Feature","geometry":{"type":"Polygon","coordinates":[[[-73.98878,40.77091],[-73.99394,40.77318],[-73.99477,40.77193],[-73.99691,40.77283],[-73.99711,40.77255],[-73.99498,40.77166],[-73.99631,40.7698],[-73.99875,40.77082],[-73.99902,40.77046],[-73.99659,40.76944],[-73.99707,40.76875],[-73.99952,40.76979],[-73.99975,40.76948],[-73.99645,40.7681],[-73.99715,40.76712],[-74.00045,40.76853],[-74.00068,40.76821],[-73.99737,40.76684],[-73.99806,40.76588],[-73.99817,40.76573],[-73.97812,40.75728],[-73.97397,40.76297],[-73.97347,40.76366],[-73.97301,40.76428],[-73.97364,40.76457],[-73.97908,40.76688],[-73.98204,40.76841],[-73.98222,40.76896],[-73.98715,40.77105],[-73.98762,40.77042],[-73.98878,40.77091]]]},"properties":{"dbn":"02M111","schooldist":"2.0","label":"111"}},
{"type":"Feature","geometry":{"type":"Polygon","coordinates":[[[-73.96635,40.74986],[-73.96164,40.75516],[-73.96075,40.75585],[-73.95934,40.75769],[-73.97187,40.76296],[-73.97347,40.76366],[-73.97397,40.76297],[-73.97812,40.75728],[-73.97857,40.75665],[-73.96989,40.753],[-73.9708,40.75175],[-73.96635,40.74986]]]},"properties":{"dbn":"02M059","schooldist":"2.0","label":"59"}},
{"type":"Feature","geometry":{"type":"Polygon","coordinates":[[[-73.97357,40.77948],[-73.97642,40.78065],[-73.97548,40.78195],[-73.98009,40.78389],[-73.97957,40.78457],[-73.9846,40.78666],[-73.98781,40.78194],[-73.98537,40.78108],[-73.98163,40.7795],[-73.98162,40.77861],[-73.97679,40.77657],[-73.97546,40.7769],[-73.97357,40.77948]]]},"properties":{"dbn":"03M087","schooldist":"3.0","label":"87"}},
{"type":"Feature","geometry":{"type":"Polygon","coordinates":[[[-73.97313,40.78517],[-73.97769,40.78709],[-73.97816,40.78646],[-73.98331,40.78847],[-73.9846,40.78666],[-73.97957,40.78457],[-73.98009,40.78389],[-73.97548,40.78195],[-73.97642,40.78065],[-73.97357,40.77948],[-73.9703,40.78398],[-73.97313,40.78517]]]},"properties":{"dbn":"03M009","schooldist":"3.0","label":"9"}},
{"type":"Feature","geometry":{"type":"Polygon","coordinates":[[[-73.97313,40.78517],[-73.97076,40.78842],[-73.97645,40.79081],[-73.9769,40.79019],[-73.98095,40.79187],[-73.98331,40.78847],[-73.97816,40.78646],[-73.97769,40.78709],[-73.97313,40.78517]]]},"properties":{"dbn":"03M166","schooldist":"3.0","label":"166"}},
{"type":"Feature","geometry":{"type":"Polygon","coordinates":[[[-73.93764,40.81851],[-73.94038,40.81968],[-73.94093,40.8191],[-73.94275,40.8166],[-73.94321,40.81598],[-73.94365,40.81634],[-73.94605,40.81717],[-73.94703,40.81583],[-73.94419,40.81463],[-73.9451,40.81339],[-73.94557,40.81275],[-73.94272,40.81157],[-73.93949,40.81021],[-73.93762,40.81274],[-73.94086,40.81411],[-73.93764,40.81851]]]},"properties":{"dbn":"05M175","schooldist":"5.0","label":"175"}},
{"type":"Feature","geometry":{"type":"Polygon","coordinates":[[[-73.94703,40.81583],[-73.94836,40.81637],[-73.94943,40.81437],[-73.95035,40.81316],[-73.94648,40.81151],[-73.94557,40.81275],[-73.9451,40.81339],[-73.94419,40.81463],[-73.94703,40.81583]]]},"properties":{"dbn":"05M092","schooldist":"5.0","label":"92"}},
{"type":"Feature","geometry":{"type":"Polygon","coordinates":[[[-73.95508,40.8201],[-73.95864,40.82158],[-73.95894,40.82157],[-73.96047,40.81986],[-73.95648,40.81817],[-73.95783,40.81632],[-73.955,40.81511],[-73.95409,40.81636],[-73.94943,40.81437],[-73.94836,40.81637],[-73.94801,40.81712],[-73.9522,40.81895],[-73.95508,40.8201]]]},"properties":{"dbn":"05M161","schooldist":"5.0","label":"161"}},
{"type":"Feature","geometry":{"type":"Polygon","coordinates":[[[-73.85806,40.68408],[-73.86194,40.68299],[-73.86257,40.68425],[-73.86533,40.68346],[-73.8655,40.68342],[-73.8663,40.68319],[-73.86603,40.68192],[-73.8641,40.68237],[-73.86379,40.68111],[-73.86136,40.6818],[-73.86053,40.68013],[-73.85198,40.68256],[-73.85806,40.68408]]]},"properties":{"dbn":"27Q064","schooldist":"27.0","label":"64"}},
{"type":"Feature","geometry":{"type":"Polygon","coordinates":[[[-73.94943,40.81437],[-73.95409,40.81636],[-73.955,40.81511],[-73.95783,40.81632],[-73.95648,40.81817],[-73.96047,40.81986],[-73.96132,40.81889],[-73.9582,40.81558],[-73.95429,40.81099],[-73.95354,40.81205],[-73.95211,40.81143],[-73.95035,40.81316],[-73.94943,40.81437]]]},"properties":{"dbn":"05M129","schooldist":"5.0","label":"129"}},
{"type":"Feature","geometry":{"type":"Polygon","coordinates":[[[-74.01356,40.70094],[-74.01443,40.70315],[-74.01397,40.70502],[-74.01085,40.7088],[-74.01054,40.70915],[-74.01167,40.70969],[-74.01446,40.71091],[-74.01662,40.71216],[-74.01786,40.71236],[-74.01935,40.70608],[-74.01892,40.70474],[-74.0175,40.70437],[-74.01738,40.70298],[-74.01524,40.70094],[-74.01417,40.70058],[-74.01356,40.70094]]]},"properties":{"dbn":"02M276","schooldist":"2.0","label":"276"}},
{"type":"Feature","geometry":{"type":"Polygon","coordinates":[[[-74.00351,40.72056],[-74.01004,40.72521],[-74.01115,40.72578],[-74.0116,40.72298],[-74.01282,40.71736],[-74.01446,40.71091],[-74.01167,40.70969],[-74.00967,40.71272],[-74.00351,40.72056]]]},"properties":{"dbn":"02M234","schooldist":"2.0","label":"234"}},
{"type":"Feature","geometry":{"type":"Polygon","coordinates":[[[-73.96466,40.79679],[-73.96625,40.79734],[-73.97042,40.79907],[-73.97088,40.79844],[-73.97509,40.80019],[-73.97873,40.79496],[-73.97749,40.79449],[-73.97329,40.79277],[-73.96893,40.79093],[-73.96753,40.79286],[-73.97189,40.7947],[-73.97001,40.79726],[-73.96576,40.79563],[-73.96466,40.79679]]]},"properties":{"dbn":"03M075","schooldist":"3.0","label":"75"}},
{"type":"Feature","geometry":{"type":"Polygon","coordinates":[[[-73.84423,40.58161],[-73.84517,40.58157],[-73.84852,40.58218],[-73.8505,40.58212],[-73.85307,40.58126],[-73.8573,40.57907],[-73.86326,40.57585],[-73.86749,40.57371],[-73.87639,40.56932],[-73.87803,40.56871],[-73.8796,40.56859],[-73.88147,40.56876],[-73.88445,40.56787],[-73.88474,40.56856],[-73.88681,40.56839],[-73.88891,40.56793],[-73.89272,40.56872],[-73.89558,40.56687],[-73.89593,40.56559],[-73.89738,40.56473],[-73.90028,40.56356],[-73.902,40.56315],[-73.90275,40.56357],[-73.90459,40.563],[-73.90658,40.56324],[-73.90787,40.56414],[-73.9094,40.5642],[-73.91037,40.56516],[-73.91163,40.56522],[-73.91464,40.56438],[-73.91507,40.56382],[-73.91711,40.56274],[-73.91951,40.56215],[-73.92318,40.56212],[-73.92517,40.56191],[-73.92705,40.56092],[-73.92909,40.55926],[-73.93179,40.55771],[-73.93386,40.55711],[-73.93503,40.55765],[-73.93643,40.5574],[-73.93829,40.55607],[-73.93941,40.55477],[-73.94027,40.5526],[-73.94011,40.55001],[-73.94016,40.54772],[-73.94068,40.54161],[-73.93649,40.54403],[-73.92222,40.54996],[-73.91102,40.55437],[-73.90354,40.5567],[-73.90052,40.5565],[-73.89711,40.55677],[-73.89122,40.55819],[-73.87987,40.56167],[-73.8726,40.564],[-73.86842,40.56545],[-73.86313,40.56694],[-73.86275,40.56653],[-73.85912,40.56814],[-73.84342,40.57417],[-73.84043,40.57504],[-73.84423,40.58161]]]},"properties":{"dbn":"27Q114","schooldist":"27.0","label":"114"}},
{"type":"Feature","geometry":{"type":"Polygon","coordinates":[[[-73.80342,40.59488],[-73.80372,40.59452],[-73.80607,40.5956],[-73.80704,40.59537],[-73.80789,40.59427],[-73.80742,40.59317],[-73.80415,40.59184],[-73.80427,40.59128],[-73.80693,40.5923],[-73.809,40.59334],[-73.80992,40.59227],[-73.81156,40.59195],[-73.81224,40.59132],[-73.81402,40.59062],[-73.81853,40.58835],[-73.81638,40.58491],[-73.8157,40.58383],[-73.81496,40.58286],[-73.81091,40.58386],[-73.81075,40.58346],[-73.80667,40.58448],[-73.7954,40.58635],[-73.79569,40.58782],[-73.79615,40.59285],[-73.79812,40.59273],[-73.79834,40.59482],[-73.8031,40.59456],[-73.80342,40.59488]]]},"properties":{"dbn":"27Q183","schooldist":"27.0","label":"183"}},
{"type":"Feature","geometry":{"type":"Polygon","coordinates":[[[-73.91103,40.69953],[-73.90685,40.69716],[-73.90478,40.69918],[-73.90384,40.69842],[-73.90336,40.69844],[-73.90141,40.70049],[-73.90367,40.70041],[-73.90419,40.70074],[-73.90547,40.70149],[-73.90621,40.70193],[-73.90631,40.70242],[-73.90572,40.70299],[-73.90566,40.70306],[-73.90602,40.70328],[-73.90705,40.70343],[-73.9075,40.70312],[-73.90788,40.70276],[-73.90835,40.70275],[-73.90973,40.70094],[-73.90966,40.70088],[-73.90994,40.70061],[-73.91103,40.69953]]]},"properties":{"dbn":"24Q239","schooldist":"24.0","label":"239"}},
{"type":"Feature","geometry":{"type":"Polygon","coordinates":[[[-73.94738,40.75629],[-73.94742,40.75631],[-73.94766,40.75606],[-73.94738,40.75629]]]},"properties":{"dbn":"30Q111,30Q150","schooldist":"30.0","label":"111 (K-5), 150 (1-5)"}},
{"type":"Feature","geometry":{"type":"Polygon","coordinates":[[[-73.83998,40.66198],[-73.8407,40.66252],[-73.84158,40.66607],[-73.8454,40.66447],[-73.84885,40.66285],[-73.85269,40.66054],[-73.85721,40.65699],[-73.8597,40.65523],[-73.85815,40.65289],[-73.85669,40.65276],[-73.85634,40.65145],[-73.8533,40.65053],[-73.85223,40.65052],[-73.85028,40.65153],[-73.84924,40.65114],[-73.85056,40.65032],[-73.85096,40.64917],[-73.85183,40.64888],[-73.85269,40.64763],[-73.85228,40.64614],[-73.8501,40.64447],[-73.84871,40.64409],[-73.84069,40.64481],[-73.83678,40.64523],[-73.83582,40.64546],[-73.83832,40.65511],[-73.83998,40.66198]]]},"properties":{"dbn":"27Q207","schooldist":"27.0","label":"207"}},
{"type":"Feature","geometry":{"type":"Polygon","coordinates":[[[-73.84794,40.67005],[-73.85112,40.67108],[-73.85525,40.67046],[-73.85575,40.67199],[-73.85694,40.67315],[-73.86113,40.67453],[-73.86039,40.67127],[-73.85763,40.67166],[-73.85568,40.66387],[-73.85666,40.66364],[-73.85709,40.66283],[-73.85811,40.66202],[-73.8576,40.66007],[-73.86036,40.65965],[-73.86175,40.65894],[-73.86163,40.65659],[-73.8597,40.65523],[-73.85721,40.65699],[-73.85269,40.66054],[-73.84885,40.66285],[-73.8454,40.66447],[-73.84158,40.66607],[-73.84223,40.66858],[-73.84332,40.66891],[-73.84377,40.66904],[-73.84488,40.66924],[-73.84633,40.66955],[-73.84794,40.67005]]]},"properties":{"dbn":"27Q232","schooldist":"27.0","label":"232"}},
{"type":"Feature","geometry":{"type":"Polygon","coordinates":[[[-73.88452,40.68668],[-73.88378,40.68786],[-73.87951,40.69115],[-73.88114,40.6914],[-73.88268,40.69232],[-73.88466,40.69399],[-73.88616,40.69621],[-73.88681,40.69667],[-73.89202,40.69547],[-73.89289,40.69774],[-73.89335,40.70089],[-73.89384,40.70086],[-73.89798,40.70052],[-73.9002,40.7005],[-73.90141,40.70049],[-73.90336,40.69844],[-73.90384,40.69842],[-73.90478,40.69918],[-73.90685,40.69716],[-73.90652,40.69698],[-73.90426,40.6957],[-73.9058,40.69413],[-73.90124,40.69144],[-73.9019,40.69108],[-73.90042,40.68818],[-73.90116,40.68788],[-73.89647,40.68233],[-73.89555,40.68379],[-73.89447,40.68498],[-73.89268,40.68237],[-73.89197,40.68274],[-73.89267,40.68358],[-73.89024,40.68511],[-73.88955,40.68412],[-73.88808,40.68529],[-73.88452,40.68668]]]},"properties":{"dbn":"24Q068","schooldist":"24.0","label":"68"}},
{"type":"Feature","geometry":{"type":"Polygon","coordinates":[[[-73.86762,40.68915],[-73.86335,40.6897],[-73.86166,40.69005],[-73.86215,40.69215],[-73.85817,40.69257],[-73.85928,40.69655],[-73.86842,40.69472],[-73.86859,40.69388],[-73.86806,40.69118],[-73.86762,40.68915]]]},"properties":{"dbn":"27Q097","schooldist":"27.0","label":"97"}},
{"type":"Feature","geometry":{"type":"Polygon","coordinates":[[[-73.84618,40.69331],[-73.84696,40.69493],[-73.84598,40.69543],[-73.84742,40.69857],[-73.8479,40.6986],[-73.85184,40.69768],[-73.85657,40.69706],[-73.85928,40.69655],[-73.85817,40.69257],[-73.85752,40.69083],[-73.85578,40.6912],[-73.85631,40.69268],[-73.85468,40.69283],[-73.85216,40.69366],[-73.85088,40.69125],[-73.84836,40.69196],[-73.84765,40.69052],[-73.84524,40.69137],[-73.84618,40.69331]]]},"properties":{"dbn":"27Q254","schooldist":"27.0","label":"254"}},
{"type":"Feature","geometry":{"type":"Polygon","coordinates":[[[-73.84266,40.69357],[-73.84006,40.69431],[-73.8405,40.69536],[-73.84008,40.6958],[-73.84092,40.69748],[-73.84066,40.69793],[-73.83892,40.69843],[-73.84021,40.70094],[-73.84156,40.7011],[-73.84257,40.70075],[-73.84294,40.70055],[-73.84502,40.69936],[-73.847,40.69883],[-73.84742,40.69857],[-73.84598,40.69543],[-73.84696,40.69493],[-73.84618,40.69331],[-73.84297,40.69422],[-73.84266,40.69357]]]},"properties":{"dbn":"27Q066","schooldist":"27.0","label":"66"}},
{"type":"Feature","geometry":{"type":"Polygon","coordinates":[[[-73.84494,40.67508],[-73.8433,40.67531],[-73.84352,40.67604],[-73.84372,40.67674],[-73.84412,40.67804],[-73.84464,40.6807],[-73.84482,40.68163],[-73.84609,40.68424],[-73.84854,40.68354],[-73.85198,40.68256],[-73.86053,40.68013],[-73.86136,40.6818],[-73.86379,40.68111],[-73.86329,40.67908],[-73.86235,40.67916],[-73.86113,40.67453],[-73.85694,40.67315],[-73.85575,40.67199],[-73.85525,40.67046],[-73.85112,40.67108],[-73.84794,40.67005],[-73.84793,40.67307],[-73.84779,40.67388],[-73.84639,40.67332],[-73.84494,40.67508]]]},"properties":{"dbn":"27Q063","schooldist":"27.0","label":"63"}},
{"type":"Feature","geometry":{"type":"Polygon","coordinates":[[[-73.84266,40.69357],[-73.84297,40.69422],[-73.84618,40.69331],[-73.84524,40.69137],[-73.84765,40.69052],[-73.85007,40.68984],[-73.84883,40.68815],[-73.85056,40.68766],[-73.84854,40.68354],[-73.84609,40.68424],[-73.84217,40.68535],[-73.843,40.68704],[-73.84419,40.68947],[-73.84281,40.68987],[-73.84407,40.69244],[-73.84234,40.69293],[-73.84266,40.69357]]]},"properties":{"dbn":"27Q273","schooldist":"27.0","label":"273"}},
{"type":"Feature","geometry":{"type":"Polygon","coordinates":[[[-73.93475,40.75196],[-73.93279,40.75419],[-73.9293,40.7585],[-73.9301,40.75888],[-73.92885,40.76042],[-73.93398,40.76283],[-73.93539,40.76135],[-73.93679,40.75988],[-73.93588,40.75946],[-73.94287,40.75186],[-73.93787,40.7498],[-73.93561,40.75228],[-73.93475,40.75196]]]},"properties":{"dbn":"30Q112","schooldist":"30.0","label":"112"}},
{"type":"Feature","geometry":{"type":"Polygon","coordinates":[[[-73.80865,40.68846],[-73.81063,40.69195],[-73.81272,40.69141],[-73.81555,40.6896],[-73.81763,40.68877],[-73.81906,40.68964],[-73.82189,40.68884],[-73.82119,40.6874],[-73.82079,40.68755],[-73.81973,40.68538],[-73.81868,40.68325],[-73.81781,40.68151],[-73.81695,40.67976],[-73.81162,40.68127],[-73.81247,40.68302],[-73.80661,40.68468],[-73.80865,40.68846]]]},"properties":{"dbn":"28Q121","schooldist":"28.0","label":"121"}},
{"type":"Feature","geometry":{"type":"Polygon","coordinates":[[[-73.80051,40.69377],[-73.80237,40.69787],[-73.80277,40.69911],[-73.80375,40.70065],[-73.80571,40.70006],[-73.81023,40.69883],[-73.81415,40.69804],[-73.81245,40.6952],[-73.81428,40.69468],[-73.81272,40.69141],[-73.81063,40.69195],[-73.80865,40.68846],[-73.80673,40.69013],[-73.80569,40.68942],[-73.80051,40.69377]]]},"properties":{"dbn":"28Q050","schooldist":"28.0","label":"50"}},
{"type":"Feature","geometry":{"type":"Polygon","coordinates":[[[-73.79391,40.6863],[-73.7961,40.68928],[-73.79828,40.69193],[-73.79975,40.69335],[-73.80051,40.69377],[-73.80569,40.68942],[-73.80673,40.69013],[-73.80865,40.68846],[-73.80661,40.68468],[-73.80577,40.68293],[-73.80169,40.68409],[-73.79986,40.68461],[-73.7981,40.68511],[-73.79724,40.68377],[-73.79637,40.68361],[-73.79636,40.68402],[-73.79334,40.68488],[-73.79391,40.6863]]]},"properties":{"dbn":"28Q160","schooldist":"28.0","label":"160"}},
{"type":"Feature","geometry":{"type":"Polygon","coordinates":[[[-73.78349,40.69658],[-73.78487,40.69752],[-73.7869,40.69839],[-73.7905,40.70179],[-73.79116,40.70229],[-73.79194,40.70325],[-73.79247,40.70393],[-73.79352,40.70368],[-73.79695,40.70279],[-73.79825,40.70253],[-73.79904,40.70238],[-73.79648,40.69869],[-73.79668,40.69747],[-73.7962,40.69692],[-73.79138,40.69029],[-73.79203,40.69001],[-73.79038,40.68775],[-73.7858,40.689],[-73.78893,40.6934],[-73.78754,40.69455],[-73.78603,40.69496],[-73.78349,40.69658]]]},"properties":{"dbn":"28Q040,28Q312","schooldist":"28.0","label":"40, 312"}},
{"type":"Feature","geometry":{"type":"Polygon","coordinates":[[[-73.79038,40.68775],[-73.79203,40.69001],[-73.79138,40.69029],[-73.7962,40.69692],[-73.79668,40.69747],[-73.79648,40.69869],[-73.79904,40.70238],[-73.80375,40.70065],[-73.80277,40.69911],[-73.80237,40.69787],[-73.80051,40.69377],[-73.79975,40.69335],[-73.79828,40.69193],[-73.7961,40.68928],[-73.79391,40.6863],[-73.79038,40.68775]]]},"properties":{"dbn":"28Q048","schooldist":"28.0","label":"48"}},
{"type":"Feature","geometry":{"type":"Polygon","coordinates":[[[-73.76289,40.68602],[-73.76669,40.68542],[-73.76907,40.68477],[-73.76974,40.68378],[-73.7724,40.68528],[-73.77448,40.68673],[-73.77812,40.68374],[-73.77618,40.68257],[-73.78105,40.68091],[-73.78083,40.68053],[-73.78009,40.67926],[-73.77606,40.6739],[-73.77391,40.67482],[-73.77095,40.67533],[-73.7691,40.677],[-73.77347,40.67972],[-73.77104,40.67938],[-73.76686,40.68006],[-73.76658,40.67978],[-73.76329,40.68052],[-73.76096,40.68328],[-73.76289,40.68602]]]},"properties":{"dbn":"28Q354","schooldist":"28.0","label":"354"}},
{"type":"Feature","geometry":{"type":"Polygon","coordinates":[[[-73.78024,40.69297],[-73.78277,40.696],[-73.78349,40.69658],[-73.78603,40.69496],[-73.78754,40.69455],[-73.78893,40.6934],[-73.7858,40.689],[-73.79038,40.68775],[-73.78959,40.68698],[-73.78492,40.68413],[-73.78468,40.68372],[-73.78487,40.68289],[-73.78434,40.67933],[-73.78083,40.68053],[-73.78105,40.68091],[-73.77618,40.68257],[-73.77812,40.68374],[-73.77448,40.68673],[-73.77662,40.68836],[-73.78024,40.69297]]]},"properties":{"dbn":"28Q140","schooldist":"28.0","label":"140"}},
{"type":"Feature","geometry":{"type":"Polygon","coordinates":[[[-73.8208,40.69614],[-73.81947,40.69681],[-73.81415,40.69804],[-73.81552,40.70061],[-73.8171,40.70403],[-73.82271,40.70362],[-73.82795,40.70229],[-73.82747,40.70064],[-73.82631,40.69826],[-73.82715,40.69802],[-73.82605,40.69577],[-73.82588,40.69453],[-73.8211,40.69582],[-73.8208,40.69614]]]},"properties":{"dbn":"28Q054","schooldist":"28.0","label":"54"}},
{"type":"Feature","geometry":{"type":"Polygon","coordinates":[[[-73.94577,40.75546],[-73.94583,40.7555],[-73.94586,40.75547],[-73.94581,40.75543],[-73.94577,40.75546]]]},"properties":{"dbn":"30Q076","schooldist":"30.0","label":"76"}},
{"type":"Feature","geometry":{"type":"Polygon","coordinates":[[[-73.75527,40.60533],[-73.7591,40.60609],[-73.75903,40.6049],[-73.75952,40.60236],[-73.7606,40.60181],[-73.76257,40.60134],[-73.76039,40.59846],[-73.75676,40.59892],[-73.75523,40.59825],[-73.75425,40.59824],[-73.75407,40.5995],[-73.75248,40.59924],[-73.7515,40.6022],[-73.75217,40.60229],[-73.75175,40.6036],[-73.75527,40.60533]]]},"properties":{"dbn":"27Q362","schooldist":"27.0","label":"362"}},
{"type":"Feature","geometry":{"type":"Polygon","coordinates":[[[-73.75345,40.61063],[-73.75511,40.61001],[-73.75962,40.61039],[-73.76172,40.61185],[-73.76232,40.61137],[-73.76496,40.61198],[-73.76489,40.61372],[-73.76748,40.61433],[-73.76925,40.61406],[-73.77077,40.6142],[-73.77338,40.61366],[-73.77403,40.61252],[-73.77357,40.61112],[-73.77206,40.61138],[-73.77135,40.61046],[-73.76988,40.61007],[-73.76886,40.60923],[-73.77004,40.60718],[-73.7699,40.60497],[-73.77051,40.60397],[-73.77033,40.6031],[-73.76858,40.60349],[-73.7678,40.60047],[-73.76528,40.60167],[-73.76541,40.602],[-73.763,40.60269],[-73.76257,40.60134],[-73.7606,40.60181],[-73.75952,40.60236],[-73.75903,40.6049],[-73.7591,40.60609],[-73.75527,40.60533],[-73.75496,40.60566],[-73.75345,40.61063]]]},"properties":{"dbn":"27Q104","schooldist":"27.0","label":"104"}},
{"type":"Feature","geometry":{"type":"Polygon","coordinates":[[[-73.72529,40.65502],[-73.72545,40.65674],[-73.72676,40.65987],[-73.72771,40.66135],[-73.72827,40.66304],[-73.72775,40.6631],[-73.72781,40.66504],[-73.72822,40.66591],[-73.72985,40.66597],[-73.74088,40.66595],[-73.74679,40.65815],[-73.74705,40.65749],[-73.74506,40.65741],[-73.74422,40.65897],[-73.74178,40.65541],[-73.73992,40.65215],[-73.73905,40.65285],[-73.73909,40.65308],[-73.73958,40.653],[-73.74079,40.65513],[-73.74019,40.65526],[-73.72639,40.65492],[-73.72529,40.65502]]]},"properties":{"dbn":"29Q138","schooldist":"29.0","label":"138"}},
{"type":"Feature","geometry":{"type":"Polygon","coordinates":[[[-73.81868,40.68325],[-73.81973,40.68538],[-73.82079,40.68755],[-73.82119,40.6874],[-73.82218,40.68701],[-73.8243,40.68619],[-73.82434,40.68618],[-73.82438,40.68616],[-73.82441,40.68615],[-73.82465,40.68609],[-73.82466,40.68609],[-73.82468,40.68609],[-73.82468,40.68608],[-73.82469,40.68608],[-73.82475,40.68607],[-73.82476,40.68607],[-73.82487,40.68605],[-73.8249,40.68605],[-73.82501,40.68603],[-73.82685,40.68584],[-73.82473,40.68152],[-73.82302,40.67803],[-73.82284,40.67673],[-73.82399,40.67302],[-73.82513,40.66939],[-73.82695,40.66972],[-73.82808,40.66609],[-73.82421,40.66614],[-73.82224,40.66612],[-73.82043,40.66569],[-73.81958,40.66839],[-73.8182,40.67287],[-73.81788,40.67384],[-73.81706,40.6758],[-73.82042,40.68275],[-73.81954,40.683],[-73.81868,40.68325]]]},"properties":{"dbn":"27Q100","schooldist":"27.0","label":"100"}},
{"type":"Feature","geometry":{"type":"Polygon","coordinates":[[[-73.80577,40.68293],[-73.80661,40.68468],[-73.81247,40.68302],[-73.81162,40.68127],[-73.81695,40.67976],[-73.81781,40.68151],[-73.81868,40.68325],[-73.81954,40.683],[-73.82042,40.68275],[-73.81706,40.6758],[-73.81788,40.67384],[-73.81606,40.67351],[-73.81424,40.67318],[-73.81353,40.67545],[-73.81156,40.67527],[-73.80999,40.67576],[-73.80904,40.67603],[-73.80949,40.67748],[-73.80807,40.6783],[-73.80725,40.67811],[-73.80631,40.67879],[-73.8041,40.67942],[-73.80577,40.68293]]]},"properties":{"dbn":"27Q155","schooldist":"27.0","label":"155"}},
{"type":"Feature","geometry":{"type":"Polygon","coordinates":[[[-73.72529,40.65502],[-73.72639,40.65492],[-73.74019,40.65526],[-73.74079,40.65513],[-73.73958,40.653],[-73.73909,40.65308],[-73.73905,40.65285],[-73.737,40.64912],[-73.73521,40.64987],[-73.73032,40.65054],[-73.72507,40.65228],[-73.72495,40.6542],[-73.72529,40.65502]]]},"properties":{"dbn":"29Q195","schooldist":"29.0","label":"195"}},
{"type":"Feature","geometry":{"type":"Polygon","coordinates":[[[-73.80251,40.67586],[-73.80462,40.6753],[-73.80631,40.67879],[-73.80725,40.67811],[-73.80807,40.6783],[-73.80949,40.67748],[-73.80904,40.67603],[-73.80999,40.67576],[-73.81156,40.67527],[-73.81077,40.6752],[-73.8113,40.67331],[-73.8098,40.67277],[-73.80935,40.67269],[-73.80745,40.67222],[-73.80524,40.67261],[-73.80268,40.67235],[-73.80129,40.67242],[-73.80151,40.67365],[-73.80251,40.67586]]]},"properties":{"dbn":"27Q096","schooldist":"27.0","label":"96"}},
{"type":"Feature","geometry":{"type":"Polygon","coordinates":[[[-73.8098,40.67277],[-73.8113,40.67331],[-73.81077,40.6752],[-73.81156,40.67527],[-73.81353,40.67545],[-73.81424,40.67318],[-73.81606,40.67351],[-73.81788,40.67384],[-73.8182,40.67287],[-73.81958,40.66839],[-73.82043,40.66569],[-73.82224,40.66612],[-73.82421,40.66614],[-73.82808,40.66609],[-73.82837,40.66502],[-73.82791,40.66485],[-73.82722,40.66451],[-73.82296,40.66386],[-73.81411,40.6628],[-73.81156,40.66318],[-73.81198,40.66125],[-73.80771,40.66046],[-73.8073,40.66065],[-73.80647,40.66385],[-73.80565,40.6664],[-73.8018,40.66627],[-73.80142,40.66778],[-73.80125,40.66981],[-73.80129,40.67242],[-73.80268,40.67235],[-73.80524,40.67261],[-73.80745,40.67222],[-73.80935,40.67269],[-73.8098,40.67277]]]},"properties":{"dbn":"27Q124","schooldist":"27.0","label":"124"}},
{"type":"Feature","geometry":{"type":"Polygon","coordinates":[[[-73.81763,40.68877],[-73.81881,40.6916],[-73.81945,40.69357],[-73.82035,40.69432],[-73.8208,40.69614],[-73.8211,40.69582],[-73.82588,40.69453],[-73.82801,40.69405],[-73.82719,40.69237],[-73.82599,40.68995],[-73.82501,40.68795],[-73.82398,40.68825],[-73.82293,40.68854],[-73.82189,40.68884],[-73.81906,40.68964],[-73.81763,40.68877]]]},"properties":{"dbn":"28Q161","schooldist":"28.0","label":"161"}},
{"type":"Feature","geometry":{"type":"Polygon","coordinates":[[[-73.78083,40.68053],[-73.78434,40.67933],[-73.78487,40.68289],[-73.78468,40.68372],[-73.78841,40.68199],[-73.78748,40.68029],[-73.78683,40.67729],[-73.78698,40.67512],[-73.78809,40.67301],[-73.7908,40.67342],[-73.79217,40.66704],[-73.79163,40.6644],[-73.786,40.66358],[-73.78567,40.66399],[-73.78593,40.66631],[-73.78238,40.66693],[-73.78022,40.66708],[-73.78108,40.66803],[-73.77939,40.66892],[-73.77875,40.66878],[-73.77612,40.66961],[-73.77365,40.6707],[-73.77606,40.6739],[-73.78009,40.67926],[-73.78083,40.68053]]]},"properties":{"dbn":"27Q045","schooldist":"27.0","label":"45"}},
{"type":"Feature","geometry":{"type":"Polygon","coordinates":[[[-73.79163,40.6644],[-73.79217,40.66704],[-73.7908,40.67342],[-73.78809,40.67301],[-73.78698,40.67512],[-73.78683,40.67729],[-73.78748,40.68029],[-73.78841,40.68199],[-73.79209,40.68048],[-73.79113,40.67777],[-73.79197,40.67798],[-73.79359,40.67736],[-73.79404,40.67681],[-73.79594,40.6766],[-73.79725,40.67685],[-73.79834,40.67632],[-73.80251,40.67586],[-73.80151,40.67365],[-73.80129,40.67242],[-73.80125,40.66981],[-73.80142,40.66778],[-73.8018,40.66627],[-73.79163,40.6644]]]},"properties":{"dbn":"27Q223","schooldist":"27.0","label":"223"}},
{"type":"Feature","geometry":{"type":"Polygon","coordinates":[[[-73.78468,40.68372],[-73.78492,40.68413],[-73.78959,40.68698],[-73.79038,40.68775],[-73.79391,40.6863],[-73.79334,40.68488],[-73.79636,40.68402],[-73.79637,40.68361],[-73.79724,40.68377],[-73.7981,40.68511],[-73.79986,40.68461],[-73.80169,40.68409],[-73.80577,40.68293],[-73.8041,40.67942],[-73.80631,40.67879],[-73.80462,40.6753],[-73.80251,40.67586],[-73.79834,40.67632],[-73.79725,40.67685],[-73.79594,40.6766],[-73.79404,40.67681],[-73.79359,40.67736],[-73.79197,40.67798],[-73.79113,40.67777],[-73.79209,40.68048],[-73.78841,40.68199],[-73.78468,40.68372]]]},"properties":{"dbn":"27Q123","schooldist":"27.0","label":"123"}},
{"type":"Feature","geometry":{"type":"Polygon","coordinates":[[[-73.73992,40.65215],[-73.74178,40.65541],[-73.74422,40.65897],[-73.74506,40.65741],[-73.74705,40.65749],[-73.74679,40.65815],[-73.74088,40.66595],[-73.74351,40.66601],[-73.74477,40.66561],[-73.75214,40.6658],[-73.75721,40.65795],[-73.76093,40.65249],[-73.75834,40.65111],[-73.74826,40.64533],[-73.74335,40.64056],[-73.74398,40.63937],[-73.74347,40.63912],[-73.74418,40.63803],[-73.74277,40.63822],[-73.74127,40.63777],[-73.7411,40.63725],[-73.74258,40.63544],[-73.74195,40.63492],[-73.73993,40.63516],[-73.7397,40.63545],[-73.74108,40.63876],[-73.74282,40.64074],[-73.74181,40.64418],[-73.74187,40.64521],[-73.74408,40.64608],[-73.74575,40.64902],[-73.74564,40.64995],[-73.74647,40.65216],[-73.73992,40.65215]]]},"properties":{"dbn":"29Q181","schooldist":"29.0","label":"181"}},
{"type":"Feature","geometry":{"type":"Polygon","coordinates":[[[-73.81272,40.69141],[-73.81428,40.69468],[-73.81245,40.6952],[-73.81415,40.69804],[-73.81947,40.69681],[-73.8208,40.69614],[-73.82035,40.69432],[-73.81945,40.69357],[-73.81881,40.6916],[-73.81763,40.68877],[-73.81555,40.6896],[-73.81272,40.69141]]]},"properties":{"dbn":"28Q055","schooldist":"28.0","label":"55"}},
{"type":"Feature","geometry":{"type":"Polygon","coordinates":[[[-73.77365,40.6707],[-73.77612,40.66961],[-73.77875,40.66878],[-73.77939,40.66892],[-73.78108,40.66803],[-73.78022,40.66708],[-73.78238,40.66693],[-73.78593,40.66631],[-73.78567,40.66399],[-73.786,40.66358],[-73.78342,40.66308],[-73.78124,40.66247],[-73.77686,40.66066],[-73.7751,40.66015],[-73.77054,40.65781],[-73.76093,40.65249],[-73.75721,40.65795],[-73.75214,40.6658],[-73.75668,40.66583],[-73.76513,40.66675],[-73.77109,40.66739],[-73.77365,40.6707]]]},"properties":{"dbn":"29Q052","schooldist":"29.0","label":"52"}},
{"type":"Feature","geometry":{"type":"Polygon","coordinates":[[[-73.72822,40.66591],[-73.72827,40.66792],[-73.72754,40.67418],[-73.72634,40.67694],[-73.72563,40.67965],[-73.72586,40.68324],[-73.72718,40.6836],[-73.7281,40.68177],[-73.72951,40.68006],[-73.73377,40.68103],[-73.73574,40.68174],[-73.73627,40.6811],[-73.73485,40.68068],[-73.73585,40.67877],[-73.73779,40.67521],[-73.73446,40.67378],[-73.73871,40.66779],[-73.74088,40.66595],[-73.72985,40.66597],[-73.72822,40.66591]]]},"properties":{"dbn":"29Q038","schooldist":"29.0","label":"38"}},
{"type":"Feature","geometry":{"type":"Polygon","coordinates":[[[-73.73585,40.67877],[-73.74199,40.68075],[-73.74325,40.6785],[-73.74328,40.67753],[-73.7439,40.67733],[-73.7465,40.67817],[-73.74683,40.67715],[-73.74647,40.6763],[-73.74736,40.67558],[-73.75073,40.67625],[-73.75147,40.67534],[-73.75292,40.67211],[-73.75038,40.6687],[-73.74787,40.66702],[-73.74609,40.6664],[-73.74351,40.66601],[-73.74088,40.66595],[-73.73871,40.66779],[-73.73446,40.67378],[-73.73779,40.67521],[-73.73585,40.67877]]]},"properties":{"dbn":"29Q156","schooldist":"29.0","label":"156"}},
{"type":"Feature","geometry":{"type":"Polygon","coordinates":[[[-73.94576,40.75548],[-73.94569,40.75554],[-73.94575,40.75558],[-73.94582,40.75551],[-73.94576,40.75548]]]},"properties":{"dbn":"30Q122","schooldist":"30.0","label":"122"}},
{"type":"Feature","geometry":{"type":"Polygon","coordinates":[[[-73.94567,40.75556],[-73.94566,40.75557],[-73.94568,40.75566],[-73.94574,40.75559],[-73.94567,40.75556]]]},"properties":{"dbn":"30Q076","schooldist":"30.0","label":"76"}},
{"type":"Feature","geometry":{"type":"Polygon","coordinates":[[[-73.94414,40.75462],[-73.94418,40.75465],[-73.94421,40.75461],[-73.94417,40.75459],[-73.94414,40.75462]]]},"properties":{"dbn":"30Q070","schooldist":"30.0","label":"70"}},
{"type":"Feature","geometry":{"type":"Polygon","coordinates":[[[-73.75009,40.68592],[-73.74857,40.6878],[-73.74624,40.69128],[-73.74733,40.69149],[-73.75379,40.68915],[-73.75472,40.6907],[-73.75641,40.69012],[-73.76195,40.68824],[-73.76147,40.68713],[-73.76328,40.68671],[-73.76289,40.68602],[-73.76096,40.68328],[-73.76329,40.68052],[-73.76088,40.67931],[-73.7598,40.67896],[-73.75969,40.67894],[-73.75867,40.67901],[-73.75617,40.67997],[-73.75604,40.68002],[-73.75554,40.68017],[-73.75324,40.68012],[-73.75226,40.68149],[-73.75103,40.68422],[-73.75009,40.68592]]]},"properties":{"dbn":"29Q015","schooldist":"29.0","label":"15"}},
{"type":"Feature","geometry":{"type":"Polygon","coordinates":[[[-73.76329,40.68052],[-73.76658,40.67978],[-73.76686,40.68006],[-73.77104,40.67938],[-73.77347,40.67972],[-73.7691,40.677],[-73.76837,40.67655],[-73.76562,40.67478],[-73.7638,40.67378],[-73.76435,40.67185],[-73.76355,40.67077],[-73.76388,40.66938],[-73.76513,40.66675],[-73.75668,40.66583],[-73.75214,40.6658],[-73.74477,40.66561],[-73.74351,40.66601],[-73.74609,40.6664],[-73.74787,40.66702],[-73.75038,40.6687],[-73.75292,40.67211],[-73.75147,40.67534],[-73.75073,40.67625],[-73.74736,40.67558],[-73.74647,40.6763],[-73.74683,40.67715],[-73.7465,40.67817],[-73.75227,40.67999],[-73.75324,40.68012],[-73.75554,40.68017],[-73.75604,40.68002],[-73.75617,40.67997],[-73.75867,40.67901],[-73.75969,40.67894],[-73.7598,40.67896],[-73.76088,40.67931],[-73.76329,40.68052]]]},"properties":{"dbn":"29Q037","schooldist":"29.0","label":"37"}},
{"type":"Feature","geometry":{"type":"Polygon","coordinates":[[[-73.73574,40.68174],[-73.73581,40.68245],[-73.73965,40.6836],[-73.74095,40.68329],[-73.74802,40.68542],[-73.75009,40.68592],[-73.75103,40.68422],[-73.75226,40.68149],[-73.75324,40.68012],[-73.75227,40.67999],[-73.7465,40.67817],[-73.7439,40.67733],[-73.74328,40.67753],[-73.74325,40.6785],[-73.74199,40.68075],[-73.73585,40.67877],[-73.73485,40.68068],[-73.73627,40.6811],[-73.73574,40.68174]]]},"properties":{"dbn":"29Q132","schooldist":"29.0","label":"132"}},
{"type":"Feature","geometry":{"type":"Polygon","coordinates":[[[-73.72611,40.68953],[-73.72729,40.69068],[-73.72796,40.69006],[-73.73004,40.6907],[-73.73133,40.69067],[-73.73569,40.69198],[-73.73659,40.69026],[-73.74098,40.69158],[-73.74184,40.68995],[-73.74624,40.69128],[-73.74857,40.6878],[-73.75009,40.68592],[-73.74802,40.68542],[-73.74095,40.68329],[-73.73965,40.6836],[-73.73581,40.68245],[-73.73574,40.68174],[-73.73377,40.68103],[-73.72951,40.68006],[-73.7281,40.68177],[-73.72718,40.6836],[-73.72586,40.68324],[-73.7258,40.68428],[-73.72611,40.68953]]]},"properties":{"dbn":"29Q176","schooldist":"29.0","label":"176"}},
{"type":"Feature","geometry":{"type":"Polygon","coordinates":[[[-73.75989,40.69714],[-73.76019,40.69782],[-73.76201,40.69733],[-73.7623,40.69802],[-73.76858,40.69703],[-73.76988,40.69632],[-73.77344,40.70008],[-73.77459,40.6988],[-73.77784,40.69432],[-73.77944,40.69365],[-73.78024,40.69297],[-73.77662,40.68836],[-73.77448,40.68673],[-73.7724,40.68528],[-73.76974,40.68378],[-73.76907,40.68477],[-73.76669,40.68542],[-73.76289,40.68602],[-73.76328,40.68671],[-73.76147,40.68713],[-73.76195,40.68824],[-73.75641,40.69012],[-73.75773,40.69294],[-73.75838,40.69377],[-73.75989,40.69714]]]},"properties":{"dbn":"29Q036","schooldist":"29.0","label":"36"}},
{"type":"Feature","geometry":{"type":"Polygon","coordinates":[[[-73.94406,40.75471],[-73.9441,40.75473],[-73.94418,40.75465],[-73.94414,40.75462],[-73.94406,40.75471]]]},"properties":{"dbn":"30Q011,30Q112","schooldist":"30.0","label":"112 (K-5), 11 (1-5)"}},
{"type":"Feature","geometry":{"type":"Polygon","coordinates":[[[-73.94415,40.75479],[-73.9441,40.75473],[-73.94406,40.75471],[-73.94402,40.75481],[-73.94415,40.75479]]]},"properties":{"dbn":"30Q076","schooldist":"30.0","label":"76"}},
{"type":"Feature","geometry":{"type":"Polygon","coordinates":[[[-73.74315,40.60726],[-73.74305,40.60778],[-73.74444,40.61029],[-73.74555,40.61172],[-73.74652,40.61137],[-73.74711,40.61203],[-73.75024,40.61175],[-73.75345,40.61063],[-73.75496,40.60566],[-73.75527,40.60533],[-73.75175,40.6036],[-73.74983,40.60256],[-73.74574,40.6034],[-73.74469,40.60562],[-73.74315,40.60726]]]},"properties":{"dbn":"27Q253","schooldist":"27.0","label":"253"}},
{"type":"Feature","geometry":{"type":"Polygon","coordinates":[[[-73.84491,40.76261],[-73.84632,40.76154],[-73.84861,40.76017],[-73.85055,40.75946],[-73.85176,40.75936],[-73.8553,40.76065],[-73.85664,40.76015],[-73.85443,40.75922],[-73.85501,40.75888],[-73.85437,40.75812],[-73.85401,40.75753],[-73.8538,40.75718],[-73.85336,40.75602],[-73.85262,40.75341],[-73.85086,40.75],[-73.84907,40.74751],[-73.84806,40.74622],[-73.84698,40.74416],[-73.84682,40.74383],[-73.84598,40.74175],[-73.84548,40.7399],[-73.84052,40.74226],[-73.83769,40.74324],[-73.83717,40.74465],[-73.83514,40.74716],[-73.83473,40.74829],[-73.83508,40.75015],[-73.83778,40.75413],[-73.83834,40.75543],[-73.83887,40.75809],[-73.83883,40.75927],[-73.83879,40.75959],[-73.83888,40.75975],[-73.83881,40.76029],[-73.8388,40.76052],[-73.83881,40.76076],[-73.83899,40.76138],[-73.83925,40.76191],[-73.8396,40.76254],[-73.84201,40.76249],[-73.84434,40.76152],[-73.84491,40.76261]]]},"properties":{"dbn":"25Q029","schooldist":"25.0","label":"29"}},
{"type":"Feature","geometry":{"type":"Polygon","coordinates":[[[-73.88839,40.73886],[-73.88837,40.73891],[-73.88808,40.73933],[-73.88887,40.7434],[-73.8871,40.74368],[-73.88778,40.74723],[-73.89502,40.74647],[-73.89632,40.74633],[-73.89722,40.74624],[-73.89903,40.74605],[-73.90005,40.74594],[-73.9011,40.74583],[-73.9027,40.74568],[-73.90237,40.74535],[-73.90141,40.74425],[-73.90228,40.74195],[-73.90249,40.74145],[-73.90255,40.74132],[-73.90257,40.74128],[-73.90158,40.74113],[-73.89861,40.74078],[-73.89016,40.7392],[-73.88839,40.73886]]]},"properties":{"dbn":"24Q012","schooldist":"24.0","label":"12"}},
{"type":"Feature","geometry":{"type":"Polygon","coordinates":[[[-73.85705,40.73251],[-73.85419,40.73303],[-73.85359,40.73175],[-73.84443,40.73449],[-73.84493,40.7361],[-73.84548,40.7399],[-73.84859,40.7385],[-73.85128,40.73751],[-73.85629,40.73642],[-73.85872,40.73571],[-73.85705,40.73251]]]},"properties":{"dbn":"28Q220","schooldist":"28.0","label":"220"}},
{"type":"Feature","geometry":{"type":"Polygon","coordinates":[[[-73.92426,40.74381],[-73.92615,40.74403],[-73.93261,40.74478],[-73.93288,40.74465],[-73.93726,40.74518],[-73.93862,40.7384],[-73.93927,40.73609],[-73.93856,40.73496],[-73.93938,40.73465],[-73.93952,40.73461],[-73.93891,40.73387],[-73.93847,40.73338],[-73.93442,40.73488],[-73.93478,40.73555],[-73.9312,40.737],[-73.92578,40.73594],[-73.92401,40.73535],[-73.91883,40.73524],[-73.91691,40.73538],[-73.90926,40.7364],[-73.90832,40.73863],[-73.90751,40.74186],[-73.91194,40.74238],[-73.91376,40.74259],[-73.91379,40.74251],[-73.91443,40.74053],[-73.91567,40.74078],[-73.9163,40.73907],[-73.91669,40.73899],[-73.9241,40.73985],[-73.92406,40.73998],[-73.92374,40.74169],[-73.92337,40.74354],[-73.92334,40.7437],[-73.92426,40.74381]]]},"properties":{"dbn":"24Q199","schooldist":"24.0","label":"199"}},
{"type":"Feature","geometry":{"type":"Polygon","coordinates":[[[-73.87095,40.71808],[-73.86919,40.71872],[-73.86837,40.71909],[-73.86559,40.72024],[-73.86548,40.72028],[-73.86731,40.72229],[-73.86766,40.72266],[-73.86929,40.72444],[-73.87113,40.72837],[-73.87155,40.72936],[-73.87509,40.73067],[-73.87969,40.72901],[-73.88209,40.72861],[-73.8792,40.72501],[-73.88284,40.72332],[-73.88404,40.72277],[-73.88644,40.72165],[-73.88724,40.72128],[-73.88423,40.71752],[-73.88263,40.71827],[-73.88114,40.71641],[-73.88021,40.71524],[-73.8793,40.71548],[-73.87909,40.71554],[-73.87672,40.71565],[-73.87578,40.7157],[-73.87438,40.71577],[-73.87321,40.71588],[-73.87308,40.7159],[-73.87208,40.71599],[-73.87214,40.71635],[-73.87224,40.71693],[-73.87239,40.71783],[-73.8719,40.71791],[-73.87143,40.71799],[-73.87095,40.71808]]]},"properties":{"dbn":"24Q049","schooldist":"24.0","label":"49"}},
{"type":"Feature","geometry":{"type":"Polygon","coordinates":[[[-73.94568,40.75566],[-73.94566,40.75557],[-73.94415,40.75479],[-73.94402,40.75481],[-73.94558,40.75567],[-73.94568,40.75566]]]},"properties":{"dbn":"30Q011","schooldist":"30.0","label":"11"}},
{"type":"Feature","geometry":{"type":"Polygon","coordinates":[[[-73.91467,40.71344],[-73.90692,40.71295],[-73.90538,40.71288],[-73.90574,40.71452],[-73.90748,40.71531],[-73.9087,40.71646],[-73.90822,40.71903],[-73.90847,40.72316],[-73.90889,40.72607],[-73.91468,40.7265],[-73.91487,40.72443],[-73.91679,40.72543],[-73.91836,40.72593],[-73.92176,40.72639],[-73.9248,40.72754],[-73.92614,40.72878],[-73.92855,40.72936],[-73.92698,40.73032],[-73.92471,40.73381],[-73.92401,40.73535],[-73.92578,40.73594],[-73.9312,40.737],[-73.93478,40.73555],[-73.93442,40.73488],[-73.93847,40.73338],[-73.93891,40.73387],[-73.93899,40.73384],[-73.9401,40.73336],[-73.94037,40.73327],[-73.93966,40.73149],[-73.93752,40.72982],[-73.93443,40.72882],[-73.93182,40.72848],[-73.92913,40.72776],[-73.9278,40.72649],[-73.92534,40.72164],[-73.92418,40.72002],[-73.92428,40.71854],[-73.92271,40.71648],[-73.92433,40.71557],[-73.92404,40.71401],[-73.92084,40.71382],[-73.91467,40.71344]]]},"properties":{"dbn":"24Q290","schooldist":"24.0","label":"290"}},
{"type":"Feature","geometry":{"type":"Polygon","coordinates":[[[-73.85705,40.73251],[-73.85872,40.73571],[-73.85939,40.73704],[-73.86111,40.73691],[-73.86168,40.73652],[-73.86089,40.73504],[-73.86182,40.73477],[-73.86447,40.73401],[-73.86525,40.73376],[-73.86828,40.73277],[-73.86836,40.73274],[-73.87037,40.7335],[-73.8716,40.73118],[-73.86589,40.72883],[-73.86457,40.73093],[-73.85968,40.72914],[-73.85591,40.73029],[-73.85705,40.73251]]]},"properties":{"dbn":"28Q206","schooldist":"28.0","label":"206"}},
{"type":"Feature","geometry":{"type":"Polygon","coordinates":[[[-73.84317,40.7325],[-73.84443,40.73449],[-73.85359,40.73175],[-73.85419,40.73303],[-73.85705,40.73251],[-73.85591,40.73029],[-73.85968,40.72914],[-73.85375,40.72697],[-73.85264,40.72657],[-73.85177,40.72614],[-73.85161,40.72613],[-73.85073,40.72609],[-73.84703,40.72723],[-73.84687,40.72762],[-73.84858,40.73095],[-73.84317,40.7325]]]},"properties":{"dbn":"28Q175","schooldist":"28.0","label":"175"}},
{"type":"Feature","geometry":{"type":"Polygon","coordinates":[[[-73.85968,40.72914],[-73.86457,40.73093],[-73.86589,40.72883],[-73.8716,40.73118],[-73.87146,40.72933],[-73.87113,40.72837],[-73.86929,40.72444],[-73.86766,40.72266],[-73.86723,40.72236],[-73.86448,40.72682],[-73.85583,40.72362],[-73.85535,40.72537],[-73.85462,40.72569],[-73.85375,40.72697],[-73.85968,40.72914]]]},"properties":{"dbn":"28Q139","schooldist":"28.0","label":"139"}},
{"type":"Feature","geometry":{"type":"Polygon","coordinates":[[[-73.94429,40.75684],[-73.94435,40.75688],[-73.94568,40.75566],[-73.94558,40.75567],[-73.94429,40.75684]]]},"properties":{"dbn":"30Q111","schooldist":"30.0","label":"111"}},
{"type":"Feature","geometry":{"type":"Polygon","coordinates":[[[-73.94298,40.75583],[-73.94302,40.75586],[-73.94312,40.75575],[-73.94308,40.75573],[-73.94298,40.75583]]]},"properties":{"dbn":"30Q166","schooldist":"30.0","label":"166"}},
{"type":"Feature","geometry":{"type":"Polygon","coordinates":[[[-73.93529,40.77532],[-73.93609,40.77558],[-73.93677,40.77426],[-73.93649,40.77388],[-73.93638,40.7739],[-73.93609,40.77368],[-73.93687,40.77396],[-73.93681,40.77429],[-73.93642,40.77506],[-73.93648,40.77507],[-73.9362,40.77561],[-73.93705,40.77587],[-73.93786,40.77409],[-73.93745,40.77249],[-73.93496,40.77173],[-73.93513,40.77118],[-73.93402,40.7717],[-73.93384,40.77191],[-73.93352,40.77201],[-73.9333,40.772],[-73.93278,40.77239],[-73.93354,40.77293],[-73.93363,40.77292],[-73.93418,40.77307],[-73.93414,40.77314],[-73.93362,40.77298],[-73.93273,40.77404],[-73.93182,40.77421],[-73.93307,40.77461],[-73.93331,40.77459],[-73.9342,40.77488],[-73.93535,40.77524],[-73.93529,40.77532]]]},"properties":{"dbn":"30Q017,30Q171,30Q234","schooldist":"30.0","label":"17, 171, 234"}},
{"type":"Feature","geometry":{"type":"Polygon","coordinates":[[[-73.92781,40.76989],[-73.9259,40.77226],[-73.9333,40.772],[-73.93352,40.77201],[-73.93384,40.77191],[-73.93402,40.7717],[-73.93513,40.77118],[-73.93504,40.76987],[-73.93623,40.76955],[-73.93685,40.7689],[-73.9382,40.76873],[-73.93169,40.76522],[-73.93088,40.76606],[-73.92781,40.76989]]]},"properties":{"dbn":"30Q171","schooldist":"30.0","label":"171"}},
{"type":"Feature","geometry":{"type":"Polygon","coordinates":[[[-73.90806,40.77782],[-73.90657,40.779],[-73.9063,40.77973],[-73.91533,40.7861],[-73.91693,40.7851],[-73.91723,40.78418],[-73.91917,40.78328],[-73.92174,40.78102],[-73.9231,40.78024],[-73.92489,40.77858],[-73.92566,40.77829],[-73.9231,40.77495],[-73.92189,40.77374],[-73.91949,40.77203],[-73.91912,40.77232],[-73.9176,40.77369],[-73.9152,40.77553],[-73.91386,40.77506],[-73.91169,40.77683],[-73.91026,40.77583],[-73.90816,40.77761],[-73.90847,40.77796],[-73.90806,40.77782]]]},"properties":{"dbn":"30Q122","schooldist":"30.0","label":"122"}},
{"type":"Feature","geometry":{"type":"Polygon","coordinates":[[[-73.9382,40.76873],[-73.93894,40.76793],[-73.93992,40.76793],[-73.94129,40.7669],[-73.94292,40.7652],[-73.94475,40.7629],[-73.94162,40.76169],[-73.94244,40.76035],[-73.94163,40.76006],[-73.9408,40.76139],[-73.93914,40.7608],[-73.93805,40.76253],[-73.93539,40.76135],[-73.93398,40.76283],[-73.93287,40.76399],[-73.93225,40.76464],[-73.93169,40.76522],[-73.9382,40.76873]]]},"properties":{"dbn":"30Q076","schooldist":"30.0","label":"76"}},
{"type":"Feature","geometry":{"type":"Polygon","coordinates":[[[-73.91365,40.7696],[-73.91289,40.77052],[-73.90379,40.77796],[-73.9063,40.77973],[-73.90657,40.779],[-73.90806,40.77782],[-73.90847,40.77796],[-73.90816,40.77761],[-73.91026,40.77583],[-73.91169,40.77683],[-73.91386,40.77506],[-73.9152,40.77553],[-73.9176,40.77369],[-73.91912,40.77232],[-73.91949,40.77203],[-73.91751,40.77056],[-73.91627,40.77002],[-73.91464,40.76975],[-73.91365,40.7696]]]},"properties":{"dbn":"30Q085","schooldist":"30.0","label":"85"}},
{"type":"Feature","geometry":{"type":"Polygon","coordinates":[[[-73.93539,40.76135],[-73.93805,40.76253],[-73.93914,40.7608],[-73.9408,40.76139],[-73.94163,40.76006],[-73.94244,40.76035],[-73.94162,40.76169],[-73.94475,40.7629],[-73.95077,40.75531],[-73.94908,40.75456],[-73.94766,40.75606],[-73.94742,40.75631],[-73.94737,40.75636],[-73.94736,40.75637],[-73.94736,40.75638],[-73.94735,40.75639],[-73.94731,40.75643],[-73.94727,40.75647],[-73.94723,40.75651],[-73.94601,40.75762],[-73.94598,40.75765],[-73.94594,40.7577],[-73.94583,40.75781],[-73.94435,40.75688],[-73.94429,40.75684],[-73.94355,40.75644],[-73.94282,40.75606],[-73.94278,40.75604],[-73.94124,40.75523],[-73.94402,40.75235],[-73.94287,40.75186],[-73.93588,40.75946],[-73.93679,40.75988],[-73.93539,40.76135]]]},"properties":{"dbn":"30Q111","schooldist":"30.0","label":"111"}},
{"type":"Feature","geometry":{"type":"Polygon","coordinates":[[[-73.94296,40.75585],[-73.943,40.75587],[-73.94302,40.75586],[-73.94298,40.75583],[-73.94296,40.75585]]]},"properties":{"dbn":"30Q111,30Q122","schooldist":"30.0","label":"111 (K-5), 122 (1-5)"}},
{"type":"Feature","geometry":{"type":"Polygon","coordinates":[[[-73.89181,40.77674],[-73.89254,40.77739],[-73.8912,40.77848],[-73.8912,40.77904],[-73.89247,40.77978],[-73.89141,40.78067],[-73.8941,40.78247],[-73.89476,40.78225],[-73.89618,40.78325],[-73.89862,40.78198],[-73.90037,40.78214],[-73.90131,40.78179],[-73.90283,40.78054],[-73.90452,40.78121],[-73.90556,40.78034],[-73.9063,40.77973],[-73.90379,40.77796],[-73.91289,40.77052],[-73.91365,40.7696],[-73.907,40.76864],[-73.90401,40.76793],[-73.90176,40.76982],[-73.90248,40.77032],[-73.90024,40.77215],[-73.90096,40.77266],[-73.89879,40.77443],[-73.89665,40.77291],[-73.89442,40.77473],[-73.89289,40.77381],[-73.89235,40.77585],[-73.89181,40.77674]]]},"properties":{"dbn":"30Q084","schooldist":"30.0","label":"84"}},
{"type":"Feature","geometry":{"type":"Polygon","coordinates":[[[-73.91365,40.7696],[-73.91464,40.76975],[-73.91466,40.76905],[-73.91752,40.76553],[-73.91819,40.76539],[-73.91659,40.76464],[-73.91869,40.76207],[-73.91709,40.76132],[-73.91695,40.76081],[-73.91834,40.75911],[-73.9182,40.7586],[-73.91341,40.75635],[-73.91272,40.75786],[-73.90509,40.76729],[-73.90426,40.76728],[-73.90357,40.76578],[-73.90342,40.76596],[-73.90311,40.76634],[-73.90218,40.76732],[-73.90401,40.76793],[-73.907,40.76864],[-73.91365,40.7696]]]},"properties":{"dbn":"30Q070","schooldist":"30.0","label":"70"}},
{"type":"Feature","geometry":{"type":"Polygon","coordinates":[[[-73.94601,40.75762],[-73.94723,40.75651],[-73.94727,40.75647],[-73.94726,40.75642],[-73.94731,40.75637],[-73.94732,40.75636],[-73.94732,40.75635],[-73.94733,40.75634],[-73.94738,40.75629],[-73.94766,40.75606],[-73.94908,40.75456],[-73.94402,40.75235],[-73.94124,40.75523],[-73.94278,40.75604],[-73.94293,40.75588],[-73.94295,40.75586],[-73.94296,40.75585],[-73.94298,40.75583],[-73.94308,40.75573],[-73.94312,40.75575],[-73.94302,40.75586],[-73.943,40.75587],[-73.94299,40.75588],[-73.94297,40.7559],[-73.94282,40.75606],[-73.94355,40.75644],[-73.94429,40.75684],[-73.94558,40.75567],[-73.94402,40.75481],[-73.94406,40.75471],[-73.94414,40.75462],[-73.94417,40.75459],[-73.94421,40.75461],[-73.94418,40.75465],[-73.9441,40.75473],[-73.94415,40.75479],[-73.94566,40.75557],[-73.94567,40.75556],[-73.94569,40.75554],[-73.94576,40.75548],[-73.94577,40.75546],[-73.94581,40.75543],[-73.94586,40.75547],[-73.94583,40.7555],[-73.94582,40.75551],[-73.94575,40.75558],[-73.94574,40.75559],[-73.94568,40.75566],[-73.94435,40.75688],[-73.94583,40.75781],[-73.9459,40.75768],[-73.94595,40.75764],[-73.94601,40.75762]]]},"properties":{"dbn":"30Q011,30Q070,30Q076,30Q111","schooldist":"30.0","label":"11, 70, 76, 111"}},
{"type":"Feature","geometry":{"type":"Polygon","coordinates":[[[-73.88021,40.71524],[-73.88114,40.71641],[-73.88263,40.71827],[-73.88423,40.71752],[-73.88724,40.72128],[-73.89213,40.71899],[-73.89251,40.71881],[-73.89376,40.71821],[-73.89424,40.71792],[-73.89301,40.71615],[-73.89165,40.71776],[-73.89009,40.71821],[-73.88729,40.71503],[-73.88638,40.71221],[-73.88508,40.71216],[-73.88006,40.71265],[-73.87934,40.71273],[-73.87858,40.71322],[-73.88021,40.71524]]]},"properties":{"dbn":"24Q128","schooldist":"24.0","label":"128"}},
{"type":"Feature","geometry":{"type":"Polygon","coordinates":[[[-73.93475,40.75196],[-73.93561,40.75228],[-73.93787,40.7498],[-73.94287,40.75186],[-73.94402,40.75235],[-73.94908,40.75456],[-73.95077,40.75531],[-73.95235,40.75345],[-73.95449,40.75129],[-73.95491,40.74991],[-73.9561,40.74979],[-73.95706,40.7489],[-73.95852,40.74705],[-73.95934,40.74543],[-73.95934,40.74431],[-73.95981,40.74362],[-73.96089,40.74335],[-73.96168,40.74192],[-73.96119,40.74174],[-73.96133,40.74045],[-73.96218,40.74002],[-73.96267,40.73905],[-73.96217,40.73828],[-73.95949,40.73809],[-73.95946,40.73812],[-73.95706,40.73917],[-73.95509,40.7394],[-73.95267,40.73926],[-73.94681,40.73745],[-73.94216,40.73568],[-73.94037,40.73327],[-73.9401,40.73336],[-73.93899,40.73384],[-73.93891,40.73387],[-73.93952,40.73461],[-73.93938,40.73465],[-73.93856,40.73496],[-73.93927,40.73609],[-73.93862,40.7384],[-73.93726,40.74518],[-73.93288,40.74465],[-73.93261,40.74478],[-73.9335,40.74515],[-73.9344,40.74603],[-73.93683,40.74839],[-73.9374,40.74892],[-73.93676,40.74915],[-73.93383,40.7516],[-73.93475,40.75196]]]},"properties":{"dbn":"30Q078","schooldist":"30.0","label":"78"}},
{"type":"Feature","geometry":{"type":"Polygon","coordinates":[[[-73.90147,40.75963],[-73.90225,40.76264],[-73.90357,40.76578],[-73.90426,40.76728],[-73.90509,40.76729],[-73.91272,40.75786],[-73.91341,40.75635],[-73.9182,40.7586],[-73.91889,40.7584],[-73.92018,40.75682],[-73.91979,40.75597],[-73.92179,40.75351],[-73.92162,40.75303],[-73.92028,40.75334],[-73.91892,40.75364],[-73.91763,40.75386],[-73.91651,40.75389],[-73.91023,40.75298],[-73.90759,40.75322],[-73.90669,40.75331],[-73.90586,40.7534],[-73.90392,40.75361],[-73.90299,40.75371],[-73.90247,40.75376],[-73.90212,40.7538],[-73.9025,40.75592],[-73.90279,40.75747],[-73.90313,40.75933],[-73.90311,40.75939],[-73.90308,40.75944],[-73.90288,40.75955],[-73.90255,40.75951],[-73.90147,40.75963]]]},"properties":{"dbn":"30Q151","schooldist":"30.0","label":"151"}},
{"type":"Feature","geometry":{"type":"Polygon","coordinates":[[[-73.91498,40.74273],[-73.91495,40.74291],[-73.91464,40.74447],[-73.9143,40.74614],[-73.91523,40.74625],[-73.91608,40.74673],[-73.91541,40.75011],[-73.91531,40.75057],[-73.92026,40.74956],[-73.92034,40.74916],[-73.9208,40.74689],[-73.92172,40.747],[-73.92265,40.74711],[-73.92547,40.74743],[-73.92677,40.74759],[-73.93029,40.7469],[-73.93326,40.74629],[-73.9344,40.74603],[-73.9335,40.74515],[-73.93261,40.74478],[-73.92615,40.74403],[-73.92426,40.74381],[-73.92334,40.7437],[-73.92241,40.74359],[-73.91498,40.74273]]]},"properties":{"dbn":"30Q150","schooldist":"30.0","label":"150"}},
{"type":"Feature","geometry":{"type":"Polygon","coordinates":[[[-73.88882,40.75894],[-73.89347,40.75845],[-73.89383,40.76044],[-73.89417,40.76226],[-73.89602,40.76206],[-73.89705,40.76196],[-73.8973,40.76193],[-73.89825,40.76051],[-73.89866,40.75992],[-73.90255,40.75951],[-73.90288,40.75955],[-73.90308,40.75944],[-73.90311,40.75939],[-73.90313,40.75933],[-73.90279,40.75747],[-73.9025,40.75592],[-73.90212,40.7538],[-73.90247,40.75376],[-73.90299,40.75371],[-73.90392,40.75361],[-73.90586,40.7534],[-73.90669,40.75331],[-73.90759,40.75322],[-73.91023,40.75298],[-73.91651,40.75389],[-73.91763,40.75386],[-73.91892,40.75364],[-73.92048,40.75329],[-73.92162,40.75303],[-73.92204,40.75294],[-73.92442,40.7524],[-73.92563,40.75214],[-73.93228,40.75195],[-73.93383,40.7516],[-73.93676,40.74915],[-73.9374,40.74892],[-73.9344,40.74603],[-73.93326,40.74629],[-73.93029,40.7469],[-73.92677,40.74759],[-73.92547,40.74743],[-73.9208,40.74689],[-73.92034,40.74916],[-73.92026,40.74956],[-73.91531,40.75057],[-73.91314,40.75097],[-73.90952,40.75044],[-73.90948,40.75056],[-73.90945,40.75066],[-73.90944,40.75076],[-73.90946,40.75086],[-73.9095,40.75095],[-73.90956,40.75104],[-73.90984,40.75164],[-73.90789,40.75109],[-73.89969,40.74896],[-73.90071,40.74668],[-73.9011,40.74583],[-73.89722,40.74624],[-73.89632,40.74633],[-73.89502,40.74647],[-73.89474,40.7465],[-73.89642,40.74909],[-73.89703,40.75049],[-73.89717,40.7508],[-73.89761,40.75211],[-73.89762,40.75218],[-73.89766,40.75234],[-73.89768,40.75239],[-73.89824,40.75394],[-73.89652,40.75439],[-73.88909,40.75517],[-73.88816,40.75527],[-73.88882,40.75894]]]},"properties":{"dbn":"30Q152","schooldist":"30.0","label":"152"}},
{"type":"Feature","geometry":{"type":"Polygon","coordinates":[[[-73.88907,40.77358],[-73.89019,40.77367],[-73.88938,40.77566],[-73.89014,40.77787],[-73.89181,40.77674],[-73.89235,40.77585],[-73.89289,40.77381],[-73.89442,40.77473],[-73.89665,40.77291],[-73.89879,40.77443],[-73.90096,40.77266],[-73.90024,40.77215],[-73.90248,40.77032],[-73.90176,40.76982],[-73.90401,40.76793],[-73.90218,40.76732],[-73.90311,40.76634],[-73.90342,40.76596],[-73.90357,40.76578],[-73.90225,40.76264],[-73.90147,40.75963],[-73.89911,40.75988],[-73.89877,40.75992],[-73.89866,40.75992],[-73.89825,40.76051],[-73.8973,40.76193],[-73.89417,40.76226],[-73.89383,40.76044],[-73.89347,40.75845],[-73.88511,40.75933],[-73.8858,40.76315],[-73.88673,40.76305],[-73.88706,40.76487],[-73.88709,40.76501],[-73.88773,40.76691],[-73.88818,40.76843],[-73.88907,40.77358]]]},"properties":{"dbn":"30Q002","schooldist":"30.0","label":"2"}},
{"type":"Feature","geometry":{"type":"Polygon","coordinates":[[[-73.86791,40.75415],[-73.8669,40.75436],[-73.86603,40.75455],[-73.86514,40.75473],[-73.86534,40.75576],[-73.8643,40.75592],[-73.86462,40.75769],[-73.86746,40.75744],[-73.87041,40.75713],[-73.87132,40.75704],[-73.87169,40.75654],[-73.87151,40.75556],[-73.87099,40.7552],[-73.8711,40.75478],[-73.8712,40.75383],[-73.87179,40.75333],[-73.87084,40.75154],[-73.86928,40.75207],[-73.8698,40.75375],[-73.86791,40.75415]]]},"properties":{"dbn":"30Q092","schooldist":"30.0","label":"92"}},
{"type":"Feature","geometry":{"type":"Polygon","coordinates":[[[-73.86133,40.76485],[-73.86183,40.76457],[-73.86484,40.76794],[-73.868,40.77026],[-73.87026,40.77136],[-73.8726,40.77183],[-73.8752,40.77177],[-73.8767,40.7715],[-73.87952,40.77043],[-73.88204,40.76904],[-73.88432,40.76798],[-73.88773,40.76691],[-73.88709,40.76501],[-73.88671,40.76495],[-73.88612,40.76485],[-73.88513,40.76468],[-73.88122,40.76401],[-73.87532,40.76301],[-73.86339,40.76098],[-73.85926,40.76002],[-73.85501,40.75888],[-73.85443,40.75922],[-73.85664,40.76015],[-73.8553,40.76065],[-73.8573,40.7612],[-73.85932,40.76239],[-73.86133,40.76485]]]},"properties":{"dbn":"30Q127","schooldist":"30.0","label":"127"}},
{"type":"Feature","geometry":{"type":"Polygon","coordinates":[[[-73.90453,40.73993],[-73.90351,40.74055],[-73.90368,40.74141],[-73.90751,40.74186],[-73.90832,40.73863],[-73.90926,40.7364],[-73.90762,40.73665],[-73.90463,40.73782],[-73.90453,40.73993]]]},"properties":{"dbn":"24Q229","schooldist":"24.0","label":"229"}},
{"type":"Feature","geometry":{"type":"Polygon","coordinates":[[[-73.90952,40.75044],[-73.91314,40.75097],[-73.91531,40.75057],[-73.91541,40.75011],[-73.91608,40.74673],[-73.91523,40.74625],[-73.9143,40.74614],[-73.91464,40.74447],[-73.91495,40.74291],[-73.91194,40.74238],[-73.9083,40.74196],[-73.90368,40.74141],[-73.90314,40.74135],[-73.90257,40.74128],[-73.90255,40.74132],[-73.90249,40.74145],[-73.90228,40.74195],[-73.90141,40.74425],[-73.90237,40.74535],[-73.9027,40.74568],[-73.90339,40.7456],[-73.90558,40.74539],[-73.90812,40.74618],[-73.91017,40.74823],[-73.90952,40.75044]]]},"properties":{"dbn":"30Q011","schooldist":"30.0","label":"11"}},
{"type":"Feature","geometry":{"type":"Polygon","coordinates":[[[-73.87578,40.74536],[-73.8744,40.74443],[-73.8733,40.74515],[-73.87136,40.74427],[-73.87159,40.74532],[-73.86676,40.74676],[-73.8671,40.74743],[-73.86563,40.74787],[-73.86714,40.75047],[-73.86628,40.75076],[-73.86727,40.75251],[-73.86791,40.75415],[-73.8698,40.75375],[-73.86928,40.75207],[-73.87084,40.75154],[-73.87316,40.75092],[-73.87502,40.75072],[-73.87595,40.75063],[-73.87572,40.7494],[-73.87625,40.74844],[-73.87679,40.74751],[-73.8779,40.74559],[-73.87628,40.74487],[-73.87578,40.74536]]]},"properties":{"dbn":"24Q019","schooldist":"24.0","label":"19"}},
{"type":"Feature","geometry":{"type":"Polygon","coordinates":[[[-73.87721,40.70669],[-73.87482,40.70682],[-73.87153,40.70704],[-73.86911,40.70709],[-73.86928,40.70749],[-73.87018,40.70923],[-73.86662,40.7104],[-73.86501,40.71078],[-73.85979,40.71331],[-73.85965,40.71338],[-73.85963,40.7136],[-73.86004,40.71493],[-73.86302,40.71771],[-73.86548,40.72028],[-73.86559,40.72024],[-73.86837,40.71909],[-73.86919,40.71872],[-73.87095,40.71808],[-73.87239,40.71783],[-73.87224,40.71693],[-73.87214,40.71635],[-73.87208,40.71599],[-73.87308,40.7159],[-73.87321,40.71588],[-73.87438,40.71577],[-73.87578,40.7157],[-73.87672,40.71565],[-73.87909,40.71554],[-73.8793,40.71548],[-73.88021,40.71524],[-73.87858,40.71322],[-73.87934,40.71273],[-73.88006,40.71265],[-73.87908,40.71036],[-73.8786,40.70999],[-73.87721,40.70669]]]},"properties":{"dbn":"24Q087","schooldist":"24.0","label":"87"}},
{"type":"Feature","geometry":{"type":"Polygon","coordinates":[[[-73.85506,40.72128],[-73.85209,40.72256],[-73.85135,40.72258],[-73.8509,40.72387],[-73.85156,40.72459],[-73.85351,40.72536],[-73.85264,40.72657],[-73.85375,40.72697],[-73.85462,40.72569],[-73.85535,40.72537],[-73.85583,40.72362],[-73.86448,40.72682],[-73.86723,40.72236],[-73.86731,40.72229],[-73.86548,40.72028],[-73.86302,40.71771],[-73.86004,40.71493],[-73.85963,40.7136],[-73.85953,40.71367],[-73.85615,40.71903],[-73.85519,40.72106],[-73.85506,40.72128]]]},"properties":{"dbn":"28Q174","schooldist":"28.0","label":"174"}},
{"type":"Feature","geometry":{"type":"Polygon","coordinates":[[[-73.89474,40.7465],[-73.883,40.74773],[-73.8823,40.74791],[-73.88245,40.74994],[-73.8778,40.75043],[-73.87817,40.75247],[-73.88096,40.75218],[-73.88375,40.75189],[-73.88468,40.75179],[-73.88431,40.74975],[-73.88617,40.74955],[-73.88654,40.75159],[-73.88747,40.75149],[-73.88933,40.7513],[-73.89305,40.75091],[-73.8949,40.75072],[-73.89673,40.75052],[-73.89703,40.75049],[-73.89642,40.74909],[-73.89474,40.7465]]]},"properties":{"dbn":"30Q222,30Q069","schooldist":"30.0","label":"222 (K-2), 69 (K-5)"}},
{"type":"Feature","geometry":{"type":"Polygon","coordinates":[[[-73.8733,40.73743],[-73.8748,40.74129],[-73.87635,40.74053],[-73.87803,40.74189],[-73.87848,40.74215],[-73.87824,40.7424],[-73.87768,40.74306],[-73.88042,40.74427],[-73.88257,40.74523],[-73.88384,40.7458],[-73.88509,40.74397],[-73.88621,40.74378],[-73.88887,40.7434],[-73.88808,40.73933],[-73.88837,40.73891],[-73.88839,40.73886],[-73.88796,40.73877],[-73.88731,40.73864],[-73.8823,40.73771],[-73.88151,40.73754],[-73.8784,40.73698],[-73.87734,40.73729],[-73.87588,40.73661],[-73.87457,40.73652],[-73.87394,40.73607],[-73.87332,40.73591],[-73.87271,40.73588],[-73.87277,40.73605],[-73.8733,40.73743]]]},"properties":{"dbn":"24Q007","schooldist":"24.0","label":"7"}},
{"type":"Feature","geometry":{"type":"Polygon","coordinates":[[[-73.86358,40.75349],[-73.86426,40.75492],[-73.86514,40.75473],[-73.86603,40.75455],[-73.8669,40.75436],[-73.86791,40.75415],[-73.86727,40.75251],[-73.86628,40.75076],[-73.86714,40.75047],[-73.86563,40.74787],[-73.86525,40.74721],[-73.86345,40.74766],[-73.86333,40.74807],[-73.86273,40.74987],[-73.8631,40.75067],[-73.86416,40.75072],[-73.8654,40.75301],[-73.86445,40.75326],[-73.86358,40.75349]]]},"properties":{"dbn":"24Q307","schooldist":"24.0","label":"307"}},
{"type":"Feature","geometry":{"type":"Polygon","coordinates":[[[-73.9182,40.7586],[-73.91834,40.75911],[-73.91695,40.76081],[-73.91709,40.76132],[-73.91869,40.76207],[-73.91659,40.76464],[-73.91819,40.76539],[-73.91805,40.76488],[-73.91962,40.76296],[-73.92171,40.76309],[-73.92313,40.76137],[-73.92379,40.76123],[-73.92843,40.76342],[-73.93037,40.76449],[-73.93169,40.76522],[-73.93225,40.76464],[-73.93287,40.76399],[-73.93398,40.76283],[-73.92885,40.76042],[-73.9301,40.75888],[-73.9293,40.7585],[-73.93279,40.75419],[-73.93475,40.75196],[-73.93383,40.7516],[-73.93228,40.75195],[-73.92563,40.75214],[-73.92204,40.75294],[-73.92162,40.75303],[-73.92179,40.75351],[-73.91979,40.75597],[-73.92018,40.75682],[-73.91889,40.7584],[-73.9182,40.7586]]]},"properties":{"dbn":"30Q166","schooldist":"30.0","label":"166"}},
{"type":"Feature","geometry":{"type":"Polygon","coordinates":[[[-73.90453,40.73993],[-73.90463,40.73782],[-73.90762,40.73665],[-73.90926,40.7364],[-73.91077,40.73336],[-73.90629,40.7324],[-73.9047,40.73568],[-73.90108,40.73391],[-73.90556,40.72855],[-73.90312,40.72738],[-73.90316,40.72645],[-73.90024,40.72581],[-73.89861,40.72566],[-73.89491,40.72531],[-73.89534,40.72592],[-73.89576,40.73114],[-73.89233,40.73116],[-73.89145,40.73085],[-73.89114,40.73451],[-73.8891,40.73459],[-73.8877,40.73429],[-73.89016,40.7392],[-73.89861,40.74078],[-73.90158,40.74113],[-73.90257,40.74128],[-73.90314,40.74135],[-73.90368,40.74141],[-73.90351,40.74055],[-73.90453,40.73993]]]},"properties":{"dbn":"24Q229","schooldist":"24.0","label":"229"}},
{"type":"Feature","geometry":{"type":"Polygon","coordinates":[[[-73.89016,40.7392],[-73.8877,40.73429],[-73.88516,40.73399],[-73.88484,40.73393],[-73.88318,40.73333],[-73.8813,40.73175],[-73.88029,40.73256],[-73.87509,40.73067],[-73.87155,40.72936],[-73.87146,40.72933],[-73.8716,40.73118],[-73.87037,40.7335],[-73.87205,40.73413],[-73.87226,40.73474],[-73.87266,40.73574],[-73.87271,40.73588],[-73.87332,40.73591],[-73.87394,40.73607],[-73.87457,40.73652],[-73.87588,40.73661],[-73.87734,40.73729],[-73.8784,40.73698],[-73.88151,40.73754],[-73.8823,40.73771],[-73.88731,40.73864],[-73.88796,40.73877],[-73.88806,40.73879],[-73.88815,40.73881],[-73.88839,40.73886],[-73.89016,40.7392]]]},"properties":{"dbn":"24Q102","schooldist":"24.0","label":"102"}},
{"type":"Feature","geometry":{"type":"Polygon","coordinates":[[[-73.88516,40.73399],[-73.8877,40.73429],[-73.8891,40.73459],[-73.89114,40.73451],[-73.89145,40.73085],[-73.89233,40.73116],[-73.89576,40.73114],[-73.89534,40.72592],[-73.89491,40.72531],[-73.89861,40.72566],[-73.89856,40.72442],[-73.89903,40.72386],[-73.89835,40.72311],[-73.89609,40.72381],[-73.89497,40.72282],[-73.89273,40.71976],[-73.89213,40.71899],[-73.88724,40.72128],[-73.88644,40.72165],[-73.88404,40.72277],[-73.88284,40.72332],[-73.8792,40.72501],[-73.88209,40.72861],[-73.87969,40.72901],[-73.87509,40.73067],[-73.88029,40.73256],[-73.8813,40.73175],[-73.88318,40.73333],[-73.88484,40.73393],[-73.88516,40.73399]]]},"properties":{"dbn":"24Q058","schooldist":"24.0","label":"58"}},
{"type":"Feature","geometry":{"type":"Polygon","coordinates":[[[-73.82207,40.76163],[-73.8226,40.76276],[-73.82494,40.76213],[-73.82442,40.76099],[-73.82393,40.75989],[-73.82156,40.76053],[-73.82207,40.76163]]]},"properties":{"dbn":"25Q184","schooldist":"25.0","label":"184"}},
{"type":"Feature","geometry":{"type":"Polygon","coordinates":[[[-73.94295,40.75586],[-73.94299,40.75588],[-73.943,40.75587],[-73.94296,40.75585],[-73.94295,40.75586]]]},"properties":{"dbn":"30Q111,30Q122","schooldist":"30.0","label":"111 (K-5), 122 (1-5)"}},
{"type":"Feature","geometry":{"type":"Polygon","coordinates":[[[-73.87699,40.76162],[-73.87895,40.76198],[-73.88082,40.76181],[-73.88122,40.76401],[-73.88513,40.76468],[-73.88612,40.76485],[-73.88709,40.76501],[-73.88706,40.76487],[-73.88673,40.76305],[-73.8858,40.76315],[-73.88511,40.75933],[-73.88882,40.75894],[-73.88816,40.75527],[-73.8863,40.75546],[-73.88444,40.75566],[-73.88165,40.75595],[-73.87979,40.75615],[-73.87793,40.75634],[-73.877,40.75644],[-73.87738,40.75856],[-73.87646,40.75866],[-73.87551,40.75868],[-73.87458,40.759],[-73.87357,40.75936],[-73.87271,40.75966],[-73.87294,40.76091],[-73.87388,40.76106],[-73.87549,40.76135],[-73.87699,40.76162]]]},"properties":{"dbn":"30Q148","schooldist":"30.0","label":"148"}},
{"type":"Feature","geometry":{"type":"Polygon","coordinates":[[[-73.87294,40.76091],[-73.87271,40.75966],[-73.87357,40.75936],[-73.87458,40.759],[-73.87551,40.75868],[-73.87646,40.75866],[-73.87738,40.75856],[-73.877,40.75644],[-73.87793,40.75634],[-73.87979,40.75615],[-73.88165,40.75595],[-73.88096,40.75218],[-73.87817,40.75247],[-73.8778,40.75043],[-73.87688,40.75053],[-73.87595,40.75063],[-73.87502,40.75072],[-73.87316,40.75092],[-73.87353,40.75296],[-73.87446,40.75286],[-73.87468,40.75407],[-73.87375,40.75417],[-73.87421,40.75673],[-73.87222,40.75694],[-73.87189,40.75511],[-73.87151,40.75556],[-73.87169,40.75654],[-73.87148,40.75656],[-73.87132,40.75704],[-73.87041,40.75713],[-73.87108,40.76081],[-73.87294,40.76091]]]},"properties":{"dbn":"30Q228,30Q149","schooldist":"30.0","label":"228 (K-2), 149 (K-5)"}},
{"type":"Feature","geometry":{"type":"Polygon","coordinates":[[[-73.88617,40.74955],[-73.88431,40.74975],[-73.88468,40.75179],[-73.88375,40.75189],[-73.88096,40.75218],[-73.88165,40.75595],[-73.88444,40.75566],[-73.8863,40.75546],[-73.88816,40.75527],[-73.88783,40.75347],[-73.88875,40.7533],[-73.8884,40.7514],[-73.88747,40.75149],[-73.88654,40.75159],[-73.88617,40.74955]]]},"properties":{"dbn":"30Q212","schooldist":"30.0","label":"212"}},
{"type":"Feature","geometry":{"type":"Polygon","coordinates":[[[-73.85391,40.75736],[-73.85505,40.75718],[-73.85604,40.75707],[-73.8588,40.75649],[-73.8643,40.75592],[-73.86534,40.75576],[-73.86514,40.75473],[-73.86426,40.75492],[-73.86358,40.75349],[-73.86251,40.75145],[-73.85959,40.75232],[-73.85918,40.75153],[-73.85876,40.75072],[-73.85583,40.75158],[-73.85456,40.75196],[-73.8526,40.75254],[-73.85129,40.74993],[-73.85086,40.75],[-73.85262,40.75341],[-73.85336,40.75602],[-73.8538,40.75718],[-73.85391,40.75736]]]},"properties":{"dbn":"24Q143","schooldist":"24.0","label":"143"}},
{"type":"Feature","geometry":{"type":"Polygon","coordinates":[[[-73.91819,40.76539],[-73.92781,40.76989],[-73.93088,40.76606],[-73.93169,40.76522],[-73.93037,40.76449],[-73.92843,40.76342],[-73.92379,40.76123],[-73.92313,40.76137],[-73.92171,40.76309],[-73.91962,40.76296],[-73.91805,40.76488],[-73.91819,40.76539]]]},"properties":{"dbn":"30Q234","schooldist":"30.0","label":"234"}},
{"type":"Feature","geometry":{"type":"Polygon","coordinates":[[[-73.92566,40.77829],[-73.92622,40.77826],[-73.92823,40.77696],[-73.92981,40.77622],[-73.93056,40.77652],[-73.93179,40.77783],[-73.9345,40.77808],[-73.93631,40.77697],[-73.93705,40.77587],[-73.93615,40.7756],[-73.93529,40.77532],[-73.93427,40.77499],[-73.93338,40.77471],[-73.93182,40.77421],[-73.93234,40.77328],[-73.93269,40.7727],[-73.93278,40.77239],[-73.9333,40.772],[-73.9259,40.77226],[-73.92781,40.76989],[-73.91819,40.76539],[-73.91752,40.76553],[-73.91466,40.76905],[-73.91464,40.76975],[-73.91627,40.77002],[-73.91751,40.77056],[-73.91949,40.77203],[-73.92189,40.77374],[-73.9231,40.77495],[-73.92566,40.77829]]]},"properties":{"dbn":"30Q017","schooldist":"30.0","label":"17"}},
{"type":"Feature","geometry":{"type":"Polygon","coordinates":[[[-73.79175,40.78939],[-73.79263,40.78878],[-73.79375,40.78904],[-73.79492,40.79144],[-73.79459,40.79398],[-73.7947,40.79482],[-73.79635,40.79506],[-73.79865,40.79588],[-73.80107,40.79653],[-73.80344,40.7964],[-73.80487,40.79605],[-73.81171,40.79738],[-73.81276,40.79715],[-73.81577,40.79837],[-73.81983,40.80095],[-73.82176,40.79984],[-73.82242,40.79908],[-73.81999,40.79542],[-73.81753,40.78887],[-73.81389,40.78756],[-73.80797,40.78689],[-73.80633,40.78638],[-73.80243,40.78607],[-73.79784,40.78589],[-73.79582,40.78613],[-73.79392,40.78668],[-73.79051,40.78822],[-73.79175,40.78939]]]},"properties":{"dbn":"25Q193","schooldist":"25.0","label":"193"}},
{"type":"Feature","geometry":{"type":"Polygon","coordinates":[[[-73.91475,40.69217],[-73.91346,40.69361],[-73.91406,40.69407],[-73.91261,40.69554],[-73.91411,40.6964],[-73.91256,40.69798],[-73.91331,40.69841],[-73.91487,40.69683],[-73.91562,40.69725],[-73.91707,40.69578],[-73.91856,40.69663],[-73.91932,40.69527],[-73.91851,40.6943],[-73.9203,40.69248],[-73.91946,40.69215],[-73.91791,40.69192],[-73.91662,40.69312],[-73.91516,40.69201],[-73.91475,40.69217]]]},"properties":{"dbn":"32K377","schooldist":"32.0","label":"377"}},
{"type":"Feature","geometry":{"type":"Polygon","coordinates":[[[-73.77476,40.78688],[-73.77531,40.78657],[-73.77799,40.78833],[-73.78011,40.78906],[-73.78212,40.78943],[-73.78227,40.78866],[-73.78359,40.78876],[-73.78239,40.78309],[-73.78528,40.78226],[-73.78464,40.77902],[-73.78448,40.77617],[-73.7828,40.77667],[-73.78036,40.77739],[-73.77584,40.77861],[-73.7756,40.77932],[-73.77087,40.78194],[-73.77084,40.78224],[-73.77412,40.78589],[-73.77476,40.78688]]]},"properties":{"dbn":"25Q169","schooldist":"25.0","label":"169"}},
{"type":"Feature","geometry":{"type":"Polygon","coordinates":[[[-73.79223,40.77038],[-73.80251,40.7712],[-73.80442,40.77109],[-73.80418,40.77277],[-73.80698,40.77299],[-73.80721,40.77132],[-73.81004,40.77177],[-73.81099,40.7647],[-73.81292,40.76506],[-73.81732,40.76535],[-73.82348,40.76465],[-73.8226,40.76276],[-73.82207,40.76163],[-73.81276,40.76412],[-73.80913,40.76407],[-73.80643,40.76319],[-73.80653,40.76227],[-73.8057,40.76201],[-73.80495,40.7627],[-73.80364,40.76204],[-73.79632,40.76135],[-73.79541,40.76113],[-73.79344,40.76119],[-73.78992,40.76144],[-73.78527,40.76184],[-73.78536,40.76226],[-73.78596,40.7631],[-73.7885,40.76457],[-73.79022,40.76695],[-73.79238,40.76948],[-73.79214,40.7697],[-73.79166,40.77013],[-73.79223,40.77038]]]},"properties":{"dbn":"25Q032","schooldist":"25.0","label":"32"}},
{"type":"Feature","geometry":{"type":"Polygon","coordinates":[[[-73.8057,40.76201],[-73.80653,40.76227],[-73.80643,40.76319],[-73.80913,40.76407],[-73.81276,40.76412],[-73.82207,40.76163],[-73.82156,40.76053],[-73.82081,40.75894],[-73.81789,40.75709],[-73.81353,40.75425],[-73.81048,40.75421],[-73.80996,40.75454],[-73.8097,40.75645],[-73.80732,40.75662],[-73.80681,40.75694],[-73.80616,40.76173],[-73.8057,40.76201]]]},"properties":{"dbn":"25Q022","schooldist":"25.0","label":"22"}},
{"type":"Feature","geometry":{"type":"Polygon","coordinates":[[[-73.77476,40.78688],[-73.77364,40.78693],[-73.77112,40.78787],[-73.77071,40.78849],[-73.77228,40.79026],[-73.77245,40.79151],[-73.77361,40.79256],[-73.77466,40.79471],[-73.77624,40.79613],[-73.77723,40.79656],[-73.77945,40.79672],[-73.77987,40.79627],[-73.78183,40.7955],[-73.78178,40.79483],[-73.78073,40.79377],[-73.78111,40.79161],[-73.78237,40.7914],[-73.78386,40.79062],[-73.78528,40.7904],[-73.7902,40.79033],[-73.79175,40.78939],[-73.79051,40.78822],[-73.79392,40.78668],[-73.79582,40.78613],[-73.79784,40.78589],[-73.80243,40.78607],[-73.80633,40.78638],[-73.80797,40.78689],[-73.80853,40.7848],[-73.80911,40.78468],[-73.80824,40.78296],[-73.8067,40.78069],[-73.79387,40.77968],[-73.79402,40.78044],[-73.79133,40.78077],[-73.79081,40.77731],[-73.78464,40.77902],[-73.78528,40.78226],[-73.78239,40.78309],[-73.78359,40.78876],[-73.78227,40.78866],[-73.78212,40.78943],[-73.78011,40.78906],[-73.77799,40.78833],[-73.77531,40.78657],[-73.77476,40.78688]]]},"properties":{"dbn":"25Q209","schooldist":"25.0","label":"209"}},
{"type":"Feature","geometry":{"type":"Polygon","coordinates":[[[-73.81004,40.77177],[-73.80916,40.77812],[-73.81764,40.7764],[-73.82167,40.77686],[-73.82487,40.77654],[-73.82583,40.77592],[-73.82648,40.77312],[-73.82656,40.77014],[-73.82685,40.76799],[-73.82769,40.7661],[-73.82815,40.76394],[-73.82348,40.76465],[-73.81732,40.76535],[-73.81292,40.76506],[-73.81099,40.7647],[-73.81004,40.77177]]]},"properties":{"dbn":"25Q021","schooldist":"25.0","label":"21"}},
{"type":"Feature","geometry":{"type":"Polygon","coordinates":[[[-73.79081,40.77731],[-73.79133,40.78077],[-73.79402,40.78044],[-73.79387,40.77968],[-73.8067,40.78069],[-73.80511,40.77904],[-73.80916,40.77812],[-73.81004,40.77177],[-73.80721,40.77132],[-73.80698,40.77299],[-73.80418,40.77277],[-73.80442,40.77109],[-73.80251,40.7712],[-73.79223,40.77038],[-73.79179,40.77055],[-73.79224,40.77356],[-73.79164,40.77424],[-73.78914,40.77485],[-73.79004,40.77685],[-73.79081,40.77731]]]},"properties":{"dbn":"25Q184","schooldist":"25.0","label":"184"}},
{"type":"Feature","geometry":{"type":"Polygon","coordinates":[[[-73.8226,40.76276],[-73.82348,40.76465],[-73.82815,40.76394],[-73.83196,40.76295],[-73.83074,40.76079],[-73.82937,40.76117],[-73.82913,40.76051],[-73.82687,40.76109],[-73.82752,40.76242],[-73.82532,40.76298],[-73.82494,40.76213],[-73.8226,40.76276]]]},"properties":{"dbn":"25Q107","schooldist":"25.0","label":"107"}},
{"type":"Feature","geometry":{"type":"Polygon","coordinates":[[[-73.82687,40.76109],[-73.82913,40.76051],[-73.82937,40.76117],[-73.83074,40.76079],[-73.82964,40.75855],[-73.82597,40.75933],[-73.82654,40.76046],[-73.82687,40.76109]]]},"properties":{"dbn":"25Q209","schooldist":"25.0","label":"209"}},
{"type":"Feature","geometry":{"type":"Polygon","coordinates":[[[-73.82393,40.75989],[-73.82442,40.76099],[-73.82654,40.76046],[-73.82597,40.75933],[-73.82393,40.75989]]]},"properties":{"dbn":"25Q193","schooldist":"25.0","label":"193"}},
{"type":"Feature","geometry":{"type":"Polygon","coordinates":[[[-73.82494,40.76213],[-73.82532,40.76298],[-73.82752,40.76242],[-73.82687,40.76109],[-73.82654,40.76046],[-73.82442,40.76099],[-73.82494,40.76213]]]},"properties":{"dbn":"25Q079","schooldist":"25.0","label":"79"}},
{"type":"Feature","geometry":{"type":"Polygon","coordinates":[[[-73.80824,40.74201],[-73.81431,40.74297],[-73.81803,40.74404],[-73.81795,40.74482],[-73.81907,40.74552],[-73.82096,40.74584],[-73.82334,40.74665],[-73.82326,40.74753],[-73.82599,40.74831],[-73.8262,40.74656],[-73.82547,40.74269],[-73.82523,40.74253],[-73.81759,40.73996],[-73.81322,40.7387],[-73.80467,40.73839],[-73.79822,40.73817],[-73.7964,40.73829],[-73.79728,40.74033],[-73.79695,40.74193],[-73.80016,40.74225],[-73.80636,40.74205],[-73.80824,40.74201]]]},"properties":{"dbn":"25Q163","schooldist":"25.0","label":"163"}},
{"type":"Feature","geometry":{"type":"Polygon","coordinates":[[[-73.79344,40.76119],[-73.79541,40.76113],[-73.79632,40.76135],[-73.80364,40.76204],[-73.80495,40.7627],[-73.8057,40.76201],[-73.80616,40.76173],[-73.80681,40.75694],[-73.80732,40.75662],[-73.8097,40.75645],[-73.80996,40.75454],[-73.81048,40.75421],[-73.811,40.75041],[-73.80976,40.74878],[-73.80751,40.75014],[-73.80288,40.74977],[-73.80286,40.74764],[-73.80362,40.74577],[-73.79452,40.7459],[-73.79468,40.74721],[-73.79456,40.7471],[-73.79436,40.74678],[-73.79281,40.74648],[-73.7925,40.74679],[-73.79242,40.74677],[-73.79217,40.75047],[-73.7883,40.75149],[-73.78653,40.75246],[-73.78663,40.75364],[-73.7848,40.75407],[-73.78495,40.75556],[-73.78546,40.75595],[-73.78783,40.75616],[-73.78797,40.75746],[-73.7885,40.75787],[-73.79303,40.75776],[-73.79344,40.76076],[-73.79344,40.76119]]]},"properties":{"dbn":"25Q107","schooldist":"25.0","label":"107"}},
{"type":"Feature","geometry":{"type":"Polygon","coordinates":[[[-73.81789,40.75709],[-73.81862,40.75704],[-73.82277,40.75434],[-73.82472,40.75549],[-73.82714,40.75451],[-73.82525,40.75292],[-73.82335,40.75417],[-73.82256,40.75291],[-73.82577,40.75097],[-73.82599,40.74831],[-73.82326,40.74753],[-73.82334,40.74665],[-73.82096,40.74584],[-73.81907,40.74552],[-73.81795,40.74482],[-73.81803,40.74404],[-73.81431,40.74297],[-73.80824,40.74201],[-73.80636,40.74205],[-73.80016,40.74225],[-73.79695,40.74193],[-73.79572,40.74299],[-73.79454,40.74451],[-73.79452,40.7459],[-73.80362,40.74577],[-73.80286,40.74764],[-73.80288,40.74977],[-73.80751,40.75014],[-73.80976,40.74878],[-73.811,40.75041],[-73.81048,40.75421],[-73.81353,40.75425],[-73.81789,40.75709]]]},"properties":{"dbn":"25Q024","schooldist":"25.0","label":"24"}},
{"type":"Feature","geometry":{"type":"Polygon","coordinates":[[[-73.80474,40.73677],[-73.80467,40.73839],[-73.81322,40.7387],[-73.81759,40.73996],[-73.81895,40.7377],[-73.81975,40.7342],[-73.8148,40.73376],[-73.81492,40.73204],[-73.81157,40.7323],[-73.81077,40.73233],[-73.8107,40.73344],[-73.8096,40.73341],[-73.8098,40.73606],[-73.80881,40.73661],[-73.8051,40.73645],[-73.80474,40.73677]]]},"properties":{"dbn":"25Q201","schooldist":"25.0","label":"201"}},
{"type":"Feature","geometry":{"type":"Polygon","coordinates":[[[-73.80474,40.73677],[-73.8051,40.73645],[-73.80881,40.73661],[-73.8098,40.73606],[-73.8096,40.73341],[-73.8107,40.73344],[-73.81077,40.73233],[-73.81157,40.7323],[-73.81157,40.73028],[-73.80414,40.73047],[-73.80324,40.73048],[-73.80316,40.7316],[-73.80294,40.73486],[-73.80442,40.73531],[-73.80474,40.73677]]]},"properties":{"dbn":"25Q200","schooldist":"25.0","label":"200"}},
{"type":"Feature","geometry":{"type":"Polygon","coordinates":[[[-73.81157,40.73028],[-73.81157,40.7323],[-73.81492,40.73204],[-73.8148,40.73376],[-73.81975,40.7342],[-73.81987,40.73293],[-73.81925,40.73128],[-73.82347,40.73002],[-73.82078,40.72467],[-73.8204,40.72517],[-73.81905,40.72557],[-73.81773,40.72327],[-73.81547,40.72394],[-73.81649,40.72594],[-73.81247,40.72713],[-73.815,40.72843],[-73.81504,40.7304],[-73.81157,40.73028]]]},"properties":{"dbn":"25Q165","schooldist":"25.0","label":"165"}},
{"type":"Feature","geometry":{"type":"Polygon","coordinates":[[[-73.80019,40.72294],[-73.80022,40.72299],[-73.80038,40.72337],[-73.8015,40.72929],[-73.80143,40.73053],[-73.80233,40.73051],[-73.80323,40.73048],[-73.80414,40.73047],[-73.81157,40.73028],[-73.81504,40.7304],[-73.815,40.72843],[-73.81247,40.72713],[-73.81649,40.72594],[-73.81547,40.72394],[-73.81773,40.72327],[-73.81514,40.71823],[-73.80904,40.71991],[-73.80861,40.71845],[-73.80397,40.71929],[-73.80453,40.72146],[-73.80364,40.72175],[-73.80105,40.72265],[-73.80019,40.72294]]]},"properties":{"dbn":"25Q154","schooldist":"25.0","label":"154"}},
{"type":"Feature","geometry":{"type":"Polygon","coordinates":[[[-73.80397,40.71929],[-73.80269,40.71951],[-73.80364,40.72175],[-73.80453,40.72146],[-73.80397,40.71929]]]},"properties":{"dbn":"29Q131","schooldist":"29.0","label":"131"}},
{"type":"Feature","geometry":{"type":"Polygon","coordinates":[[[-73.87251,40.67792],[-73.86896,40.6785],[-73.86925,40.6798],[-73.87104,40.67954],[-73.87156,40.68168],[-73.87253,40.68141],[-73.87689,40.68016],[-73.87628,40.67897],[-73.87383,40.67933],[-73.87335,40.67864],[-73.87323,40.67847],[-73.87251,40.67792]]]},"properties":{"dbn":"19K938,19K214","schooldist":"19.0","label":"938 (K-4), 214 (5)"}},
{"type":"Feature","geometry":{"type":"Polygon","coordinates":[[[-73.77847,40.7152],[-73.78123,40.71454],[-73.78786,40.71262],[-73.79304,40.71071],[-73.7939,40.71035],[-73.79473,40.71001],[-73.79395,40.70862],[-73.79299,40.70715],[-73.79253,40.70636],[-73.78869,40.70747],[-73.78672,40.70789],[-73.78383,40.70793],[-73.78289,40.70695],[-73.7824,40.70707],[-73.78203,40.70783],[-73.7778,40.70848],[-73.77726,40.70888],[-73.77601,40.70814],[-73.77326,40.70879],[-73.77712,40.71426],[-73.778,40.71405],[-73.77847,40.7152]]]},"properties":{"dbn":"29Q095","schooldist":"29.0","label":"95"}},
{"type":"Feature","geometry":{"type":"Polygon","coordinates":[[[-73.78032,40.71818],[-73.78197,40.71757],[-73.7849,40.71781],[-73.78502,40.71983],[-73.78443,40.72158],[-73.78465,40.72185],[-73.7861,40.72393],[-73.78831,40.72596],[-73.78964,40.72642],[-73.79332,40.72529],[-73.79934,40.72323],[-73.80019,40.72294],[-73.8002,40.72294],[-73.80105,40.72265],[-73.80364,40.72175],[-73.80269,40.71951],[-73.80397,40.71929],[-73.80314,40.71621],[-73.80022,40.71674],[-73.79803,40.71735],[-73.79714,40.71488],[-73.79562,40.71176],[-73.79473,40.71001],[-73.7939,40.71035],[-73.79304,40.71071],[-73.78786,40.71262],[-73.78123,40.71454],[-73.77847,40.7152],[-73.779,40.71581],[-73.7801,40.71604],[-73.78032,40.71818]]]},"properties":{"dbn":"29Q131","schooldist":"29.0","label":"131"}},
{"type":"Feature","geometry":{"type":"Polygon","coordinates":[[[-73.94293,40.75588],[-73.94297,40.7559],[-73.94299,40.75588],[-73.94295,40.75586],[-73.94293,40.75588]]]},"properties":{"dbn":"30Q111,30Q122","schooldist":"30.0","label":"111 (K-5), 122 (1-5)"}},
{"type":"Feature","geometry":{"type":"Polygon","coordinates":[[[-73.94278,40.75604],[-73.94282,40.75606],[-73.94297,40.7559],[-73.94293,40.75588],[-73.94278,40.75604]]]},"properties":{"dbn":"30Q166","schooldist":"30.0","label":"166"}},
{"type":"Feature","geometry":{"type":"Polygon","coordinates":[[[-73.76923,40.7213],[-73.77017,40.72002],[-73.7718,40.72058],[-73.77266,40.72024],[-73.77335,40.72106],[-73.7743,40.72028],[-73.77391,40.71966],[-73.77636,40.71877],[-73.77672,40.71822],[-73.78004,40.71857],[-73.78032,40.71818],[-73.7801,40.71604],[-73.779,40.71581],[-73.77847,40.7152],[-73.778,40.71405],[-73.77712,40.71426],[-73.77326,40.70879],[-73.773,40.7079],[-73.77078,40.70828],[-73.76866,40.70974],[-73.76085,40.71159],[-73.75729,40.71245],[-73.75826,40.71353],[-73.76277,40.71964],[-73.76447,40.71889],[-73.76496,40.71939],[-73.76624,40.71865],[-73.76816,40.7195],[-73.7685,40.71957],[-73.76867,40.71959],[-73.76865,40.71995],[-73.76869,40.72006],[-73.76881,40.72028],[-73.76923,40.7213]]]},"properties":{"dbn":"29Q035","schooldist":"29.0","label":"35"}},
{"type":"Feature","geometry":{"type":"Polygon","coordinates":[[[-73.75477,40.72524],[-73.7567,40.72623],[-73.75923,40.72581],[-73.76103,40.72589],[-73.76476,40.7264],[-73.76746,40.72614],[-73.76953,40.72561],[-73.76876,40.72511],[-73.76792,40.72238],[-73.76791,40.72225],[-73.76798,40.72211],[-73.76824,40.72132],[-73.76923,40.7213],[-73.76881,40.72028],[-73.76869,40.72006],[-73.76865,40.71995],[-73.76867,40.71959],[-73.7685,40.71957],[-73.76816,40.7195],[-73.76624,40.71865],[-73.76496,40.71939],[-73.76447,40.71889],[-73.76277,40.71964],[-73.75826,40.71353],[-73.75729,40.71245],[-73.74903,40.71446],[-73.74691,40.71489],[-73.74391,40.71563],[-73.74451,40.71582],[-73.74564,40.71777],[-73.74732,40.71724],[-73.74792,40.71744],[-73.74969,40.72053],[-73.75406,40.72408],[-73.75477,40.72524]]]},"properties":{"dbn":"29Q135","schooldist":"29.0","label":"135"}},
{"type":"Feature","geometry":{"type":"Polygon","coordinates":[[[-73.73659,40.73036],[-73.73716,40.72873],[-73.74556,40.73064],[-73.7463,40.73118],[-73.74672,40.73248],[-73.75048,40.72922],[-73.75184,40.72833],[-73.75121,40.72819],[-73.75069,40.72822],[-73.74984,40.72781],[-73.75323,40.72619],[-73.75477,40.72524],[-73.75406,40.72408],[-73.74969,40.72053],[-73.74792,40.71744],[-73.74732,40.71724],[-73.74564,40.71777],[-73.74385,40.71832],[-73.74308,40.71801],[-73.74082,40.71875],[-73.73966,40.71943],[-73.7393,40.72052],[-73.73801,40.72119],[-73.73694,40.72131],[-73.7353,40.72133],[-73.73366,40.72207],[-73.73208,40.72316],[-73.72894,40.72387],[-73.72716,40.72498],[-73.726,40.72488],[-73.72441,40.72541],[-73.72349,40.72972],[-73.72505,40.72967],[-73.72876,40.73019],[-73.73278,40.73033],[-73.73285,40.73058],[-73.73648,40.73066],[-73.73659,40.73036]]]},"properties":{"dbn":"29Q033","schooldist":"29.0","label":"33"}},
{"type":"Feature","geometry":{"type":"Polygon","coordinates":[[[-73.72836,40.71619],[-73.73059,40.71588],[-73.73174,40.71642],[-73.73227,40.71847],[-73.74391,40.71563],[-73.74691,40.71489],[-73.74773,40.71416],[-73.74671,40.71169],[-73.74628,40.71172],[-73.7458,40.70947],[-73.74436,40.70571],[-73.74431,40.70558],[-73.74421,40.70611],[-73.74229,40.70751],[-73.74171,40.70761],[-73.73967,40.70713],[-73.73929,40.70667],[-73.73629,40.70597],[-73.7353,40.70649],[-73.73115,40.70651],[-73.7279,40.70585],[-73.7268,40.70582],[-73.72694,40.70994],[-73.72718,40.71166],[-73.72836,40.71619]]]},"properties":{"dbn":"29Q034","schooldist":"29.0","label":"34"}},
{"type":"Feature","geometry":{"type":"Polygon","coordinates":[[[-73.73659,40.73036],[-73.73923,40.73039],[-73.74093,40.73108],[-73.74169,40.73179],[-73.74284,40.73112],[-73.74358,40.73219],[-73.74304,40.73313],[-73.74416,40.73447],[-73.74672,40.73248],[-73.7463,40.73118],[-73.74556,40.73064],[-73.73716,40.72873],[-73.73659,40.73036]]]},"properties":{"dbn":"29Q033,26Q018","schooldist":"29.0","label":"33, 18"}},
{"type":"Feature","geometry":{"type":"Polygon","coordinates":[[[-73.78669,40.74085],[-73.78682,40.74112],[-73.78752,40.7426],[-73.78843,40.74235],[-73.78932,40.74211],[-73.79007,40.74369],[-73.79183,40.74321],[-73.79262,40.743],[-73.79267,40.74298],[-73.79256,40.74448],[-73.79454,40.74451],[-73.79572,40.74299],[-73.79695,40.74193],[-73.79728,40.74033],[-73.7964,40.73829],[-73.79822,40.73817],[-73.80467,40.73839],[-73.80474,40.73677],[-73.80442,40.73531],[-73.80294,40.73486],[-73.80316,40.7316],[-73.80323,40.73048],[-73.80233,40.73051],[-73.80143,40.73053],[-73.8015,40.72929],[-73.80038,40.72337],[-73.80022,40.72299],[-73.80019,40.72294],[-73.79934,40.72323],[-73.79332,40.72529],[-73.78964,40.72642],[-73.78656,40.72744],[-73.78621,40.72783],[-73.78705,40.72981],[-73.78759,40.72991],[-73.78723,40.73023],[-73.78773,40.73141],[-73.78565,40.73227],[-73.78853,40.73835],[-73.78765,40.73859],[-73.78848,40.74037],[-73.78669,40.74085]]]},"properties":{"dbn":"26Q173","schooldist":"26.0","label":"173"}},
{"type":"Feature","geometry":{"type":"Polygon","coordinates":[[[-73.7828,40.77667],[-73.78448,40.77617],[-73.78464,40.77902],[-73.79081,40.77731],[-73.79004,40.77685],[-73.78914,40.77485],[-73.79164,40.77424],[-73.79224,40.77356],[-73.79179,40.77055],[-73.79223,40.77038],[-73.79166,40.77013],[-73.79214,40.7697],[-73.79238,40.76948],[-73.79022,40.76695],[-73.7885,40.76457],[-73.78596,40.7631],[-73.78536,40.76226],[-73.78527,40.76184],[-73.78523,40.76185],[-73.78123,40.76216],[-73.77547,40.76273],[-73.77184,40.76309],[-73.77077,40.76319],[-73.77097,40.7636],[-73.77329,40.76802],[-73.77376,40.76898],[-73.77709,40.76829],[-73.77769,40.76967],[-73.77797,40.77035],[-73.78013,40.77664],[-73.78036,40.77739],[-73.7828,40.77667]]]},"properties":{"dbn":"26Q159","schooldist":"26.0","label":"159"}},
{"type":"Feature","geometry":{"type":"Polygon","coordinates":[[[-73.76656,40.75714],[-73.76475,40.75752],[-73.76515,40.75892],[-73.76424,40.7591],[-73.76334,40.75929],[-73.7624,40.7595],[-73.76293,40.76125],[-73.76366,40.76374],[-73.76368,40.76389],[-73.76459,40.7638],[-73.76835,40.76343],[-73.77184,40.76309],[-73.77547,40.76273],[-73.78123,40.76216],[-73.78523,40.76185],[-73.78527,40.76184],[-73.78533,40.76184],[-73.78992,40.76144],[-73.79344,40.76119],[-73.79344,40.76076],[-73.79303,40.75776],[-73.78566,40.75796],[-73.78199,40.75763],[-73.77926,40.75773],[-73.77731,40.75824],[-73.77182,40.75969],[-73.77023,40.75628],[-73.76656,40.75714]]]},"properties":{"dbn":"26Q031","schooldist":"26.0","label":"31"}},
{"type":"Feature","geometry":{"type":"Polygon","coordinates":[[[-73.75851,40.76718],[-73.75904,40.76845],[-73.75955,40.7687],[-73.76165,40.77074],[-73.76475,40.77339],[-73.7657,40.77454],[-73.76703,40.77673],[-73.76759,40.77829],[-73.76926,40.78073],[-73.77087,40.78194],[-73.7756,40.77932],[-73.77584,40.77861],[-73.78036,40.77739],[-73.78013,40.77664],[-73.77797,40.77035],[-73.77769,40.76967],[-73.77709,40.76829],[-73.77376,40.76898],[-73.77329,40.76802],[-73.77097,40.7636],[-73.77077,40.76319],[-73.76835,40.76343],[-73.76459,40.7638],[-73.76368,40.76389],[-73.76293,40.76125],[-73.76085,40.76158],[-73.75811,40.76205],[-73.75706,40.76225],[-73.75698,40.76226],[-73.75799,40.76333],[-73.75856,40.76439],[-73.75939,40.76669],[-73.75851,40.76718]]]},"properties":{"dbn":"26Q041","schooldist":"26.0","label":"41"}},
{"type":"Feature","geometry":{"type":"Polygon","coordinates":[[[-73.75677,40.72638],[-73.75846,40.72754],[-73.76161,40.72905],[-73.76435,40.73115],[-73.76564,40.73253],[-73.77011,40.73178],[-73.77491,40.73091],[-73.77937,40.7297],[-73.78027,40.72951],[-73.77997,40.72993],[-73.78077,40.73162],[-73.78759,40.72991],[-73.78705,40.72981],[-73.78621,40.72783],[-73.78656,40.72744],[-73.78964,40.72642],[-73.78831,40.72596],[-73.7861,40.72393],[-73.78465,40.72185],[-73.78443,40.72158],[-73.78502,40.71983],[-73.7849,40.71781],[-73.78197,40.71757],[-73.78032,40.71818],[-73.78004,40.71857],[-73.77672,40.71822],[-73.77636,40.71877],[-73.77391,40.71966],[-73.7743,40.72028],[-73.77335,40.72106],[-73.77266,40.72024],[-73.7718,40.72058],[-73.77017,40.72002],[-73.76923,40.7213],[-73.76824,40.72132],[-73.76798,40.72211],[-73.76791,40.72225],[-73.76792,40.72238],[-73.76876,40.72511],[-73.76953,40.72561],[-73.76746,40.72614],[-73.76476,40.7264],[-73.76103,40.72589],[-73.75923,40.72581],[-73.7567,40.72623],[-73.75477,40.72524],[-73.75323,40.72619],[-73.74984,40.72781],[-73.75069,40.72822],[-73.75121,40.72819],[-73.75184,40.72833],[-73.75442,40.72704],[-73.75667,40.7263],[-73.75677,40.72638]]]},"properties":{"dbn":"26Q178","schooldist":"26.0","label":"178"}},
{"type":"Feature","geometry":{"type":"Polygon","coordinates":[[[-73.77011,40.73178],[-73.7723,40.73511],[-73.77344,40.73772],[-73.77455,40.74082],[-73.77559,40.74301],[-73.77574,40.74333],[-73.77806,40.74299],[-73.78037,40.74259],[-73.78216,40.74212],[-73.7835,40.74174],[-73.78665,40.74087],[-73.78669,40.74085],[-73.78848,40.74037],[-73.78765,40.73859],[-73.78853,40.73835],[-73.78565,40.73227],[-73.78773,40.73141],[-73.78723,40.73023],[-73.78759,40.72991],[-73.78077,40.73162],[-73.77997,40.72993],[-73.78027,40.72951],[-73.77937,40.7297],[-73.77491,40.73091],[-73.77011,40.73178]]]},"properties":{"dbn":"26Q026","schooldist":"26.0","label":"26"}},
{"type":"Feature","geometry":{"type":"Polygon","coordinates":[[[-73.77153,40.74419],[-73.77567,40.75293],[-73.77731,40.75824],[-73.77926,40.75773],[-73.78199,40.75763],[-73.78566,40.75796],[-73.78797,40.75746],[-73.78783,40.75616],[-73.78546,40.75595],[-73.78495,40.75556],[-73.7848,40.75407],[-73.78663,40.75364],[-73.78653,40.75246],[-73.7883,40.75149],[-73.79217,40.75047],[-73.79242,40.74677],[-73.79281,40.74648],[-73.79436,40.74678],[-73.79456,40.7471],[-73.79468,40.74721],[-73.79452,40.7459],[-73.79446,40.74544],[-73.79453,40.74451],[-73.79256,40.74448],[-73.79267,40.74298],[-73.79183,40.74321],[-73.79095,40.74345],[-73.79007,40.74369],[-73.78932,40.74211],[-73.78843,40.74235],[-73.78752,40.7426],[-73.78682,40.74112],[-73.78669,40.74085],[-73.78037,40.74259],[-73.77806,40.74299],[-73.77574,40.74333],[-73.77362,40.74363],[-73.77153,40.74419]]]},"properties":{"dbn":"26Q162","schooldist":"26.0","label":"162"}},
{"type":"Feature","geometry":{"type":"Polygon","coordinates":[[[-74.02352,40.63462],[-74.02576,40.63581],[-74.02829,40.63663],[-74.02893,40.63646],[-74.03127,40.63736],[-74.03388,40.63817],[-74.03596,40.63882],[-74.03678,40.63908],[-74.03984,40.63278],[-74.04066,40.63089],[-74.0372,40.63004],[-74.03762,40.62901],[-74.02686,40.62646],[-74.02626,40.62792],[-74.02566,40.62938],[-74.02509,40.63083],[-74.02452,40.63217],[-74.02352,40.63462]]]},"properties":{"dbn":"20K102","schooldist":"20.0","label":"102"}},
{"type":"Feature","geometry":{"type":"Polygon","coordinates":[[[-73.76146,40.74751],[-73.75806,40.74894],[-73.75391,40.75005],[-73.74962,40.75087],[-73.74684,40.75206],[-73.74445,40.75371],[-73.74635,40.75601],[-73.74843,40.75811],[-73.7509,40.75957],[-73.75126,40.75971],[-73.75282,40.7602],[-73.75364,40.76045],[-73.75499,40.76094],[-73.75698,40.76226],[-73.75706,40.76225],[-73.75811,40.76205],[-73.76085,40.76158],[-73.76293,40.76125],[-73.7624,40.7595],[-73.76334,40.75929],[-73.76424,40.7591],[-73.76515,40.75892],[-73.76475,40.75752],[-73.76656,40.75714],[-73.76615,40.75575],[-73.76716,40.75566],[-73.76627,40.75386],[-73.76422,40.75236],[-73.76308,40.75112],[-73.76146,40.74751]]]},"properties":{"dbn":"26Q203","schooldist":"26.0","label":"203"}},
{"type":"Feature","geometry":{"type":"Polygon","coordinates":[[[-73.76682,40.74603],[-73.76431,40.74067],[-73.7634,40.74093],[-73.76252,40.74117],[-73.76163,40.74141],[-73.75987,40.7419],[-73.75892,40.74216],[-73.75926,40.74289],[-73.75709,40.7435],[-73.75648,40.74139],[-73.75347,40.7424],[-73.75253,40.74261],[-73.75163,40.74281],[-73.75073,40.743],[-73.75132,40.74424],[-73.75145,40.74454],[-73.7535,40.74564],[-73.75446,40.7477],[-73.75454,40.74796],[-73.75455,40.7481],[-73.75453,40.74824],[-73.75442,40.74853],[-73.75409,40.74889],[-73.75346,40.74915],[-73.75379,40.7498],[-73.75391,40.75005],[-73.75806,40.74894],[-73.76146,40.74751],[-73.76682,40.74603]]]},"properties":{"dbn":"26Q046","schooldist":"26.0","label":"46"}},
{"type":"Feature","geometry":{"type":"Polygon","coordinates":[[[-73.75347,40.7424],[-73.75648,40.74139],[-73.75709,40.7435],[-73.75926,40.74289],[-73.75892,40.74216],[-73.75897,40.74214],[-73.75987,40.7419],[-73.76163,40.74141],[-73.76252,40.74117],[-73.7634,40.74093],[-73.76431,40.74067],[-73.76361,40.73917],[-73.76268,40.73726],[-73.76273,40.73526],[-73.7625,40.73473],[-73.76068,40.73521],[-73.75707,40.73586],[-73.75569,40.73534],[-73.75653,40.73709],[-73.75532,40.73768],[-73.7495,40.73876],[-73.74997,40.73975],[-73.75009,40.73982],[-73.75053,40.73995],[-73.75113,40.74007],[-73.75139,40.74019],[-73.75347,40.7424]]]},"properties":{"dbn":"26Q205","schooldist":"26.0","label":"205"}},
{"type":"Feature","geometry":{"type":"Polygon","coordinates":[[[-73.73987,40.73887],[-73.74114,40.73933],[-73.74347,40.73887],[-73.74396,40.74079],[-73.74997,40.73975],[-73.7495,40.73876],[-73.75532,40.73768],[-73.75653,40.73709],[-73.75569,40.73534],[-73.75707,40.73586],[-73.76068,40.73521],[-73.7625,40.73473],[-73.76273,40.73526],[-73.76511,40.73456],[-73.76471,40.73408],[-73.76638,40.73361],[-73.76564,40.73253],[-73.76435,40.73115],[-73.76161,40.72905],[-73.75846,40.72754],[-73.75677,40.72638],[-73.75667,40.7263],[-73.75442,40.72704],[-73.75184,40.72833],[-73.75048,40.72922],[-73.74672,40.73248],[-73.74416,40.73447],[-73.74145,40.73694],[-73.73987,40.73887]]]},"properties":{"dbn":"26Q188","schooldist":"26.0","label":"188"}},
{"type":"Feature","geometry":{"type":"Polygon","coordinates":[[[-73.98945,40.73599],[-73.98636,40.74018],[-73.98937,40.74146],[-73.98958,40.74155],[-73.9918,40.7385],[-73.99786,40.74106],[-73.99968,40.73855],[-74.00252,40.73975],[-74.00279,40.7394],[-74.0011,40.73656],[-74.00056,40.73707],[-73.99781,40.73604],[-73.99459,40.73467],[-73.99003,40.73276],[-73.98987,40.73353],[-73.9899,40.73443],[-73.98995,40.73516],[-73.98992,40.73535],[-73.98945,40.73599]]]},"properties":{"dbn":"02M340","schooldist":"2.0","label":"340"}},
{"type":"Feature","geometry":{"type":"Polygon","coordinates":[[[-73.73233,40.74377],[-73.73479,40.74538],[-73.73708,40.74748],[-73.73873,40.74876],[-73.7415,40.75054],[-73.74268,40.75161],[-73.74439,40.75365],[-73.74684,40.75206],[-73.74962,40.75087],[-73.75391,40.75005],[-73.75346,40.74915],[-73.75362,40.74911],[-73.75378,40.74905],[-73.75409,40.74889],[-73.75442,40.74853],[-73.75453,40.74824],[-73.75455,40.7481],[-73.75454,40.74796],[-73.75446,40.7477],[-73.7535,40.74564],[-73.75145,40.74454],[-73.75073,40.743],[-73.75163,40.74281],[-73.75253,40.74261],[-73.75347,40.7424],[-73.75139,40.74019],[-73.75113,40.74007],[-73.75053,40.73995],[-73.75009,40.73982],[-73.74997,40.73975],[-73.74396,40.74079],[-73.74347,40.73887],[-73.74114,40.73933],[-73.73987,40.73887],[-73.73816,40.74038],[-73.73437,40.74235],[-73.73233,40.74377]]]},"properties":{"dbn":"26Q213","schooldist":"26.0","label":"213"}},
{"type":"Feature","geometry":{"type":"Polygon","coordinates":[[[-73.74621,40.77834],[-73.74808,40.77996],[-73.74887,40.78095],[-73.75073,40.78263],[-73.7519,40.78227],[-73.75301,40.78114],[-73.75395,40.77973],[-73.75501,40.7765],[-73.75351,40.77378],[-73.75355,40.77254],[-73.75409,40.77195],[-73.75559,40.77156],[-73.75458,40.76952],[-73.75498,40.76756],[-73.75349,40.76544],[-73.75558,40.76636],[-73.75851,40.76718],[-73.75939,40.76669],[-73.75856,40.76439],[-73.75799,40.76333],[-73.75698,40.76226],[-73.75499,40.76094],[-73.75364,40.76045],[-73.75282,40.7602],[-73.75126,40.75971],[-73.7509,40.75957],[-73.74843,40.75811],[-73.74635,40.75601],[-73.74445,40.75371],[-73.74439,40.75365],[-73.73765,40.75805],[-73.73603,40.759],[-73.73698,40.76017],[-73.73931,40.76388],[-73.74128,40.76306],[-73.74214,40.76553],[-73.74265,40.76772],[-73.74378,40.76764],[-73.74434,40.7686],[-73.74479,40.77117],[-73.74563,40.77383],[-73.74535,40.77526],[-73.74623,40.77612],[-73.74592,40.77652],[-73.74639,40.77679],[-73.74621,40.77834]]]},"properties":{"dbn":"26Q098","schooldist":"26.0","label":"98"}},
{"type":"Feature","geometry":{"type":"Polygon","coordinates":[[[-73.85501,40.75888],[-73.85926,40.76002],[-73.86339,40.76098],[-73.86318,40.75978],[-73.86691,40.75938],[-73.86657,40.75754],[-73.86462,40.75769],[-73.8643,40.75592],[-73.8588,40.75649],[-73.85604,40.75707],[-73.85505,40.75718],[-73.85391,40.75736],[-73.85437,40.75812],[-73.85501,40.75888]]]},"properties":{"dbn":"24Q330","schooldist":"24.0","label":"330"}},
{"type":"Feature","geometry":{"type":"Polygon","coordinates":[[[-73.82714,40.75451],[-73.82783,40.75425],[-73.82879,40.75667],[-73.8331,40.75466],[-73.83701,40.75403],[-73.83778,40.75413],[-73.83508,40.75015],[-73.83473,40.74829],[-73.83514,40.74716],[-73.83717,40.74465],[-73.83769,40.74324],[-73.83494,40.74332],[-73.83033,40.74288],[-73.82841,40.743],[-73.82547,40.74269],[-73.8262,40.74656],[-73.82599,40.74831],[-73.82577,40.75097],[-73.82256,40.75291],[-73.82335,40.75417],[-73.82525,40.75292],[-73.82714,40.75451]]]},"properties":{"dbn":"25Q120","schooldist":"25.0","label":"120"}},
{"type":"Feature","geometry":{"type":"Polygon","coordinates":[[[-73.72075,40.76459],[-73.72248,40.76553],[-73.72306,40.76614],[-73.72555,40.7675],[-73.73229,40.77156],[-73.73762,40.77484],[-73.73992,40.77612],[-73.74478,40.77931],[-73.74621,40.77834],[-73.74639,40.77679],[-73.74592,40.77652],[-73.74623,40.77612],[-73.74535,40.77526],[-73.74563,40.77383],[-73.74479,40.77117],[-73.74434,40.7686],[-73.74378,40.76764],[-73.74265,40.76772],[-73.74214,40.76553],[-73.74128,40.76306],[-73.73931,40.76388],[-73.73698,40.76017],[-73.73603,40.759],[-73.73192,40.76061],[-73.72761,40.76312],[-73.72412,40.76422],[-73.72075,40.76459]]]},"properties":{"dbn":"26Q094","schooldist":"26.0","label":"94"}},
{"type":"Feature","geometry":{"type":"Polygon","coordinates":[[[-73.71352,40.75984],[-73.71889,40.76315],[-73.72075,40.76459],[-73.72412,40.76422],[-73.72761,40.76312],[-73.73192,40.76061],[-73.73603,40.759],[-73.73765,40.75805],[-73.74439,40.75365],[-73.74268,40.75161],[-73.7415,40.75054],[-73.73873,40.74876],[-73.73708,40.74748],[-73.73479,40.74538],[-73.73233,40.74377],[-73.73106,40.74489],[-73.72965,40.74656],[-73.72872,40.7482],[-73.72825,40.74969],[-73.72709,40.75134],[-73.72384,40.75346],[-73.72241,40.75492],[-73.72097,40.75729],[-73.71956,40.75845],[-73.71767,40.75931],[-73.71613,40.75966],[-73.71352,40.75984]]]},"properties":{"dbn":"26Q221","schooldist":"26.0","label":"221"}},
{"type":"Feature","geometry":{"type":"Polygon","coordinates":[[[-73.72488,40.74139],[-73.7189,40.74335],[-73.71763,40.74403],[-73.71576,40.74502],[-73.7165,40.74662],[-73.71633,40.74733],[-73.71722,40.74788],[-73.71221,40.75243],[-73.70783,40.75622],[-73.70792,40.75638],[-73.71352,40.75984],[-73.71613,40.75966],[-73.71767,40.75931],[-73.71956,40.75845],[-73.72097,40.75729],[-73.72241,40.75492],[-73.72384,40.75346],[-73.72709,40.75134],[-73.72825,40.74969],[-73.72872,40.7482],[-73.72488,40.74139]]]},"properties":{"dbn":"26Q186","schooldist":"26.0","label":"186"}},
{"type":"Feature","geometry":{"type":"Polygon","coordinates":[[[-73.75255,40.59109],[-73.7516,40.59129],[-73.75057,40.59255],[-73.74881,40.59353],[-73.74582,40.59447],[-73.74373,40.59473],[-73.73755,40.59442],[-73.73818,40.59605],[-73.73834,40.59822],[-73.73817,40.60232],[-73.73922,40.60404],[-73.74045,40.60462],[-73.7412,40.60554],[-73.74315,40.60726],[-73.74469,40.60562],[-73.74574,40.6034],[-73.74983,40.60256],[-73.75175,40.6036],[-73.75217,40.60229],[-73.7515,40.6022],[-73.75248,40.59924],[-73.75305,40.59779],[-73.7532,40.59521],[-73.7532,40.59503],[-73.75321,40.59426],[-73.75318,40.59288],[-73.75255,40.59109]]]},"properties":{"dbn":"27Q197","schooldist":"27.0","label":"197"}},
{"type":"Feature","geometry":{"type":"Polygon","coordinates":[[[-73.72349,40.72972],[-73.72282,40.73297],[-73.72299,40.73577],[-73.72392,40.73812],[-73.72526,40.73982],[-73.72663,40.7408],[-73.72488,40.74139],[-73.72872,40.7482],[-73.72965,40.74656],[-73.73106,40.74489],[-73.73233,40.74377],[-73.73437,40.74235],[-73.73816,40.74038],[-73.73987,40.73887],[-73.74145,40.73694],[-73.74416,40.73447],[-73.74304,40.73313],[-73.74358,40.73219],[-73.74284,40.73112],[-73.74169,40.73179],[-73.74093,40.73108],[-73.73923,40.73039],[-73.73659,40.73036],[-73.73648,40.73066],[-73.73285,40.73058],[-73.73278,40.73033],[-73.72876,40.73019],[-73.72505,40.72967],[-73.72349,40.72972]]]},"properties":{"dbn":"26Q018","schooldist":"26.0","label":"18"}},
{"type":"Feature","geometry":{"type":"Polygon","coordinates":[[[-73.72463,40.72434],[-73.71829,40.72604],[-73.71588,40.72654],[-73.7105,40.72723],[-73.71075,40.73053],[-73.71148,40.7325],[-73.71477,40.7379],[-73.71578,40.73989],[-73.71763,40.74403],[-73.7189,40.74335],[-73.72488,40.74139],[-73.72663,40.7408],[-73.72526,40.73982],[-73.72392,40.73812],[-73.72299,40.73577],[-73.72282,40.73297],[-73.72349,40.72972],[-73.72441,40.72541],[-73.72463,40.72434]]]},"properties":{"dbn":"26Q133","schooldist":"26.0","label":"133"}},
{"type":"Feature","geometry":{"type":"Polygon","coordinates":[[[-73.70057,40.74319],[-73.70335,40.74257],[-73.70485,40.74264],[-73.70548,40.74171],[-73.70499,40.74039],[-73.70887,40.73955],[-73.70948,40.73914],[-73.71016,40.74099],[-73.71578,40.73989],[-73.71477,40.7379],[-73.71148,40.7325],[-73.71075,40.73053],[-73.7105,40.72723],[-73.70766,40.72783],[-73.70206,40.73644],[-73.70147,40.73751],[-73.70002,40.73924],[-73.70057,40.74319]]]},"properties":{"dbn":"26Q191","schooldist":"26.0","label":"191"}},
{"type":"Feature","geometry":{"type":"Polygon","coordinates":[[[-73.71578,40.73989],[-73.71016,40.74099],[-73.70948,40.73914],[-73.70887,40.73955],[-73.70499,40.74039],[-73.70548,40.74171],[-73.70485,40.74264],[-73.70335,40.74257],[-73.70057,40.74319],[-73.70092,40.74597],[-73.70135,40.75083],[-73.70158,40.7523],[-73.70355,40.75378],[-73.70792,40.75638],[-73.70783,40.75622],[-73.71221,40.75243],[-73.71722,40.74788],[-73.71633,40.74733],[-73.7165,40.74662],[-73.71576,40.74502],[-73.71763,40.74403],[-73.71578,40.73989]]]},"properties":{"dbn":"26Q115","schooldist":"26.0","label":"115"}},
{"type":"Feature","geometry":{"type":"Polygon","coordinates":[[[-73.94731,40.75637],[-73.94726,40.75642],[-73.94727,40.75647],[-73.94731,40.75643],[-73.94735,40.75639],[-73.94731,40.75637]]]},"properties":{"dbn":"30Q111","schooldist":"30.0","label":"111"}},
{"type":"Feature","geometry":{"type":"Polygon","coordinates":[[[-73.94732,40.75636],[-73.94731,40.75637],[-73.94735,40.75639],[-73.94736,40.75638],[-73.94732,40.75636]]]},"properties":{"dbn":"30Q111,30Q150","schooldist":"30.0","label":"111 (K-5), 150 (1-5)"}},
{"type":"Feature","geometry":{"type":"Polygon","coordinates":[[[-73.94732,40.75635],[-73.94732,40.75636],[-73.94736,40.75638],[-73.94736,40.75637],[-73.94732,40.75635]]]},"properties":{"dbn":"30Q111","schooldist":"30.0","label":"111"}},
{"type":"Feature","geometry":{"type":"Polygon","coordinates":[[[-73.72463,40.72434],[-73.72441,40.72541],[-73.726,40.72488],[-73.72716,40.72498],[-73.72894,40.72387],[-73.73208,40.72316],[-73.73366,40.72207],[-73.7353,40.72133],[-73.73694,40.72131],[-73.73801,40.72119],[-73.7393,40.72052],[-73.73966,40.71943],[-73.74082,40.71875],[-73.74308,40.71801],[-73.74385,40.71832],[-73.74564,40.71777],[-73.74451,40.71582],[-73.74391,40.71563],[-73.73227,40.71847],[-73.73174,40.71642],[-73.73059,40.71588],[-73.72836,40.71619],[-73.72914,40.71905],[-73.73033,40.72216],[-73.72658,40.72372],[-73.72463,40.72434]]]},"properties":{"dbn":"29Q295","schooldist":"29.0","label":"295"}},
{"type":"Feature","geometry":{"type":"Polygon","coordinates":[[[-73.81853,40.58835],[-73.82143,40.58677],[-73.82313,40.58755],[-73.82798,40.58612],[-73.82848,40.58487],[-73.83585,40.58287],[-73.83847,40.58274],[-73.83925,40.58185],[-73.84423,40.58161],[-73.84043,40.57504],[-73.83758,40.57629],[-73.8303,40.57859],[-73.81496,40.58286],[-73.8157,40.58383],[-73.81638,40.58491],[-73.81853,40.58835]]]},"properties":{"dbn":"27Q317","schooldist":"27.0","label":"317"}},
{"type":"Feature","geometry":{"type":"Polygon","coordinates":[[[-73.82311,40.63877],[-73.82398,40.63985],[-73.82451,40.63917],[-73.82492,40.63617],[-73.82679,40.63578],[-73.82823,40.63624],[-73.83153,40.63876],[-73.83297,40.63889],[-73.83339,40.63799],[-73.83247,40.6354],[-73.83103,40.63275],[-73.83205,40.63114],[-73.83216,40.63001],[-73.83326,40.6279],[-73.83241,40.62669],[-73.83074,40.62608],[-73.83144,40.62495],[-73.83372,40.62405],[-73.83329,40.62273],[-73.83445,40.62249],[-73.8358,40.61959],[-73.83506,40.61746],[-73.83671,40.61641],[-73.83783,40.61654],[-73.83806,40.61564],[-73.83576,40.61497],[-73.83425,40.61365],[-73.83313,40.6145],[-73.83139,40.61499],[-73.83001,40.61501],[-73.82721,40.61411],[-73.82575,40.61425],[-73.82385,40.61145],[-73.8223,40.60976],[-73.82091,40.60917],[-73.82054,40.61021],[-73.8212,40.6108],[-73.82109,40.61191],[-73.82056,40.61227],[-73.81958,40.61031],[-73.82001,40.60898],[-73.82133,40.6072],[-73.82288,40.60583],[-73.82293,40.60318],[-73.82399,40.60122],[-73.82376,40.60026],[-73.82398,40.59881],[-73.82476,40.598],[-73.82571,40.59878],[-73.82594,40.59952],[-73.8277,40.59813],[-73.82793,40.59752],[-73.827,40.59634],[-73.82736,40.59564],[-73.82538,40.59546],[-73.82508,40.59497],[-73.82123,40.59471],[-73.82042,40.59568],[-73.82055,40.5963],[-73.81975,40.59731],[-73.81913,40.59871],[-73.81838,40.60181],[-73.8187,40.60254],[-73.81824,40.604],[-73.81833,40.605],[-73.81764,40.60586],[-73.8165,40.60586],[-73.8152,40.60703],[-73.81478,40.60892],[-73.81529,40.61013],[-73.81512,40.61092],[-73.81584,40.613],[-73.81541,40.61378],[-73.81618,40.61478],[-73.81724,40.61772],[-73.81729,40.61905],[-73.81563,40.62002],[-73.81533,40.62109],[-73.81611,40.6218],[-73.81728,40.62151],[-73.81894,40.62292],[-73.81937,40.62389],[-73.81893,40.6243],[-73.81654,40.62396],[-73.81649,40.62474],[-73.81738,40.62516],[-73.81783,40.62692],[-73.81766,40.62789],[-73.81927,40.62757],[-73.82011,40.62822],[-73.82079,40.63003],[-73.82311,40.63877]]]},"properties":{"dbn":"27Q047","schooldist":"27.0","label":"47"}},
{"type":"Feature","geometry":{"type":"Polygon","coordinates":[[[-73.77418,40.59892],[-73.77412,40.60006],[-73.77482,40.60153],[-73.77612,40.6013],[-73.77749,40.59876],[-73.78,40.5971],[-73.78128,40.59776],[-73.78193,40.59913],[-73.77992,40.60073],[-73.77823,40.60035],[-73.77701,40.6017],[-73.77511,40.60447],[-73.7742,40.60764],[-73.77409,40.60877],[-73.7747,40.60966],[-73.77695,40.60992],[-73.77882,40.60961],[-73.77984,40.6089],[-73.78326,40.60571],[-73.78396,40.60483],[-73.78315,40.6037],[-73.78352,40.60255],[-73.78533,40.60159],[-73.78605,40.60021],[-73.78666,40.60002],[-73.78916,40.59786],[-73.78912,40.59406],[-73.78724,40.59482],[-73.78701,40.59256],[-73.78655,40.59207],[-73.78608,40.58823],[-73.77936,40.58952],[-73.77495,40.59006],[-73.77532,40.59306],[-73.7736,40.59323],[-73.77418,40.59892]]]},"properties":{"dbn":"27Q105","schooldist":"27.0","label":"105"}},
{"type":"Feature","geometry":{"type":"Polygon","coordinates":[[[-73.76375,40.59137],[-73.76465,40.59581],[-73.76672,40.59633],[-73.76497,40.59738],[-73.76654,40.59943],[-73.7678,40.60047],[-73.76858,40.60349],[-73.77033,40.6031],[-73.7712,40.60055],[-73.77116,40.599],[-73.76825,40.59832],[-73.77276,40.59791],[-73.77418,40.59892],[-73.7736,40.59323],[-73.77532,40.59306],[-73.77495,40.59006],[-73.76556,40.59099],[-73.76375,40.59137]]]},"properties":{"dbn":"27Q106","schooldist":"27.0","label":"106"}},
{"type":"Feature","geometry":{"type":"Polygon","coordinates":[[[-73.75248,40.59924],[-73.75407,40.5995],[-73.75425,40.59824],[-73.75523,40.59825],[-73.75676,40.59892],[-73.76039,40.59846],[-73.76257,40.60134],[-73.763,40.60269],[-73.76541,40.602],[-73.76528,40.60167],[-73.7678,40.60047],[-73.76654,40.59943],[-73.76497,40.59738],[-73.76672,40.59633],[-73.76465,40.59581],[-73.76375,40.59137],[-73.76117,40.5916],[-73.75748,40.59119],[-73.75539,40.59075],[-73.75255,40.59109],[-73.75318,40.59288],[-73.75321,40.59426],[-73.7532,40.59503],[-73.7532,40.59521],[-73.75305,40.59779],[-73.75248,40.59924]]]},"properties":{"dbn":"27Q043","schooldist":"27.0","label":"43"}},
{"type":"Feature","geometry":{"type":"Polygon","coordinates":[[[-74.13059,40.63088],[-74.12958,40.63064],[-74.12922,40.62872],[-74.12826,40.62667],[-74.12666,40.62689],[-74.12623,40.62486],[-74.12474,40.62464],[-74.12474,40.62434],[-74.12474,40.62396],[-74.12204,40.62418],[-74.12216,40.62559],[-74.12271,40.62741],[-74.12126,40.62782],[-74.12057,40.62699],[-74.11858,40.62829],[-74.1199,40.63017],[-74.11823,40.63063],[-74.11892,40.63128],[-74.11917,40.63239],[-74.12044,40.63224],[-74.12064,40.63426],[-74.12307,40.63408],[-74.12325,40.63549],[-74.12632,40.63525],[-74.12596,40.63386],[-74.12905,40.63363],[-74.13044,40.63402],[-74.13094,40.63314],[-74.13192,40.63161],[-74.13107,40.63115],[-74.13059,40.63088]]]},"properties":{"dbn":"31R019","schooldist":"31.0","label":"19"}},
{"type":"Feature","geometry":{"type":"Polygon","coordinates":[[[-73.91378,40.70965],[-73.91633,40.71116],[-73.91675,40.7114],[-73.91467,40.71344],[-73.92084,40.71382],[-73.92404,40.71401],[-73.92123,40.71225],[-73.92122,40.71079],[-73.92075,40.71053],[-73.92189,40.7094],[-73.91996,40.70826],[-73.91922,40.70782],[-73.91808,40.70715],[-73.91625,40.70607],[-73.91403,40.70475],[-73.91329,40.70431],[-73.91181,40.70343],[-73.9129,40.70236],[-73.91216,40.70192],[-73.91068,40.70105],[-73.91181,40.69994],[-73.91103,40.69953],[-73.90994,40.70061],[-73.90966,40.70088],[-73.90973,40.70094],[-73.90835,40.70275],[-73.90788,40.70276],[-73.9075,40.70312],[-73.90705,40.70343],[-73.90676,40.70371],[-73.90684,40.70422],[-73.90561,40.70485],[-73.90709,40.70572],[-73.906,40.7068],[-73.90735,40.70727],[-73.90896,40.70856],[-73.91028,40.70901],[-73.91118,40.70987],[-73.91229,40.70878],[-73.91378,40.70965]]]},"properties":{"dbn":"24Q305,24Q081","schooldist":"24.0","label":"305, 81"}},
{"type":"Feature","geometry":{"type":"Polygon","coordinates":[[[-73.84858,40.70844],[-73.84951,40.70835],[-73.85594,40.7064],[-73.85823,40.70559],[-73.85921,40.70713],[-73.85978,40.71143],[-73.85971,40.71261],[-73.85979,40.71331],[-73.86501,40.71078],[-73.86662,40.7104],[-73.87018,40.70923],[-73.86928,40.70749],[-73.86911,40.70709],[-73.86901,40.70676],[-73.86881,40.70608],[-73.86861,40.70538],[-73.86824,40.70297],[-73.86982,40.70284],[-73.86931,40.69936],[-73.87051,40.6976],[-73.86892,40.69515],[-73.86842,40.69472],[-73.85928,40.69655],[-73.85657,40.69706],[-73.85184,40.69768],[-73.8479,40.6986],[-73.847,40.69883],[-73.84502,40.69936],[-73.84294,40.70055],[-73.84257,40.70075],[-73.84156,40.7011],[-73.83948,40.70269],[-73.83696,40.70421],[-73.83733,40.70485],[-73.83787,40.70566],[-73.83788,40.70568],[-73.83793,40.70575],[-73.83808,40.7065],[-73.83803,40.70665],[-73.838,40.70673],[-73.8379,40.70689],[-73.83781,40.70699],[-73.83715,40.70796],[-73.83829,40.7084],[-73.83879,40.70851],[-73.84151,40.70897],[-73.84315,40.70922],[-73.84454,40.70866],[-73.84666,40.70832],[-73.84858,40.70844]]]},"properties":{"dbn":"24Q113","schooldist":"24.0","label":"113"}},
{"type":"Feature","geometry":{"type":"Polygon","coordinates":[[[-73.84398,40.72145],[-73.84829,40.72337],[-73.8498,40.7244],[-73.85167,40.72608],[-73.85177,40.72614],[-73.85264,40.72657],[-73.85351,40.72536],[-73.85156,40.72459],[-73.8509,40.72387],[-73.85135,40.72258],[-73.85209,40.72256],[-73.85506,40.72128],[-73.85519,40.72106],[-73.85615,40.71903],[-73.85953,40.71367],[-73.85965,40.71338],[-73.85971,40.71261],[-73.85978,40.71143],[-73.85921,40.70713],[-73.85823,40.70559],[-73.85594,40.7064],[-73.84951,40.70835],[-73.84858,40.70844],[-73.84814,40.71003],[-73.85092,40.71047],[-73.84398,40.72145]]]},"properties":{"dbn":"28Q144","schooldist":"28.0","label":"144"}},
{"type":"Feature","geometry":{"type":"Polygon","coordinates":[[[-73.94733,40.75634],[-73.94732,40.75635],[-73.94736,40.75637],[-73.94737,40.75636],[-73.94733,40.75634]]]},"properties":{"dbn":"30Q111,30Q150","schooldist":"30.0","label":"111 (K-5), 150 (1-5)"}},
{"type":"Feature","geometry":{"type":"Polygon","coordinates":[[[-73.94738,40.75629],[-73.94733,40.75634],[-73.94737,40.75636],[-73.94742,40.75631],[-73.94738,40.75629]]]},"properties":{"dbn":"30Q111","schooldist":"30.0","label":"111"}},
{"type":"Feature","geometry":{"type":"Polygon","coordinates":[[[-73.89694,40.7065],[-73.89565,40.70615],[-73.89411,40.70252],[-73.89283,40.70191],[-73.89384,40.70086],[-73.89335,40.70089],[-73.89289,40.69774],[-73.89202,40.69547],[-73.88681,40.69667],[-73.88616,40.69621],[-73.88466,40.69399],[-73.88268,40.69232],[-73.88114,40.6914],[-73.87951,40.69115],[-73.87402,40.69419],[-73.86892,40.69515],[-73.87051,40.6976],[-73.86931,40.69936],[-73.86982,40.70284],[-73.87164,40.70269],[-73.87542,40.70237],[-73.87734,40.70222],[-73.87907,40.70645],[-73.88377,40.70629],[-73.88553,40.70645],[-73.88863,40.7058],[-73.88919,40.70722],[-73.89014,40.70836],[-73.89096,40.70874],[-73.89625,40.70734],[-73.8967,40.70702],[-73.89694,40.7065]]]},"properties":{"dbn":"24Q091","schooldist":"24.0","label":"91"}},
{"type":"Feature","geometry":{"type":"Polygon","coordinates":[[[-73.83488,40.6664],[-73.83604,40.66685],[-73.84223,40.66858],[-73.84158,40.66607],[-73.8407,40.66252],[-73.83998,40.66198],[-73.83825,40.66251],[-73.83804,40.66156],[-73.83899,40.66141],[-73.83599,40.64931],[-73.83517,40.6481],[-73.83367,40.64789],[-73.83124,40.64806],[-73.8309,40.64882],[-73.83185,40.6526],[-73.83082,40.65128],[-73.83006,40.65104],[-73.82947,40.64979],[-73.82837,40.64907],[-73.82663,40.64913],[-73.82826,40.65603],[-73.82931,40.6589],[-73.82991,40.65967],[-73.83069,40.66123],[-73.83288,40.66581],[-73.83488,40.6664]]]},"properties":{"dbn":"27Q146","schooldist":"27.0","label":"146"}},
{"type":"Feature","geometry":{"type":"Polygon","coordinates":[[[-73.82501,40.68795],[-73.82599,40.68995],[-73.82719,40.69237],[-73.83091,40.69132],[-73.83141,40.69132],[-73.83499,40.69028],[-73.83515,40.6906],[-73.84132,40.68885],[-73.84074,40.68767],[-73.83992,40.68599],[-73.83906,40.68624],[-73.83816,40.6865],[-73.83718,40.6845],[-73.83595,40.68484],[-73.83512,40.68508],[-73.83342,40.68557],[-73.83172,40.68605],[-73.82501,40.68795]]]},"properties":{"dbn":"27Q062","schooldist":"27.0","label":"62"}},
{"type":"Feature","geometry":{"type":"Polygon","coordinates":[[[-73.83601,40.67227],[-73.83288,40.66581],[-73.82837,40.66502],[-73.82808,40.66609],[-73.82695,40.66972],[-73.82513,40.66939],[-73.82399,40.67302],[-73.82284,40.67673],[-73.82302,40.67803],[-73.82473,40.68152],[-73.82685,40.68584],[-73.82501,40.68603],[-73.8249,40.68605],[-73.82487,40.68605],[-73.82476,40.68607],[-73.82475,40.68607],[-73.82469,40.68608],[-73.82468,40.68608],[-73.82468,40.68609],[-73.82466,40.68609],[-73.82465,40.68609],[-73.82441,40.68615],[-73.82438,40.68616],[-73.82434,40.68618],[-73.8243,40.68619],[-73.82218,40.68701],[-73.82119,40.6874],[-73.82189,40.68884],[-73.82293,40.68854],[-73.82398,40.68825],[-73.82501,40.68795],[-73.83172,40.68605],[-73.83342,40.68557],[-73.83512,40.68508],[-73.83429,40.68343],[-73.83458,40.68328],[-73.83537,40.68284],[-73.83616,40.68242],[-73.8378,40.68167],[-73.83953,40.68126],[-73.84134,40.68092],[-73.84315,40.68059],[-73.84349,40.6805],[-73.84264,40.6804],[-73.83976,40.68],[-73.83781,40.67972],[-73.83639,40.67947],[-73.83418,40.67887],[-73.83681,40.67396],[-73.83601,40.67227]]]},"properties":{"dbn":"27Q108","schooldist":"27.0","label":"108"}},
{"type":"Feature","geometry":{"type":"Polygon","coordinates":[[[-73.89384,40.70086],[-73.89283,40.70191],[-73.89411,40.70252],[-73.89565,40.70615],[-73.89694,40.7065],[-73.89723,40.70709],[-73.898,40.7084],[-73.89869,40.7086],[-73.90294,40.70759],[-73.9028,40.70724],[-73.90365,40.70734],[-73.90569,40.70535],[-73.90532,40.70513],[-73.90561,40.70485],[-73.90684,40.70422],[-73.90676,40.70371],[-73.90602,40.70328],[-73.90566,40.70306],[-73.90572,40.70299],[-73.90631,40.70242],[-73.90593,40.7022],[-73.90621,40.70193],[-73.90367,40.70041],[-73.90141,40.70049],[-73.9002,40.7005],[-73.89798,40.70052],[-73.89384,40.70086]]]},"properties":{"dbn":"24Q088","schooldist":"24.0","label":"88"}},
{"type":"Feature","geometry":{"type":"Polygon","coordinates":[[[-73.82801,40.69405],[-73.82889,40.69586],[-73.8322,40.69492],[-73.83407,40.69869],[-73.8364,40.6974],[-73.83717,40.69894],[-73.83892,40.69843],[-73.84066,40.69793],[-73.84092,40.69748],[-73.84008,40.6958],[-73.8405,40.69536],[-73.84006,40.69431],[-73.84266,40.69357],[-73.84234,40.69293],[-73.84407,40.69244],[-73.84281,40.68987],[-73.84419,40.68947],[-73.843,40.68704],[-73.84074,40.68767],[-73.84132,40.68885],[-73.83515,40.6906],[-73.83499,40.69028],[-73.83141,40.69132],[-73.83091,40.69132],[-73.82719,40.69237],[-73.82801,40.69405]]]},"properties":{"dbn":"27Q090","schooldist":"27.0","label":"90"}},
{"type":"Feature","geometry":{"type":"Polygon","coordinates":[[[-73.8379,40.70689],[-73.838,40.70673],[-73.83803,40.70665],[-73.83808,40.7065],[-73.83793,40.70575],[-73.83788,40.70568],[-73.83787,40.70566],[-73.83733,40.70485],[-73.83696,40.70421],[-73.83948,40.70269],[-73.84156,40.7011],[-73.84021,40.70094],[-73.83892,40.69843],[-73.83717,40.69894],[-73.8364,40.6974],[-73.83407,40.69869],[-73.8322,40.69492],[-73.82889,40.69586],[-73.82801,40.69405],[-73.82588,40.69453],[-73.82605,40.69577],[-73.82715,40.69802],[-73.82631,40.69826],[-73.82747,40.70064],[-73.82795,40.70229],[-73.82921,40.70542],[-73.83498,40.7071],[-73.83619,40.70757],[-73.83715,40.70796],[-73.83781,40.70699],[-73.8379,40.70689]]]},"properties":{"dbn":"27Q051,27Q056","schooldist":"27.0","label":"51 (K-1), 56 (2-5)"}},
{"type":"Feature","geometry":{"type":"Polygon","coordinates":[[[-73.809,40.70595],[-73.80998,40.70807],[-73.81036,40.71115],[-73.80917,40.71148],[-73.81015,40.71347],[-73.81022,40.71584],[-73.8078,40.71581],[-73.80861,40.71845],[-73.80904,40.71991],[-73.81514,40.71823],[-73.81887,40.71726],[-73.82005,40.71681],[-73.82222,40.71705],[-73.82386,40.71689],[-73.82547,40.7162],[-73.82574,40.7157],[-73.83103,40.71433],[-73.82489,40.71177],[-73.82225,40.71067],[-73.82065,40.70999],[-73.81829,40.7063],[-73.8171,40.70403],[-73.81524,40.7042],[-73.809,40.70595]]]},"properties":{"dbn":"28Q117","schooldist":"28.0","label":"117"}},
{"type":"Feature","geometry":{"type":"Polygon","coordinates":[[[-73.79473,40.71001],[-73.79562,40.71176],[-73.79714,40.71488],[-73.79803,40.71735],[-73.80022,40.71674],[-73.80314,40.71621],[-73.80397,40.71929],[-73.80861,40.71845],[-73.8078,40.71581],[-73.81022,40.71584],[-73.81015,40.71347],[-73.80917,40.71148],[-73.81036,40.71115],[-73.80998,40.70807],[-73.809,40.70595],[-73.80849,40.70609],[-73.80022,40.70845],[-73.79914,40.70669],[-73.79715,40.70742],[-73.79844,40.70788],[-73.79818,40.70902],[-73.79473,40.71001]]]},"properties":{"dbn":"28Q086","schooldist":"28.0","label":"86"}},
{"type":"Feature","geometry":{"type":"Polygon","coordinates":[[[-73.80571,40.70006],[-73.80633,40.70178],[-73.80681,40.70178],[-73.80716,40.70324],[-73.80849,40.70609],[-73.809,40.70595],[-73.81524,40.7042],[-73.8171,40.70403],[-73.81552,40.70061],[-73.81415,40.69804],[-73.81023,40.69883],[-73.80571,40.70006]]]},"properties":{"dbn":"28Q082","schooldist":"28.0","label":"82"}},
{"type":"Feature","geometry":{"type":"Polygon","coordinates":[[[-73.82795,40.70229],[-73.82271,40.70362],[-73.8171,40.70403],[-73.81829,40.7063],[-73.82065,40.70999],[-73.82225,40.71067],[-73.82489,40.71177],[-73.83103,40.71433],[-73.83601,40.71173],[-73.83747,40.71071],[-73.84151,40.70897],[-73.83879,40.70851],[-73.83829,40.7084],[-73.83715,40.70796],[-73.83619,40.70757],[-73.83498,40.7071],[-73.82921,40.70542],[-73.82795,40.70229]]]},"properties":{"dbn":"28Q099","schooldist":"28.0","label":"99"}},
{"type":"Feature","geometry":{"type":"Polygon","coordinates":[[[-73.7268,40.70582],[-73.7279,40.70585],[-73.73115,40.70651],[-73.7353,40.70649],[-73.73629,40.70597],[-73.73929,40.70667],[-73.73967,40.70713],[-73.74171,40.70761],[-73.74229,40.70751],[-73.74421,40.70611],[-73.74431,40.70558],[-73.7431,40.7024],[-73.74253,40.70146],[-73.74147,40.70119],[-73.74303,40.69787],[-73.74416,40.69455],[-73.74485,40.69314],[-73.74624,40.69128],[-73.74184,40.68995],[-73.74098,40.69158],[-73.73659,40.69026],[-73.73569,40.69198],[-73.73133,40.69067],[-73.73004,40.6907],[-73.72796,40.69006],[-73.72729,40.69068],[-73.72611,40.68953],[-73.72626,40.69061],[-73.7268,40.70582]]]},"properties":{"dbn":"29Q147","schooldist":"29.0","label":"147"}},
{"type":"Feature","geometry":{"type":"Polygon","coordinates":[[[-73.82672,40.82182],[-73.82537,40.82021],[-73.82379,40.82076],[-73.82339,40.82115],[-73.82274,40.82112],[-73.81906,40.82235],[-73.82021,40.82435],[-73.81766,40.8256],[-73.81705,40.82596],[-73.81678,40.82609],[-73.8167,40.82612],[-73.81661,40.82615],[-73.81596,40.82437],[-73.81555,40.82358],[-73.8144,40.8221],[-73.81222,40.82042],[-73.8106,40.82],[-73.8098,40.82029],[-73.80898,40.8206],[-73.80882,40.82064],[-73.80801,40.82071],[-73.80707,40.82077],[-73.80639,40.82084],[-73.80604,40.82067],[-73.80599,40.82082],[-73.80596,40.82143],[-73.80582,40.82167],[-73.80586,40.8219],[-73.80666,40.82342],[-73.807,40.82532],[-73.80909,40.82587],[-73.80968,40.82526],[-73.81327,40.82397],[-73.81328,40.82478],[-73.81404,40.82595],[-73.81388,40.82676],[-73.81265,40.82756],[-73.81275,40.82825],[-73.81382,40.82997],[-73.81476,40.83082],[-73.81549,40.8323],[-73.81608,40.83459],[-73.81606,40.83603],[-73.8172,40.83574],[-73.81666,40.83435],[-73.82216,40.83304],[-73.82013,40.83066],[-73.81988,40.82969],[-73.82161,40.82884],[-73.82004,40.82699],[-73.82083,40.8266],[-73.82308,40.82553],[-73.82253,40.82454],[-73.82649,40.82292],[-73.82586,40.82224],[-73.82672,40.82182]]]},"properties":{"dbn":"08X392","schooldist":"8.0","label":"392"}},
{"type":"Feature","geometry":{"type":"Polygon","coordinates":[[[-73.77326,40.70879],[-73.77601,40.70814],[-73.77726,40.70888],[-73.7778,40.70848],[-73.78203,40.70783],[-73.7824,40.70707],[-73.78289,40.70695],[-73.78383,40.70793],[-73.78672,40.70789],[-73.78869,40.70747],[-73.79253,40.70636],[-73.79165,40.70486],[-73.79123,40.70422],[-73.79247,40.70393],[-73.79194,40.70325],[-73.79116,40.70229],[-73.7905,40.70179],[-73.7869,40.69839],[-73.78487,40.69752],[-73.78349,40.69658],[-73.78277,40.696],[-73.78024,40.69297],[-73.77944,40.69365],[-73.77784,40.69432],[-73.77459,40.6988],[-73.77344,40.70008],[-73.77558,40.70353],[-73.77549,40.70625],[-73.7749,40.70707],[-73.773,40.7079],[-73.77326,40.70879]]]},"properties":{"dbn":"29Q116","schooldist":"29.0","label":"116"}},
{"type":"Feature","geometry":{"type":"Polygon","coordinates":[[[-73.75679,40.70247],[-73.75733,40.70256],[-73.75871,40.70562],[-73.75865,40.70626],[-73.75951,40.70716],[-73.76114,40.71109],[-73.76085,40.71159],[-73.76866,40.70974],[-73.77078,40.70828],[-73.773,40.7079],[-73.7749,40.70707],[-73.77549,40.70625],[-73.77558,40.70353],[-73.77344,40.70008],[-73.76988,40.69632],[-73.76858,40.69703],[-73.7623,40.69802],[-73.76201,40.69733],[-73.76019,40.69782],[-73.75989,40.69714],[-73.75952,40.69685],[-73.75787,40.69729],[-73.75824,40.69908],[-73.75902,40.69979],[-73.75981,40.70149],[-73.75777,40.70184],[-73.75679,40.70247]]]},"properties":{"dbn":"29Q118","schooldist":"29.0","label":"118"}},
{"type":"Feature","geometry":{"type":"Polygon","coordinates":[[[-73.74436,40.70571],[-73.7458,40.70947],[-73.74628,40.71172],[-73.74671,40.71169],[-73.74773,40.71416],[-73.74691,40.71489],[-73.74903,40.71446],[-73.75729,40.71245],[-73.76085,40.71159],[-73.76114,40.71109],[-73.75951,40.70716],[-73.75865,40.70626],[-73.75871,40.70562],[-73.75733,40.70256],[-73.75679,40.70247],[-73.75358,40.70312],[-73.75269,40.70335],[-73.75144,40.70386],[-73.75022,40.70381],[-73.74986,40.70428],[-73.74436,40.70571]]]},"properties":{"dbn":"29Q134","schooldist":"29.0","label":"134"}},
{"type":"Feature","geometry":{"type":"Polygon","coordinates":[[[-73.74624,40.69128],[-73.74485,40.69314],[-73.74416,40.69455],[-73.74303,40.69787],[-73.74147,40.70119],[-73.74253,40.70146],[-73.7431,40.7024],[-73.74431,40.70558],[-73.74436,40.70571],[-73.74986,40.70428],[-73.75022,40.70381],[-73.75144,40.70386],[-73.75269,40.70335],[-73.75358,40.70312],[-73.75679,40.70247],[-73.75777,40.70184],[-73.75981,40.70149],[-73.75902,40.69979],[-73.75824,40.69908],[-73.75787,40.69729],[-73.75952,40.69685],[-73.75989,40.69714],[-73.75838,40.69377],[-73.75773,40.69294],[-73.75641,40.69012],[-73.75472,40.6907],[-73.75379,40.68915],[-73.74733,40.69149],[-73.74624,40.69128]]]},"properties":{"dbn":"29Q136","schooldist":"29.0","label":"136"}},
{"type":"Feature","geometry":{"type":"Polygon","coordinates":[[[-73.87303,40.68341],[-73.87411,40.6831],[-73.87662,40.68239],[-73.8771,40.68432],[-73.87963,40.68369],[-73.87981,40.68365],[-73.8785,40.68229],[-73.878,40.6821],[-73.87817,40.68161],[-73.87783,40.68017],[-73.87743,40.68001],[-73.87689,40.68016],[-73.87253,40.68141],[-73.87303,40.68341]]]},"properties":{"dbn":"19K938,19K065","schooldist":"19.0","label":"938 (K-4), 65 (5)"}},
{"type":"Feature","geometry":{"type":"Polygon","coordinates":[[[-73.8324,40.78847],[-73.83391,40.78852],[-73.83407,40.78905],[-73.83551,40.78969],[-73.83727,40.78959],[-73.83744,40.79081],[-73.83648,40.79216],[-73.8384,40.79677],[-73.83903,40.79705],[-73.84064,40.7968],[-73.84189,40.7956],[-73.84281,40.79514],[-73.84478,40.79487],[-73.84566,40.79594],[-73.84652,40.79606],[-73.84882,40.79539],[-73.84913,40.7932],[-73.85253,40.79447],[-73.85363,40.79408],[-73.8538,40.79236],[-73.8527,40.79114],[-73.85448,40.7903],[-73.85478,40.78849],[-73.85604,40.78772],[-73.85679,40.78671],[-73.85812,40.78711],[-73.85921,40.78576],[-73.85779,40.78447],[-73.85778,40.78367],[-73.8574,40.78377],[-73.84854,40.7841],[-73.84858,40.78322],[-73.84678,40.78322],[-73.8365,40.78325],[-73.83669,40.78165],[-73.83134,40.78166],[-73.83165,40.78513],[-73.8324,40.78847]]]},"properties":{"dbn":"25Q129","schooldist":"25.0","label":"129"}},
{"type":"Feature","geometry":{"type":"Polygon","coordinates":[[[-73.80797,40.78689],[-73.81389,40.78756],[-73.81753,40.78887],[-73.81999,40.79542],[-73.82242,40.79908],[-73.82435,40.79775],[-73.82541,40.79732],[-73.82915,40.79652],[-73.82841,40.79558],[-73.82774,40.79341],[-73.82812,40.79248],[-73.82981,40.79151],[-73.83084,40.79158],[-73.83166,40.7911],[-73.83213,40.79001],[-73.83178,40.78933],[-73.8324,40.78847],[-73.83165,40.78513],[-73.83134,40.78166],[-73.82514,40.7817],[-73.82666,40.77882],[-73.82831,40.776],[-73.82583,40.77592],[-73.82487,40.77654],[-73.82167,40.77686],[-73.81764,40.7764],[-73.80916,40.77812],[-73.80511,40.77904],[-73.8067,40.78069],[-73.80824,40.78296],[-73.80911,40.78468],[-73.80853,40.7848],[-73.80797,40.78689]]]},"properties":{"dbn":"25Q079","schooldist":"25.0","label":"79"}},
{"type":"Feature","geometry":{"type":"Polygon","coordinates":[[[-73.82547,40.74269],[-73.82841,40.743],[-73.83033,40.74288],[-73.83494,40.74332],[-73.83769,40.74324],[-73.83756,40.74147],[-73.83674,40.7386],[-73.83636,40.73501],[-73.83601,40.73398],[-73.83289,40.72794],[-73.83286,40.72789],[-73.83268,40.72794],[-73.8325,40.72798],[-73.83212,40.72802],[-73.83193,40.72803],[-73.83174,40.72802],[-73.83035,40.72797],[-73.82347,40.73002],[-73.81925,40.73128],[-73.81987,40.73293],[-73.81975,40.7342],[-73.81895,40.7377],[-73.81759,40.73996],[-73.82523,40.74253],[-73.82547,40.74269]]]},"properties":{"dbn":"25Q219","schooldist":"25.0","label":"219"}},
{"type":"Feature","geometry":{"type":"Polygon","coordinates":[[[-73.88015,40.67924],[-73.87839,40.67974],[-73.87783,40.68017],[-73.87817,40.68161],[-73.878,40.6821],[-73.8785,40.68229],[-73.87981,40.68365],[-73.88164,40.68327],[-73.8811,40.68107],[-73.88064,40.67918],[-73.88015,40.67924]]]},"properties":{"dbn":"19K938,19K108","schooldist":"19.0","label":"938 (K-4), 108 (5)"}},
{"type":"Feature","geometry":{"type":"Polygon","coordinates":[[[-73.84858,40.78322],[-73.84854,40.7841],[-73.8574,40.78377],[-73.85778,40.78367],[-73.85558,40.78312],[-73.85536,40.78198],[-73.85315,40.7823],[-73.85054,40.78232],[-73.84984,40.78147],[-73.84981,40.77872],[-73.84905,40.77796],[-73.84915,40.77474],[-73.84897,40.77362],[-73.85005,40.77193],[-73.84873,40.77032],[-73.84905,40.7692],[-73.84789,40.76687],[-73.84725,40.76634],[-73.84434,40.76541],[-73.84032,40.76629],[-73.83926,40.76603],[-73.83614,40.76953],[-73.83434,40.77079],[-73.8315,40.77249],[-73.83,40.77373],[-73.82831,40.776],[-73.83553,40.77667],[-73.83633,40.77853],[-73.83886,40.77862],[-73.8387,40.78168],[-73.83669,40.78165],[-73.8365,40.78325],[-73.84678,40.78322],[-73.84858,40.78322]]]},"properties":{"dbn":"25Q029","schooldist":"25.0","label":"29"}},
{"type":"Feature","geometry":{"type":"Polygon","coordinates":[[[-73.83196,40.76295],[-73.83329,40.76275],[-73.83558,40.7628],[-73.8396,40.76254],[-73.83925,40.76191],[-73.83899,40.76138],[-73.83881,40.76076],[-73.8388,40.76052],[-73.83881,40.76029],[-73.83888,40.75975],[-73.83879,40.75959],[-73.83883,40.75927],[-73.83887,40.75809],[-73.83834,40.75543],[-73.83778,40.75413],[-73.83701,40.75403],[-73.8331,40.75466],[-73.82879,40.75667],[-73.82783,40.75425],[-73.82714,40.75451],[-73.82472,40.75549],[-73.82277,40.75434],[-73.81862,40.75704],[-73.81789,40.75709],[-73.82081,40.75894],[-73.82156,40.76053],[-73.82393,40.75989],[-73.82597,40.75933],[-73.82964,40.75855],[-73.83074,40.76079],[-73.83196,40.76295]]]},"properties":{"dbn":"25Q020","schooldist":"25.0","label":"20"}},
{"type":"Feature","geometry":{"type":"Polygon","coordinates":[[[-73.82347,40.73002],[-73.83035,40.72797],[-73.83174,40.72802],[-73.83193,40.72803],[-73.83212,40.72802],[-73.8325,40.72798],[-73.83268,40.72794],[-73.83286,40.72789],[-73.83142,40.72596],[-73.8292,40.72445],[-73.82769,40.72289],[-73.82621,40.7202],[-73.82633,40.7174],[-73.82605,40.71625],[-73.82547,40.7162],[-73.82386,40.71689],[-73.82222,40.71705],[-73.82005,40.71681],[-73.81887,40.71726],[-73.81514,40.71823],[-73.81773,40.72327],[-73.81905,40.72557],[-73.82039,40.72517],[-73.82078,40.72467],[-73.82347,40.73002]]]},"properties":{"dbn":"25Q164","schooldist":"25.0","label":"164"}},
{"type":"Feature","geometry":{"type":"Polygon","coordinates":[[[-73.95934,40.75769],[-73.95698,40.7599],[-73.95763,40.76023],[-73.96061,40.76149],[-73.96014,40.76211],[-73.95924,40.76337],[-73.96161,40.76437],[-73.96115,40.76499],[-73.95978,40.76687],[-73.95932,40.76749],[-73.95886,40.76812],[-73.95836,40.7688],[-73.9606,40.76975],[-73.96221,40.77042],[-73.96704,40.77246],[-73.96844,40.77052],[-73.96936,40.76927],[-73.9721,40.76552],[-73.97255,40.7649],[-73.97301,40.76428],[-73.97347,40.76366],[-73.97187,40.76296],[-73.95934,40.75769]]]},"properties":{"dbn":"02M267","schooldist":"2.0","label":"267"}},
{"type":"Feature","geometry":{"type":"Polygon","coordinates":[[[-73.84151,40.70897],[-73.83747,40.71071],[-73.83601,40.71173],[-73.83103,40.71433],[-73.83494,40.71717],[-73.83674,40.71821],[-73.84398,40.72145],[-73.85092,40.71047],[-73.84814,40.71003],[-73.84858,40.70844],[-73.84666,40.70832],[-73.84454,40.70866],[-73.84315,40.70922],[-73.84151,40.70897]]]},"properties":{"dbn":"28Q101","schooldist":"28.0","label":"101"}},
{"type":"Feature","geometry":{"type":"Polygon","coordinates":[[[-73.83789,40.7257],[-73.83925,40.72815],[-73.84055,40.72984],[-73.84317,40.7325],[-73.84858,40.73095],[-73.84687,40.72762],[-73.84703,40.72723],[-73.85073,40.72609],[-73.85161,40.72613],[-73.85167,40.72608],[-73.8498,40.7244],[-73.84829,40.72337],[-73.84398,40.72145],[-73.83674,40.71821],[-73.83494,40.71717],[-73.83103,40.71433],[-73.82574,40.7157],[-73.82547,40.7162],[-73.82605,40.71625],[-73.82968,40.71694],[-73.83068,40.71718],[-73.83232,40.71833],[-73.83413,40.72023],[-73.83656,40.72337],[-73.83789,40.7257]]]},"properties":{"dbn":"28Q196","schooldist":"28.0","label":"196"}},
{"type":"Feature","geometry":{"type":"Polygon","coordinates":[[[-73.84765,40.69052],[-73.84836,40.69196],[-73.85088,40.69125],[-73.85305,40.69068],[-73.85408,40.68997],[-73.85405,40.68906],[-73.85562,40.68866],[-73.85568,40.68816],[-73.85484,40.68645],[-73.85653,40.68596],[-73.85591,40.6847],[-73.85806,40.68408],[-73.85198,40.68256],[-73.84854,40.68354],[-73.85056,40.68766],[-73.84883,40.68815],[-73.85007,40.68984],[-73.84765,40.69052]]]},"properties":{"dbn":"27Q306","schooldist":"27.0","label":"306"}},
{"type":"Feature","geometry":{"type":"Polygon","coordinates":[[[-73.85408,40.68997],[-73.85305,40.69068],[-73.85088,40.69125],[-73.85216,40.69366],[-73.85468,40.69283],[-73.85631,40.69268],[-73.85578,40.6912],[-73.85752,40.69083],[-73.85817,40.69257],[-73.86215,40.69215],[-73.86166,40.69005],[-73.86335,40.6897],[-73.86762,40.68915],[-73.86746,40.68842],[-73.86702,40.68683],[-73.8666,40.68527],[-73.8663,40.68319],[-73.8655,40.68342],[-73.86533,40.68346],[-73.86257,40.68425],[-73.86194,40.68299],[-73.85806,40.68408],[-73.85591,40.6847],[-73.85653,40.68596],[-73.85484,40.68645],[-73.85568,40.68816],[-73.85562,40.68866],[-73.85405,40.68906],[-73.85408,40.68997]]]},"properties":{"dbn":"27Q060","schooldist":"27.0","label":"60"}},
{"type":"Feature","geometry":{"type":"Polygon","coordinates":[[[-73.78912,40.59406],[-73.78968,40.59485],[-73.79055,40.59473],[-73.79105,40.59545],[-73.79112,40.59712],[-73.79034,40.5992],[-73.78778,40.6011],[-73.78724,40.60229],[-73.7861,40.60302],[-73.78749,40.60346],[-73.79236,40.6],[-73.79416,40.59959],[-73.80118,40.59914],[-73.80293,40.59892],[-73.8051,40.59716],[-73.80342,40.59488],[-73.8031,40.59456],[-73.79834,40.59482],[-73.79812,40.59273],[-73.79615,40.59285],[-73.79569,40.58782],[-73.7954,40.58635],[-73.78899,40.58755],[-73.78608,40.58823],[-73.78655,40.59207],[-73.78701,40.59256],[-73.78724,40.59482],[-73.78912,40.59406]]]},"properties":{"dbn":"27Q042","schooldist":"27.0","label":"42"}},
{"type":"Feature","geometry":{"type":"Polygon","coordinates":[[[-73.89424,40.71792],[-73.90477,40.71287],[-73.90538,40.71288],[-73.90692,40.71295],[-73.91467,40.71344],[-73.91675,40.7114],[-73.91633,40.71116],[-73.91378,40.70965],[-73.91229,40.70878],[-73.91118,40.70987],[-73.91028,40.70901],[-73.90896,40.70856],[-73.90735,40.70727],[-73.906,40.7068],[-73.90709,40.70572],[-73.90532,40.70513],[-73.90569,40.70535],[-73.90365,40.70734],[-73.9028,40.70724],[-73.90294,40.70759],[-73.89869,40.7086],[-73.898,40.7084],[-73.89723,40.70709],[-73.8967,40.70702],[-73.89625,40.70734],[-73.89096,40.70874],[-73.89014,40.70836],[-73.88919,40.70722],[-73.88863,40.7058],[-73.88553,40.70645],[-73.88377,40.70629],[-73.87907,40.70645],[-73.87721,40.70669],[-73.8786,40.70999],[-73.87908,40.71036],[-73.88006,40.71265],[-73.88508,40.71216],[-73.88638,40.71221],[-73.88729,40.71503],[-73.89009,40.71821],[-73.89165,40.71776],[-73.89301,40.71615],[-73.89424,40.71792]]]},"properties":{"dbn":"24Q071","schooldist":"24.0","label":"71"}},
{"type":"Feature","geometry":{"type":"Polygon","coordinates":[[[-73.9,40.85252],[-73.89837,40.85191],[-73.9001,40.84921],[-73.89558,40.84785],[-73.89495,40.8491],[-73.89379,40.85101],[-73.8928,40.8511],[-73.89432,40.85189],[-73.89362,40.8528],[-73.89398,40.85425],[-73.8971,40.85517],[-73.89831,40.85406],[-73.89932,40.85407],[-73.9,40.85252]]]},"properties":{"dbn":"10X023","schooldist":"10.0","label":"23"}},
{"type":"Feature","geometry":{"type":"Polygon","coordinates":[[[-74.24532,40.51723],[-74.24665,40.51659],[-74.24752,40.51573],[-74.24824,40.5165],[-74.25062,40.51467],[-74.25227,40.51365],[-74.25215,40.51286],[-74.2532,40.51209],[-74.25341,40.50995],[-74.25437,40.50879],[-74.25577,40.50787],[-74.2554,40.50672],[-74.25543,40.50397],[-74.25379,40.50129],[-74.2529,40.49954],[-74.25106,40.49884],[-74.25016,40.49807],[-74.25037,40.49752],[-74.24944,40.49645],[-74.2477,40.49599],[-74.24602,40.49643],[-74.24505,40.49716],[-74.24153,40.49756],[-74.23984,40.49746],[-74.23889,40.49831],[-74.23901,40.50002],[-74.24073,40.50501],[-74.24091,40.50655],[-74.24232,40.51057],[-74.23985,40.51196],[-74.24177,40.51406],[-74.24226,40.51447],[-74.24399,40.51592],[-74.24428,40.51662],[-74.24532,40.51723]]]},"properties":{"dbn":"31R001","schooldist":"31.0","label":"1"}},
{"type":"Feature","geometry":{"type":"Polygon","coordinates":[[[-74.22348,40.54075],[-74.22513,40.5405],[-74.22998,40.54139],[-74.2367,40.54241],[-74.23753,40.54115],[-74.24678,40.54235],[-74.2455,40.54044],[-74.2455,40.53969],[-74.24434,40.53813],[-74.24481,40.5373],[-74.24213,40.53447],[-74.24231,40.53336],[-74.24179,40.53255],[-74.24149,40.531],[-74.24225,40.52971],[-74.24317,40.52657],[-74.24383,40.52485],[-74.24276,40.52351],[-74.24295,40.5212],[-74.24108,40.52094],[-74.24003,40.52026],[-74.24033,40.51928],[-74.24108,40.51933],[-74.24238,40.51829],[-74.2444,40.51858],[-74.24579,40.51795],[-74.24532,40.51723],[-74.24428,40.51662],[-74.24399,40.51592],[-74.24226,40.51447],[-74.24177,40.51406],[-74.23985,40.51196],[-74.24232,40.51057],[-74.24091,40.50655],[-74.24073,40.50501],[-74.23901,40.50002],[-74.23889,40.49831],[-74.23772,40.49895],[-74.23667,40.5],[-74.23447,40.50068],[-74.23325,40.5007],[-74.23178,40.50158],[-74.2272,40.50218],[-74.22489,40.5017],[-74.22294,40.50241],[-74.22184,40.50254],[-74.22322,40.50866],[-74.2229,40.50894],[-74.22673,40.51729],[-74.22683,40.51859],[-74.22607,40.52032],[-74.22383,40.52288],[-74.22326,40.52398],[-74.22159,40.5255],[-74.21897,40.52728],[-74.2176,40.52798],[-74.21699,40.52865],[-74.22007,40.52844],[-74.22187,40.52919],[-74.22279,40.53021],[-74.2234,40.53198],[-74.22394,40.53428],[-74.22352,40.53428],[-74.22093,40.53395],[-74.21834,40.53422],[-74.2182,40.53647],[-74.21818,40.53657],[-74.21791,40.53767],[-74.21943,40.53762],[-74.22103,40.53748],[-74.22379,40.5372],[-74.2238,40.53888],[-74.22348,40.54075]]]},"properties":{"dbn":"31R006","schooldist":"31.0","label":"6"}},
{"type":"Feature","geometry":{"type":"Polygon","coordinates":[[[-74.16103,40.57576],[-74.15316,40.58017],[-74.15253,40.58062],[-74.15259,40.58074],[-74.16063,40.58505],[-74.1673,40.5889],[-74.16761,40.58893],[-74.16847,40.58651],[-74.16904,40.58249],[-74.16905,40.58239],[-74.16908,40.58223],[-74.16909,40.58211],[-74.16967,40.57794],[-74.16981,40.57579],[-74.16995,40.57346],[-74.1699,40.57139],[-74.16983,40.57088],[-74.16971,40.57095],[-74.16668,40.5726],[-74.16103,40.57576]]]},"properties":{"dbn":"31R058","schooldist":"31.0","label":"58"}},
{"type":"Feature","geometry":{"type":"Polygon","coordinates":[[[-74.11091,40.64509],[-74.11284,40.64422],[-74.11535,40.64248],[-74.11841,40.64152],[-74.12075,40.64105],[-74.12114,40.64141],[-74.12287,40.64132],[-74.12386,40.64026],[-74.12332,40.63654],[-74.12214,40.63593],[-74.12325,40.63549],[-74.12307,40.63408],[-74.12064,40.63426],[-74.11943,40.63436],[-74.11507,40.63476],[-74.11225,40.63475],[-74.11279,40.63753],[-74.10975,40.63787],[-74.1096,40.6383],[-74.11091,40.64509]]]},"properties":{"dbn":"31R018","schooldist":"31.0","label":"18"}},
{"type":"Feature","geometry":{"type":"Polygon","coordinates":[[[-74.20309,40.53248],[-74.21339,40.52961],[-74.21699,40.52865],[-74.2176,40.52798],[-74.21897,40.52728],[-74.22159,40.5255],[-74.22326,40.52398],[-74.22383,40.52288],[-74.22607,40.52032],[-74.22683,40.51859],[-74.22673,40.51729],[-74.2229,40.50894],[-74.22322,40.50866],[-74.22184,40.50254],[-74.22294,40.50241],[-74.22158,40.50226],[-74.2196,40.50262],[-74.21732,40.50345],[-74.21575,40.50537],[-74.21459,40.50621],[-74.21351,40.5064],[-74.21142,40.50852],[-74.2107,40.50883],[-74.21059,40.50965],[-74.20979,40.51061],[-74.20787,40.51162],[-74.20089,40.5129],[-74.1989,40.51308],[-74.19785,40.51371],[-74.1972,40.51277],[-74.19989,40.51275],[-74.19978,40.51144],[-74.19837,40.51097],[-74.19686,40.51001],[-74.19515,40.5098],[-74.19306,40.51162],[-74.19369,40.51273],[-74.19364,40.51613],[-74.19353,40.5164],[-74.19321,40.51731],[-74.19784,40.52344],[-74.19944,40.52587],[-74.20053,40.52736],[-74.20121,40.527],[-74.20248,40.5297],[-74.20309,40.53248]]]},"properties":{"dbn":"31R003","schooldist":"31.0","label":"3"}},
{"type":"Feature","geometry":{"type":"Polygon","coordinates":[[[-74.21777,40.54113],[-74.21668,40.54121],[-74.21577,40.54113],[-74.21555,40.53963],[-74.21433,40.53911],[-74.21264,40.53919],[-74.21202,40.53887],[-74.2093,40.53919],[-74.20666,40.53993],[-74.20653,40.53988],[-74.20699,40.54175],[-74.20797,40.54167],[-74.20903,40.5445],[-74.2086,40.54457],[-74.21098,40.55042],[-74.2113,40.55036],[-74.2126,40.55372],[-74.2135,40.55567],[-74.21382,40.5566],[-74.21608,40.5555],[-74.21983,40.55455],[-74.22037,40.55591],[-74.2217,40.55552],[-74.2261,40.55627],[-74.22769,40.55637],[-74.22968,40.55591],[-74.2309,40.55535],[-74.23188,40.55428],[-74.23213,40.55344],[-74.23321,40.55252],[-74.23484,40.553],[-74.23638,40.55235],[-74.2361,40.55061],[-74.23757,40.55022],[-74.23849,40.5491],[-74.2405,40.54753],[-74.24178,40.54689],[-74.24285,40.54705],[-74.24363,40.54767],[-74.24621,40.54564],[-74.24771,40.54313],[-74.24678,40.54235],[-74.23753,40.54115],[-74.2367,40.54241],[-74.22998,40.54139],[-74.22513,40.5405],[-74.22348,40.54075],[-74.22153,40.54059],[-74.22217,40.54222],[-74.22048,40.54296],[-74.21844,40.54296],[-74.21817,40.54225],[-74.21777,40.54113]]]},"properties":{"dbn":"31R056","schooldist":"31.0","label":"56"}},
{"type":"Feature","geometry":{"type":"Polygon","coordinates":[[[-73.96271,40.6468],[-73.96357,40.6469],[-73.96313,40.64451],[-73.96121,40.64472],[-73.96002,40.64485],[-73.96019,40.6458],[-73.95811,40.64652],[-73.95826,40.64853],[-73.95871,40.65039],[-73.95998,40.65021],[-73.95943,40.64736],[-73.9596,40.64712],[-73.96233,40.64681],[-73.96262,40.64701],[-73.96271,40.6468]]]},"properties":{"dbn":"22K245","schooldist":"22.0","label":"245"}},
{"type":"Feature","geometry":{"type":"Polygon","coordinates":[[[-74.16372,40.5264],[-74.16639,40.53012],[-74.1716,40.53865],[-74.17227,40.5381],[-74.17447,40.53771],[-74.17813,40.53568],[-74.17887,40.53554],[-74.18083,40.53592],[-74.18932,40.53304],[-74.19302,40.53116],[-74.19479,40.53052],[-74.19832,40.52676],[-74.19944,40.52587],[-74.19784,40.52344],[-74.19321,40.51731],[-74.19353,40.5164],[-74.19364,40.51613],[-74.19369,40.51273],[-74.19306,40.51162],[-74.19,40.51481],[-74.18601,40.51832],[-74.18453,40.51927],[-74.18227,40.52024],[-74.18076,40.5206],[-74.17959,40.52042],[-74.17836,40.5193],[-74.1776,40.51925],[-74.17589,40.52076],[-74.17282,40.52269],[-74.17105,40.52348],[-74.17022,40.52298],[-74.16872,40.52359],[-74.16621,40.52517],[-74.16372,40.5264]]]},"properties":{"dbn":"31R005","schooldist":"31.0","label":"5"}},
{"type":"Feature","geometry":{"type":"Polygon","coordinates":[[[-74.13919,40.5446],[-74.14041,40.54572],[-74.14311,40.5476],[-74.14384,40.54905],[-74.14454,40.54979],[-74.14486,40.55109],[-74.1456,40.55208],[-74.14556,40.55319],[-74.14571,40.55293],[-74.14954,40.55203],[-74.15392,40.55005],[-74.15935,40.5473],[-74.15895,40.5454],[-74.15919,40.54523],[-74.15808,40.54408],[-74.15651,40.54249],[-74.15178,40.5377],[-74.15051,40.53726],[-74.14685,40.53519],[-74.14472,40.53564],[-74.1442,40.53675],[-74.14239,40.53774],[-74.14176,40.53855],[-74.14176,40.54006],[-74.14236,40.54129],[-74.14212,40.54198],[-74.14013,40.54352],[-74.13919,40.5446]]]},"properties":{"dbn":"31R008","schooldist":"31.0","label":"8"}},
{"type":"Feature","geometry":{"type":"Polygon","coordinates":[[[-74.13019,40.53879],[-74.13354,40.53579],[-74.13532,40.53522],[-74.1398,40.53536],[-74.14057,40.53457],[-74.14057,40.53358],[-74.13895,40.53107],[-74.13671,40.5293],[-74.13425,40.53111],[-74.13247,40.53296],[-74.13135,40.53363],[-74.12821,40.53745],[-74.13019,40.53879]]]},"properties":{"dbn":"31R008","schooldist":"31.0","label":"8"}},
{"type":"Feature","geometry":{"type":"Polygon","coordinates":[[[-74.13941,40.56664],[-74.14002,40.56656],[-74.14268,40.56447],[-74.14359,40.56505],[-74.14471,40.56411],[-74.14335,40.56397],[-74.14007,40.56163],[-74.13919,40.56222],[-74.13591,40.56521],[-74.13799,40.56607],[-74.13768,40.56672],[-74.1389,40.56729],[-74.13941,40.56664]]]},"properties":{"dbn":"31R050","schooldist":"31.0","label":"50"}},
{"type":"Feature","geometry":{"type":"Polygon","coordinates":[[[-74.18768,40.56396],[-74.18936,40.56395],[-74.19217,40.56286],[-74.1933,40.56276],[-74.19441,40.56209],[-74.19774,40.55912],[-74.20005,40.56094],[-74.21087,40.56491],[-74.21157,40.56318],[-74.21106,40.56207],[-74.21117,40.56034],[-74.2119,40.55835],[-74.21352,40.55653],[-74.2135,40.55567],[-74.2126,40.55372],[-74.2113,40.55036],[-74.21098,40.55042],[-74.2086,40.54457],[-74.20903,40.5445],[-74.20797,40.54167],[-74.20699,40.54175],[-74.20582,40.54151],[-74.20308,40.54204],[-74.20218,40.54238],[-74.20024,40.54285],[-74.19731,40.54326],[-74.1926,40.5461],[-74.1891,40.5484],[-74.18754,40.55004],[-74.18505,40.55336],[-74.18115,40.55723],[-74.18073,40.55769],[-74.18054,40.5579],[-74.18017,40.55833],[-74.18041,40.56054],[-74.18279,40.56009],[-74.18693,40.55964],[-74.18768,40.56396]]]},"properties":{"dbn":"31R004","schooldist":"31.0","label":"4"}},
{"type":"Feature","geometry":{"type":"Polygon","coordinates":[[[-74.18768,40.56396],[-74.18693,40.55964],[-74.18279,40.56009],[-74.18041,40.56054],[-74.18116,40.56418],[-74.18139,40.56524],[-74.1834,40.5654],[-74.18525,40.56455],[-74.18768,40.56396]]]},"properties":{"dbn":"31R058","schooldist":"31.0","label":"58"}},
{"type":"Feature","geometry":{"type":"Polygon","coordinates":[[[-74.15919,40.54523],[-74.15895,40.5454],[-74.15935,40.5473],[-74.16439,40.5447],[-74.16526,40.54424],[-74.16423,40.5433],[-74.16476,40.54267],[-74.16751,40.54064],[-74.16874,40.54011],[-74.1691,40.54103],[-74.171,40.54189],[-74.17733,40.54063],[-74.17728,40.53951],[-74.17913,40.53736],[-74.18083,40.53592],[-74.17887,40.53554],[-74.17813,40.53568],[-74.17447,40.53771],[-74.17227,40.5381],[-74.1716,40.53865],[-74.16639,40.53012],[-74.16372,40.5264],[-74.16225,40.5272],[-74.16159,40.52701],[-74.16041,40.52754],[-74.15947,40.52728],[-74.15772,40.52856],[-74.15635,40.52884],[-74.15459,40.53011],[-74.15229,40.53209],[-74.15067,40.53254],[-74.14974,40.53382],[-74.14685,40.53519],[-74.15051,40.53726],[-74.15178,40.5377],[-74.15651,40.54249],[-74.15808,40.54408],[-74.15919,40.54523]]]},"properties":{"dbn":"31R055","schooldist":"31.0","label":"55"}},
{"type":"Feature","geometry":{"type":"Polygon","coordinates":[[[-74.13818,40.55759],[-74.13925,40.55843],[-74.14169,40.55964],[-74.14259,40.55989],[-74.1517,40.56786],[-74.16103,40.57576],[-74.16668,40.5726],[-74.16971,40.57095],[-74.16983,40.57088],[-74.16975,40.57024],[-74.16963,40.56765],[-74.16976,40.56288],[-74.1681,40.56072],[-74.16592,40.56029],[-74.16494,40.56011],[-74.16468,40.55901],[-74.16339,40.55332],[-74.16268,40.55179],[-74.16174,40.54699],[-74.16211,40.54587],[-74.15935,40.5473],[-74.15392,40.55005],[-74.14954,40.55203],[-74.14571,40.55293],[-74.14556,40.55319],[-74.14655,40.55624],[-74.14422,40.55834],[-74.14372,40.55785],[-74.14149,40.55698],[-74.1406,40.5577],[-74.13937,40.55648],[-74.13818,40.55759]]]},"properties":{"dbn":"31R032","schooldist":"31.0","label":"32"}},
{"type":"Feature","geometry":{"type":"Polygon","coordinates":[[[-74.171,40.54189],[-74.17545,40.5438],[-74.17652,40.5446],[-74.17529,40.54649],[-74.17474,40.54966],[-74.17533,40.55091],[-74.17583,40.55424],[-74.17663,40.5577],[-74.18032,40.55782],[-74.18054,40.5579],[-74.18073,40.55769],[-74.18115,40.55723],[-74.18505,40.55336],[-74.18754,40.55004],[-74.1891,40.5484],[-74.1926,40.5461],[-74.19731,40.54326],[-74.20024,40.54285],[-74.20218,40.54238],[-74.20308,40.54204],[-74.20582,40.54151],[-74.20699,40.54175],[-74.20653,40.53988],[-74.20627,40.53919],[-74.20435,40.53516],[-74.20373,40.53382],[-74.20309,40.53248],[-74.20248,40.5297],[-74.20121,40.527],[-74.20053,40.52736],[-74.19944,40.52587],[-74.19832,40.52676],[-74.19479,40.53052],[-74.19302,40.53116],[-74.18932,40.53304],[-74.18083,40.53592],[-74.17913,40.53736],[-74.17728,40.53951],[-74.17733,40.54063],[-74.171,40.54189]]]},"properties":{"dbn":"31R036","schooldist":"31.0","label":"36"}},
{"type":"Feature","geometry":{"type":"Polygon","coordinates":[[[-74.16211,40.54587],[-74.16174,40.54699],[-74.16268,40.55179],[-74.16339,40.55332],[-74.16468,40.55901],[-74.16494,40.56011],[-74.16592,40.56029],[-74.1681,40.56072],[-74.17185,40.56152],[-74.17489,40.56283],[-74.17659,40.56324],[-74.17795,40.56398],[-74.18139,40.56524],[-74.18116,40.56418],[-74.18041,40.56054],[-74.18017,40.55833],[-74.18054,40.5579],[-74.18032,40.55782],[-74.17663,40.5577],[-74.17583,40.55424],[-74.17533,40.55091],[-74.17474,40.54966],[-74.17529,40.54649],[-74.17652,40.5446],[-74.17545,40.5438],[-74.171,40.54189],[-74.1691,40.54103],[-74.16874,40.54011],[-74.16751,40.54064],[-74.16476,40.54267],[-74.16423,40.5433],[-74.16526,40.54424],[-74.16439,40.5447],[-74.16211,40.54587]]]},"properties":{"dbn":"31R042","schooldist":"31.0","label":"42"}},
{"type":"Feature","geometry":{"type":"Polygon","coordinates":[[[-74.08533,40.57083],[-74.08877,40.57237],[-74.0926,40.57446],[-74.0906,40.57657],[-74.09605,40.57942],[-74.09844,40.58124],[-74.10039,40.57969],[-74.10167,40.57862],[-74.10564,40.57456],[-74.10471,40.57401],[-74.10571,40.5725],[-74.10649,40.57211],[-74.10874,40.56992],[-74.10976,40.57047],[-74.11376,40.5665],[-74.11014,40.56431],[-74.1066,40.56878],[-74.10307,40.56712],[-74.09501,40.56321],[-74.09413,40.56276],[-74.09161,40.56595],[-74.09037,40.56711],[-74.08928,40.56702],[-74.08845,40.56835],[-74.08665,40.56942],[-74.08533,40.57083]]]},"properties":{"dbn":"31R038","schooldist":"31.0","label":"38"}},
{"type":"Feature","geometry":{"type":"Polygon","coordinates":[[[-73.97029,40.63641],[-73.97273,40.63613],[-73.97216,40.63311],[-73.97605,40.63128],[-73.97403,40.62881],[-73.97483,40.62841],[-73.97442,40.62764],[-73.97121,40.62809],[-73.96984,40.62824],[-73.96876,40.62835],[-73.96928,40.63109],[-73.96793,40.63174],[-73.96985,40.63407],[-73.97029,40.63641]]]},"properties":{"dbn":"22K134","schooldist":"22.0","label":"134"}},
{"type":"Feature","geometry":{"type":"Polygon","coordinates":[[[-74.15477,40.63679],[-74.15486,40.63773],[-74.15611,40.63794],[-74.15957,40.63804],[-74.16035,40.63846],[-74.16229,40.63874],[-74.1617,40.64062],[-74.1632,40.64104],[-74.16343,40.63986],[-74.16521,40.64065],[-74.16565,40.64118],[-74.17006,40.64206],[-74.17161,40.64188],[-74.17171,40.6431],[-74.17301,40.64362],[-74.17282,40.64418],[-74.17404,40.64506],[-74.17534,40.64515],[-74.1761,40.64352],[-74.17783,40.64264],[-74.17907,40.64308],[-74.17904,40.6447],[-74.18047,40.64427],[-74.18109,40.64465],[-74.18301,40.6449],[-74.18383,40.64464],[-74.18324,40.64285],[-74.18507,40.64436],[-74.18703,40.64296],[-74.19327,40.63794],[-74.19474,40.63727],[-74.19461,40.63627],[-74.1959,40.6352],[-74.18368,40.62874],[-74.17888,40.62593],[-74.17782,40.62499],[-74.17242,40.62748],[-74.16907,40.62783],[-74.16656,40.62737],[-74.16544,40.62715],[-74.15576,40.62591],[-74.15477,40.63679]]]},"properties":{"dbn":"31R044","schooldist":"31.0","label":"44"}},
{"type":"Feature","geometry":{"type":"Polygon","coordinates":[[[-74.13658,40.64145],[-74.13748,40.64103],[-74.14213,40.64031],[-74.14231,40.63972],[-74.14434,40.6391],[-74.14478,40.63795],[-74.14683,40.63138],[-74.14753,40.62939],[-74.14478,40.62896],[-74.14372,40.63142],[-74.14222,40.63115],[-74.14158,40.63318],[-74.1399,40.63253],[-74.13831,40.63453],[-74.13736,40.635],[-74.13729,40.63681],[-74.13661,40.6402],[-74.13658,40.64145]]]},"properties":{"dbn":"31R021","schooldist":"31.0","label":"21"}},
{"type":"Feature","geometry":{"type":"Polygon","coordinates":[[[-74.14434,40.6391],[-74.14484,40.63935],[-74.14878,40.63888],[-74.1499,40.63808],[-74.15268,40.63761],[-74.15477,40.63679],[-74.15576,40.62591],[-74.16544,40.62715],[-74.16656,40.62737],[-74.16678,40.62655],[-74.16407,40.62606],[-74.16343,40.62558],[-74.1637,40.62415],[-74.16304,40.62336],[-74.16208,40.62325],[-74.16258,40.62165],[-74.15315,40.62018],[-74.15578,40.61792],[-74.15737,40.61503],[-74.15379,40.61226],[-74.15291,40.61552],[-74.15039,40.61516],[-74.14641,40.61427],[-74.14595,40.61696],[-74.14234,40.61661],[-74.14204,40.61897],[-74.14477,40.61923],[-74.14678,40.61913],[-74.14847,40.62008],[-74.14682,40.62238],[-74.14567,40.62309],[-74.14545,40.62444],[-74.14402,40.62499],[-74.14269,40.62623],[-74.14219,40.62762],[-74.14215,40.62794],[-74.14193,40.62843],[-74.14186,40.62854],[-74.13951,40.63057],[-74.13586,40.62806],[-74.13235,40.63099],[-74.13162,40.63058],[-74.13107,40.63115],[-74.13192,40.63161],[-74.13094,40.63314],[-74.13521,40.63535],[-74.13555,40.6348],[-74.13736,40.635],[-74.13831,40.63453],[-74.1399,40.63253],[-74.14158,40.63318],[-74.14222,40.63115],[-74.14372,40.63142],[-74.14478,40.62896],[-74.14753,40.62939],[-74.14683,40.63138],[-74.14478,40.63795],[-74.14434,40.6391]]]},"properties":{"dbn":"31R022","schooldist":"31.0","label":"22"}},
{"type":"Feature","geometry":{"type":"Polygon","coordinates":[[[-74.09145,40.60907],[-74.09291,40.6097],[-74.09535,40.61024],[-74.09936,40.61017],[-74.10131,40.61008],[-74.10075,40.60648],[-74.10159,40.60479],[-74.10163,40.60288],[-74.1041,40.60178],[-74.1002,40.59941],[-74.09963,40.59887],[-74.09375,40.59674],[-74.09336,40.59703],[-74.09122,40.59643],[-74.0905,40.59625],[-74.08981,40.59608],[-74.08588,40.59589],[-74.08469,40.59751],[-74.08176,40.59856],[-74.08164,40.59857],[-74.07845,40.59849],[-74.07728,40.5996],[-74.07644,40.601],[-74.07733,40.60133],[-74.07922,40.60139],[-74.08234,40.60209],[-74.08403,40.60447],[-74.09018,40.60812],[-74.09145,40.60907]]]},"properties":{"dbn":"31R048","schooldist":"31.0","label":"48"}},
{"type":"Feature","geometry":{"type":"Polygon","coordinates":[[[-74.05669,40.60797],[-74.05713,40.60884],[-74.05905,40.61059],[-74.05941,40.61172],[-74.06032,40.61189],[-74.06123,40.61411],[-74.06366,40.61657],[-74.06608,40.61823],[-74.06644,40.61897],[-74.06983,40.62133],[-74.07488,40.61742],[-74.07834,40.61558],[-74.0811,40.61779],[-74.08063,40.61713],[-74.0821,40.6144],[-74.08343,40.61169],[-74.0813,40.61099],[-74.07846,40.612],[-74.07715,40.61471],[-74.0762,40.61442],[-74.07939,40.60908],[-74.08011,40.60814],[-74.07752,40.60689],[-74.07538,40.60659],[-74.07512,40.60696],[-74.07112,40.60905],[-74.07004,40.60771],[-74.06954,40.60787],[-74.06823,40.60627],[-74.06864,40.60522],[-74.06647,40.60469],[-74.06571,40.60503],[-74.06517,40.6042],[-74.06046,40.6064],[-74.05669,40.60797]]]},"properties":{"dbn":"31R013","schooldist":"31.0","label":"13"}},
{"type":"Feature","geometry":{"type":"Polygon","coordinates":[[[-73.94488,40.63418],[-73.94463,40.63184],[-73.94648,40.63171],[-73.94416,40.62951],[-73.93245,40.63024],[-73.93114,40.63143],[-73.92745,40.63526],[-73.93153,40.63501],[-73.93201,40.63962],[-73.93489,40.63944],[-73.93514,40.64178],[-73.93704,40.64166],[-73.93679,40.63932],[-73.93586,40.63938],[-73.93536,40.63477],[-73.94488,40.63418]]]},"properties":{"dbn":"22K109","schooldist":"22.0","label":"109"}},
{"type":"Feature","geometry":{"type":"Polygon","coordinates":[[[-74.06983,40.62133],[-74.07219,40.62462],[-74.0727,40.6271],[-74.07394,40.62729],[-74.07638,40.62714],[-74.07972,40.62895],[-74.081,40.62734],[-74.08299,40.62735],[-74.08415,40.62627],[-74.0859,40.62631],[-74.08675,40.6243],[-74.08713,40.62109],[-74.08814,40.62012],[-74.08752,40.61906],[-74.08601,40.61909],[-74.08198,40.61878],[-74.0811,40.61779],[-74.07834,40.61558],[-74.07488,40.61742],[-74.06983,40.62133]]]},"properties":{"dbn":"31R078","schooldist":"31.0","label":"78"}},
{"type":"Feature","geometry":{"type":"Polygon","coordinates":[[[-73.90952,40.75044],[-73.91017,40.74823],[-73.90812,40.74618],[-73.90558,40.74539],[-73.90339,40.7456],[-73.9027,40.74568],[-73.90212,40.74573],[-73.9011,40.74583],[-73.90071,40.74668],[-73.89969,40.74896],[-73.90984,40.75164],[-73.90956,40.75104],[-73.9095,40.75095],[-73.90946,40.75086],[-73.90944,40.75076],[-73.90945,40.75066],[-73.90952,40.75044]]]},"properties":{"dbn":"30Q361","schooldist":"30.0","label":"361"}},
{"type":"Feature","geometry":{"type":"Polygon","coordinates":[[[-74.08063,40.61713],[-74.0811,40.61779],[-74.08198,40.61878],[-74.08601,40.61909],[-74.08752,40.61906],[-74.08788,40.61694],[-74.08769,40.61554],[-74.09098,40.61657],[-74.09204,40.61541],[-74.09353,40.61292],[-74.09025,40.61188],[-74.09094,40.6111],[-74.09079,40.60878],[-74.09145,40.60907],[-74.09018,40.60812],[-74.08403,40.60447],[-74.08234,40.60209],[-74.07922,40.60139],[-74.07733,40.60133],[-74.07644,40.601],[-74.0767,40.60212],[-74.0777,40.60398],[-74.07783,40.60591],[-74.07752,40.60689],[-74.08011,40.60814],[-74.07939,40.60908],[-74.0762,40.61442],[-74.07715,40.61471],[-74.07846,40.612],[-74.0813,40.61099],[-74.08343,40.61169],[-74.0821,40.6144],[-74.08063,40.61713]]]},"properties":{"dbn":"31R057","schooldist":"31.0","label":"57"}},
{"type":"Feature","geometry":{"type":"Polygon","coordinates":[[[-74.0859,40.62631],[-74.08785,40.62674],[-74.08795,40.62746],[-74.08682,40.63032],[-74.08808,40.63108],[-74.08929,40.6298],[-74.09195,40.62583],[-74.09953,40.61965],[-74.10014,40.62068],[-74.10192,40.62112],[-74.10553,40.61859],[-74.10351,40.61641],[-74.1062,40.61525],[-74.10707,40.61505],[-74.1045,40.61099],[-74.10131,40.61008],[-74.09936,40.61017],[-74.09535,40.61024],[-74.09291,40.6097],[-74.09145,40.60907],[-74.09079,40.60878],[-74.09094,40.6111],[-74.09025,40.61188],[-74.09353,40.61292],[-74.09204,40.61541],[-74.09098,40.61657],[-74.08769,40.61554],[-74.08788,40.61694],[-74.08752,40.61906],[-74.08814,40.62012],[-74.08713,40.62109],[-74.08675,40.6243],[-74.0859,40.62631]]]},"properties":{"dbn":"31R035","schooldist":"31.0","label":"35"}},
{"type":"Feature","geometry":{"type":"Polygon","coordinates":[[[-74.10147,40.55722],[-74.10589,40.55931],[-74.10781,40.56055],[-74.11149,40.56255],[-74.11226,40.56146],[-74.1163,40.56388],[-74.11641,40.56394],[-74.12309,40.56797],[-74.1249,40.56895],[-74.12714,40.56758],[-74.12857,40.56631],[-74.13047,40.56497],[-74.13152,40.56473],[-74.13264,40.5635],[-74.13367,40.56184],[-74.13481,40.56083],[-74.12812,40.55653],[-74.1267,40.55785],[-74.12516,40.55687],[-74.12455,40.55741],[-74.1261,40.5584],[-74.1248,40.55944],[-74.12245,40.55949],[-74.12198,40.55869],[-74.11663,40.55549],[-74.11701,40.55477],[-74.11697,40.55319],[-74.11431,40.5507],[-74.11497,40.55022],[-74.11253,40.54791],[-74.11033,40.55127],[-74.10797,40.55361],[-74.10674,40.55404],[-74.10488,40.55345],[-74.1034,40.55546],[-74.10181,40.55593],[-74.10147,40.55722]]]},"properties":{"dbn":"31R050","schooldist":"31.0","label":"50"}},
{"type":"Feature","geometry":{"type":"Polygon","coordinates":[[[-74.00437,40.70512],[-74.00332,40.70563],[-74.00144,40.70487],[-74.00058,40.70543],[-74.00141,40.70618],[-74.00119,40.70686],[-73.99919,40.70795],[-74.00019,40.70873],[-74.00134,40.70965],[-74.00224,40.71036],[-74.00309,40.71105],[-74.00551,40.70909],[-74.00774,40.71022],[-74.00937,40.70861],[-74.00827,40.70772],[-74.00475,40.70523],[-74.00437,40.70512]]]},"properties":{"dbn":"02M343","schooldist":"2.0","label":"343"}},
{"type":"Feature","geometry":{"type":"Polygon","coordinates":[[[-74.09069,40.63422],[-74.09091,40.63549],[-74.09245,40.63562],[-74.09339,40.6366],[-74.09386,40.63802],[-74.09079,40.63855],[-74.09222,40.64336],[-74.08805,40.64441],[-74.08977,40.64724],[-74.09353,40.64584],[-74.09656,40.64537],[-74.09835,40.64539],[-74.09896,40.64505],[-74.10067,40.64513],[-74.1041,40.64577],[-74.10472,40.64559],[-74.10769,40.64559],[-74.11001,40.64542],[-74.11091,40.64509],[-74.1096,40.6383],[-74.10975,40.63787],[-74.11279,40.63753],[-74.11225,40.63475],[-74.11507,40.63476],[-74.11943,40.63436],[-74.12064,40.63426],[-74.12044,40.63224],[-74.11917,40.63239],[-74.11892,40.63128],[-74.11823,40.63063],[-74.1199,40.63017],[-74.11858,40.62829],[-74.12057,40.62699],[-74.12126,40.62782],[-74.12271,40.62741],[-74.12216,40.62559],[-74.12204,40.62418],[-74.12147,40.62287],[-74.12008,40.62167],[-74.11918,40.6219],[-74.11827,40.62302],[-74.11839,40.62379],[-74.11723,40.6244],[-74.11124,40.62039],[-74.1068,40.6185],[-74.10553,40.61859],[-74.10192,40.62112],[-74.10014,40.62068],[-74.09953,40.61965],[-74.09195,40.62583],[-74.08929,40.6298],[-74.08808,40.63108],[-74.08762,40.63165],[-74.09004,40.63277],[-74.09069,40.63422]]]},"properties":{"dbn":"31R045","schooldist":"31.0","label":"45"}},
{"type":"Feature","geometry":{"type":"Polygon","coordinates":[[[-74.09069,40.63422],[-74.0882,40.6352],[-74.0891,40.63625],[-74.08822,40.63756],[-74.08728,40.63781],[-74.0874,40.63916],[-74.08487,40.63952],[-74.08503,40.6402],[-74.08228,40.6406],[-74.08323,40.64149],[-74.08334,40.64237],[-74.08602,40.64593],[-74.08742,40.64757],[-74.08768,40.64831],[-74.08977,40.64724],[-74.08805,40.64441],[-74.09222,40.64336],[-74.09079,40.63855],[-74.09386,40.63802],[-74.09339,40.6366],[-74.09245,40.63562],[-74.09091,40.63549],[-74.09069,40.63422]]]},"properties":{"dbn":"31R031","schooldist":"31.0","label":"31"}},
{"type":"Feature","geometry":{"type":"Polygon","coordinates":[[[-74.09501,40.56321],[-74.10307,40.56712],[-74.1066,40.56878],[-74.11014,40.56431],[-74.11376,40.5665],[-74.10976,40.57047],[-74.10874,40.56992],[-74.10649,40.57211],[-74.10571,40.5725],[-74.10471,40.57401],[-74.10564,40.57456],[-74.10167,40.57862],[-74.10039,40.57969],[-74.10518,40.58225],[-74.10791,40.58369],[-74.10925,40.58268],[-74.11128,40.58179],[-74.11367,40.58031],[-74.11552,40.57855],[-74.11602,40.57836],[-74.11643,40.57833],[-74.11665,40.57831],[-74.11684,40.57828],[-74.11701,40.57821],[-74.11803,40.57717],[-74.11979,40.57582],[-74.12154,40.57515],[-74.12183,40.57422],[-74.12139,40.57298],[-74.12163,40.5715],[-74.12345,40.56992],[-74.1249,40.56895],[-74.12309,40.56797],[-74.11641,40.56394],[-74.1163,40.56388],[-74.11226,40.56146],[-74.11149,40.56255],[-74.10781,40.56055],[-74.10589,40.55931],[-74.10147,40.55722],[-74.10032,40.55878],[-74.09811,40.55949],[-74.0963,40.56212],[-74.09501,40.56321]]]},"properties":{"dbn":"31R041","schooldist":"31.0","label":"41"}},
{"type":"Feature","geometry":{"type":"Polygon","coordinates":[[[-73.86982,40.70284],[-73.86824,40.70297],[-73.86861,40.70538],[-73.86881,40.70608],[-73.86901,40.70676],[-73.86911,40.70709],[-73.87153,40.70704],[-73.87482,40.70682],[-73.87721,40.70669],[-73.87907,40.70645],[-73.87734,40.70222],[-73.87542,40.70237],[-73.87164,40.70269],[-73.86982,40.70284]]]},"properties":{"dbn":"24Q119","schooldist":"24.0","label":"119"}},
{"type":"Feature","geometry":{"type":"Polygon","coordinates":[[[-74.07394,40.62729],[-74.07229,40.62715],[-74.07291,40.62999],[-74.0682,40.62854],[-74.06804,40.62879],[-74.07296,40.63029],[-74.0733,40.63207],[-74.07284,40.63363],[-74.0734,40.63688],[-74.07034,40.63715],[-74.07041,40.63747],[-74.07256,40.63782],[-74.07309,40.63861],[-74.07321,40.64217],[-74.07146,40.64283],[-74.07196,40.64446],[-74.07481,40.64551],[-74.07655,40.64713],[-74.07878,40.64809],[-74.08137,40.64851],[-74.08249,40.64833],[-74.08509,40.64897],[-74.08768,40.64831],[-74.08742,40.64757],[-74.08602,40.64593],[-74.08334,40.64237],[-74.08323,40.64149],[-74.08228,40.6406],[-74.08503,40.6402],[-74.08487,40.63952],[-74.0874,40.63916],[-74.08728,40.63781],[-74.08822,40.63756],[-74.0891,40.63625],[-74.0882,40.6352],[-74.09069,40.63422],[-74.09004,40.63277],[-74.08762,40.63165],[-74.08808,40.63108],[-74.08682,40.63032],[-74.08795,40.62746],[-74.08785,40.62674],[-74.0859,40.62631],[-74.08415,40.62627],[-74.08299,40.62735],[-74.081,40.62734],[-74.07972,40.62895],[-74.07638,40.62714],[-74.07394,40.62729]]]},"properties":{"dbn":"31R016,31R074,31R010","schooldist":"31.0","label":"16, 74, 10"}},
{"type":"Feature","geometry":{"type":"Polygon","coordinates":[[[-74.11663,40.55549],[-74.12198,40.55869],[-74.12245,40.55949],[-74.1248,40.55944],[-74.1261,40.5584],[-74.12455,40.55741],[-74.12516,40.55687],[-74.1267,40.55785],[-74.12812,40.55653],[-74.13481,40.56083],[-74.13367,40.56184],[-74.13612,40.5614],[-74.13739,40.55802],[-74.13818,40.55759],[-74.13937,40.55648],[-74.1406,40.5577],[-74.14149,40.55698],[-74.14372,40.55785],[-74.14422,40.55834],[-74.14655,40.55624],[-74.14556,40.55319],[-74.1456,40.55208],[-74.14486,40.55109],[-74.14454,40.54979],[-74.14384,40.54905],[-74.14311,40.5476],[-74.14041,40.54572],[-74.13919,40.5446],[-74.13769,40.5457],[-74.13523,40.54652],[-74.13287,40.54682],[-74.13017,40.546],[-74.12793,40.54376],[-74.12742,40.54212],[-74.1281,40.54065],[-74.13019,40.53879],[-74.12821,40.53745],[-74.12601,40.54049],[-74.12395,40.5431],[-74.12206,40.54442],[-74.11956,40.54565],[-74.11883,40.54678],[-74.11694,40.54773],[-74.11533,40.54747],[-74.11465,40.54801],[-74.11253,40.54791],[-74.11497,40.55022],[-74.11431,40.5507],[-74.11697,40.55319],[-74.11701,40.55477],[-74.11663,40.55549]]]},"properties":{"dbn":"31R053","schooldist":"31.0","label":"53"}},
{"type":"Feature","geometry":{"type":"Polygon","coordinates":[[[-73.79904,40.70238],[-73.79825,40.70253],[-73.79842,40.70274],[-73.79915,40.70375],[-73.8002,40.70334],[-73.80166,40.70576],[-73.79914,40.70669],[-73.80022,40.70845],[-73.80849,40.70609],[-73.80716,40.70324],[-73.80681,40.70178],[-73.80633,40.70178],[-73.80571,40.70006],[-73.80375,40.70065],[-73.79904,40.70238]]]},"properties":{"dbn":"28Q182","schooldist":"28.0","label":"182"}},
{"type":"Feature","geometry":{"type":"Polygon","coordinates":[[[-73.8711,40.75478],[-73.87099,40.7552],[-73.87189,40.75511],[-73.87222,40.75694],[-73.87421,40.75673],[-73.87375,40.75417],[-73.87468,40.75407],[-73.87446,40.75286],[-73.87353,40.75296],[-73.87316,40.75092],[-73.87084,40.75154],[-73.87179,40.75333],[-73.87104,40.75349],[-73.8712,40.75383],[-73.8711,40.75478]]]},"properties":{"dbn":"30Q280","schooldist":"30.0","label":"280"}},
{"type":"Feature","geometry":{"type":"Polygon","coordinates":[[[-74.1626,40.59316],[-74.16723,40.59393],[-74.16884,40.59472],[-74.17824,40.59981],[-74.1826,40.60178],[-74.18543,40.60338],[-74.18625,40.60192],[-74.18964,40.60235],[-74.18931,40.60392],[-74.19063,40.60495],[-74.19168,40.60792],[-74.1931,40.609],[-74.19521,40.60873],[-74.19732,40.60995],[-74.19832,40.60847],[-74.19847,40.60722],[-74.19683,40.60538],[-74.196,40.60356],[-74.19599,40.60238],[-74.197,40.60088],[-74.19706,40.59914],[-74.19745,40.59679],[-74.19787,40.59658],[-74.19867,40.5949],[-74.20057,40.59275],[-74.20206,40.59181],[-74.20189,40.59062],[-74.20314,40.58993],[-74.20409,40.58984],[-74.2045,40.58824],[-74.20417,40.58641],[-74.20437,40.5846],[-74.20532,40.58114],[-74.20475,40.58029],[-74.20358,40.58044],[-74.20041,40.57986],[-74.19982,40.5801],[-74.19608,40.58],[-74.19413,40.57938],[-74.19182,40.57765],[-74.19091,40.57745],[-74.19065,40.5763],[-74.19145,40.57591],[-74.19723,40.57824],[-74.19839,40.57803],[-74.19886,40.57469],[-74.19968,40.57334],[-74.20136,40.5724],[-74.20319,40.5719],[-74.20628,40.57173],[-74.20832,40.57029],[-74.20891,40.56949],[-74.20937,40.56754],[-74.21087,40.56491],[-74.20005,40.56094],[-74.19774,40.55912],[-74.19441,40.56209],[-74.1933,40.56276],[-74.19217,40.56286],[-74.18936,40.56395],[-74.18768,40.56396],[-74.18525,40.56455],[-74.1834,40.5654],[-74.18139,40.56524],[-74.17795,40.56398],[-74.17659,40.56324],[-74.17489,40.56283],[-74.17185,40.56152],[-74.1681,40.56072],[-74.16976,40.56288],[-74.16963,40.56765],[-74.16975,40.57024],[-74.16983,40.57088],[-74.1699,40.57139],[-74.16995,40.57346],[-74.16981,40.57579],[-74.16967,40.57794],[-74.16909,40.58211],[-74.16908,40.58223],[-74.16905,40.58239],[-74.16904,40.58249],[-74.16847,40.58651],[-74.16761,40.58893],[-74.16579,40.59071],[-74.1626,40.59316]]]},"properties":{"dbn":"31R026","schooldist":"31.0","label":"26"}},
{"type":"Feature","geometry":{"type":"Polygon","coordinates":[[[-74.05669,40.60797],[-74.06046,40.6064],[-74.06517,40.6042],[-74.06571,40.60503],[-74.06647,40.60469],[-74.06864,40.60522],[-74.06823,40.60627],[-74.06954,40.60787],[-74.07004,40.60771],[-74.07112,40.60905],[-74.07512,40.60696],[-74.07538,40.60659],[-74.07752,40.60689],[-74.07783,40.60591],[-74.0777,40.60398],[-74.0767,40.60212],[-74.07644,40.601],[-74.07728,40.5996],[-74.07845,40.59849],[-74.07716,40.5984],[-74.0749,40.59762],[-74.07197,40.59271],[-74.07104,40.59031],[-74.06987,40.58903],[-74.0687,40.58823],[-74.0665,40.58724],[-74.06528,40.58819],[-74.06447,40.58953],[-74.06177,40.59239],[-74.05973,40.59381],[-74.05629,40.59718],[-74.05303,40.59975],[-74.05337,40.60063],[-74.053,40.60146],[-74.05386,40.60505],[-74.05381,40.60591],[-74.05543,40.60648],[-74.05669,40.60797]]]},"properties":{"dbn":"31R039","schooldist":"31.0","label":"39"}},
{"type":"Feature","geometry":{"type":"Polygon","coordinates":[[[-73.99252,40.60668],[-73.99029,40.60533],[-73.98971,40.60589],[-73.98996,40.6066],[-73.99128,40.60732],[-73.99194,40.60724],[-73.99252,40.60668]]]},"properties":{"dbn":"21K128","schooldist":"20.0","label":"128"}},
{"type":"Feature","geometry":{"type":"Polygon","coordinates":[[[-74.17782,40.62499],[-74.17888,40.62593],[-74.18368,40.62874],[-74.1959,40.6352],[-74.19642,40.63411],[-74.19717,40.63378],[-74.20015,40.63148],[-74.20044,40.62968],[-74.20095,40.62931],[-74.20141,40.62608],[-74.20068,40.6253],[-74.20058,40.62426],[-74.20119,40.62335],[-74.20127,40.62168],[-74.20089,40.62066],[-74.20084,40.61882],[-74.20033,40.61825],[-74.20078,40.61704],[-74.19907,40.61686],[-74.19631,40.61573],[-74.19608,40.61482],[-74.19534,40.61399],[-74.19576,40.61195],[-74.19732,40.60995],[-74.19521,40.60873],[-74.1931,40.609],[-74.19168,40.60792],[-74.19063,40.60495],[-74.18931,40.60392],[-74.18964,40.60235],[-74.18625,40.60192],[-74.18543,40.60338],[-74.1826,40.60178],[-74.17824,40.59981],[-74.16884,40.59472],[-74.16723,40.59393],[-74.1626,40.59316],[-74.1619,40.5953],[-74.16236,40.5974],[-74.16321,40.60237],[-74.16237,40.60465],[-74.16227,40.60496],[-74.16221,40.60531],[-74.16242,40.60719],[-74.1604,40.60744],[-74.15019,40.6095],[-74.15379,40.61226],[-74.15737,40.61503],[-74.16163,40.61793],[-74.16394,40.61914],[-74.16808,40.62094],[-74.17327,40.62184],[-74.1746,40.62236],[-74.1761,40.62341],[-74.17782,40.62499]]]},"properties":{"dbn":"31R060","schooldist":"31.0","label":"60"}},
{"type":"Feature","geometry":{"type":"Polygon","coordinates":[[[-74.12916,40.61258],[-74.13604,40.61226],[-74.13918,40.6117],[-74.15019,40.6095],[-74.1604,40.60744],[-74.16242,40.60719],[-74.16221,40.60531],[-74.16227,40.60496],[-74.16237,40.60465],[-74.16321,40.60237],[-74.16236,40.5974],[-74.16212,40.5963],[-74.15965,40.59647],[-74.15523,40.59553],[-74.15222,40.59369],[-74.14567,40.58994],[-74.14583,40.58856],[-74.14168,40.58874],[-74.13862,40.58906],[-74.13408,40.58638],[-74.13351,40.58551],[-74.13372,40.58476],[-74.1336,40.58437],[-74.13241,40.58366],[-74.1322,40.58361],[-74.13197,40.58359],[-74.13148,40.58345],[-74.1309,40.58316],[-74.13055,40.5829],[-74.12942,40.58367],[-74.12891,40.58542],[-74.12912,40.58623],[-74.12787,40.58736],[-74.12787,40.58917],[-74.12782,40.58937],[-74.12771,40.58954],[-74.12639,40.59073],[-74.12628,40.59346],[-74.12264,40.59942],[-74.12497,40.5982],[-74.12715,40.59833],[-74.12823,40.60591],[-74.1285,40.60588],[-74.12916,40.61258]]]},"properties":{"dbn":"31R054","schooldist":"31.0","label":"54"}},
{"type":"Feature","geometry":{"type":"Polygon","coordinates":[[[-74.12386,40.64026],[-74.1257,40.64014],[-74.12688,40.64035],[-74.12797,40.64011],[-74.12931,40.64033],[-74.13108,40.64103],[-74.13127,40.6416],[-74.13283,40.64147],[-74.13439,40.64193],[-74.13658,40.64145],[-74.13661,40.6402],[-74.13729,40.63681],[-74.13736,40.635],[-74.13555,40.6348],[-74.13521,40.63535],[-74.13094,40.63314],[-74.13044,40.63402],[-74.12905,40.63363],[-74.12596,40.63386],[-74.12632,40.63525],[-74.12325,40.63549],[-74.12214,40.63593],[-74.12332,40.63654],[-74.12386,40.64026]]]},"properties":{"dbn":"31R020","schooldist":"31.0","label":"20"}},
{"type":"Feature","geometry":{"type":"Polygon","coordinates":[[[-74.09122,40.59643],[-74.09336,40.59703],[-74.09375,40.59674],[-74.09963,40.59887],[-74.1002,40.59941],[-74.1041,40.60178],[-74.10791,40.60414],[-74.11136,40.6035],[-74.11377,40.60271],[-74.115,40.60207],[-74.11684,40.60189],[-74.1206,40.60181],[-74.1207,40.60071],[-74.12264,40.59942],[-74.12628,40.59346],[-74.12639,40.59073],[-74.12771,40.58954],[-74.12782,40.58937],[-74.12787,40.58917],[-74.12787,40.58736],[-74.12912,40.58623],[-74.12333,40.58506],[-74.11914,40.58117],[-74.11829,40.57813],[-74.11767,40.57773],[-74.11757,40.57771],[-74.11701,40.57821],[-74.11684,40.57828],[-74.11665,40.57831],[-74.11643,40.57833],[-74.11602,40.57836],[-74.11552,40.57855],[-74.11367,40.58031],[-74.11128,40.58179],[-74.10925,40.58268],[-74.10791,40.58369],[-74.10518,40.58225],[-74.09063,40.59283],[-74.08924,40.5941],[-74.09158,40.59527],[-74.09108,40.59579],[-74.0905,40.59625],[-74.09122,40.59643]]]},"properties":{"dbn":"31R011","schooldist":"31.0","label":"11"}},
{"type":"Feature","geometry":{"type":"Polygon","coordinates":[[[-74.14583,40.58856],[-74.14567,40.58994],[-74.15222,40.59369],[-74.15523,40.59553],[-74.15965,40.59647],[-74.16212,40.5963],[-74.1619,40.5953],[-74.1626,40.59316],[-74.16579,40.59071],[-74.16761,40.58893],[-74.1673,40.5889],[-74.16063,40.58505],[-74.15259,40.58074],[-74.15253,40.58062],[-74.15123,40.58206],[-74.14632,40.58607],[-74.14604,40.58729],[-74.14604,40.58732],[-74.14583,40.58856]]]},"properties":{"dbn":"31R069","schooldist":"31.0","label":"69"}},
{"type":"Feature","geometry":{"type":"Polygon","coordinates":[[[-74.08588,40.59589],[-74.08981,40.59608],[-74.0905,40.59625],[-74.09108,40.59579],[-74.09158,40.59527],[-74.08924,40.5941],[-74.09063,40.59283],[-74.10518,40.58225],[-74.10039,40.57969],[-74.09844,40.58124],[-74.09605,40.57942],[-74.0906,40.57657],[-74.0926,40.57446],[-74.08877,40.57237],[-74.08533,40.57083],[-74.08256,40.57302],[-74.08024,40.57508],[-74.07901,40.57551],[-74.0754,40.57852],[-74.07342,40.58043],[-74.07173,40.58176],[-74.07072,40.58323],[-74.06931,40.58462],[-74.07124,40.58539],[-74.08025,40.59006],[-74.08206,40.59265],[-74.08377,40.59552],[-74.08588,40.59589]]]},"properties":{"dbn":"31R052","schooldist":"31.0","label":"52"}},
{"type":"Feature","geometry":{"type":"Polygon","coordinates":[[[-74.07845,40.59849],[-74.08164,40.59857],[-74.08176,40.59856],[-74.08469,40.59751],[-74.08588,40.59589],[-74.08377,40.59552],[-74.08206,40.59265],[-74.08025,40.59006],[-74.07124,40.58539],[-74.06931,40.58462],[-74.0665,40.58724],[-74.0687,40.58823],[-74.06987,40.58903],[-74.07104,40.59031],[-74.07197,40.59271],[-74.0749,40.59762],[-74.07716,40.5984],[-74.07845,40.59849]]]},"properties":{"dbn":"31R046","schooldist":"31.0","label":"46"}},
{"type":"Feature","geometry":{"type":"Polygon","coordinates":[[[-73.99705,40.60623],[-73.99644,40.60677],[-73.99815,40.6078],[-73.99867,40.60766],[-73.99859,40.60716],[-73.99705,40.60623]]]},"properties":{"dbn":"21K128","schooldist":"20.0","label":"128"}},
{"type":"Feature","geometry":{"type":"Polygon","coordinates":[[[-73.95125,40.77855],[-73.95349,40.7795],[-73.95303,40.78013],[-73.95463,40.7808],[-73.95558,40.7795],[-73.95398,40.77882],[-73.95448,40.77814],[-73.95224,40.77719],[-73.95125,40.77855]]]},"properties":{"dbn":"02M527","schooldist":"2.0","label":"527"}},
{"type":"Feature","geometry":{"type":"Polygon","coordinates":[[[-74.12474,40.62396],[-74.13206,40.62339],[-74.13203,40.6242],[-74.13192,40.62455],[-74.1314,40.62625],[-74.13385,40.62617],[-74.13605,40.62482],[-74.13756,40.62414],[-74.14128,40.62459],[-74.14204,40.61897],[-74.14234,40.61661],[-74.14595,40.61696],[-74.14641,40.61427],[-74.15039,40.61516],[-74.15291,40.61552],[-74.15379,40.61226],[-74.15019,40.6095],[-74.13918,40.6117],[-74.13604,40.61226],[-74.12916,40.61258],[-74.12464,40.61295],[-74.12538,40.61861],[-74.12349,40.6185],[-74.12374,40.62097],[-74.12008,40.62167],[-74.12147,40.62287],[-74.12204,40.62418],[-74.12474,40.62396]]]},"properties":{"dbn":"31R030","schooldist":"31.0","label":"30"}},
{"type":"Feature","geometry":{"type":"Polygon","coordinates":[[[-74.10131,40.61008],[-74.1045,40.61099],[-74.10707,40.61505],[-74.1062,40.61525],[-74.10351,40.61641],[-74.10553,40.61859],[-74.1068,40.6185],[-74.11124,40.62039],[-74.11723,40.6244],[-74.11839,40.62379],[-74.11827,40.62302],[-74.11918,40.6219],[-74.12008,40.62167],[-74.12374,40.62097],[-74.12349,40.6185],[-74.12538,40.61861],[-74.12464,40.61295],[-74.12916,40.61258],[-74.1285,40.60588],[-74.12823,40.60591],[-74.12715,40.59833],[-74.12497,40.5982],[-74.12264,40.59942],[-74.1207,40.60071],[-74.1206,40.60181],[-74.11684,40.60189],[-74.115,40.60207],[-74.11377,40.60271],[-74.11136,40.6035],[-74.10791,40.60414],[-74.1041,40.60178],[-74.10163,40.60288],[-74.10159,40.60479],[-74.10075,40.60648],[-74.10131,40.61008]]]},"properties":{"dbn":"31R029","schooldist":"31.0","label":"29"}},
{"type":"Feature","geometry":{"type":"Polygon","coordinates":[[[-74.15737,40.61503],[-74.15578,40.61792],[-74.15315,40.62018],[-74.16258,40.62165],[-74.16208,40.62325],[-74.16304,40.62336],[-74.1637,40.62415],[-74.16343,40.62558],[-74.16407,40.62606],[-74.16678,40.62655],[-74.16656,40.62737],[-74.16907,40.62783],[-74.17242,40.62748],[-74.17782,40.62499],[-74.1761,40.62341],[-74.1746,40.62236],[-74.17327,40.62184],[-74.16808,40.62094],[-74.16394,40.61914],[-74.16163,40.61793],[-74.15737,40.61503]]]},"properties":{"dbn":"31R861","schooldist":"31.0","label":"861"}},
{"type":"Feature","geometry":{"type":"Polygon","coordinates":[[[-73.83926,40.76603],[-73.84298,40.76442],[-73.84307,40.76359],[-73.84491,40.76261],[-73.84434,40.76152],[-73.84201,40.76249],[-73.8396,40.76254],[-73.83558,40.7628],[-73.83329,40.76275],[-73.83196,40.76295],[-73.82815,40.76394],[-73.82769,40.7661],[-73.82685,40.76799],[-73.82656,40.77014],[-73.82648,40.77312],[-73.82625,40.77452],[-73.82583,40.77592],[-73.82831,40.776],[-73.83,40.77373],[-73.8315,40.77249],[-73.83434,40.77079],[-73.83614,40.76953],[-73.83926,40.76603]]]},"properties":{"dbn":"25Q214","schooldist":"25.0","label":"214"}},
{"type":"Feature","geometry":{"type":"Polygon","coordinates":[[[-74.13372,40.58476],[-74.13351,40.58551],[-74.13408,40.58638],[-74.13862,40.58906],[-74.14168,40.58874],[-74.14583,40.58856],[-74.14604,40.58732],[-74.14604,40.58729],[-74.14632,40.58607],[-74.15123,40.58206],[-74.15253,40.58062],[-74.15316,40.58017],[-74.16103,40.57576],[-74.1517,40.56786],[-74.14259,40.55989],[-74.14169,40.55964],[-74.13925,40.55843],[-74.13818,40.55759],[-74.13739,40.55802],[-74.13612,40.5614],[-74.13367,40.56184],[-74.13264,40.5635],[-74.13152,40.56473],[-74.13047,40.56497],[-74.12857,40.56631],[-74.12714,40.56758],[-74.1249,40.56895],[-74.12345,40.56992],[-74.12163,40.5715],[-74.12139,40.57298],[-74.12183,40.57422],[-74.12154,40.57515],[-74.11979,40.57582],[-74.11803,40.57717],[-74.11757,40.57771],[-74.11767,40.57773],[-74.11829,40.57813],[-74.11914,40.58117],[-74.12333,40.58506],[-74.12912,40.58623],[-74.12891,40.58542],[-74.12942,40.58367],[-74.13055,40.5829],[-74.1309,40.58316],[-74.13148,40.58345],[-74.13197,40.58359],[-74.1322,40.58361],[-74.13241,40.58366],[-74.1336,40.58437],[-74.13372,40.58476]],[[-74.13941,40.56664],[-74.1389,40.56729],[-74.13768,40.56672],[-74.13799,40.56607],[-74.13591,40.56521],[-74.13919,40.56222],[-74.14007,40.56163],[-74.14335,40.56397],[-74.14471,40.56411],[-74.14359,40.56505],[-74.14268,40.56447],[-74.14002,40.56656],[-74.13941,40.56664]]]},"properties":{"dbn":"31R023","schooldist":"31.0","label":"23"}},
{"type":"Feature","geometry":{"type":"Polygon","coordinates":[[[-73.88786,40.86587],[-73.88836,40.86633],[-73.89005,40.8653],[-73.89131,40.86413],[-73.89213,40.86463],[-73.8929,40.86401],[-73.89352,40.86282],[-73.89356,40.86193],[-73.89285,40.86183],[-73.89207,40.86186],[-73.89067,40.86132],[-73.88958,40.86261],[-73.88607,40.86083],[-73.88625,40.86062],[-73.88368,40.85928],[-73.88309,40.8598],[-73.88201,40.85987],[-73.88076,40.85949],[-73.88061,40.86036],[-73.88103,40.86128],[-73.88201,40.86205],[-73.88379,40.86417],[-73.88356,40.86553],[-73.8832,40.86577],[-73.88272,40.86613],[-73.88298,40.86645],[-73.88309,40.8666],[-73.88609,40.86493],[-73.88683,40.86539],[-73.88786,40.86587]]]},"properties":{"dbn":"10X054","schooldist":"10.0","label":"54"}},
{"type":"Feature","geometry":{"type":"Polygon","coordinates":[[[-73.87437,40.8727],[-73.87314,40.87438],[-73.87222,40.87608],[-73.87237,40.87614],[-73.87292,40.87602],[-73.87289,40.8762],[-73.8735,40.87646],[-73.87418,40.87698],[-73.87559,40.87746],[-73.87713,40.87621],[-73.87879,40.87628],[-73.87936,40.87677],[-73.87935,40.87776],[-73.87769,40.87899],[-73.87805,40.87899],[-73.87843,40.87911],[-73.87899,40.87958],[-73.87975,40.87722],[-73.87946,40.87498],[-73.87944,40.87491],[-73.87923,40.87367],[-73.87863,40.87306],[-73.87739,40.87413],[-73.87589,40.87341],[-73.87437,40.8727]]]},"properties":{"dbn":"10X056","schooldist":"10.0","label":"56"}},
{"type":"Feature","geometry":{"type":"Polygon","coordinates":[[[-73.8358,40.87597],[-73.83725,40.87657],[-73.83841,40.87687],[-73.84511,40.87472],[-73.84692,40.87415],[-73.84513,40.871],[-73.84578,40.87023],[-73.84423,40.86942],[-73.84429,40.86747],[-73.84321,40.86744],[-73.84281,40.86754],[-73.84122,40.86786],[-73.83349,40.87027],[-73.83427,40.87243],[-73.83444,40.87488],[-73.8358,40.87597]]]},"properties":{"dbn":"11X169","schooldist":"11.0","label":"169"}},
{"type":"Feature","geometry":{"type":"Polygon","coordinates":[[[-73.893,40.86788],[-73.89175,40.86951],[-73.89099,40.87016],[-73.88834,40.87171],[-73.88785,40.87211],[-73.88799,40.87223],[-73.88863,40.87277],[-73.88937,40.87338],[-73.88983,40.87361],[-73.89073,40.87404],[-73.89114,40.87424],[-73.89155,40.87383],[-73.89185,40.87353],[-73.8924,40.87292],[-73.89368,40.87134],[-73.89405,40.87102],[-73.89424,40.87087],[-73.89445,40.87072],[-73.89521,40.87031],[-73.89604,40.86923],[-73.89496,40.86875],[-73.893,40.86788]]]},"properties":{"dbn":"10X340","schooldist":"10.0","label":"340"}},
{"type":"Feature","geometry":{"type":"Polygon","coordinates":[[[-74.00827,40.70772],[-74.00966,40.70876],[-74.01085,40.7088],[-74.01397,40.70502],[-74.01443,40.70315],[-74.01356,40.70094],[-74.01349,40.70048],[-74.01111,40.7009],[-74.01117,40.70148],[-74.00931,40.70195],[-74.00679,40.70357],[-74.00481,40.70464],[-74.00437,40.70512],[-74.00475,40.70523],[-74.00827,40.70772]]]},"properties":{"dbn":"02M343","schooldist":"2.0","label":"343"}},
{"type":"Feature","geometry":{"type":"Polygon","coordinates":[[[-73.95125,40.77855],[-73.95079,40.77918],[-73.94842,40.77818],[-73.94472,40.78325],[-73.94709,40.78424],[-73.94896,40.78169],[-73.9512,40.78263],[-73.95303,40.78013],[-73.95349,40.7795],[-73.95125,40.77855]]]},"properties":{"dbn":"02M527","schooldist":"2.0","label":"527"}},
{"type":"Feature","geometry":{"type":"Polygon","coordinates":[[[-73.91222,40.84236],[-73.91357,40.84288],[-73.91303,40.84364],[-73.91386,40.84398],[-73.9153,40.84196],[-73.9127,40.84093],[-73.91222,40.84236]]]},"properties":{"dbn":"09X170,09X070","schooldist":"9.0","label":"170 (K-2), 70 (3-5)"}},
{"type":"Feature","geometry":{"type":"Polygon","coordinates":[[[-73.91104,40.84514],[-73.91062,40.84553],[-73.91315,40.84658],[-73.91416,40.84518],[-73.91104,40.84514]]]},"properties":{"dbn":"09X170,09X204","schooldist":"9.0","label":"170 (K-2), 204 (3-5)"}},
{"type":"Feature","geometry":{"type":"Polygon","coordinates":[[[-73.99932,40.62466],[-74.00045,40.62387],[-74.00042,40.62315],[-73.99862,40.6221],[-73.99811,40.62139],[-73.99639,40.62058],[-73.99401,40.62287],[-73.99371,40.62316],[-73.99591,40.6245],[-73.9965,40.62392],[-73.99748,40.62452],[-73.9992,40.62515],[-73.99932,40.62466]]]},"properties":{"dbn":"20K331, 20K112","schooldist":"20.0","label":"331 (K), 112 (1-5)"}},
{"type":"Feature","geometry":{"type":"Polygon","coordinates":[[[-73.90449,40.87648],[-73.90454,40.8765],[-73.90615,40.8771],[-73.90666,40.87673],[-73.90802,40.87829],[-73.9109,40.88038],[-73.91414,40.87828],[-73.91668,40.87783],[-73.91743,40.87734],[-73.91771,40.87628],[-73.91908,40.87606],[-73.91768,40.87566],[-73.91577,40.87569],[-73.91057,40.87392],[-73.90875,40.87179],[-73.90936,40.86913],[-73.90788,40.86932],[-73.90608,40.87324],[-73.90504,40.87523],[-73.90484,40.87564],[-73.90466,40.87606],[-73.90449,40.87648]]]},"properties":{"dbn":"10X037","schooldist":"10.0","label":"37"}},
{"type":"Feature","geometry":{"type":"Polygon","coordinates":[[[-73.93307,40.77461],[-73.93338,40.77471],[-73.93416,40.77496],[-73.9342,40.77488],[-73.93331,40.77459],[-73.93307,40.77461]]]},"properties":{"dbn":"30Q234","schooldist":"30.0","label":"234"}},
{"type":"Feature","geometry":{"type":"Polygon","coordinates":[[[-73.9342,40.77488],[-73.93416,40.77496],[-73.93427,40.77499],[-73.93529,40.77532],[-73.93535,40.77524],[-73.9342,40.77488]]]},"properties":{"dbn":"30Q171","schooldist":"30.0","label":"171"}},
{"type":"Feature","geometry":{"type":"Polygon","coordinates":[[[-73.93609,40.77558],[-73.93615,40.7756],[-73.93642,40.77506],[-73.93681,40.77429],[-73.93687,40.77396],[-73.93609,40.77368],[-73.93649,40.77388],[-73.93677,40.77426],[-73.93609,40.77558]]]},"properties":{"dbn":"30Q171","schooldist":"30.0","label":"171"}},
{"type":"Feature","geometry":{"type":"Polygon","coordinates":[[[-73.93642,40.77506],[-73.93615,40.7756],[-73.9362,40.77561],[-73.93648,40.77507],[-73.93642,40.77506]]]},"properties":{"dbn":"30Q017","schooldist":"30.0","label":"17"}},
{"type":"Feature","geometry":{"type":"Polygon","coordinates":[[[-73.93609,40.77368],[-73.93638,40.7739],[-73.93649,40.77388],[-73.93609,40.77368]]]},"properties":{"dbn":"30Q017","schooldist":"30.0","label":"17"}},
{"type":"Feature","geometry":{"type":"Polygon","coordinates":[[[-73.93362,40.77298],[-73.93414,40.77314],[-73.93418,40.77307],[-73.93363,40.77292],[-73.93354,40.77293],[-73.93362,40.77298]]]},"properties":{"dbn":"30Q171","schooldist":"30.0","label":"171"}},
{"type":"Feature","geometry":{"type":"Polygon","coordinates":[[[-73.93278,40.77239],[-73.93269,40.7727],[-73.93234,40.77328],[-73.93182,40.77421],[-73.93273,40.77404],[-73.93362,40.77298],[-73.93278,40.77239]]]},"properties":{"dbn":"30Q017","schooldist":"30.0","label":"17"}},
{"type":"Feature","geometry":{"type":"MultiPolygon","coordinates":[[[[-73.875,40.76126],[-73.87388,40.76106],[-73.87294,40.76091],[-73.87208,40.76072],[-73.87108,40.76081],[-73.87041,40.75713],[-73.86746,40.75744],[-73.86657,40.75754],[-73.86691,40.75938],[-73.86318,40.75978],[-73.86339,40.76098],[-73.87532,40.76301],[-73.875,40.76126]]],[[[-73.87532,40.76301],[-73.88122,40.76401],[-73.88082,40.76181],[-73.87895,40.76198],[-73.87699,40.76162],[-73.87549,40.76135],[-73.875,40.76126],[-73.87532,40.76301]]]]},"properties":{"dbn":"30Q329","schooldist":"30.0","label":"329"}},
{"type":"Feature","geometry":{"type":"Polygon","coordinates":[[[-73.98089,40.67578],[-73.98586,40.67771],[-73.98631,40.67708],[-73.987,40.67629],[-73.98951,40.67327],[-73.98721,40.67216],[-73.98671,40.67277],[-73.98429,40.67159],[-73.98089,40.67578]]]},"properties":{"dbn":"15K118","schooldist":"15.0","label":"118"}},
{"type":"Feature","geometry":{"type":"Polygon","coordinates":[[[-74.02415,40.62578],[-74.02137,40.63258],[-74.01889,40.63144],[-74.0178,40.63417],[-74.01721,40.63502],[-74.02379,40.63905],[-74.02393,40.6389],[-74.02475,40.63812],[-74.02509,40.63779],[-74.02263,40.6368],[-74.02352,40.63462],[-74.02452,40.63217],[-74.02509,40.63083],[-74.02566,40.62938],[-74.02656,40.62719],[-74.02415,40.62578]]]},"properties":{"dbn":"20K030","schooldist":"20.0","label":"30"}},
{"type":"Feature","geometry":{"type":"Polygon","coordinates":[[[-73.86519,40.85016],[-73.86304,40.85061],[-73.86212,40.85081],[-73.862,40.85439],[-73.8601,40.85467],[-73.86099,40.85648],[-73.86096,40.85718],[-73.86476,40.85707],[-73.86489,40.85153],[-73.86612,40.85053],[-73.86519,40.85016]]]},"properties":{"dbn":"11X357","schooldist":"11.0","label":"357"}},
{"type":"Feature","geometry":{"type":"Polygon","coordinates":[[[-73.85704,40.89794],[-73.85525,40.89725],[-73.85287,40.90017],[-73.85184,40.90034],[-73.84984,40.89985],[-73.8481,40.90238],[-73.84782,40.90455],[-73.84708,40.90616],[-73.84864,40.90681],[-73.84902,40.90637],[-73.84986,40.90409],[-73.85155,40.90204],[-73.85328,40.90284],[-73.85619,40.89919],[-73.85704,40.89794]]]},"properties":{"dbn":"11X483","schooldist":"11.0","label":"483"}},
{"type":"Feature","geometry":{"type":"Polygon","coordinates":[[[-73.85233,40.83701],[-73.85248,40.83778],[-73.85349,40.83768],[-73.85388,40.83974],[-73.85287,40.83985],[-73.85309,40.84105],[-73.85334,40.84247],[-73.86358,40.84128],[-73.86317,40.84116],[-73.86108,40.83918],[-73.85919,40.83839],[-73.85997,40.83778],[-73.86073,40.83651],[-73.86085,40.83361],[-73.86038,40.83334],[-73.85465,40.83389],[-73.85168,40.8342],[-73.85221,40.83635],[-73.85233,40.83701]]]},"properties":{"dbn":"11X106","schooldist":"11.0","label":"106"}},
{"type":"Feature","geometry":{"type":"Polygon","coordinates":[[[-73.85233,40.83701],[-73.8509,40.83716],[-73.84916,40.83849],[-73.84609,40.84118],[-73.84544,40.8407],[-73.84483,40.84121],[-73.84401,40.8419],[-73.84394,40.84197],[-73.84407,40.842],[-73.84701,40.84318],[-73.84999,40.84285],[-73.85231,40.84259],[-73.85334,40.84247],[-73.85309,40.84105],[-73.85287,40.83985],[-73.85388,40.83974],[-73.85349,40.83768],[-73.85248,40.83778],[-73.85233,40.83701]]]},"properties":{"dbn":"11X567","schooldist":"11.0","label":"567"}},
{"type":"Feature","geometry":{"type":"Polygon","coordinates":[[[-73.97399,40.73497],[-73.97441,40.73641],[-73.9725,40.73579],[-73.97267,40.73923],[-73.9719,40.74273],[-73.97079,40.7444],[-73.96824,40.74736],[-73.96635,40.74986],[-73.9708,40.75175],[-73.97951,40.73978],[-73.97442,40.73767],[-73.97508,40.73661],[-73.97511,40.73544],[-73.97399,40.73497]]]},"properties":{"dbn":"02M281","schooldist":"2.0","label":"281"}},
{"type":"Feature","geometry":{"type":"Polygon","coordinates":[[[-73.99076,40.72974],[-73.99073,40.72988],[-73.99039,40.73129],[-73.99021,40.732],[-73.99003,40.73276],[-73.99459,40.73467],[-73.99781,40.73604],[-74.00056,40.73707],[-74.0011,40.73656],[-74.00279,40.7394],[-74.00252,40.73975],[-74.00934,40.74259],[-74.01225,40.74291],[-74.01232,40.74262],[-74.00935,40.74231],[-74.00952,40.7415],[-74.01245,40.74182],[-74.01253,40.74154],[-74.00956,40.7412],[-74.00967,40.74075],[-74.01141,40.74066],[-74.01161,40.73924],[-74.01038,40.73918],[-74.0106,40.73634],[-74.01302,40.73645],[-74.01305,40.73611],[-74.01063,40.73601],[-74.01078,40.73455],[-74.00493,40.7353],[-74.00428,40.73339],[-74.0012,40.73384],[-74.0011,40.73344],[-73.99326,40.72958],[-73.99284,40.73008],[-73.99144,40.72986],[-73.99076,40.72974]]]},"properties":{"dbn":"02M041","schooldist":"2.0","label":"41"}},
{"type":"Feature","geometry":{"type":"Polygon","coordinates":[[[-73.87773,40.86956],[-73.87839,40.87028],[-73.87963,40.86977],[-73.88047,40.87212],[-73.88127,40.87259],[-73.88175,40.87235],[-73.88247,40.87213],[-73.88222,40.87123],[-73.88496,40.86954],[-73.88528,40.87],[-73.88552,40.87018],[-73.88623,40.87078],[-73.88913,40.86906],[-73.88981,40.86837],[-73.88906,40.86793],[-73.88974,40.86724],[-73.88888,40.86675],[-73.88836,40.86633],[-73.88786,40.86587],[-73.88683,40.86539],[-73.88609,40.86493],[-73.88309,40.8666],[-73.88134,40.86759],[-73.87773,40.86956]]]},"properties":{"dbn":"10X020","schooldist":"10.0","label":"20"}},
{"type":"Feature","geometry":{"type":"Polygon","coordinates":[[[-73.89797,40.88403],[-73.8966,40.88501],[-73.89524,40.88532],[-73.89513,40.88536],[-73.89504,40.88545],[-73.89508,40.88564],[-73.89652,40.88594],[-73.89662,40.88596],[-73.89711,40.88557],[-73.89808,40.88478],[-73.89855,40.88437],[-73.89808,40.8846],[-73.89797,40.88403]]]},"properties":{"dbn":"10X095","schooldist":"10.0","label":"95"}},
{"type":"Feature","geometry":{"type":"Polygon","coordinates":[[[-73.88851,40.88303],[-73.88759,40.88426],[-73.88888,40.88451],[-73.88985,40.88469],[-73.89289,40.88526],[-73.89468,40.88553],[-73.89508,40.88564],[-73.89503,40.88555],[-73.89504,40.88545],[-73.89513,40.88536],[-73.89524,40.88532],[-73.89586,40.88526],[-73.8966,40.88501],[-73.89797,40.88403],[-73.89759,40.88385],[-73.89697,40.88394],[-73.89776,40.88267],[-73.89638,40.88182],[-73.89601,40.88124],[-73.89427,40.88219],[-73.8923,40.88178],[-73.89272,40.8827],[-73.89228,40.88247],[-73.89196,40.88238],[-73.8886,40.88277],[-73.88851,40.88303]]]},"properties":{"dbn":"10X095","schooldist":"10.0","label":"95"}},
{"type":"Feature","geometry":{"type":"Polygon","coordinates":[[[-73.89638,40.88182],[-73.8968,40.88208],[-73.89727,40.88237],[-73.89834,40.88137],[-73.89861,40.88017],[-73.89785,40.87993],[-73.89847,40.87909],[-73.8986,40.87851],[-73.89825,40.87832],[-73.89734,40.87913],[-73.89717,40.87932],[-73.8969,40.87972],[-73.8969,40.87973],[-73.89678,40.87994],[-73.89657,40.88125],[-73.89638,40.88182]]]},"properties":{"dbn":"10X360","schooldist":"10.0","label":"360"}},
{"type":"Feature","geometry":{"type":"Polygon","coordinates":[[[-73.89242,40.848],[-73.89495,40.8491],[-73.89558,40.84785],[-73.89618,40.84666],[-73.89337,40.8464],[-73.89242,40.848]]]},"properties":{"dbn":"12X595","schooldist":"10.0","label":"595"}},
{"type":"Feature","geometry":{"type":"Polygon","coordinates":[[[-73.79473,40.71001],[-73.79818,40.70902],[-73.79844,40.70788],[-73.79715,40.70742],[-73.79914,40.70669],[-73.80166,40.70576],[-73.8002,40.70334],[-73.79915,40.70375],[-73.79842,40.70274],[-73.79825,40.70253],[-73.79695,40.70279],[-73.79352,40.70368],[-73.79247,40.70393],[-73.79123,40.70422],[-73.79165,40.70486],[-73.79253,40.70636],[-73.79299,40.70715],[-73.79395,40.70862],[-73.79434,40.70933],[-73.79438,40.7094],[-73.79473,40.71001]]]},"properties":{"dbn":"28Q349","schooldist":"28.0","label":"349"}},
{"type":"Feature","geometry":{"type":"MultiPolygon","coordinates":[[[[-73.96357,40.6469],[-73.97077,40.64611],[-73.97116,40.64509],[-73.97073,40.64423],[-73.9706,40.64381],[-73.97009,40.64375],[-73.96313,40.64451],[-73.96357,40.6469]]],[[[-73.96357,40.6469],[-73.96271,40.6468],[-73.96262,40.64701],[-73.96357,40.6469]]],[[[-73.96262,40.64701],[-73.96233,40.64681],[-73.9596,40.64712],[-73.95943,40.64736],[-73.95998,40.65021],[-73.96307,40.64944],[-73.96262,40.64701]]]]},"properties":{"dbn":"22K889","schooldist":"22.0","label":"889"}},
{"type":"Feature","geometry":{"type":"Polygon","coordinates":[[[-73.92401,40.73535],[-73.92471,40.73381],[-73.92698,40.73032],[-73.92855,40.72936],[-73.92614,40.72878],[-73.9248,40.72754],[-73.92176,40.72639],[-73.91836,40.72593],[-73.91679,40.72543],[-73.91487,40.72443],[-73.91468,40.7265],[-73.90889,40.72607],[-73.90847,40.72316],[-73.90822,40.71903],[-73.9087,40.71646],[-73.90748,40.71531],[-73.90574,40.71452],[-73.90538,40.71288],[-73.90477,40.71287],[-73.89424,40.71792],[-73.89213,40.71899],[-73.89273,40.71976],[-73.89497,40.72282],[-73.89609,40.72381],[-73.89835,40.72311],[-73.89903,40.72386],[-73.89856,40.72442],[-73.89861,40.72566],[-73.90024,40.72581],[-73.90316,40.72645],[-73.90312,40.72738],[-73.90556,40.72855],[-73.90108,40.73391],[-73.9047,40.73568],[-73.90629,40.7324],[-73.91077,40.73336],[-73.90926,40.7364],[-73.91691,40.73538],[-73.91883,40.73524],[-73.92401,40.73535]]]},"properties":{"dbn":"24Q153","schooldist":"24.0","label":"153"}},
{"type":"Feature","geometry":{"type":"Polygon","coordinates":[[[-74.01896,40.65757],[-74.01634,40.65559],[-74.01663,40.65529],[-74.01505,40.65436],[-74.01528,40.65398],[-74.00923,40.6504],[-74.01025,40.64871],[-74.00799,40.64734],[-74.00801,40.64686],[-74.00634,40.64589],[-74.00462,40.64713],[-74.00464,40.64723],[-74.0067,40.64847],[-74.00566,40.64958],[-74.00571,40.6499],[-74.01597,40.65592],[-74.01896,40.65757]]]},"properties":{"dbn":"15K516","schooldist":"15.0","label":"516"}},
{"type":"Feature","geometry":{"type":"Polygon","coordinates":[[[-73.91498,40.74273],[-73.92241,40.74359],[-73.92334,40.7437],[-73.92337,40.74354],[-73.92374,40.74169],[-73.92406,40.73998],[-73.9241,40.73985],[-73.91669,40.73899],[-73.9163,40.73907],[-73.91567,40.74078],[-73.91443,40.74053],[-73.91379,40.74251],[-73.91376,40.74259],[-73.91498,40.74273]]]},"properties":{"dbn":"24Q343","schooldist":"24.0","label":"343"}},
{"type":"Feature","geometry":{"type":"Polygon","coordinates":[[[-73.87863,40.87306],[-73.87923,40.87367],[-73.87944,40.87491],[-73.88043,40.8749],[-73.88149,40.87481],[-73.88142,40.87404],[-73.88069,40.87289],[-73.88047,40.87212],[-73.87963,40.86977],[-73.87839,40.87028],[-73.87773,40.86956],[-73.87694,40.86995],[-73.87519,40.87158],[-73.87437,40.8727],[-73.87589,40.87341],[-73.87739,40.87413],[-73.87863,40.87306]]]},"properties":{"dbn":"10X077","schooldist":"10.0","label":"77"}},
{"type":"Feature","geometry":{"type":"Polygon","coordinates":[[[-73.94567,40.75556],[-73.94574,40.75559],[-73.94575,40.75558],[-73.94569,40.75554],[-73.94567,40.75556]]]},"properties":{"dbn":"30Q076,30Q122","schooldist":"30.0","label":"76, 122"}},
{"type":"Feature","geometry":{"type":"Polygon","coordinates":[[[-73.94576,40.75548],[-73.94582,40.75551],[-73.94583,40.7555],[-73.94577,40.75546],[-73.94576,40.75548]]]},"properties":{"dbn":"30Q076,30Q122","schooldist":"30.0","label":"76, 122"}},
{"type":"Feature","geometry":{"type":"Polygon","coordinates":[[[-74.21777,40.54113],[-74.21817,40.54225],[-74.21844,40.54296],[-74.22048,40.54296],[-74.22217,40.54222],[-74.22153,40.54059],[-74.22348,40.54075],[-74.2238,40.53888],[-74.22379,40.5372],[-74.22103,40.53748],[-74.21943,40.53762],[-74.21791,40.53767],[-74.21818,40.53657],[-74.2182,40.53647],[-74.21834,40.53422],[-74.22093,40.53395],[-74.22352,40.53428],[-74.22394,40.53428],[-74.2234,40.53198],[-74.22279,40.53021],[-74.22187,40.52919],[-74.22007,40.52844],[-74.21699,40.52865],[-74.21339,40.52961],[-74.20309,40.53248],[-74.20373,40.53382],[-74.20435,40.53516],[-74.20627,40.53919],[-74.20666,40.53993],[-74.2093,40.53919],[-74.21202,40.53887],[-74.21264,40.53919],[-74.21433,40.53911],[-74.21555,40.53963],[-74.21577,40.54113],[-74.21668,40.54121],[-74.21777,40.54113]]]},"properties":{"dbn":"31R062","schooldist":"31.0","label":"62"}},
{"type":"Feature","geometry":{"type":"Polygon","coordinates":[[[-73.84223,40.66858],[-73.83604,40.66685],[-73.83488,40.6664],[-73.83288,40.66581],[-73.83601,40.67227],[-73.83681,40.67396],[-73.83418,40.67887],[-73.83639,40.67947],[-73.83781,40.67972],[-73.83976,40.68],[-73.84264,40.6804],[-73.84349,40.6805],[-73.84367,40.68046],[-73.84397,40.68058],[-73.84464,40.6807],[-73.84412,40.67804],[-73.84372,40.67674],[-73.84352,40.67604],[-73.8433,40.67531],[-73.84494,40.67508],[-73.84639,40.67332],[-73.84779,40.67388],[-73.84793,40.67307],[-73.84787,40.67078],[-73.84687,40.67047],[-73.8471,40.66979],[-73.84488,40.66924],[-73.84377,40.66904],[-73.84332,40.66891],[-73.84223,40.66858]]]},"properties":{"dbn":"27Q377","schooldist":"27.0","label":"377"}},
{"type":"Feature","geometry":{"type":"Polygon","coordinates":[[[-74.03127,40.63736],[-74.02893,40.63646],[-74.02829,40.63663],[-74.02576,40.63581],[-74.02352,40.63462],[-74.02263,40.6368],[-74.02509,40.63779],[-74.02762,40.6388],[-74.02828,40.63747],[-74.03089,40.63828],[-74.03127,40.63736]]]},"properties":{"dbn":"20K413,20K102","schooldist":"20.0","label":"413 (K); 102 (1-5)"}},
{"type":"Feature","geometry":{"type":"Polygon","coordinates":[[[-73.76615,40.75575],[-73.76656,40.75714],[-73.77023,40.75628],[-73.77182,40.75969],[-73.77731,40.75824],[-73.77567,40.75293],[-73.77153,40.74419],[-73.76858,40.74552],[-73.76682,40.74603],[-73.76146,40.74751],[-73.76308,40.75112],[-73.76422,40.75236],[-73.76627,40.75386],[-73.76716,40.75566],[-73.76615,40.75575]]]},"properties":{"dbn":"26Q376","schooldist":"26.0","label":"376"}},
{"type":"Feature","geometry":{"type":"Polygon","coordinates":[[[-74.13059,40.63088],[-74.13162,40.63058],[-74.13235,40.63099],[-74.13586,40.62806],[-74.13951,40.63057],[-74.14186,40.62854],[-74.14193,40.62843],[-74.14215,40.62794],[-74.14219,40.62762],[-74.14269,40.62623],[-74.14402,40.62499],[-74.14545,40.62444],[-74.14567,40.62309],[-74.14682,40.62238],[-74.14847,40.62008],[-74.14678,40.61913],[-74.14477,40.61923],[-74.14204,40.61897],[-74.14128,40.62459],[-74.13756,40.62414],[-74.13605,40.62482],[-74.13385,40.62617],[-74.1314,40.62625],[-74.13192,40.62455],[-74.13203,40.6242],[-74.13206,40.62339],[-74.12474,40.62396],[-74.12474,40.62434],[-74.12474,40.62464],[-74.12623,40.62486],[-74.12666,40.62689],[-74.12826,40.62667],[-74.12922,40.62872],[-74.12958,40.63064],[-74.13059,40.63088]]]},"properties":{"dbn":"31R068","schooldist":"31.0","label":"68"}},
{"type":"Feature","geometry":{"type":"Polygon","coordinates":[[[-73.98764,40.77369],[-73.9883,40.77286],[-73.98954,40.77286],[-73.98832,40.77155],[-73.98878,40.77091],[-73.98762,40.77042],[-73.98715,40.77105],[-73.98222,40.76896],[-73.98204,40.76841],[-73.98056,40.76991],[-73.97965,40.77116],[-73.97691,40.77491],[-73.98258,40.7773],[-73.98317,40.77729],[-73.98422,40.77591],[-73.98397,40.77543],[-73.98582,40.77287],[-73.98764,40.77369]]]},"properties":{"dbn":"03M452","schooldist":"3.0","label":"452"}},
{"type":"Feature","geometry":{"type":"Polygon","coordinates":[[[-73.96791,40.63765],[-73.96784,40.63747],[-73.96579,40.63844],[-73.96359,40.63948],[-73.96319,40.63967],[-73.96228,40.6401],[-73.96129,40.64057],[-73.95938,40.64147],[-73.95841,40.64193],[-73.95875,40.64377],[-73.95792,40.64414],[-73.95798,40.64458],[-73.95802,40.64507],[-73.95804,40.6453],[-73.95811,40.64652],[-73.96019,40.6458],[-73.96002,40.64485],[-73.96121,40.64472],[-73.96313,40.64451],[-73.97009,40.64375],[-73.97072,40.64368],[-73.97059,40.64358],[-73.97038,40.64343],[-73.9695,40.63926],[-73.9682,40.63902],[-73.96791,40.63765]]]},"properties":{"dbn":"22K139","schooldist":"22.0","label":"139"}},
{"type":"Feature","geometry":{"type":"Polygon","coordinates":[[[-73.87349,40.7425],[-73.87451,40.74331],[-73.87813,40.74224],[-73.87829,40.74217],[-73.87839,40.74215],[-73.87848,40.74215],[-73.87835,40.7421],[-73.87823,40.74204],[-73.87803,40.74189],[-73.87635,40.74053],[-73.8748,40.74129],[-73.8733,40.73743],[-73.87277,40.73605],[-73.87271,40.73588],[-73.87266,40.73574],[-73.87226,40.73474],[-73.87205,40.73413],[-73.87037,40.7335],[-73.86836,40.73274],[-73.86828,40.73277],[-73.86525,40.73376],[-73.86447,40.73401],[-73.86182,40.73477],[-73.86089,40.73504],[-73.86168,40.73652],[-73.86111,40.73691],[-73.8623,40.73768],[-73.86317,40.73742],[-73.86375,40.73885],[-73.86555,40.73843],[-73.86621,40.74005],[-73.86715,40.73984],[-73.86756,40.74094],[-73.86747,40.7421],[-73.87237,40.74245],[-73.87349,40.7425]]]},"properties":{"dbn":"24Q013","schooldist":"24.0","label":"13"}},
{"type":"Feature","geometry":{"type":"Polygon","coordinates":[[[-74.01396,40.63815],[-74.01515,40.63701],[-74.01735,40.63834],[-74.0196,40.63971],[-74.02163,40.64098],[-74.02396,40.64233],[-74.02457,40.64177],[-74.02695,40.63945],[-74.02475,40.63812],[-74.02393,40.6389],[-74.02379,40.63905],[-74.01721,40.63502],[-74.0169,40.6353],[-74.01598,40.63474],[-74.01475,40.63396],[-74.01176,40.63682],[-74.01196,40.6368],[-74.01396,40.63815]]]},"properties":{"dbn":"20K971","schooldist":"20.0","label":"971"}},
{"type":"Feature","geometry":{"type":"Polygon","coordinates":[[[-73.84548,40.7399],[-73.84598,40.74175],[-73.84682,40.74383],[-73.84698,40.74416],[-73.84806,40.74622],[-73.84907,40.74751],[-73.85086,40.75],[-73.85447,40.74894],[-73.85325,40.74682],[-73.85266,40.74548],[-73.85728,40.7441],[-73.85733,40.74392],[-73.85706,40.7439],[-73.8568,40.74386],[-73.85655,40.74381],[-73.85606,40.74366],[-73.85692,40.74318],[-73.85866,40.74227],[-73.85754,40.74119],[-73.85645,40.74036],[-73.85795,40.73916],[-73.85897,40.7387],[-73.85837,40.73811],[-73.85956,40.73738],[-73.85939,40.73704],[-73.85872,40.73571],[-73.85629,40.73642],[-73.85128,40.73751],[-73.84859,40.7385],[-73.84548,40.7399]]]},"properties":{"dbn":"24Q014","schooldist":"24.0","label":"14"}},
{"type":"Feature","geometry":{"type":"Polygon","coordinates":[[[-73.85876,40.75072],[-73.85918,40.75153],[-73.85959,40.75232],[-73.86251,40.75145],[-73.86358,40.75349],[-73.86445,40.75326],[-73.8654,40.75301],[-73.86416,40.75072],[-73.8631,40.75067],[-73.86273,40.74987],[-73.86333,40.74807],[-73.86345,40.74766],[-73.86413,40.74596],[-73.8622,40.74504],[-73.85956,40.74572],[-73.86023,40.74701],[-73.8573,40.74788],[-73.8584,40.75002],[-73.85876,40.75072]]]},"properties":{"dbn":"24Q016","schooldist":"24.0","label":"16"}},
{"type":"Feature","geometry":{"type":"Polygon","coordinates":[[[-73.85733,40.74392],[-73.85728,40.7441],[-73.85266,40.74548],[-73.85325,40.74682],[-73.85922,40.74506],[-73.85868,40.74403],[-73.85748,40.74394],[-73.85733,40.74392]]]},"properties":{"dbn":"24Q028,24Q014","schooldist":"24.0","label":"28 (K-2), 14 (3-5)"}},
{"type":"Feature","geometry":{"type":"Polygon","coordinates":[[[-73.85447,40.74894],[-73.85479,40.74956],[-73.85514,40.75023],[-73.85548,40.75089],[-73.85583,40.75158],[-73.85876,40.75072],[-73.8584,40.75002],[-73.8573,40.74788],[-73.86023,40.74701],[-73.85956,40.74572],[-73.85922,40.74506],[-73.85325,40.74682],[-73.85447,40.74894]]]},"properties":{"dbn":"24Q028,24Q016","schooldist":"24.0","label":"28 (K-2), 16 (3-5)"}},
{"type":"Feature","geometry":{"type":"Polygon","coordinates":[[[-73.85129,40.74993],[-73.8526,40.75254],[-73.85456,40.75196],[-73.85583,40.75158],[-73.85514,40.75023],[-73.85447,40.74894],[-73.85129,40.74993]]]},"properties":{"dbn":"24Q028,24Q143","schooldist":"24.0","label":"28 (K-2), 143 (3-5)"}},
{"type":"Feature","geometry":{"type":"Polygon","coordinates":[[[-73.8778,40.75043],[-73.88245,40.74994],[-73.8823,40.74791],[-73.883,40.74773],[-73.88778,40.74723],[-73.8871,40.74368],[-73.88621,40.74378],[-73.88509,40.74397],[-73.88384,40.7458],[-73.88257,40.74523],[-73.88042,40.74427],[-73.87768,40.74306],[-73.87628,40.74487],[-73.8779,40.74559],[-73.87679,40.74751],[-73.87625,40.74844],[-73.87572,40.7494],[-73.87595,40.75063],[-73.8778,40.75043]]]},"properties":{"dbn":"24Q089","schooldist":"24.0","label":"89"}},
{"type":"Feature","geometry":{"type":"Polygon","coordinates":[[[-73.89673,40.75052],[-73.8949,40.75072],[-73.89305,40.75091],[-73.88933,40.7513],[-73.8884,40.7514],[-73.88875,40.7533],[-73.88783,40.75347],[-73.88816,40.75526],[-73.88909,40.75517],[-73.89652,40.75439],[-73.89824,40.75394],[-73.89768,40.75239],[-73.89766,40.75234],[-73.89762,40.75218],[-73.89761,40.75211],[-73.89717,40.7508],[-73.89673,40.75052]]]},"properties":{"dbn":"30Q398","schooldist":"30.0","label":"398"}},
{"type":"Feature","geometry":{"type":"Polygon","coordinates":[[[-73.86563,40.74787],[-73.8671,40.74743],[-73.86676,40.74676],[-73.87159,40.74532],[-73.87136,40.74427],[-73.8733,40.74515],[-73.8744,40.74443],[-73.87578,40.74536],[-73.87628,40.74487],[-73.87768,40.74306],[-73.87848,40.74215],[-73.87839,40.74215],[-73.87829,40.74217],[-73.87813,40.74224],[-73.87451,40.74331],[-73.87349,40.7425],[-73.87237,40.74245],[-73.86747,40.7421],[-73.86606,40.74308],[-73.86531,40.74296],[-73.86266,40.74364],[-73.86161,40.74356],[-73.85988,40.74342],[-73.85878,40.74333],[-73.85868,40.74403],[-73.85922,40.74506],[-73.85956,40.74572],[-73.8622,40.74504],[-73.86413,40.74596],[-73.86345,40.74766],[-73.86525,40.74721],[-73.86563,40.74787]]]},"properties":{"dbn":"24Q110","schooldist":"24.0","label":"110"}},
{"type":"Feature","geometry":{"type":"Polygon","coordinates":[[[-73.8623,40.73768],[-73.86111,40.73691],[-73.85956,40.73738],[-73.85837,40.73811],[-73.85897,40.7387],[-73.85795,40.73916],[-73.85645,40.74036],[-73.85754,40.74119],[-73.85866,40.74227],[-73.85692,40.74318],[-73.85606,40.74366],[-73.85655,40.74381],[-73.8568,40.74386],[-73.85706,40.7439],[-73.85733,40.74392],[-73.85748,40.74394],[-73.85868,40.74403],[-73.85878,40.74333],[-73.85988,40.74342],[-73.86161,40.74356],[-73.86266,40.74364],[-73.86531,40.74296],[-73.86606,40.74308],[-73.86747,40.7421],[-73.86756,40.74094],[-73.86715,40.73984],[-73.86621,40.74005],[-73.86555,40.73843],[-73.86375,40.73885],[-73.86317,40.73742],[-73.8623,40.73768]]]},"properties":{"dbn":"24Q211","schooldist":"24.0","label":"211"}},
{"type":"Feature","geometry":{"type":"Polygon","coordinates":[[[-73.98356,40.60751],[-73.98348,40.60766],[-73.98162,40.60787],[-73.98187,40.60918],[-73.98211,40.61042],[-73.98304,40.61032],[-73.98536,40.61007],[-73.98576,40.60968],[-73.98738,40.60813],[-73.98688,40.60695],[-73.98632,40.6072],[-73.98612,40.60723],[-73.98541,40.60731],[-73.98501,40.60709],[-73.98457,40.60713],[-73.98427,40.60743],[-73.98356,40.60751]]]},"properties":{"dbn":"20K682","schooldist":"20.0","label":"682"}},
{"type":"Feature","geometry":{"type":"Polygon","coordinates":[[[-73.82161,40.82884],[-73.81988,40.82969],[-73.82013,40.83066],[-73.82216,40.83304],[-73.82324,40.83435],[-73.82428,40.83559],[-73.82601,40.83402],[-73.82819,40.83295],[-73.83395,40.82939],[-73.83686,40.8282],[-73.83714,40.82892],[-73.84069,40.82875],[-73.84384,40.8281],[-73.84193,40.81983],[-73.8402,40.81971],[-73.8387,40.81959],[-73.84006,40.81791],[-73.84019,40.81712],[-73.83954,40.81582],[-73.83966,40.81392],[-73.84033,40.81314],[-73.8403,40.81157],[-73.83897,40.80951],[-73.83806,40.8077],[-73.83806,40.80704],[-73.83691,40.80593],[-73.83423,40.80514],[-73.83169,40.80495],[-73.83566,40.8112],[-73.83627,40.81245],[-73.83646,40.81558],[-73.83614,40.8192],[-73.83613,40.82096],[-73.82946,40.82238],[-73.82833,40.82104],[-73.82672,40.82182],[-73.82586,40.82224],[-73.82649,40.82292],[-73.82253,40.82454],[-73.82308,40.82553],[-73.82083,40.8266],[-73.82004,40.82699],[-73.82161,40.82884]]]},"properties":{"dbn":"08X304","schooldist":"8.0","label":"304"}},
{"type":"Feature","geometry":{"type":"Polygon","coordinates":[[[-73.90201,40.8785],[-73.90113,40.87963],[-73.90356,40.88065],[-73.90471,40.88055],[-73.9053,40.87987],[-73.90658,40.87981],[-73.90764,40.8804],[-73.90649,40.88155],[-73.90726,40.88197],[-73.90571,40.8833],[-73.90648,40.88373],[-73.90472,40.88524],[-73.90531,40.88542],[-73.90608,40.88531],[-73.90732,40.88439],[-73.90708,40.88333],[-73.90851,40.88266],[-73.9098,40.88099],[-73.9109,40.88038],[-73.90802,40.87829],[-73.90666,40.87673],[-73.90615,40.8771],[-73.90454,40.8765],[-73.90443,40.87646],[-73.90263,40.87578],[-73.90223,40.87628],[-73.9019,40.87617],[-73.90138,40.87664],[-73.90191,40.87651],[-73.90265,40.87658],[-73.90124,40.87811],[-73.90201,40.8785]]]},"properties":{"dbn":"10X207","schooldist":"10.0","label":"207"}},
{"type":"Feature","geometry":{"type":"Polygon","coordinates":[[[-73.81606,40.83603],[-73.81645,40.83777],[-73.81585,40.83866],[-73.81478,40.83908],[-73.81542,40.84239],[-73.81661,40.84383],[-73.81616,40.84443],[-73.815,40.8435],[-73.81346,40.84366],[-73.81421,40.84601],[-73.81504,40.84655],[-73.81611,40.84645],[-73.8159,40.84801],[-73.81532,40.84865],[-73.8163,40.84857],[-73.8182,40.84831],[-73.81915,40.84817],[-73.82014,40.84802],[-73.82048,40.8485],[-73.8211,40.8482],[-73.82549,40.84584],[-73.82581,40.8454],[-73.82568,40.84285],[-73.82753,40.84373],[-73.82897,40.84231],[-73.83003,40.84218],[-73.83101,40.84216],[-73.83108,40.84374],[-73.83294,40.84352],[-73.83747,40.84335],[-73.83839,40.84068],[-73.83855,40.83958],[-73.83855,40.83667],[-73.8383,40.83566],[-73.83855,40.83503],[-73.83771,40.83062],[-73.83714,40.82892],[-73.83686,40.8282],[-73.83395,40.82939],[-73.82819,40.83295],[-73.82601,40.83402],[-73.82428,40.83559],[-73.82324,40.83435],[-73.82216,40.83304],[-73.81666,40.83435],[-73.8172,40.83574],[-73.81606,40.83603]]]},"properties":{"dbn":"08X014","schooldist":"8.0","label":"14"}},
{"type":"Feature","geometry":{"type":"Polygon","coordinates":[[[-74.02686,40.62646],[-74.03762,40.62901],[-74.0372,40.63004],[-74.04066,40.63089],[-74.04116,40.63013],[-74.04169,40.62537],[-74.04165,40.62072],[-74.04065,40.61652],[-74.03616,40.61817],[-74.03544,40.61996],[-74.03275,40.61932],[-74.03192,40.62137],[-74.03043,40.62501],[-74.02781,40.62439],[-74.02773,40.6243],[-74.02686,40.62646]]]},"properties":{"dbn":"20K185","schooldist":"20.0","label":"185"}},
{"type":"Feature","geometry":{"type":"Polygon","coordinates":[[[-74.01925,40.64319],[-74.02042,40.64206],[-74.01843,40.64084],[-74.0196,40.63971],[-74.01735,40.63834],[-74.01515,40.63701],[-74.01457,40.63757],[-74.01396,40.63815],[-74.01278,40.6393],[-74.01057,40.63796],[-74.00999,40.63852],[-74.01219,40.63985],[-74.01665,40.64255],[-74.01724,40.64199],[-74.01925,40.64319]]]},"properties":{"dbn":"20K506","schooldist":"20.0","label":"506"}},
{"type":"Feature","geometry":{"type":"MultiPolygon","coordinates":[[[[-74.03089,40.63828],[-74.03125,40.63839],[-74.03626,40.63997],[-74.03678,40.63908],[-74.03596,40.63882],[-74.03388,40.63817],[-74.03127,40.63736],[-74.03089,40.63828]]],[[[-74.03089,40.63828],[-74.02828,40.63747],[-74.02762,40.6388],[-74.02695,40.63945],[-74.02841,40.64032],[-74.02916,40.64077],[-74.03032,40.63965],[-74.03047,40.63929],[-74.03061,40.63896],[-74.03089,40.63828]]]]},"properties":{"dbn":"20K413,20K939,20K102","schooldist":"20.0","label":"413 (K), 939 (1-4); 102 (5)"}},
{"type":"Feature","geometry":{"type":"Polygon","coordinates":[[[-74.02762,40.6388],[-74.02509,40.63779],[-74.02475,40.63812],[-74.02695,40.63945],[-74.02762,40.6388]]]},"properties":{"dbn":"20K413,20K971","schooldist":"20.0","label":"413 (K); 971 (1-5)"}},
{"type":"Feature","geometry":{"type":"Polygon","coordinates":[[[-74.00372,40.62731],[-74.00223,40.62875],[-74.00193,40.62903],[-74.00179,40.6292],[-74.00395,40.63054],[-74.00593,40.62864],[-74.00372,40.62731]]]},"properties":{"dbn":"20K331, 20K310","schooldist":"20.0","label":"331 (K), 310 (1-5)"}},
{"type":"Feature","geometry":{"type":"Polygon","coordinates":[[[-73.99932,40.62466],[-73.9992,40.62515],[-73.99748,40.62452],[-73.99702,40.62606],[-73.99973,40.6277],[-74.00193,40.62903],[-74.00223,40.62875],[-74.00372,40.62731],[-73.99932,40.62466]]]},"properties":{"dbn":"20K331, 20K176","schooldist":"20.0","label":"331 (K), 176 (1-5)"}}
]}